"Document Title",Authors,"Author Affiliations","Publication Title",Date Added To Xplore,"Publication Year","Volume","Issue","Start Page","End Page","Abstract","ISSN",ISBNs,"DOI",Funding Information,PDF Link,"Author Keywords","IEEE Terms","Mesh_Terms",Article Citation Count,Patent Citation Count,"Reference Count","License",Online Date,Issue Date,"Meeting Date","Publisher",Document Identifier
"The Path Planning Research for Mobile Robot Based on Reinforcement Learning Particle Swarm Algorithm","Y. Yang; L. Zhang; H. Guo","School of Electrical and Automation Engineering, Shandong University of Science and Technology, Qingdao, China; School of Electrical and Automation Engineering, Shandong University of Science and Technology, Qingdao, China; School of Mechanical and Electronic Engineering, Shandong University of Science and Technology, Qingdao, China",2024 7th International Conference on Advanced Algorithms and Control Engineering (ICAACE),"18 Jun 2024","2024","","","1577","1580","Traditional mobile robots commonly utilize the Q-learning algorithm in reinforcement learning for path planning. This paper proposes an reinforcement learning particle swarm algorithm(RLPSO) that combines the particle swarm algorithm and the Q-learning algorithm to address the convergence problems of the traditional Q-learning algorithm in path planning. These problems include slow speed, long planning path, and low search efficiency. The proposed approach first explores the unknown environment through Q-learning to create a Q matrix, which is then used to calculate the fitness value of each particle. Subsequently, the environment is further explored using the particle swarm algorithm, and the optimal hyperparameters in the Q-learning algorithm are determined based on a predefined multi-objective planning function. Finally, the RLPSO algorithm is simulated and calculated using MATLAB software. Experimental results demonstrate that the RLPSO algorithm accelerates convergence, reduces the planning path length, and enhances search efficiency, enabling the mobile robot to find the optimal path efficiently.","","979-8-3503-6144-5","10.1109/ICAACE61206.2024.10549138","","https://ieeexplore.ieee.org/stamp/stamp.jsp?arnumber=10549138","mobile robots;path planning;Q-Learning;particle swarm algorithm","Q-learning;Software algorithms;Search problems;Path planning;Software;Planning;Mobile robots","","2","","11","IEEE","18 Jun 2024","1-3 March 2024","1-3 March 2024","IEEE","IEEE Conferences"
"Path planning of mobile robot based on particle swarm algorithm in complex situation","S. Chen; Z. Zhang; K. Zhou","Shanghai Normal University, Shanghai, China; Huazhong University of Science and Technology, Wuhan, China; Henan University, Kaifeng, China",2024 IEEE 6th International Conference on Civil Aviation Safety and Information Technology (ICCASIT),"14 Jan 2025","2024","","","1223","1227","This paper presents a novel path planning method for mobile robots leveraging particle swarm optimization (PSO). The primary objective of this method is to efficiently generate smooth, obstacle-avoiding paths within a short timeframe, enabling the robot to navigate effectively from its starting point to the target point amidst complex environmental constraints. To achieve this goal, an enhanced PSO algorithm is proposed, incorporating an optimized Linearly Decreasing Inertia Weight (LDIW) strategy. This algorithm dynamically adjusts the inertia weight of individual particles based on their fitness values. This dynamic adjustment ensures a balanced exploration-exploitation trade-off during the search process, facilitating comprehensive exploration of the solution space while promoting rapid convergence to the optimal solution. Extensive simulation experiments demonstrate the effectiveness of the proposed approach, yielding highly promising results. The improved PSO algorithm, with its dynamic inertia weight adaptation, demonstrably enhances the efficiency of path planning for mobile robots navigating complex environments. The simulation results conclusively validate the algorithm’s capability in generating smooth obstacle avoidance paths.","","979-8-3503-8941-8","10.1109/ICCASIT62299.2024.10827981","","https://ieeexplore.ieee.org/stamp/stamp.jsp?arnumber=10827981","Particle swarm algorithm;mobile robot;path planning;LDIW","Navigation;Heuristic algorithms;Simulation;Scalability;Path planning;Robustness;Safety;Mobile robots;Particle swarm optimization;Collision avoidance","","","","10","IEEE","14 Jan 2025","23-25 Oct. 2024","23-25 Oct. 2024","IEEE","IEEE Conferences"
"Robot Arm Movement Control by Model-based Reinforcement Learning using Machine Learning Regression Techniques and Particle Swarm Optimization","M. Mueangprasert; P. Chermprayong; K. Boonlong","Department of Mechanical Engineering, Faculty of Engineering, Burapha University, Country Chonburi, Thailand; Department of Mechanical Engineering, Faculty of Engineering, Burapha University, Country Chonburi, Thailand; Department of Mechanical Engineering, Faculty of Engineering, Burapha University, Country Chonburi, Thailand","2023 Third International Symposium on Instrumentation, Control, Artificial Intelligence, and Robotics (ICA-SYMP)","22 Feb 2023","2023","","","83","86","Robot arms are machines which are not only used in industrial technologies but also other applications such as medicine and agriculture. The robot arm movement control is important in the use of robot arms. This paper presents model-based reinforcement learning (MBRL) in robot arm movement control in case studies where targets are in random positions. The numerical studies of 2 and 3-DOF robots moving in planar motion are used as test problems. In 2-DOF robot control, 2 tasks - placing and reaching are employed. In 3-DOF robot control, noise is considered. Machine learning regression techniques - Gaussian process regression (GPR), artificial neural network (ANN), and support vector regression (SVR) - are used in environment modelling in MBRL while particle swarm optimization (PSO) is used as optimization tool in MBRL. The numerical studies show that MBRL with GPR has the highest performance with at least 95% success rate while MBRL with the other regression techniques such as ANN and SVR can succeed only 23-93% and 31-47%, respectively. Therefore, MBRL with GPR and PSO is suitable for robot arm movement control.","","978-1-6654-7353-8","10.1109/ICA-SYMP56348.2023.10044940","","https://ieeexplore.ieee.org/stamp/stamp.jsp?arnumber=10044940","robot arm control;model-based reinforcement;machine learning;regression;particle swarm optimization","Service robots;3-DOF;Robot control;Artificial neural networks;Reinforcement learning;Manipulators;Numerical models","","11","","10","IEEE","22 Feb 2023","18-20 Jan. 2023","18-20 Jan. 2023","IEEE","IEEE Conferences"
"Research on Path Planning of Body Welding Robot Based on Improved Particle Swarm Optimization","L. Yan; Z. Shu","College of Electrical Engineering and Control Science, Nanjing Tech University, Nanjing, China; College of Electrical Engineering and Control Science, Nanjing Tech University, Nanjing, China",2023 5th International Symposium on Robotics & Intelligent Manufacturing Technology (ISRIMT),"15 Feb 2024","2023","","","161","164","Conventional white body welding robots executed welding path planning manually, with a long planning cycle and low production efficiency. In last couple years, in the wake of the emergence of artificial intelligence technique, a good deal of intelligent biomimetic algorithms came to be proffered wherefore applied to robot path planning. This article will sort out the path planning complication regarding multirobot welding by dint of using particle swarm intelligence algorithm, which is of great consequence for automated path planning and enhancing production efficiency.","","979-8-3503-1608-7","10.1109/ISRIMT59937.2023.10428405","","https://ieeexplore.ieee.org/stamp/stamp.jsp?arnumber=10428405","Path planning;White body welding;Particle Swarm;Multirobot","Productivity;Welding;Path planning;Planning;Multi-robot systems;Particle swarm optimization;Robots","","","","10","IEEE","15 Feb 2024","22-24 Sept. 2023","22-24 Sept. 2023","IEEE","IEEE Conferences"
"Path Planning of Mobile Robot Based on Improved Particle Swarm","Y. Qi; B. Xie; X. Huang; M. Yuan; C. Zhu","Tianjin University of Technology and Education Institute of Robotics and Intelligent Equipment, Tianjin; Tianjin University of Technology and Education Institute of Robotics and Intelligent Equipment, Tianjin; Tianjin University of Technology and Education Institute of Robotics and Intelligent Equipment, Tianjin; Tianjin University of Technology and Education Institute of Robotics and Intelligent Equipment, Tianjin; Tianjin University of Technology and Education Institute of Robotics and Intelligent Equipment, Tianjin",2020 Chinese Automation Congress (CAC),"29 Jan 2021","2020","","","6937","6944","Path planning is one of the key technologies of robot navigation and control, in path planning, there are some problems in the application of ant colony algorithm, such as slow convergence speed, poor optimization results and incomplete search. In order to improve the mobile robot's ability to search the optimal path to the target point in the global static environment. In this paper, a double improved fusion algorithm of particle swarm optimization and ant colony algorithm is proposed to solve the path planning problem. Firstly, the occupied grid map is constructed based on visual slam technology of depth camera in static environment; Secondly, the improved particle swarm optimization -ant colony algorithm is used for path planning in the grid map: The sub optimal solution is obtained by using the advantages of global search ability and search speed of improved particle swarm optimization, which is transformed into the increment of initial pheromone distribution in the improved ant colony algorithm, and the exact solution of the path problem is solved by using the positive feedback mechanism of the improved ant colony algorithm; Finally, a robot experimental platform is built to verify the effectiveness and practicability of the improved particle swarm optimization and ant colony fusion algorithm. The experimental results show that the fusion algorithm has a certain guiding role for mobile robot path planning.","2688-0938","978-1-7281-7687-1","10.1109/CAC51589.2020.9326521","","https://ieeexplore.ieee.org/stamp/stamp.jsp?arnumber=9326521","Path planning;Particle swarm optimization;Ant colony algorithm;Fusion algorithm;Mobile robot","Particle swarm optimization;Convergence;Heuristic algorithms;Path planning;Cameras;Robot kinematics;Robot vision systems","","3","","19","IEEE","29 Jan 2021","6-8 Nov. 2020","6-8 Nov. 2020","IEEE","IEEE Conferences"
"An Upgraded Particle Swarm Optimization Framework for highly Efficient Robot Navigation","Y. Tan","Mathematics and Computer Science faculty, Jilin Normal University, Siping, China",2025 8th International Conference on Advanced Algorithms and Control Engineering (ICAACE),"9 Jun 2025","2025","","","48","52","A main issue in autonomous driving was robot path planning, but traditional optimization method faces the shortcoming of the complexity and dynamic in the real-world environments. Hence, this study introduces a boosted Particle Swarm Optimization (PSO) for addressing the problems in the traditional. This algorithm introduces a new particle update mechanism by using the personal best positions of previous particles to boost global search ability and search diversity. The results show that the boosted PSO algorithm has more strength than standard PSO in terms of path length, obstacle avoidance, and computational efficiency. Besides, this mechanism avoids premature convergence in local optima of standard PSO. Our work provides a new pathway to import the PSO algorithm for autonomous driving.","","979-8-3315-3508-7","10.1109/ICAACE65325.2025.11020471","","https://ieeexplore.ieee.org/stamp/stamp.jsp?arnumber=11020471","Particle Swarm Optimization (PSO);Path Planning;Autonomous Driving;Algorithm Improvement","Navigation;Heuristic algorithms;Optimization methods;Path planning;Particle swarm optimization;Autonomous vehicles;Standards;Robots;Faces;Convergence","","1","","26","IEEE","9 Jun 2025","21-23 March 2025","21-23 March 2025","IEEE","IEEE Conferences"
"Research on Robot Tracking of Books Returning to Bookshelf Based on Particle Swarm Optimization Fuzzy PID Control","R. Xiaolin; Y. Yi; G. Long; C. Jianbo; M. Tianxiang; Y. Jingya; H. Qinqin","College of Electrical Engineering, Nantong University, Nantong; College of Electrical Engineering, Nantong University, Nantong; College of Electrical Engineering, Nantong University, Nantong; College of Electrical Engineering, Nantong University, Nantong; College of Electrical Engineering, Nantong University, Nantong; College of Electrical Engineering, Nantong University, Nantong; College of Electrical Engineering, Nantong University, Nantong",2020 Chinese Control And Decision Conference (CCDC),"11 Aug 2020","2020","","","2507","2511","In order to avoid library intelligent returning books to bookshelf robot during the process of searching for books and bookshelves, the tracking time is long and the path deviation is large. The system uses a navigation system based on a fuzzy PID controller based on particle swarm optimization to avoid problems such as empirical parameter selection and parameter invariance in fuzzy PID control. The particle swarm optimization algorithm is used to optimize the controller parameters, enhance the controller's adaptive ability, and improve its control accuracy. Experiments show that the system improves the accuracy of the path, and has a faster response speed and higher tracking accuracy when moving.","1948-9447","978-1-7281-5855-6","10.1109/CCDC49329.2020.9163983","","https://ieeexplore.ieee.org/stamp/stamp.jsp?arnumber=9163983","Track;Particle swarm;Fuzzy PID control;Adaptive","Particle swarm optimization;PI control;PD control;Adaptation models;Mathematical model;Process control;Quantization (signal)","","4","","15","IEEE","11 Aug 2020","22-24 Aug. 2020","22-24 Aug. 2020","IEEE","IEEE Conferences"
"Robot Path Planning Based on Improved Particle Swarm Optimization","W. Fei; W. Ziwei; L. Meijin","Foshan University, Foshan, China; Foshan University, Foshan, China; Foshan University, Foshan, China","2021 IEEE 2nd International Conference on Big Data, Artificial Intelligence and Internet of Things Engineering (ICBAIE)","2 Apr 2021","2021","","","887","891","In order to improve the safety and efficiency of the robot in the process of moving, this paper proposes a new hybrid approach combining two meta-heuristic methods, we used particle swarm optimization (PSO)-based grey wolf optimization (GWO) to solve this problem. In this paper, a chaotic random method is used to generate the initial population. For the traditional particle swarm algorithm, it is easy to fall into the local optimal problem. Inspired by the grey wolf optimizer, a speed classification system is introduced into the traditional particle swarm optimization and the C-GWPSO hybrid algorithm is proposed. Then the robot motion environment model is constructed, the path length and the risk are used to construct the evaluation function. Finally, the proposed approach is implemented in MATLAB working platform, the results show that the improved new algorithm is easy for the robot to find a path with the least cost. This algorithm strengthens the global optimization ability, and has stronger optimization accuracy and ability in path planning.","","978-1-6654-1540-8","10.1109/ICBAIE52039.2021.9390071","","https://ieeexplore.ieee.org/stamp/stamp.jsp?arnumber=9390071","path planning;particle swarm algorithm;grey wolf optimizer;hybrid algorithm","Sociology;Path planning;Classification algorithms;Particle swarm optimization;Statistics;Optimization;Robots","","9","","13","IEEE","2 Apr 2021","26-28 March 2021","26-28 March 2021","IEEE","IEEE Conferences"
"Ameliorated Particle Swarm Optimization Algorithm and Its Application in Robot Path Planning","L. Dong; X. Yuan; C. Zhang; Y. Song; Q. Xu; F. Zhou","School of Mechanical, Electrical & Information Engineering, Shandong University, Weihai, China; School of Mechanical, Electrical & Information Engineering, Shandong University, Weihai, China; School of Mechanical, Electrical & Information Engineering, Shandong University, Weihai, China; School of Mechanical, Electrical & Information Engineering, Shandong University, Weihai, China; School of Mechanical, Electrical & Information Engineering, Shandong University, Weihai, China; School of Mechanical, Electrical & Information Engineering, Shandong University, Weihai, China",2020 Chinese Automation Congress (CAC),"29 Jan 2021","2020","","","5544","5549","Since particle swarm optimization (PSO) was put forward in 1995, it has been paid more and more attention in the research field because of its simple concept and easy implementation. This algorithm can simulate the mutual learning and cooperation behaviour of birds during foraging, and find the optimal solution of the population. However, there are some problems in the development of PSO, such as lack of theoretical basis, high computational cost, easy to fall into local optimums, and so on. This paper starts with the basic PSO algorithm and proposes an improved algorithm applied for robot path planning. In this algorithm, PSO and quantum computing are combined to simplify the search model. The weight factor's self-adjusting strategy is improved, and the convergence speed of the improved algorithm is better. The mutation operation is introduced to the global optimum, which increases the diversity of solutions in the search process. The improved algorithm is used in robot path planning simulation, and the results indicate that the planned path is more safe and reliable.","2688-0938","978-1-7281-7687-1","10.1109/CAC51589.2020.9327685","Independent Innovation Foundation of Shandong University; ","https://ieeexplore.ieee.org/stamp/stamp.jsp?arnumber=9327685","Improved particle swarm optimization;Metaheuristics;Quantum computing;Path planning;Mutation","Particle swarm optimization;Path planning;Convergence;Optimization;Heuristic algorithms;Robots;Benchmark testing","","3","","11","IEEE","29 Jan 2021","6-8 Nov. 2020","6-8 Nov. 2020","IEEE","IEEE Conferences"
"Robot Path Planning Based on Improved Particle Swarm Optimization","L. Chen; Y. Zhang; Y. Xue; Y. Chen","State Grid Shanghai Fengxian Electric Power Supply Company, Shanghai, China; State Grid Shanghai Fengxian Electric Power Supply Company, Shanghai, China; Shanghai University of Electric Power, College of Automation Engineering, Shanghai, China; Shanghai University of Electric Power, College of Automation Engineering, Shanghai, China",2022 Power System and Green Energy Conference (PSGEC),"20 Sep 2022","2022","","","507","511","Path planning is one of the research hotspots of today's robotics. This paper makes some improvements in allusion to the issue that particle swarm has poor local search ability and sinks into local optimum easily in robot path planning. In this method, the inflection point factor is introduced into the fitness function to cut down the number of turns and accelerate the convergence of the algorithm, and a new adaptive and dynamically adjusted inertia weight is adopted to adjust the local and global search capabilities of particles, so as to avert sinking into the suboptimization prematurely and improve the search quality. Experimental comparison results indicate that the algorithm can improve the quality of particle search in the early and late stage, so that an optimal path can be planned more quickly and effectively.","","978-1-6654-9993-4","10.1109/PSGEC54663.2022.9881021","","https://ieeexplore.ieee.org/stamp/stamp.jsp?arnumber=9881021","particle swarm optimization;inflection point factors;adaptive dynamic adjustment;path planning","Heuristic algorithms;Power system dynamics;Path planning;Planning;Particle swarm optimization;Robots;Convergence","","5","","16","IEEE","20 Sep 2022","25-27 Aug. 2022","25-27 Aug. 2022","IEEE","IEEE Conferences"
"Research on Robot Path Planning Technology by Integrating Particle Swarm Optimization Algorithm and DWA Algorithm","S. Fu; H. Huang; S. Wang","University of Sanya, Sanya, Hainai, China; University of Sanya, Sanya, Hainai, China; University of Sanya, Sanya, Hainai, China","2024 10th International Conference on Control, Automation and Robotics (ICCAR)","28 Jun 2024","2024","","","147","152","Path planning technology is one of the key technologies for robots to achieve autonomous navigation and complete transportation tasks. This article mainly analyzes and studies two commonly used intelligent bio-inspired path planning algorithms: Particle Swarm Optimization (PSO) algorithm and Dynamic Window Approach (DWA) algorithm. We have made improvements and optimizations to both algorithms, and designed a fusion algorithm that combines their advantages. The paper focuses on studying the global path of the PSO algorithm, followed by research on the local path using the DWA algorithm. Finally, we tested the improved PSO-DWA fusion algorithm using MATLAB. The test results show that this fusion algorithm can obtain the global optimal path by utilizing known global information while effectively avoiding unknown dynamic obstacles. It can better accomplish path planning tasks in practical situations with superior performance, improve robot safety during task execution, and ensure subsequent execution efficiency.","2251-2454","979-8-3503-7317-2","10.1109/ICCAR61844.2024.10569525","","https://ieeexplore.ieee.org/stamp/stamp.jsp?arnumber=10569525","Path planning;Particle swarm algorithm;DWA;Fusion algorithm;Intelligent biomimetic path","Heuristic algorithms;Transportation;Search problems;Path planning;Robustness;Safety;Task analysis","","3","","14","IEEE","28 Jun 2024","27-29 April 2024","27-29 April 2024","IEEE","IEEE Conferences"
"Collaborative Path Planning Arithmetic for Multi Robot System of Power Intelligent Inspection Based on Particle Swarm Optimization","K. Qiu; Z. Wang; G. Chen; M. Fang; Z. Zhang","Beijing Branch, State Grid Information & Telecommunication Group, Beijing, China; Beijing Branch, State Grid Information & Telecommunication Group, Beijing, China; Beijing Branch, State Grid Information & Telecommunication Group, Beijing, China; Beijing Branch, State Grid Information & Telecommunication Group, Beijing, China; Beijing Branch, State Grid Information & Telecommunication Group, Beijing, China","2023 International Conference on Networking, Informatics and Computing (ICNETIC)","6 Sep 2023","2023","","","639","644","As an artificial system, multi robot system is actually a simulation of the group system in nature and human society. Multi robot path planning is to find a collision free approximate optimal path for each robot in the same workspace, and ensure that each robot can reach the target position safely at the minimum cost. In this article, a collaborative path planning arithmetic based on POS (Particle swarm optimization) is proposed for power intelligent inspection multi robot system. The working environment is scanned by laser sensors, and then the multi robot path planning problem is decomposed into several single robot path planning problems by using PSO arithmetic. Each sub population optimizes one robot individually. Select representative individuals from each sub population to coordinate information interaction, and then select elite individuals as the path of multi robot system optimization. Finally, the simulation test and analysis are carried out. The simulation results show that the proposed arithmetic has a certain accuracy, which is 8.96% higher than the traditional arithmetic. Intelligent patrol multi robot system plays an increasingly important role in the operation and maintenance of primary and secondary equipment and patrol inspection of substation due to its diversified detection means, flexible, objective and intelligent detection. With the help of patrol inspection multi robots, the operation and maintenance cost of substation is further reduced and the automation management level of power grid equipment is enhanced.","","979-8-3503-1331-4","10.1109/ICNETIC59568.2023.00137","","https://ieeexplore.ieee.org/stamp/stamp.jsp?arnumber=10236822","POS;Patrol multi robot;Path planning","Substations;Robot kinematics;Sociology;Inspection;Robot sensing systems;Path planning;Statistics","","3","","11","IEEE","6 Sep 2023","29-31 May 2023","29-31 May 2023","IEEE","IEEE Conferences"
"Development of a Multi-Robot Model for Target Identification and Tracking in Hostile Environments Using Particle Swarm Optimization Technique","I. Opara; M. O. Onibonoje","Dept of Electrical/Electronics & Computer Engineering, Afe Babalola University, Ado Ekiti, Nigeria; Dept of Electrical/Electronics & Computer Engineering, Afe Babalola University, Ado Ekiti, Nigeria",2024 IEEE 5th International Conference on Electro-Computing Technologies for Humanity (NIGERCON),"24 Mar 2025","2024","","","1","5","The need for efficient path planning in robotics gave rise to the conception of different approaches towards its achievement. One of the many approaches that have been discovered is Particle Swarm Optimization (PSO). In this paper, Particle Swarm Optimization was used to develop a model for target identification and tracking in hostile environments using a multi-robot system. The PSO algorithm adopted was tested in a simulated environment with three obstacles and twenty robots. The performance of the algorithm was evaluated based on some metrics such as robustness, trajectory smoothness and computational time. MATLAB 2018a was used for the simulation process. At the end of the simulation, a downward sloping convergence curve with relative trajectory smoothness was gotten, which shows that the robots successfully navigated the search space toward the target, thus proving the efficiency of the algorithm. This efficiency was also demonstrated by the good performance metrics results gotten at the end of the iteration process. The results show that the algorithm is rather promising and provides an effective path planning method.","2377-2697","979-8-3315-4255-9","10.1109/NIGERCON62786.2024.10927150","","https://ieeexplore.ieee.org/stamp/stamp.jsp?arnumber=10927150","multi-robot system;path planning;hostile environments;obstacles;particle swarm optimization (PSO)","Measurement;Target tracking;Production;Mathematical models;Robustness;Trajectory;Multi-robot systems;Particle swarm optimization;Robots;Convergence","","","","18","IEEE","24 Mar 2025","26-28 Nov. 2024","26-28 Nov. 2024","IEEE","IEEE Conferences"
"A Path Planing Algorithm for Mobile Robot Based on Particle Swarm","C. -L. Li; N. Wang; J. -F. Wang; S. -y. Xu","The 723 Research Institute of CSSC, Yangzhou, China; The 723 Research Institute of CSSC, Yangzhou, China; The 723 Research Institute of CSSC, Yangzhou, China; The 723 Research Institute of CSSC, Yangzhou, China",2023 2nd International Symposium on Control Engineering and Robotics (ISCER),"3 Oct 2023","2023","","","319","322","Aiming at known global static environment, this paper conducts research on path planning strategy for mobile robot from the aspect of single robot. One stepwise path planning method is proposed as follows. Model of robot operation space is established through link graph at first, then the shortest path of link graph is obtained by graph theory algorithm. Particle Swarm Optimization algorithm is employed to optimize the obtained path so as to achieve global optimal path at last. Simulation results show that the proposed method can accomplish the planning of robot moving path from the from the start state to target state at short length without any collision. The proposed method is simple and feasible, able to satisfy high real-time requirement of mobile robot navigation, which provides a satisfactory solution for robot path planning.","","979-8-3503-3640-5","10.1109/ISCER58777.2023.00064","","https://ieeexplore.ieee.org/stamp/stamp.jsp?arnumber=10266254","component;Mobile robot;path planning;Particle Swarm Optimization (PSO)","Planing;Simulation;Aerospace electronics;Path planning;Graph theory;Real-time systems;Planning","","5","","6","IEEE","3 Oct 2023","17-19 Feb. 2023","17-19 Feb. 2023","IEEE","IEEE Conferences"
"Decentralized Multi-Robot Systems: Harnessing Swarm Intelligence for Autonomous Operations","P. L. N. P. Kumar; K. K. Sujana","Department of Artificial Intelligence and Machine Learning, Vishnu Institute of Technology (Affiliated to JNTUK, Kakinada), Bhimavaram, India; Department of Artificial Intelligence and Machine Learning, Vishnu Institute of Technology (Affiliated to JNTUK, Kakinada), Bhimavaram, India","2025 IEEE International Conference on Electronics, Computing and Communication Technologies (CONECCT)","29 Dec 2025","2025","","","1","6","Swarm intelligence, inspired by the collective behavior of biological organisms such as ants and bees, has emerged as a promising approach for decentralized decisionmaking in robotics. This study investigates the application of bio-inspired swarm intelligence in autonomous multi-robot systems, emphasizing adaptability, scalability, and selforganization. A novel framework is developed, integrating artificial intelligence techniques with swarm-based algorithms to enhance coordination and problem-solving capabilities. The methodology involves implementing ant colony optimization and particle swarm optimization to improve navigation, task allocation, and cooperative behavior in robotic systems. Experimental evaluations demonstrate that decentralized swarm-based decisionmaking enhances system robustness, efficiency, and fault tolerance compared to traditional centralized models. The findings highlight the potential of swarm intelligence in enabling intelligent and scalable robotic networks, contributing to advancements in autonomous robotics and multi-agent systems.","2766-2101","979-8-3315-0236-2","10.1109/CONECCT65861.2025.11306782","","https://ieeexplore.ieee.org/stamp/stamp.jsp?arnumber=11306782","Swarm Intelligence;Decentralized DecisionMaking;Autonomous Multi-Robot Systems;Self-Organization;Fault Tolerance;Ant Colony Optimization;Particle Swarm Optimization;Robotic Networks","Ant colony optimization;Fault tolerance;Robot kinematics;Scalability;Fault tolerant systems;Swarm robotics;Robustness;Resource management;Problem-solving;Particle swarm optimization","","","","16","IEEE","29 Dec 2025","10-13 July 2025","10-13 July 2025","IEEE","IEEE Conferences"
"Impedance Control of Industrial Robot Based on Multi-Directional Particle Swarm Optimization","H. Li; X. Hu; X. Zhang; F. Zeng","School of Mechanical Engineering, Sichuan University, Chengdu, China; School of Mechanical Engineering, Sichuan University, Chengdu, China; School of Mechanical Engineering, Sichuan University, Chengdu, China; School of Mechanical Engineering, Sichuan University, Chengdu, China","2024 8th International Conference on Automation, Control and Robots (ICACR)","3 Jul 2025","2024","","","126","131","The effectiveness of impedance control is significantly influenced by the appropriateness of the settings for impedance parameters. In This paper, a new multi-directional particle swarm optimization (MDPSO) algorithm is proposed to obtain the optimal impedance parameters for precise force tracking during the movement of industrial robot. Firstly, the position-based impedance controller between the industrial robot and its environment is established, and the difference of the contact force is used as input to the controller to obtain the desired trajectory. Then, enhancements to the particle swarm optimization (PSO) algorithm are introduced by adding additional optimization directions, thus developing multi-directional particle swarm optimization algorithm. The MDPSO algorithm determines the best individuals in terms of response speed, steady state error, oscillations and overshoot as additional directional data to improve the efficiency during the iterative process. Furthermore, the algorithm incorporates mutation operation on the particles to avoid falling into local optimum. The simulation results demonstrate that the MDPSO algorithm surpasses the traditional PSO algorithm in both convergence speed and accuracy. Additionally, experimental results show that excellent force tracking performance can be observed when the parameters derived from the MDPSO algorithm are applied for impedance controller.","","979-8-3503-5244-3","10.1109/ICACR62205.2024.11053722","","https://ieeexplore.ieee.org/stamp/stamp.jsp?arnumber=11053722","impedance control;force tracking;particle swarm optimization","Simulation;Force;Industrial robots;Steady-state;Trajectory;Impedance;Particle swarm optimization;Oscillators;Optimization;Convergence","","","","13","IEEE","3 Jul 2025","1-3 Nov. 2024","1-3 Nov. 2024","IEEE","IEEE Conferences"
"Path Planning of Service Robot Based on Improved Particle Swarm Optimization Algorithm","X. Zhan; Z. Chen","Department of Robot Engineering, AnHui Sanlian University, Hefei, China; Department of Robot Engineering, AnHui Sanlian University, Hefei, China",2023 4th International Symposium on Computer Engineering and Intelligent Communications (ISCEIC),"9 Oct 2023","2023","","","244","248","In recent years, people’s lives have become more and more intelligent, and service robots have appeared in all aspects of people’s lives. It brings a lot of convenience for people’s quick life. The service robot must first ensure that it can accurately reach its destination. As one of the core contents of robot technology, path planning has important practical value and research significance. Therefore, the design of efficient algorithm to solve the path planning problem plays a key role in improving the robot technology. In this paper, an improved particle swarm optimization (PSO) algorithm is applied to the path planning of service robots. First of all, the irregular obstacles are handled by using an external circle to avoid the situation that the robot can not walk out of the deadlock area. For the particle swarm optimization (PSO), the linear decline strategy is used to deal with the inertia weight w, which makes the PSO have strong global convergence ability in the early stage and strong local convergence ability in the later stage. The shrinkage factor is introduced to ensure the convergence of the algorithm. At the same time, the selection mechanism and variation mechanism of genetic algorithm are integrated into PSO algorithm, and the PSO algorithm can jump out of the local optimal and accurately find the global optimal.","","979-8-3503-0632-3","10.1109/ISCEIC59030.2023.10271235","Anhui University; ","https://ieeexplore.ieee.org/stamp/stamp.jsp?arnumber=10271235","PSO;path planning;robot;genetic algorithm","Service robots;Heuristic algorithms;Robot kinematics;System recovery;Search problems;Path planning;Mathematical models","","3","","10","IEEE","9 Oct 2023","18-20 Aug. 2023","18-20 Aug. 2023","IEEE","IEEE Conferences"
"Stable grasping control of robot based on particle swarm optimization","L. Ye; D. Zheng","School of Information Technology and Engineering, Guangzhou College of Commerce, Guangzhou, China; School of Information Technology and Engineering, Guangzhou College of Commerce, Guangzhou, China","2021 IEEE 2nd International Conference on Big Data, Artificial Intelligence and Internet of Things Engineering (ICBAIE)","2 Apr 2021","2021","","","1020","1024","In order to improve the compensation and stability control ability of handling robot's stable grasping and positioning control, a method of stable grasping and positioning control for handling robot based on particle swarm optimization is proposed. Combining visual information fusion and sensitive sensor information fusion, the constraint parameters of stable grasping control for handling robot are analyzed, and sensitive mechanical sensors are used to collect and identify the information of grasping posture parameters of handling robot. The feature quantity of spatial distribution information of grasping posture parameters of the handling robot is extracted, and the compensation and optimization control of posture parameters in the process of grasping posture determination of the handling robot are carried out by using the particle swarm optimization control method. The adaptive positioning error compensation and feedback correction method are combined to carry out particle optimization parameter fusion and optimal solution analysis in the process of grasping posture determination of the handling robot, and the adaptive parameter correction and error feedback fusion method are combined to realize stable grasping positioning control of the handling robot. The simulation results show that the output stability of this method is better and the positioning error is lower, which improves the output stability of the handling robot in the grasping process.","","978-1-6654-1540-8","10.1109/ICBAIE52039.2021.9390056","","https://ieeexplore.ieee.org/stamp/stamp.jsp?arnumber=9390056","component;Particle Swarm Optimization;Robot;Stability;Grab;control","Visualization;Process control;Grasping;Robot sensing systems;Stability analysis;Particle swarm optimization;Optimization","","2","","10","IEEE","2 Apr 2021","26-28 March 2021","26-28 March 2021","IEEE","IEEE Conferences"
"Path Planning for Inspection Robots Based on an Improved Particle Swarm Optimization Algorithm","X. Yan; C. Wang","Inner Mongolia Kedian Electric Co., Ltd., Hohhot, China; Inner Mongolia Kedian Electric Co., Ltd., Hohhot, China",2025 International Conference on Intelligent Robotics and Automatic Control (IRAC),"16 Feb 2026","2025","","","78","81","To address path planning challenges for inspection robots, this paper proposes an improved particle swarm optimization (PSO) algorithm that combines cubic spline interpolation function optimization with a dynamic inertia weight adjustment strategy. Building upon the standard PSO approach, cubic spline optimization transforms the path in simulation results from a polygonal line into a smooth curve, thereby achieving a smaller optimal distance value. Simultaneously, when interpolation points along the path collide with obstacles in the map, a substantial penalty is added to the optimal distance value, thereby achieving obstacle avoidance. Regarding the core formula of the PSO algorithm itself, the particle swarm algorithm is enhanced through dynamically adjusting the inertial weight. Four distinct strategies are employed to modify the inertial weight, yielding corresponding simulation results. Finally, simulation experiments were conducted using standard PSO and the four improved PSO algorithms for path planning. Based on the corresponding data, an evaluation system for the algorithms was established to determine the optimal path planning algorithm.","","979-8-3315-9244-8","10.1109/IRAC67707.2025.11381210","","https://ieeexplore.ieee.org/stamp/stamp.jsp?arnumber=11381210","path planning;particle swarm optimization algorithm;cubic spline interpolation;dynamic adjustment of inertia weight","Interpolation;Heuristic algorithms;Simulation;Path planning;Splines (mathematics);Particle swarm optimization;Collision avoidance;Standards;Robots;Optimization","","","","9","IEEE","16 Feb 2026","28-30 Nov. 2025","28-30 Nov. 2025","IEEE","IEEE Conferences"
"A Distributed Multi-Robot Path Planning Algorithm for Searching Multiple Hidden Targets","L. Zhang; J. Qi",Donghua University; Donghua University,"2022 International Conference on Image Processing, Computer Vision and Machine Learning (ICICML)","12 Jan 2023","2022","","","513","516","This paper proposes a new distributed multi-robot path planning algorithm based on fuzzy logic control and reinforcement learning, which can navigate for robots searching for hidden targets in unknown environment. The algorithm is composed of two controllers, a fuzzy logic controller based on multiple behavior coordination strategy and a policy controller based on deep reinforcement learning. The first controller is used for roaming search to find the hidden targets, and the role of the second controller is to navigate from the current position to the targets. To check the performance of the algorithm, we simulate it in simulation environment built in the CoppeliaSim simulation software and implemented by e-Puck robots. The simulation results demonstrate the effectiveness of the proposed method.","","978-1-6654-6468-0","10.1109/ICICML57342.2022.10009821","","https://ieeexplore.ieee.org/stamp/stamp.jsp?arnumber=10009821","distributed multi-robot path planning;fuzzy logic control;deep reinforcement learning;CoppeliaSim","Fuzzy logic;Navigation;Robot kinematics;Software algorithms;Reinforcement learning;Search problems;Path planning","","2","","15","IEEE","12 Jan 2023","28-30 Oct. 2022","28-30 Oct. 2022","IEEE","IEEE Conferences"
"A New Algorithm For Robot Path Planning Based On Automatic Shunting Of Ants And Particle Swarms","G. Haitao; Z. Xugang; S. Chuanling; Q. Jilin","Information Technology College, Shandong Institute of Commerce And Technology, ShangDong JiNan, China; Information Technology College, Shandong Institute of Commerce And Technology, ShangDong JiNan, China; Information Technology College, Shandong Institute of Commerce And Technology, ShangDong JiNan, China; Information Technology College, Shandong Institute of Commerce And Technology, ShangDong JiNan, China","2021 4th International Conference on Advanced Electronic Materials, Computers and Software Engineering (AEMCSE)","19 Aug 2021","2021","","","380","384","This paper proposes a new robot path planning algorithm which is a fusion algorithm of automatic shunt ant and particle swarm algorithm. In the first step, the robot motion space model is described by the grid method, in the second step, the global navigation path is planned by the automatic shunting ant algorithm, and the third step is the particle swarm algorithm for local search and tuning to obtain the best path. Experiments show that the algorithm is very effective.","","978-1-6654-1596-5","10.1109/AEMCSE51986.2021.00085","","https://ieeexplore.ieee.org/stamp/stamp.jsp?arnumber=9513203","path planning;automatic shunting;ant algorithm;particle swarm algorithm","Robot motion;Computers;Navigation;Software algorithms;Path planning;Particle swarm optimization;Robots","","","","13","IEEE","19 Aug 2021","26-28 March 2021","26-28 March 2021","IEEE","IEEE Conferences"
"Multi-robot Path Planning using Modified Particle Swarm Optimization","Y. L. Poy; S. Darmaraju; B. -H. Kwan","Department of Mechatronics and Biomedical Engineering, Lee Kong Chian Faculty of Engineering and Science Universiti Tunku Abdul Rahman, Selangor, Malaysia; Department of Mechatronics and Biomedical Engineering, Lee Kong Chian Faculty of Engineering and Science Universiti Tunku Abdul Rahman, Selangor, Malaysia; Department of Mechatronics and Biomedical Engineering, Lee Kong Chian Faculty of Engineering and Science Universiti Tunku Abdul Rahman, Selangor, Malaysia",2023 IEEE International Conference on Automatic Control and Intelligent Systems (I2CACIS),"31 Jul 2023","2023","","","225","230","Multi-robot path planning in a shared environment is a critical research area in robotics. The objective is to find a collision-free path for each robot to reach its destination while optimizing various performance metrics. This paper proposes a novel multi-robot path planning algorithm based on Modified Particle Swarm Optimization (MPSO). The proposed MPSO algorithm introduces a new path planning scheme for determining the robot’s waypoints. Unlike the standard PSO algorithm, which initializes the particle swarm at the robot’s starting position and iteratively determines each waypoint until a completed path is generated, the MPSO algorithm initializes the particle swarm within a predefined search space and searches for the global best position within it to determine a specific robot waypoint through iteration updates. Moreover, a combination of global and local path planning methods is introduced to cope with a dynamic environment. The PSO algorithm functions as a global path planner, determining the complete path for each robot, whereas an obstacle avoidance algorithm serves as a local planner to avoid collision with dynamic obstacles during navigation. This study compares the performance of MPSO with normal PSO using MATLAB simulations in two scenarios. The results demonstrate MPSO’s superiority in terms of total path length and execution time.","","979-8-3503-2130-2","10.1109/I2CACIS57635.2023.10193290","","https://ieeexplore.ieee.org/stamp/stamp.jsp?arnumber=10193290","multi-robot path planning;obstacle detection and avoidance;particle swarm optimization;path length","Measurement;Navigation;Heuristic algorithms;Path planning;Collision avoidance;Particle swarm optimization;Intelligent systems","","4","","27","IEEE","31 Jul 2023","17-17 June 2023","17-17 June 2023","IEEE","IEEE Conferences"
"Multi Robot Path Planning based on Reinforcement Learning","X. Liu; Z. Wang; S. Liu","School of Electrical Engineering, University of Jinan, China; School of Electrical Engineering, University of Jinan, China; School of Electrical Engineering, University of Jinan, China","2024 IEEE 6th Advanced Information Management, Communicates, Electronic and Automation Control Conference (IMCEC)","2 Jul 2024","2024","6","","1718","1723","In order to improve the success rate of path finding in the MAPF(Multi Agent Path Planning) system and solving quality of large scale MAPF problems, this paper designs a multi robot deep reinforcement learning algorithm based on the ISAC(Independent Soft Actor Critic) mechanism to solve the multi robot path planning problem. In order to overcome the problem of difficult training of multi robot models, a deep neural network with a communication layer was designed based on the parameter sharing ISAC algorithm. ISAC was combined with IL(imitation learning) to construct the ISAC-IL algorithm. The simulation results show that compared with precise algorithms and heuristic algorithms, the ISAC-IL algorithm has a higher success rate, shorter completion time, and can calculate higher quality optimization solutions.","2693-2776","979-8-3503-1653-7","10.1109/IMCEC59810.2024.10575806","","https://ieeexplore.ieee.org/stamp/stamp.jsp?arnumber=10575806","reinforcement learning;Multi robot;Path planning;imitation learning","Training;Heuristic algorithms;Scalability;Simulation;Artificial neural networks;Deep reinforcement learning;Path planning","","2","","12","IEEE","2 Jul 2024","24-26 May 2024","24-26 May 2024","IEEE","IEEE Conferences"
"Optimization of PID Controller for Robotic Arm Tracking Using Particle Swarm Optimization and Deep Reinforcement Learning","W. F. Wan Tarmizi; F. Samsuri; M. L. M. Zain","Fakulti Teknologi Kejuruteraan, Elektrik dan Elektronik, Universiti Malaysia Pahang Al - Sultan, Abdullah, Kuantan, Pahang, Malaysia; Fakulti Teknologi Kejuruteraan, Elektrik dan Elektronik, Universiti Malaysia Pahang Al - Sultan, Abdullah, Kuantan, Pahang, Malaysia; Fakulti Teknologi Kejuruteraan (Elektrikal), University College TATI, Kemaman, Terengganu, Malaysia",2025 IEEE 15th International Conference on System Engineering and Technology (ICSET),"16 Dec 2025","2025","","","364","369","This paper proposes an optimized Proportional-Integral-Derivative (PID) controller for robotic arm trajectory tracking using a hybrid Particle Swarm Optimization and Deep Reinforcement Learning (PID-PSO-DRL) approach. PSO is employed for precise offline tuning of PID gains, while DRL enables adaptive, real-time adjustments to handle dynamic operating conditions and modeling uncertainties. The method was evaluated on a robotic arm performing multiple trajectory profiles and compared with baseline PID, PID-PSO, and PIDDRL controllers. Performance metrics included Root Mean Square Error (RMSE), Mean Absolute Error (MAE), and Standard Deviation (STD). Experimental results show that the proposed hybrid controller significantly improves tracking accuracy, reduces steady-state errors, and enhances stability across all tested trajectories. The combination of PSO's global optimization capabilities and DRL's adaptive learning ensures robustness in variable environments, making the method suitable for precision robotics applications.","2470-640X","979-8-3315-3906-1","10.1109/ICSET65917.2025.11283700","University College TATI; ","https://ieeexplore.ieee.org/stamp/stamp.jsp?arnumber=11283700","PID Controller;Particle Swarm Optimization;Deep Reinforcement Learning;Robotic Arm;Trajectory Tracking;Optimization","Trajectory tracking;Manipulators;Deep reinforcement learning;Real-time systems;Trajectory;Particle swarm optimization;Robots;Optimization;Tuning;Thermal stability","","","","19","IEEE","16 Dec 2025","4-4 Oct. 2025","4-4 Oct. 2025","IEEE","IEEE Conferences"
"Research on Path Planning of Dredging Robots Based on an Improved Particle Swarm Optimization Algorithm","H. Wang; Z. Liu","College of Mechanical and Electrical Engineering, Hohai University, Changzhou, China; College of Mechanical and Electrical Engineering, Hohai University, Changzhou, China",2025 7th International Symposium on Robotics and Intelligent Manufacturing Technology (ISRIMT),"6 Mar 2026","2025","","","157","161","To address the challenges of low path planning efficiency and susceptibility to local optima faced by dredging robots operating in complex underwater terrains, this study proposes a multi-strategy adaptive particle swarm optimization algorithm (MSPA-PSO). The algorithm incorporates an adaptive adjustment mechanism for inertia weight and learning factors, which balances global exploration and local exploitation. Additionally, it introduces a jump-crossover strategy to enhance the ability to escape local optima and employs a node distribution adaptation strategy to improve the rationality of the planned path structure. Simulation results in complex grid-map environments demonstrate that MSPA-PSO outperforms the standard PSO and other mainstream improved algorithms in terms of path length, reduction of turning angles, convergence speed, and stability. These findings provide a reliable solution for the efficient and safe path planning of dredging robots in complex environments.","","979-8-3315-7470-3","10.1109/ISRIMT67769.2025.11413095","Natural Science Foundation of Jiangsu Province; ","https://ieeexplore.ieee.org/stamp/stamp.jsp?arnumber=11413095","Dredging robot;Path planning;Particle swarm optimization;Adaptive mechanism;Jump–crossover strategy;Convergence performance","Simulation;Power system stability;Excavation;Turning;Path planning;Stability analysis;Particle swarm optimization;Robots;Standards;Convergence","","","","11","IEEE","6 Mar 2026","12-14 Dec. 2025","12-14 Dec. 2025","IEEE","IEEE Conferences"
"Multi-robot Pose Planning Method based on Particle Swarm Optimization and Gradient Descent Combination","S. He; C. Su; E. Wang; J. Zou; Z. Wang","School of Artificial Intelligence, Changchun University of Science and Technology, Changchun, China; School of Artificial Intelligence, Changchun University of Science and Technology, Changchun, China; School of Artificial Intelligence Jilin Provincial Collaborative Innovation Center for Intelligent Robots; School of Mechanical and Electrical Engineering, Changchun University of Science and Technology, Changchun, China; School of Artificial Intelligence, Changchun University of Science and Technology, Changchun, China","2026 International Conference on Robotics, Automation and Intelligent Transportation Systems (RAITS)","2 Jul 2026","2026","","","1","5","A two-stage multi-robot pose planning method based on particle swarm optimization and gradient descent is proposed in this paper: In the first stage, PSO algorithm initialized by Sobol sequence is used to realize global search of solution space to ensure uniform coverage of candidate solutions. In the second stage, the optimal particle after PSO optimization is taken as the initial point, and gradient descent fine optimization is carried out by Adam optimizer. In order to verify the validity of the algorithm, a multi-robot experimental system is set up, and pose solving experiments are carried out on large flat workpieces. Experimental results show that the proposed algorithm has better convergence speed and convergence accuracy than PSO and GD algorithms, and can realize autonomous pose planning of multi-robot system. After optimization, the viewpoint satisfies the constraint conditions.","","979-8-3315-5807-9","10.1109/RAITS68656.2026.11580122","Technology Development; ","https://ieeexplore.ieee.org/stamp/stamp.jsp?arnumber=11580122","particle swarm optimization algorithm;gradient descent algorithm;multi-robot system;pose planning","Optimization;Robots;Algorithms;Particle swarm optimization;Elementary particles;Multi-robot systems;Convergence;Equations;Trajectory;Modeling","","","","8","IEEE","2 Jul 2026","23-25 Jan. 2026","23-25 Jan. 2026","IEEE","IEEE Conferences"
"Path Planning of Electric Power Inspection Robot Based on Improved Lion Swarm Algorithm","S. Qu; Y. Dou; Y. Wang; R. Sun; J. Liu; W. Yang","College of Electrical and Power Engineering, Taiyuan University of technology, Taiyuan, China; College of Electrical and Power Engineering, Taiyuan University of technology, Taiyuan, China; College of Electrical and Power Engineering, Taiyuan University of technology, Taiyuan, China; College of Electrical and Power Engineering, Taiyuan University of technology, Taiyuan, China; College of Electrical and Power Engineering, Taiyuan University of technology, Taiyuan, China; College of Electrical and Power Engineering, Taiyuan University of technology, Taiyuan, China",2021 IEEE 5th Conference on Energy Internet and Energy System Integration (EI2),"25 Feb 2022","2021","","","3335","3339","To solve the disadvantages of the traditional lion swarm algorithm in power inspection path planning, such as parameter dependence, poor global optimization ability, prone to the premature phenomenon, and central tendency, an improved lion swarm algorithm was proposed. By exploring and developing an equilibrium factor $\omega$, the position relationship of the lion group is more dependent on the number of populations and the number of iterations, jumping out of the local optimum, and significantly improving the global optimization of the algorithm. Finally, based on the MATLAB simulation platform, the grid environment model was constructed, and the optimal decision rules of electric power inspection robot walking were generated by the rough set theory. The traditional genetic algorithm, particle swarm optimization algorithm, lion swarm algorithm and improved lion swarm algorithm were used to find the optimal path. The simulation results showd that the improved lion swarm optimization algorithm has the shortest path length and the fastest iteration convergence speed, and it is efficient and economical for power inspection.","","978-1-6654-3425-6","10.1109/EI252483.2021.9713324","","https://ieeexplore.ieee.org/stamp/stamp.jsp?arnumber=9713324","electric power inspection robot;path planning;improved lion swarm algorithm;grid method","Simulation;Sociology;Inspection;Path planning;Power systems;Particle swarm optimization;Statistics","","4","","12","IEEE","25 Feb 2022","22-24 Oct. 2021","22-24 Oct. 2021","IEEE","IEEE Conferences"
"QMARL: A Quantum Multi-Agent Reinforcement Learning Framework for Swarm Robots Navigation","W. Chen; J. Wan; F. Ye; R. Wang; C. Xu","School of Computer and Communication Engineering, University of Science and Technology, Beijing; School of Computer and Communication Engineering, University of Science and Technology, Beijing; School of Computer and Communication Engineering, University of Science and Technology, Beijing; School of Computer and Communication Engineering, University of Science and Technology, Beijing; School of Computer and Communication Engineering, University of Science and Technology, Beijing","2024 IEEE International Conference on Acoustics, Speech, and Signal Processing Workshops (ICASSPW)","15 Aug 2024","2024","","","388","392","In the last decade, the field of reinforcement learning has evolved from single-agent paradigms to embrace multi-agent settings. However, as the number of agents increases, especially in intricate or stochastic environments, the efficacy of individual learning models tends to diminish. Moreover, applying experience replay techniques in multi-agent scenarios presents considerable challenges. To address these pressing issues, this paper introduces a straightforward yet highly effective approach known as Quantum-Based Multi-Agent Reinforcement Learning (QMARL). This approach revolves around the quantization of states and actions within the multi-agent reinforcement learning system. Leveraging the power of the Grover algorithm for action decision-making, we also introduce a novel quantum-based prioritized experience replay method. Our proposed approach has been rigorously validated through experiments conducted in the cooperative navigation environment provided by OpenAI. The results demonstrate its capacity to enhance multi-agent learning in complex settings. This research opens promising avenues for harnessing quantum computing techniques in the realm of reinforcement learning, paving the way for more robust and scalable solutions in multi-agent systems.","","979-8-3503-7451-3","10.1109/ICASSPW62465.2024.10627769","National Natural Science Foundation of China; China Scholarship Council; ","https://ieeexplore.ieee.org/stamp/stamp.jsp?arnumber=10627769","Multi-Agent Reinforcement Learning (MARL);Quantum Computing;Experience Replay Techniques;Grover Algorithm;Cooperative Navigation","Training;Quantum computing;Quantization (signal);Navigation;Signal processing algorithms;Swarm robotics;Stochastic processes","","1","","17","IEEE","15 Aug 2024","14-19 April 2024","14-19 April 2024","IEEE","IEEE Conferences"
"Research on Adaptive Impedance Control of Robot Manipulator Based on a New Improved Particle Swarm Optimization Algorithm","A. Wu; W. Zheng; C. Wang","Shenzhen University, Shenzhen, China; STMicroelectronics, Shenzhen, China; Shenzhen University, Shenzhen, China","2023 International Conference on Computing, Electronics & Communications Engineering (iCCECE)","6 Sep 2023","2023","","","74","78","To prevent the robot from being damaged and protect human life during its movement, it is of great importance to accurately track the contact force. Besides, to eliminate the steady-state error of position-based impedance control, this paper proposes an adaptive parameter regulation law by using Lyapunov second method to online estimate the environmental position and stiffness. To further improve the transient response performance of force tracking, a new particle swarm optimization (PSO) algorithm is proposed in this paper. Based on the force tracking integral time-weighted absolute error (ITAE) evaluation function, the energy consumption of the manipulator system and the maximum transient contact force are considered. In addition, the parameters of the impedance controller are optimized by designing the inertia weight and learning factors of nonlinear real-time update and considering the local variation method of particles. The simulation results show that this new improved PSO algorithm can help particles jump out of the local optimum and find impedance parameters with better fitness value, thus significantly improving the force dynamic tracking accuracy and overshoot which will make human-machine collaboration more convenient.","2836-8983","979-8-3503-4092-1","10.1109/iCCECE59400.2023.10238593","National Natural Science Foundation of China; ","https://ieeexplore.ieee.org/stamp/stamp.jsp?arnumber=10238593","adaptive impedance control;steady-state error;particle swarm optimization;nonlinear inertia weight and learning factors;partial mutation","Transient response;Tracking;Heuristic algorithms;Simulation;Force;Regulation;Steady-state","","","","15","IEEE","6 Sep 2023","14-16 Aug. 2023","14-16 Aug. 2023","IEEE","IEEE Conferences"
"Cooperative planning of dual arm robot based on Improved Particle Swarm Optimization","X. Chen; J. He","Department of Mechatronics Engineering, Wuhan Business University, Wuhan, China; Department of Mechanical and Electrical Engineering, Changjiang Institute of Technology, Wuhan, China",2021 IEEE 3rd International Conference on Civil Aviation Safety and Information Technology (ICCASIT),"10 Dec 2021","2021","","","632","635","The trajectory optimization of dual arm robot is a typical engineering optimization problem. Because of the collision detection, the relationship between the decision variables and the fitness function cannot be expressed directly. Particle swarm optimization (PSO) is a typical meta heuristic method, which is often used to solve engineering problems in recent years because of its easy implementation, fast computing speed and strong stability. In this paper, UR5 dual arm robot is taken as the research object. Based on quintic polynomial interpolation algorithm based path planning, a cooperative optimization method of dual arm robot is proposed, and an improved particle swarm optimization algorithm is used to plan the path of dual arm robot. Through the test of the path planning of the dual arm robot based on the improved particle swarm optimization algorithm, the experimental results show that this method can effectively solve the path planning problem of the dual arm robot.","","978-1-6654-2518-6","10.1109/ICCASIT53235.2021.9633525","","https://ieeexplore.ieee.org/stamp/stamp.jsp?arnumber=9633525","Dual arm robot;Trajectory optimization;UR5;Quintic polynomial interpolation;Particle swarm optimization","Interpolation;Metaheuristics;Optimization methods;Manipulators;Path planning;Safety;Planning","","2","","9","IEEE","10 Dec 2021","20-22 Oct. 2021","20-22 Oct. 2021","IEEE","IEEE Conferences"
"Using Deep Reinforcement Learning to Solve a Navigation Problem for a Swarm Robotics System","A. Iskandar; H. M. Rostum; B. Kovács","Faculty of Mechanical Engineering and Informatics, University of Miskolc, Miskolc, Hungary; Institute of Automation and Info-Communication, University of Miskolc, Miskolc, Hungary; Faculty of Mechanical Engineering and Informatics, University of Miskolc, Miskolc, Hungary",2023 24th International Carpathian Control Conference (ICCC),"19 Jul 2023","2023","","","185","189","Five mobile robots in a swarm are trained in this paper using the deep reinforcement learning method to solve a navigation problem with two targets without prior knowledge of the environment. The Proximal Policy Optimization method trains E-puck mobile robots to avoid obstacles while completing tasks in the shortest distance for each robot. A Webots simulator is used to model the environment in three-dimension space. The suggested algorithm works with continuous states derived from eight infrared sensors and continuous action spaces that reflect the velocities of two motors for each robot in the swarm. Then the robot's behavior will be examined in light of two categories of rewards: Spares and Shaping rewards. If the environment's complexity is not decreased, proximal policy optimization with spare rewards will not be able to train every robot in the system how to accomplish its goal. Compared to the spare rewards technique, shaping rewards aid the robot in gaining experience from prior knowledge during the training process. This speeds up learning and aids navigation in more complex environments.","","979-8-3503-1022-1","10.1109/ICCC57093.2023.10178888","","https://ieeexplore.ieee.org/stamp/stamp.jsp?arnumber=10178888","Reinforcement Learning;Swarm Robotic;Proximal Policy Optimization;Spares Reward;Shaping Reward","Deep learning;Training;Navigation;Swarm robotics;Optimization methods;Reinforcement learning;Robot sensing systems","","4","","27","IEEE","19 Jul 2023","12-14 June 2023","12-14 June 2023","IEEE","IEEE Conferences"
"Path Planning of Materials Distribution Robot for Sports Games Based on Improved Particle Swarm Optimization Algorithm","D. Jiang","School of Physical Education, Bohai University, Jinzhou, China","2023 3rd International Signal Processing, Communications and Engineering Management Conference (ISPCEM)","18 Apr 2024","2023","","","372","377","Machine delivery is gradually replacing human delivery as the mainstream development trend in material delivery for large-scale comprehensive sports events. In addition to having high requirements for hardware devices such as communication modules and sensor modules, material delivery robots also play a crucial role in path planning algorithms. The path planning module is equivalent to the brain of material delivery robots, determining the efficiency and quality of the entire delivery process. This article is based on the basic problem solving mathematical model. Firstly, the mathematical model and implementation process of the standard particle swarm optimization algorithm are studied. Then, in response to the existing problems, improvements are made from three aspects: inertia weight, acceleration factor, and limited particle velocity. Experimental simulation research is conducted using Schaffer fitness function. The results show that due to the advantages of fewer parameters and easy implementation of the improved particle swarm optimization algorithm, using the improved particle swarm optimization algorithm to solve the path planning of the sports meeting material delivery robot can obtain high-performance path planning and allocation schemes.","","979-8-3503-0702-3","10.1109/ISPCEM60569.2023.00073","","https://ieeexplore.ieee.org/stamp/stamp.jsp?arnumber=10499367","improved particle swarm optimization algorithm;material distribution robot;path planning;mathematical model;fitness function;simulation experiment","Service robots;Heuristic algorithms;Sociology;Signal processing algorithms;Robot sensing systems;Path planning;Particle swarm optimization","","","","11","IEEE","18 Apr 2024","25-27 Nov. 2023","25-27 Nov. 2023","IEEE","IEEE Conferences"
"Robot Path Planning Based on Tabu Particle Swarm Optimization Integrating Cauchy Mutation","L. Qin; Z. Fan","College of Mechanical Engineering Dalian University, Dalian, China; College of Mechanical Engineering Dalian University, Dalian, China",2024 14th International Conference on Information Science and Technology (ICIST),"30 Dec 2024","2024","","","244","253","In view of the shortcomings of Particle Swarm Optimization (PSO) in robot path planning, such as long path planning time, slow convergence speed, insufficient search ability in the middle and late stages, and easy to fall into local optimum. Inspired by Tabu Search (TS) algorithm and Cauchy mutation, this paper proposes a Tabu Particle Swarm Optimization (PSOTS) based on Cauchy mutation. Specifically, beta distribution random number strategy is used to adaptively adjust the inertia weight. Additionally, Cauchy mutation is introduced to disturb the particles and prevent local optimum. Finally, roulette method is used to select some particles and adopt Tabu Search (TS) algorithm. To verify the performance of PSOTS algorithm in path planning, it's challenged against PSO algorithm on 2 benchmark test instances and a grid obstacle environment, being compared with four algorithms in 8 grid obstacle environments, with the results revealing that PSOTS algorithm has a better performance and can be used in robot path planning.","2573-3311","979-8-3503-5333-4","10.1109/ICIST63249.2024.10805364","","https://ieeexplore.ieee.org/stamp/stamp.jsp?arnumber=10805364","Particle Swarm Optimization;adaptive;Cauchy mutation;Tabu Search;path planning","Information science;Accuracy;Benchmark testing;Path planning;Iterative algorithms;Planning;Particle swarm optimization;Robots;Convergence","","2","","35","IEEE","30 Dec 2024","6-9 Dec. 2024","6-9 Dec. 2024","IEEE","IEEE Conferences"
"Time-Optimal Trajectory Planning of Industrial Robot based on Improved Particle Swarm Optimization Algorithm","B. Shi; J. Xu","School of Automation Science and Engineering, South China University of Technology, Guangzhou, China; School of Automation Science and Engineering, South China University of Technology, Guangzhou, China",2020 39th Chinese Control Conference (CCC),"9 Sep 2020","2020","","","3683","3688","Industrial robot has been widely used since the development of manufacturing. A time-optimal trajectory planning for industrial robot can help to save energy and improve efficiency. This paper proposed a new trajectory planning method based on improved particle swarm optimization. Golden section method is used to find the maximum of velocity, acceleration and jerk. Compared to derivative method, way used Golden section method can find the maximum more quickly. Roll-back technology is introduced to ensure the diversity of particle swarm, which makes sure that the search ability will not be weaken by the reduction of number of particles. An improved particle swarm optimization with variable learning factor is used to search the global best solution. The results of simulation show that the proposed trajectory planning method can generate a time-optimal trajectory for industrial robot.","1934-1768","978-9-8815-6390-3","10.23919/CCC50068.2020.9188907","","https://ieeexplore.ieee.org/stamp/stamp.jsp?arnumber=9188907","B-spline;Time optimal;Trajectory planning;Particle swarm optimization","Trajectory;Mathematical model;Splines (mathematics);Planning;Service robots;Particle swarm optimization","","7","","15","","9 Sep 2020","27-29 July 2020","27-29 July 2020","IEEE","IEEE Conferences"
"Multi-spherical robot formation control based on pigeon swarm optimization","X. He; Y. Lu; Q. Wang; H. Lu","School of Information Engineering, Southwest University of Science and Technology, Mianyang, China; School of Information Engineering, Southwest University of Science and Technology, Mianyang, China; School of Information Engineering, Southwest University of Science and Technology, Mianyang, China; School of Big Data & Software Engineering, Chongqing University, Chongqing, China","2024 3rd International Conference on Robotics, Artificial Intelligence and Intelligent Control (RAIIC)","17 Sep 2024","2024","","","6","10","In order to realize tight formation control of spherical robots, a formation control method of multi-spherical robot system was proposed based on optimization of pigeon swarm algorithm. Based on the kinematics model of spherical robots, the roles of spherical robots were divided into leader and follower. A PID controller was designed for stability control in x and y direction channels. According to the desired position and velocity, a corresponding fitness function is uniformly set to optimize the optimal parameters of the formation controller. Finally, the stable control of the multi-spherical robot formation is realized in the simulation environment.","","979-8-3503-5262-7","10.1109/RAIIC61787.2024.10671134","Innovation Fund; ","https://ieeexplore.ieee.org/stamp/stamp.jsp?arnumber=10671134","Multi-spherical robot system;Tight formation control;Pigeon swarm algorithm","Kinematics;Lead;Control systems;Formation control;Stability analysis;Trajectory;Particle swarm optimization","","","","18","IEEE","17 Sep 2024","5-7 July 2024","5-7 July 2024","IEEE","IEEE Conferences"
"Path Planning of Mobile Robots Using Enhanced Particle Swarm Optimization","K. Sarkar; B. K. Balabantaray; A. Chakrabarty; B. B. Biswal; B. Mohanty","Computer Science and Engineering, NIT, Shillong, Meghalaya, India; Computer Science and Engineering, NIT, Shillong, Meghalaya, India; Computer Science and Engineering, NIT, Shillong, Meghalaya, India; Mechanical Engineering, NIT, Shillong, Meghalaya, India; Mechanical Engineering, NIT, Shillong, Meghalaya, India","2020 3rd International Conference on Energy, Power and Environment: Towards Clean Energy Technologies","21 Apr 2021","2021","","","1","6","With the rapid growth of technology and extensive application of robots, autonomous mobile robots have gained a lot of attention in industry and research. One of the crucial issues is to find out a collision-free path through which robots can reach the destination. In this paper, evolutionary optimization based autonomous path planning approach for mobile robots is proposed. We have introduced an adaptive fitness function which takes care of three crucial aspects such as (i) avoidance of obstacles in the path (ii) selection of shorter path length and (iii) selection of smoother path of the path planning process. Particle swarm optimization (PSO) algorithm is used to optimize the fitness function. Optimization of the objective function via suggested fitness function enables to generate a smoother and collision free path from the initial position to the destination position in presence of various obstacles. Extensive simulation experiments are performed to validate the performance of our proposed work. Performance behavior of our proposed work is compared with some of the existing state-of-the-art optimization based path planning methods and found to produce superior results.","","978-1-6654-2536-0","10.1109/ICEPE50861.2021.9404505","","https://ieeexplore.ieee.org/stamp/stamp.jsp?arnumber=9404505","Mobile robot;Autonomous robot;Particle swarm optimization;Path planning;Fitness function","Service robots;Tracking;Simulation;Linear programming;Path planning;Safety;Mobile robots","","3","","14","IEEE","21 Apr 2021","5-7 March 2021","5-7 March 2021","IEEE","IEEE Conferences"
"Intelligent Manufacturing System of Industrial Robot based on Q-learning Particle Swarm Algorithm","B. Wang","Shandong Vocational College of Information Technology, Weifang, Shandong, China","2022 IEEE 2nd International Conference on Electronic Technology, Communication and Information (ICETCI)","25 Jul 2022","2022","","","1145","1148","Industrial robots (IR) have the advantages of high precision, high stability and anti-interference, and they play an increasingly important role in the process of modern industrial automation. This paper takes the development of IR intelligent manufacturing system (IMS) as the goal, designs the system architecture according to the system requirements of IR, realizes intelligent production of robots based on the Q-learning particle swarm algorithm, and tests the operating speed of the system manufacturing process to ensure that the operating speed meets the production requirements, I hope that the robot in this article can provide convenience for industrial intelligent manufacturing.","","978-1-7281-8115-8","10.1109/ICETCI55101.2022.9832101","","https://ieeexplore.ieee.org/stamp/stamp.jsp?arnumber=9832101","Q-L earning Particle Swarm Algorithm;Industrial Robot;Intelligent Manufacturing System;Operating Speed","Productivity;Q-learning;Service robots;Systems architecture;Production;Transforms;Stability analysis","","1","","12","IEEE","25 Jul 2022","27-29 May 2022","27-29 May 2022","IEEE","IEEE Conferences"
"Multi-robot Cooperative Navigation Method based on Multi-agent Reinforcement Learning in Sparse Reward Tasks","K. Li; Q. Wang; M. Gong; J. Li; H. Shi","Marine Design & Research Institute of China, ShangHai, China; Shanghai Zhongchuan STD-NERC Co., Ltd, ShangHai, China; Marine Design & Research Institute of China, ShangHai, China; School of Computer Science, Northwestern Polytechnical University, Xi’an, China; School of Computer Science, Northwestern Polytechnical University, Xi’an, China",2023 4th International Symposium on Computer Engineering and Intelligent Communications (ISCEIC),"9 Oct 2023","2023","","","257","261","Multi-robot systems can collaborate to accomplish more complex tasks than a single robot. Cooperative navigation is the basis for multi-robot to complete rescue, reconnaissance, and other tasks in high-risk areas instead of human beings. Multi-agent reinforcement learning (MARL) is the most effective method to control multi-robot cooperation, but the sparsity of rewards limits its application in real scenarios. In this paper, a curiosity-inspired MARL approach which is called CIMADDPG is proposed to promote robot exploration. The global curiosity allocation mechanism is designed to determine each agent’s contribution to the global reward. In addition, to ensure that the collaboration of agents is not lost during exploration, the dual critic network is designed to guide the update of the policy network jointly. Finally, the performance of the proposed method is verified in a multi-agent particle environment (MPE) and multi-robot (Turtlebot3) cooperative navigation simulation environment. The experimental results show that CIMADDPG improves the performance of SOTA by 23.53% ~ 48.84% and achieves a high success rate in multi-robot cooperative navigation.","","979-8-3503-0632-3","10.1109/ISCEIC59030.2023.10271221","National Natural Science Foundation of China; National Natural Science Foundation of China; Research and Development; ","https://ieeexplore.ieee.org/stamp/stamp.jsp?arnumber=10271221","deep reinforcement learning;muliti-robot;collaborative navigation;multi-agent reinforcement learning","Navigation;Collaboration;Reinforcement learning;Reconnaissance;Behavioral sciences;Resource management;Multi-robot systems","","1","","7","IEEE","9 Oct 2023","18-20 Aug. 2023","18-20 Aug. 2023","IEEE","IEEE Conferences"
"Swarm Robotics in Search and Rescue Operations: Challenges, Strategies, and Future Directions","S. Manaseswaran; S. J. Vimal; R. Gowri; P. Karthikeyan; N. Kandavel; V. Saraswathi","Department of CSE-AIML, Chennai Institute of Technology, Chennai, Tamil Nadu; Department of CSE-AIML, Chennai Institute of Technology, Chennai, Tamil Nadu; Department of CSE-AIML, Chennai Institute of Technology, Chennai, Tamil Nadu; Department of CSE, Chennai Institute of Technology, Chennai, Tamil Nadu; Department of CSE, Chennai Institute of Technology, Chennai, Tamil Nadu; Department of CSE-AIML, Chennai Institute of Technology, Chennai, Tamil Nadu",2025 10th International Conference on Smart Structures and Systems (ICSSS),"23 Jan 2026","2025","","","1","6","Swarm robotics has become a radical paradigm of search and rescue (SAR) operations in disaster-prone or risky settings where humans are too risky or impracticable. This review considers the existing strategies, algorithm frameworks, and system level issues behind the implementation of multi-robot swarms to efficiently detect targets and explore the terrain. The synthesis of the discussion incorporates important contributions of behavior-based fuzzylogic control, distributed particle swarm optimization (DPSO), and the latest methods of optimization and learning like hybrid ant-colony models and multi-agent reinforcement learning. Compaired analysis shows that behaviour-based fuzzy systems offer high levels of robustness to sensor uncertainty but are not scalable whereas DPSO offers the ability to coordinate in a decentralized manner and converge quickly but is sensitive to local-optima and limited modelling of communication. Recent reviews highlight the combination of artificial intelligence, machine learning, and adaptive optimization in order to improve autonomy, energy efficiency and resilience. The critical issues in dynamic-environment perception issue, interrobot communication latency, energy- aware planning, and real-world deployment under partial observability remain. Based on these discoveries, this paper outlines the hybrid DPSO-fuzzy architectures, graph-neural-network-related coordination and reinforcement-learning-controlled decision policies as the potential new directions in enhancing adaptability and accuracy in complex SAR conditions. The survey concludes by highlighting the need to have integrated systems that integrate distributed intelligence, powerful sensing with secure communications in order to achieve reliable, scalable swarm-robotic systems that can be used in future defence and emergency-response missions.","","979-8-3315-6323-3","10.1109/ICSSS66939.2025.11346119","","https://ieeexplore.ieee.org/stamp/stamp.jsp?arnumber=11346119","Swarm Robotics;Search and Rescue (SAR);Multi-Robot Systems;Distributed Particle Swarm Optimization (DPSO);Fuzzy Logic Control;Multi-Agent Reinforcement Learning (MARL);Formation Control;Path Planning;Autonomous Navigation;Disaster Response Robotics","Surveys;Uncertainty;Reviews;Swarm robotics;Reinforcement learning;Robot sensing systems;Robustness;Sensors;Particle swarm optimization;Optimization","","1","","20","IEEE","23 Jan 2026","12-13 Dec. 2025","12-13 Dec. 2025","IEEE","IEEE Conferences"
"Robot Path Planning Based on Generative Learning Particle Swarm Optimization","L. Wang; L. Liu; X. Lu","Department of Computer Science, Zhongyuan University of Technology, Zhengzhou, China; Department of Computer Science, Zhongyuan University of Technology, Zhengzhou, China; Department of Computer Science, Zhongyuan University of Technology, Zhengzhou, China",IEEE Access,"24 Sep 2024","2024","12","","130063","130072","Path planning refers to finding the optimal path from the starting point to the endpoint in a given environment, avoiding obstacles. To solve the problem of slow convergence speed in particle swarm optimization in path planning, this paper proposes a robot path planning based on generative learning Particle Swarm Optimization (LPSO). This algorithm constructs a generative double-adversarial network. In the first stage, the generator was used to analyze and process the initial map to obtain a foreground area with feasible paths. This area is used for heuristic search of particle swarms, reducing unnecessary exploration areas for particles throughout the state space, and quickly achieving path planning goals. In the second stage, the foreground region obtained in the first stage is used as the global optimal particle path for particle swarm optimization, and the particles are guided to move in the direction of high-density pheromones. Finally, the obstacle avoidance strategy enables the robot to avoid moving obstacles safely. In addition to being adapted to simple raster maps, this method also performs well in actual environment maps, showing superior generalization ability. To verify the effectiveness of the proposed algorithm, a series of simulation experiments are compared with the traditional PSO, ant colony algorithm (ACO), and improved algorithms, and the results show that under the same map environment, the LPSO algorithm has a faster convergence speed and shorter planning time and path length.","2169-3536","","10.1109/ACCESS.2024.3457957","Key Research Project of Higher Education Institutions in Henan Province(grant numbers:23A520022); ","https://ieeexplore.ieee.org/stamp/stamp.jsp?arnumber=10677551","Path planning;particle swarm optimization;generative double-adversarial networks;foreground area","Path planning;Robots;Particle swarm optimization;Generators;Heuristic algorithms;Convergence;Planning","","12","","36","CCBYNCND","11 Sep 2024","2024","","IEEE","IEEE Journals"
"Inverse Kinematics Solution of Redundant Degree of Freedom Robot Based on Improved Quantum Particle Swarm Optimization","Y. Cao; W. Wang; L. Ma; X. Wang","College of Electronics and Information, Xi’an Polytechnic University, Xi’an, China; College of Electronics and Information, Xi’an Polytechnic University, Xi’an, China; College of Electronics and Information, Xi’an Polytechnic University, Xi’an, China; College of Electronics and Information, Xi’an Polytechnic University, Xi’an, China",2021 IEEE 7th International Conference on Control Science and Systems Engineering (ICCSSE),"24 Sep 2021","2021","","","68","72","To overcome the shortcomings of conventional methods in solving inverse kinematics problems of redundant degree-of-freedom robots, this paper converts the inverse kinematics problems of the manipulator into target optimization problems, and it presents an Improved quantum particle swarm optimization algorithm (IQPSO), which is used to solve the inverse kinematics problems. In this algorithm, quantum behavior is added to the particle swarm optimization algorithm, and the improved contraction expansion coefficient with first large and then small is adopted, which can not only traverse the whole search space, but also improve the convergence speed and solution accuracy. Based on the forward kinematics equation, this paper takes the position error of the end-effector of the robot and the minimum energy consumption in the process of the robot motion as the optimization objectives, and it conducts simulation experiments on a 7-degree-of-freedom (7-DOF) robot. The experimental result shows that the IQPSO algorithm has faster convergence speed and higher solution accuracy than the traditional particle swarm optimization algorithm (PSO) and quantum particle swarm optimization algorithm (QPSO). It is an effective method to solve the inverse kinematics problem of the robot.","","978-1-6654-4405-7","10.1109/ICCSSE52761.2021.9545199","National Natural Science Foundation of China; ","https://ieeexplore.ieee.org/stamp/stamp.jsp?arnumber=9545199","Quantum particle swarm optimization algorithm;Inverse kinematics;Redundant Degree of Freedom Robot","Robot motion;Energy consumption;Simulation;Kinematics;Mathematical models;Problem-solving;Particle swarm optimization","","12","","13","IEEE","24 Sep 2021","30 July-1 Aug. 2021","30 July-1 Aug. 2021","IEEE","IEEE Conferences"
"Particle Swarm Optimization of Kinematic Control for Differential Drive Robot in Simscape Multibody","H. Bezzout; B. Aghoutane; M. El Ghzaoui; H. El Faylali","Department of physics and computer science, Faculty of science, Ibn Tofail University, Kenitra, Morocco; Department of physics, Faculty of science, Ibn Tofail University, Kenitra, Morocco; Faculty of Sciences Dhar El Mahraz-Fes, Sidi Mohamed Ben Abdellah University, Fes, Morocco; Department of physics, Faculty of science, Ibn Tofail University, Kenitra, Morocco","2025 International Conference on Circuit, Systems and Communication (ICCSC)","5 Sep 2025","2025","","","1","5","This paper presents a kinematic model control using the Simscape multibody tool in MATLAB for high-fidelity dynamic simulation. The control of the robot is based on the particle swarm optimization algorithm to tune the optimal PID parameters. The theoretical aspect of the robot is derived, and the 3D model is developed using SolidWorks and Simscape multi-body. This PSO-based PID Controller is designed to control the angular velocities for the differential drive robot. The obtained performance is compared with the classical methods. The results of this work demonstrate the efficiency of this model to minimize the velocity tracking error for the robot.","","979-8-3315-6528-2","10.1109/ICCSC66714.2025.11135083","","https://ieeexplore.ieee.org/stamp/stamp.jsp?arnumber=11135083","component;formatting;style;styling;insert","Solid modeling;Three-dimensional displays;Service robots;Kinematics;Mathematical models;Angular velocity;Nonlinear dynamical systems;Particle swarm optimization;MATLAB;Tuning","","","","15","IEEE","5 Sep 2025","19-20 June 2025","19-20 June 2025","IEEE","IEEE Conferences"
"Mobile Robot Motion Planning based on Synthesized Optimal Control with Particle Swarm Optimization*","E. Shmalko; K. Yamshanov","Federal Research Center “Computer Science and Control” of the Russian Academy of Sciences 119333 Vavilova str. 44, Moscow, Russia; Federal Research Center “Computer Science and Control” of the Russian Academy of Sciences 119333 Vavilova str. 44, Moscow, Russia","2025 11th International Conference on Control, Decision and Information Technologies (CoDIT)","14 Jan 2026","2025","1","","1","6","This paper presents a new motion planning algorithm for mobile robots that uses synthesized optimal control and time-adaptive particle swarm optimization (PSO). The proposed approach aims to address the challenge of creating collision-free paths in complex environments with static obstacles, while optimizing both spatial and temporal constraints. The algorithm dynamically adjusts the intermediate waypoints and time budget to minimize a combined cost function that includes factors such as positional error, travel time, and obstacle avoidance costs. The effectiveness of the proposed algorithm is demonstrated through simulations in Gazebo using the ROSBot 2.0 model. The algorithm successfully navigates the robot through the optimized waypoints in scenarios with obstacles, avoiding collisions and minimizing the travel time. In environments without obstacles, the trajectory is collapsed into a direct path, significantly reducing the total travel time. The results highlight the adaptability and efficiency of the algorithm, making it a promising solution for real-world applications. Key contributions of this work include the integration of optimal control with time-adaptive particle swarm optimization (PSO), the dynamic adjustment of waypoints and time constraints, and the demonstration of algorithm performance in both complex and simplified environments.","2576-3555","979-8-3315-0338-3","10.1109/CoDIT66093.2025.11321860","","https://ieeexplore.ieee.org/stamp/stamp.jsp?arnumber=11321860","","Navigation;Heuristic algorithms;Dynamics;Optimal control;Planning;Trajectory;Mobile robots;Collision avoidance;Particle swarm optimization;Vehicle dynamics","","","","16","IEEE","14 Jan 2026","15-18 July 2025","15-18 July 2025","IEEE","IEEE Conferences"
"Advanced Particle Swarm Algorithm For Bicycle Robot Balancing Optimization Control Under Constant Speed","H. Zhao; Y. Sun; Z. Chen; M. Liu; B. Liang","School of Astronautics, Harbin Institute of Technology, Harbin, China; Department of Automation, Tsinghua University, Beijing, China; Department of Automation, Tsinghua University, Beijing, China; School of Astronautics, Harbin Institute of Technology, Harbin, China; Department of Automation, Tsinghua University, Beijing, China",2021 36th Youth Academic Annual Conference of Chinese Association of Automation (YAC),"26 Jul 2021","2021","","","203","209","The bicycle robot is one of the Single Track Two-wheel robot that its balance control is so important as the forward velocity control. The existing researches on balance control focus on the single-objective control, in reality multiple objectives are required to be considered, that they are not proper for the complicate autonomous control. The multi-objective optimization issue for the bicycle robot with constant forward velocity is studied in this paper. The State-space model is verified based on the nonlinear Euler-Lagrange model. A new fitness function with multiple objectives is proposed for the Advanced Particle Swarm Optimization to tune the gains in the feedback controller. The conventional Lyapunov method is involved in the APSO process. The simulation example prove the validity of the given method in this paper.","","978-1-6654-3712-7","10.1109/YAC53711.2021.9486485","China Postdoctoral Science Foundation; National Natural Science Foundation of China; ","https://ieeexplore.ieee.org/stamp/stamp.jsp?arnumber=9486485","multi-objective optimization control;PSO;bicycle robot;active balance","Torque;Heuristic algorithms;Velocity control;Optimization methods;Bicycles;Stability analysis;Dynamic programming","","1","","17","IEEE","26 Jul 2021","28-30 May 2021","28-30 May 2021","IEEE","IEEE Conferences"
"Path Planning of Agricultural Information Collection Robot Integrating Ant Colony Algorithm and Particle Swarm Algorithm","Q. Wu; H. Chen; B. Liu","School of Computer Science and Engineering, Xi'an Technological University, Xi'an, China; School of Mechatronic Engineering, Xi'an Technological University, Xi'an, China; School of Computer Science and Engineering, Xi'an Technological University, Xi'an, China",IEEE Access,"15 Apr 2024","2024","12","","50821","50833","Faced with complex and ever-changing environmental conditions in the agricultural field, efficient agricultural information gathering is crucial for optimising agricultural output. Therefore, a new path planning algorithm combining ant colony algorithm and particle swarm optimization is proposed in this study. The aim is to achieve fast and accurate path planning for agricultural information gathering robots in diverse agricultural environments. The global search ability of particle swarm optimization algorithm in finding optimal paths and the local search advantage of ant colony algorithm in obstacle avoidance are used to optimise the movement strategy of robots in agricultural environments. The research results showed that the global path planning distance of this method was 19.328m. The execution time was 0.97s. In local path planning, the proposed algorithm had a fitness function value of 30.123 when the number of iterations reached 53. In mixed path planning, the proposed algorithm reduced the movement time by 3.2s. The conclusion shows that the algorithm proposed in this study has high applicability and efficiency in practical applications, providing an effective strategy for path planning of agricultural information gathering robots. It has important practical significance for promoting the development of intelligent agriculture.","2169-3536","","10.1109/ACCESS.2024.3385670","Shaanxi Provincial Key Research and Development Program Projects “Digital Evaluation System for Full Dentition Based on Coded Structured Light Measurements”(grant numbers:2021GY-005); ","https://ieeexplore.ieee.org/stamp/stamp.jsp?arnumber=10493005","Ant colony algorithm;particle swarm optimization algorithm;agriculture;robot;path;pheromone","Robots;Path planning;Heuristic algorithms;Planning;Collision avoidance;Particle swarm optimization;Task analysis;Ant colony optimization;Agriculture;Environmental monitoring;Information analysis;Smart agriculture;Intelligent systems","","29","","32","CCBYNCND","8 Apr 2024","2024","","IEEE","IEEE Journals"
"Multi-Robot Navigation using TD3 Algorithm with Modified Reward Function","R. F. A. Nugroho; I. Nilkhamhang","School of Information, Computer, and Communication Technology; Sirindhorn International Institute of Technology, Thammasat University, Thailand",2025 SICE Festival with Annual Conference (SICE FES),"24 Nov 2025","2025","","","1372","1377","A key challenge for multi-robot navigation systems is the lack of global information in an unknown environment that impedes efficient path-finding, especially when subjected to local optima. To address this problem, a twin-delayed deep deterministic policy gradient (TD3) algorithm with a modified reward function is proposed for performance improvements in navigation tasks. The reward function incentivizes each robot to move towards a goal position, while penalizing any collision with the environment or other robots. It also incorporates a negative reward mechanism when the robot remains stationary for an extended period of time or fails to make meaningful progress. This encourages the robots to avoid local optima and seek alternative pathways toward their goals. The proposed method is evaluated using three different environments and shown to achieve high success rates in dynamic situations, while avoiding stagnation and collision. This validates the impact of the modified reward function and the effectiveness of deep reinforcement learning for autonomous multi-robot navigation systems.","","978-4-907764-86-9","10.23919/SICEFES67750.2025.11236717","Thammasat University; ","https://ieeexplore.ieee.org/stamp/stamp.jsp?arnumber=11236717","Autonomous multi-robot navigation;deep reinforcement learning (DRL);twin-delayed deep deterministic policy gradient (TD3)","Navigation;Heuristic algorithms;Deep reinforcement learning;Iron;Collision avoidance;Robots","","","","9","","24 Nov 2025","9-12 Sept. 2025","9-12 Sept. 2025","IEEE","IEEE Conferences"
"Autonomous Swarm Robot Coordination via Mean-Field Control Embedding Multi-Agent Reinforcement Learning","H. Tang; H. Zhang; Z. Shi; X. Chen; W. Ding; X. -P. Zhang","Tsinghua-Berkeley Shenzhen Institute, Tsinghua Shenzhen International Graduate School, Tsinghua University, Shenzhen, China; Tsinghua-Berkeley Shenzhen Institute, Tsinghua Shenzhen International Graduate School, Tsinghua University, Shenzhen, China; Tsinghua-Berkeley Shenzhen Institute, Tsinghua Shenzhen International Graduate School, Tsinghua University, Shenzhen, China; Tsinghua-Berkeley Shenzhen Institute, Tsinghua Shenzhen International Graduate School, Tsinghua University, Shenzhen, China; RISC-V International Open Source Laboratory, Shenzhen, China; RISC-V International Open Source Laboratory, Shenzhen, China",2023 IEEE/RSJ International Conference on Intelligent Robots and Systems (IROS),"13 Dec 2023","2023","","","8820","8826","The learning approaches of designing a controller to guide the collective behavior of swarm robots have gained significant attention in recent years. However, the scalability of swarm robots and their inherent stochasticity complicate the control problem due to increasing complexity, unpredictability, and non-linearity. Despite considerable progress made in swarm robotics, addressing these challenges remains a significant issue. In this work, we model the stochastic dynamics of a swarm robot system and then propose a novel control framework based on a mean-field control (MFC) embedding multi-agent reinforcement learning (MARL) approach named MF-MARL to deal with these challenges. While MARL is able to deal with stochasticity statistically, we integrate MFC, allowing MF-MARL to cope with large-scale robots. Moreover, we apply statistical moments of robots' state and control action to discretize continuous input and enable MF-MARL to be applied in continuous scenarios. To demonstrate the effectiveness of MF-MARL, we evaluate the performance of the robots on a specific swarm simulation platform. The experimental results show that our algorithm outperforms the traditional algorithms both in navigation and manipulation tasks. Finally, we demonstrate the adaptability of the proposed algorithm through the component failure test.","2153-0866","978-1-6654-9190-7","10.1109/IROS55552.2023.10341749","Guangdong Innovative and Entrepreneurial Research Team Program(grant numbers:2021ZT09L197); ","https://ieeexplore.ieee.org/stamp/stamp.jsp?arnumber=10341749","","Navigation;Robot kinematics;Scalability;Swarm robotics;Stochastic processes;Reinforcement learning;Complexity theory","","3","","35","IEEE","13 Dec 2023","1-5 Oct. 2023","1-5 Oct. 2023","IEEE","IEEE Conferences"
"Path planning of mobile robot based on improved particle swarm optimization algorithm","N. Yu; T. Qiu; J. Yan","Faculty of Information Technology, Beijing University of Technology, Beijing, China; Faculty of Information Technology, Beijing University of Technology, Beijing, China; Faculty of Information Technology, Beijing University of Technology, Beijing, China",2023 International Conference on Service Robotics (ICoSR),"16 Feb 2024","2023","","","1","5","An enhanced algorithm for optimizing the motion path of mobile robots in static environments is presented in this paper. The proposed algorithm, named as Improved Particle Swarm Optimization (IPSO), utilizes advanced techniques to enhance the traditional particle swarm optimization (PSO) approach, which addresses the issues of premature global optimization and unsatisfactory path accuracy when using traditional PSO. Firstly, consider the path length and collision risk as optimization objectives to improve the efficiency and safety of the robot's movement. Then, without compromising the fast convergence characteristics of the PSO algorithm, the inertia weight parameter of the algorithm are dynamically adjusted based on the current position of the particles, balancing the exploration of global or local regions in the environmental space. Finally, the proposed algorithm is applied to different experimental scenarios containing multiple static obstacles for path planning simulation experiments. The MATLAB simulation results show that compared with traditional PSO algorithm, the IPSO algorithm proposed in this paper has faster convergence velocity in complex environments, shorter planned path length, and stronger search ability. This study provides a practical and feasible solution for mobile robots to optimize their motion paths in static environments. It is expected to achieve wide application in robot path planning, improve the navigation and path planning ability of mobile robots, and promote the development of intelligent robot technology.","","979-8-3503-0468-8","10.1109/ICoSR59980.2023.00016","","https://ieeexplore.ieee.org/stamp/stamp.jsp?arnumber=10429805","mobile robot;Path planning;particle swarm optimization;static environment","Heuristic algorithms;Path planning;Mobile robots;Collision avoidance;Robots;Optimization;Convergence","","","","10","IEEE","16 Feb 2024","21-23 July 2023","21-23 July 2023","IEEE","IEEE Conferences"
"Robot Trajectory Planning Based on Improved Particle Swarm Optimization Algorithm","D. Xu; Z. Wang","Army Academy of Armored Forces, Beijing, China; Army Academy of Armored Forces, Beijing, China","2023 5th International Conference on Robotics, Intelligent Control and Artificial Intelligence (RICAI)","11 Apr 2024","2023","","","80","83","In order to shorten the running time of the robotic arm and improve its stability, a time optimal trajectory planning algorithm based on improved particle swarm optimization algorithm is proposed for joint space. Firstly, the kinematic model of the robotic arm is established using the D-H method, and the interpolation points of the robotic arm path are obtained through inverse kinematics. Then, the joint space motion trajectory of the robotic arm is fitted using a 3-5-3 polynomial. Under the maximum speed constraint, establish a fitness function with the goal of time optimization, optimize trajectory through improved particle swarm optimization algorithm, and obtain position, velocity, and acceleration curves through simulation. The results show that the improved algorithm can shorten the operating time of the robotic arm and improve the efficiency of the robotic arm in completing the predetermined actions.","","979-8-3503-5795-0","10.1109/RICAI60863.2023.10489341","","https://ieeexplore.ieee.org/stamp/stamp.jsp?arnumber=10489341","Particle Swarm Optimization;Mechanical arm;Trajectory planning;Time optimal","Interpolation;Trajectory planning;Kinematics;Manipulators;Polynomials;Stability analysis;Trajectory","","","","10","IEEE","11 Apr 2024","1-3 Dec. 2023","1-3 Dec. 2023","IEEE","IEEE Conferences"
"Particle swarm-based optimization method for load distribution of concrete placing robot","D. Li; B. Chen; W. Yu; S. Zhang; L. Sun","School of Mechanical Engineering, Shenyang Jianzhu University, Shenyang, China; School of Mechanical Engineering, Shenyang Jianzhu University, Shenyang, China; School of Mechanical Engineering, Shenyang Jianzhu University, Shenyang, China; Command Center Production, Northern Heavy Industries Group Co. LTD, Shenyang, China; Comprehensive Management Department, Landmark Public House Property Service Center, Runjia Property Services (Shenyang) Co. LTD, Shenyang, China",2022 41st Chinese Control Conference (CCC),"11 Oct 2022","2022","","","5806","5811","In order to make the concrete placing robot more energy-saving and efficient in production, a concrete placing robot load distribution optimization method is studied and designed. Firstly, from the production process of precast concrete fabricating, the working characteristics of concrete placing robot mechanism driven by motor swarm, such as concrete placing robot spiral discharge mechanism and walking mechanism, are analyzed, and the objective function of load distribution optimization is established; then, the relationship between the spiral speed of concrete placing robot and the control parameters of walking mechanism is analyzed and established, and the motor parameters of spiral and walking mechanism are combined to determine The results show that the load distribution optimization method of the concrete placing robot based on the particle swarm algorithm can make reasonable load distribution according to the requirements of the objective function and optimize the matching settings of multiple control parameters of the concrete placing robot, thus reducing the energy consumption of the placing process by 16.6% and the placing time by 41.03%.","1934-1768","978-988-75815-3-6","10.23919/CCC55666.2022.9901851","National Key R&D Program of China(grant numbers:2017YFC0704003); Ministry of Housing and Urban-Rural Development Project(grant numbers:2019-K-079); ","https://ieeexplore.ieee.org/stamp/stamp.jsp?arnumber=9901851","Concrete placing robot;load distribution;particle swarm algorithm;optimization","Legged locomotion;Analytical models;Spirals;Optimization methods;Process control;Production;Linear programming","","2","","16","","11 Oct 2022","25-27 July 2022","25-27 July 2022","IEEE","IEEE Conferences"
"Motion Planning of Counterpoint Parallel Robot Based on Improved Particle Swarm Optimization Algorithm","G. Liu; J. Zhang; L. Zhu; Y. Huang; W. Yu","Faculty of Automation, Hangzhou Dianzi University, Hangzhou, China; Faculty of Automation, Hangzhou Dianzi University, Hangzhou, China; Shin Chi Institute, Zhejiang University of Finance and Economics, Hangzhou, China; Faculty of Automation, Hangzhou Dianzi University, Hangzhou, China; Faculty of Automation, Hangzhou Dianzi University, Hangzhou, China","2024 4th International Conference on Robotics, Automation and Artificial Intelligence (RAAI)","9 Apr 2025","2024","","","24","29","In order to realize the high-efficiency and high-precision operation of the counter-parallel robot in a limited motion space, a method based on the Improved Particle Swarm Optimization (IPSO) algorithm was proposed to solve the optimal running trajectory of the counter-parallel robot in time and joint energy consumption. In order to solve the problem that the starting and ending attitudes of the moving platform are very close to the given motion limit boundary, and the optimal path without collision cannot be found, a trajectory planning method based on task-space partitioning and joint-space segmentation interpolation is proposed. Simulation results demonstrate the effectiveness of the proposed method. Through comparison, it is concluded that IPSO is more suitable for the optimal motion planning of time energy consumption of parallel robots than general PSO, PSOGWO, GWO and IVY.","","979-8-3315-2003-8","10.1109/RAAI64504.2024.10949543","","https://ieeexplore.ieee.org/stamp/stamp.jsp?arnumber=10949543","parallel robots;improved particle swarm optimization algorithm;Optimal time and energy consumption;limited motion space;Motion planning","Parallel robots;Interpolation;Energy consumption;Motion segmentation;Neural networks;Polynomials;Planning;Trajectory;Particle swarm optimization;Artificial intelligence","","","","12","IEEE","9 Apr 2025","19-21 Dec. 2024","19-21 Dec. 2024","IEEE","IEEE Conferences"
"Kinematics Modeling and Trajectory Planning of SCARA Robot Based on Screw Theory and Improved Particle Swarm Optimization","Y. Cao; J. Guo","College of Mechanical Engineering, North China University of Science and Technology, Tangshan, China; School of Mechatronic Engineering, Changchun University of Technology, Changchun, China","2026 5th International Symposium on Robotics, Artificial Intelligence and Information Engineering (RAIIE)","23 Jun 2026","2026","","","17","21","To address the issues of kinematic singularities and trajectory rigid impacts easily caused by SCARA robots during high-speed point-to-point (PTP) operations, this paper proposes a time-jerk optimal trajectory planning framework based on screw theory and an improved particle swarm optimization (IPSO) algorithm. First, abandoning the traditional D-H parameter method, the product of exponentials (PoE) formula combined with Paden-Kahan (P-K) geometric subproblems is adopted to establish a globally singularity-free forward kinematics model and complete closed-form inverse solutions for a four-degree-of-freedom SCARA (RRPR configuration). Second, to eliminate mechanical vibration during high-speed operation, a “3-5-3” piecewise mixed polynomial trajectory is constructed in the joint space. It is significantly better to use this 3-5-3 piecewise mixed polynomial to realize smooth joint motion and lower the peak value of jerk obviously, ensuring the full-course continuity of displacement, velocity, and acceleration from the bottom level. Aiming at the multivariable non-convex optimization problem in time seeking, an IPSO algorithm integrating Tent chaotic mapping, nonlinear adaptive inertia weight, and asynchronous dynamic learning factors is innovatively proposed to apply the IPSO algorithm for SCARA robot trajectory planning, which significantly improves operation efficiency and global optimization ability. Furthermore, we introduce the asynchronous dynamic learning factor to reduce the probability of falling into local optimum and enhance algorithm robustness. By adopting Tent chaotic mapping and adaptive nonlinear inertia weight, the algorithm initialization and convergence performance are significantly optimized. Simulation results show that compared with standard PSO, the IPSO algorithm effectively jumps out of local optima with extremely low variance fluctuation, significantly shortens the total running time of the manipulator by 17.8%, and cuts the jerk peak by over 60%. This study significantly improves the system production rhythm while effectively reducing mechanical flexible impact, providing robust and efficient underlying algorithm support for high-end industrial SCARA control.","","979-8-3195-0546-0","10.1109/RAIIE70320.2026.11566850","","https://ieeexplore.ieee.org/stamp/stamp.jsp?arnumber=11566850","SCARA robot;Screw theory;Paden-Kahan subproblem;3-5-3 polynomial;Improved particle swarm optimization","Optimization;Algorithms;Timing;Joints;Particle swarm optimization;Modeling;Trajectory planning;Polynomials;Equations;Elementary particles","","","","12","IEEE","23 Jun 2026","15-17 May 2026","15-17 May 2026","IEEE","IEEE Conferences"
"Hybrid Ant Colony and Q-Learning Algorithm for Swarm Robots: Path Planning and Collision Avoidance in Unknown Environments","A. DUTCEAC; I. -C. VIZITIU; C. MOLDER","Department of Electronic Systems and Military Equipment, MTA, Bucharest, Romania; AOSR, MTA, Bucharest, Romania; CERAS, MTA, Bucharest, Romania","2025 17th International Conference on Electronics, Computers and Artificial Intelligence (ECAI)","4 Aug 2025","2025","","","1","5","This paper presents a hybrid approach combining Ant Colony Optimization (ACO) and Q-learning for swarm robot path planning and collision avoidance in unknown environments. Traditional ACO-based path planning methods face challenges such as local minima and suboptimal solutions when navigating into complex environments. By integrating Q-learning, the proposed method enhances adaptive decision-making, enabling robots to dynamically explore and optimize their routes. The epsilon-greedy strategy balances exploration and exploitation, preventing robots from getting stuck in dead zones and allowing for the discovery of more efficient paths. Simulations conducted in MATLAB demonstrate that the ACO-Q-learning algorithm generates multiple alternative paths, improves overall path efficiency, and enhances swarm coordination compared to standard ACO and Artificial Potential Field (APF) methods. The results highlight the algorithm's potential for real-world swarm robotics applications, where decentralized robots must autonomously navigate and adapt to changing environments.","2688-0253","979-8-3315-3352-6","10.1109/ECAI65401.2025.11095526","","https://ieeexplore.ieee.org/stamp/stamp.jsp?arnumber=11095526","Swarm robotics;Ant Colony Optimization;Qlearning;path planning;reinforcement learning;unknown environments","Ant colony optimization;Q-learning;Three-dimensional displays;Navigation;Robot kinematics;Swarm robotics;System recovery;Path planning;Collision avoidance;Standards","","","","16","IEEE","4 Aug 2025","26-27 June 2025","26-27 June 2025","IEEE","IEEE Conferences"
"Iterated Extended Kalman Filter Based on Particle Swarm Optimization and Its Application to Underwater Robot Navigation","D. Wang; J. Wang; H. Huang; G. Wang","College of Artificial Intelligence and Automation, Hohai University, Changzhou, China; College of Artificial Intelligence and Automation, Hohai University, Changzhou, China; College of Artificial Intelligence and Automation, Hohai University, Changzhou, China; College of Mechanical and Vehicle Engineering, Hunan University, Changsha, China",IEEE Transactions on Automation Science and Engineering,"26 Aug 2025","2025","22","","20030","20039","In this paper, the high precision and robustness of underwater robot navigation based on strap-down inertial navigation system/ultra short base line (SINS/USBL) is investigated. The Extended Kalman Filter (EKF) is used to SINS/USBL system. An Iterated Extended Kalman Filter (IEKF) is proposed to enhance the robustness, which is based on Levenberg Marquardt (LM) and Laplace principles. IEKF state vector mean square error matrix is optimized based on LM algorithm. Meanwhile, measurement noise variance matrix is constructed based on Laplace principle. Considering the strong nonlinear problem of system noise and measurement noise, Particle Swarm Optimization (PSO) algorithm is introduced, and an Improved Particle Swarm Optimization (IPSO) algorithm is proposed. The mean-square error fitness function based on the position error of the navigation system is constructed. An improved inertia weight calculation method is proposed to further improve the adaptability of IPSO algorithm. The IPSO algorithm can adaptive estimate the system noise variance matrix and measurement noise variance matrix of IEKF. Finally, the SINS/USBL tightly integrated model is designed for proposed IPSO-IEKF algorithm, which based on slant and azimuth information. Simulation and experiment demonstrate the effectiveness of the proposed IPSO-IEKF algorithm. The experimental results show that the positioning accuracy of the proposed method is improved by 70% compared with EKF algorithm. Note to Practitioners—The motivation of this paper is the combined positioning and anti-interference issues of the SINS/USBL integrated navigation system for underwater robots. EKF is a commonly used underwater integrated navigation algorithm. However, it often fails to address nonlinear constrained issues present in practical systems during application. Therefore, an Iterated Extended Kalman Filter (IEKF) is proposed to enhance the robustness, which is based on LM and Laplace principles. On the other hand, PSO algorithm is introduced in IEKF, and an improved PSO algorithm based on IEKF is proposed. Simultaneously, the proposed IPSO-IEKF algorithm enhances the system’s robustness against disturbances. The proposed method effectively addresses the nonlinear constrained issues in underwater navigation systems, thereby enhancing system stability. Simulation and experimentation demonstrate the feasibility of the method studied in this paper for practical engineering applications.","1558-3783","","10.1109/TASE.2025.3600284","National Natural Science Foundation of China(grant numbers:62303157,62403184); Fundamental Research Funds for the Central Universities(grant numbers:B250201090); Foundation of Key Laboratory of Micro-Inertial Instrument and Advanced Navigation Technology, Ministry of Education, China(grant numbers:SEU-MIAN-202304); Natural Science Foundation of Jiangsu Province(grant numbers:BK20240348,BK20221500); ","https://ieeexplore.ieee.org/stamp/stamp.jsp?arnumber=11129971","Underwater robot navigation;SINS/USBL;extended Kalman filter;particle swarm optimization","Navigation;Noise;Kalman filters;Particle swarm optimization;Robustness;Noise measurement;Autonomous underwater vehicles;Mathematical models;Filtering algorithms;Accuracy","","5","","30","IEEE","19 Aug 2025","2025","","IEEE","IEEE Journals"
"Wave Environment Decomposition with Adaptive Tri-Objective Particle Swarm Optimization for Mobile Robot Path Planning","T. T. Cam Giang; N. T. Dung; H. T. Thanh Binh; D. Q. Huy; M. T. Thoa","Thuyloi University; School of Information and Communication Technology, Hanoi University of Science and Technology, Vietnam; School of Information and Communication Technology, Hanoi University of Science and Technology, Vietnam; School of Information and Communication Technology, Hanoi University of Science and Technology, Vietnam; School of Information and Communication Technology, Hanoi University of Science and Technology, Vietnam",2022 IEEE Symposium Series on Computational Intelligence (SSCI),"30 Jan 2023","2022","","","990","997","Mobile robots are being used more and more in various fields of agriculture, industry, military as well as disaster relief. However, the robot's limited battery energy power has resulted in many failed missions. To utilize this limited energy of the robot, this paper focuses on solving the problem of multi-objective path planning for a robot that satisfies a free- collision constraint and tri-optimization objectives: path length, path safety, and smoothness of the path. An original environment decomposition method is proposed, which is inspired by wave propagation in physics. The working environment is divided into arcs with the same center. Then, an Adaptive Tri-Objective Particle Swarm Optimization algorithm (denoted, ATOPSO) that combines the advantages between the multi-objective Particle Swarm Optimization and the Differential Evolution, is also introduced to solve the multi-objective problem above. The performance of the proposed decomposition method and the path planning algorithm ATOPSO is compared to existing methods and experimented with various scenarios and data. Obtained results show that our proposed method is more effective, it can solve the multi-objective problem in many complex environments including obstacles of different shapes.","","978-1-6654-8768-9","10.1109/SSCI51031.2022.10022243","","https://ieeexplore.ieee.org/stamp/stamp.jsp?arnumber=10022243","Robot path planning;environment modeling;multi-objective particle swarm optimization;differential evolution","Adaptation models;Service robots;Shape;Robot kinematics;Computational modeling;Path planning;Safety","","","","23","IEEE","30 Jan 2023","4-7 Dec. 2022","4-7 Dec. 2022","IEEE","IEEE Conferences"
"Decentralized Multi-Robot Navigation in Unknown Environments via Hierarchical Deep Reinforcement Learning","W. Yan; J. Sun; Z. Li; G. Wang","National Key Lab of Autonomous Intelligent Unmanned Systems, Beijing Institute of Technology, Beijing, China; National Key Lab of Autonomous Intelligent Unmanned Systems, Beijing Institute of Technology, Beijing, China; National Key Lab of Autonomous Intelligent Unmanned Systems, Beijing Institute of Technology, Beijing, China; National Key Lab of Autonomous Intelligent Unmanned Systems, Beijing Institute of Technology, Beijing, China",2023 42nd Chinese Control Conference (CCC),"18 Sep 2023","2023","","","4292","4297","Multi-robot navigation in complex scenarios such as container terminalss is a challenging problem where each robot can only perceive a subset of the states and intentions of other robots. In this paper, we propose a multi-robot navigation framework based on option-based hierarchical deep reinforcement learning (DRL) for rapid and safe navigation. The framework comprises two control models: a low-level model that generates actions using sub-policies, and a high-level model that learns a stable and reliable behavior selection policy automatically. Additionally, we design a PID-based target drive controller and an emergency braking controller to enhance obstacle avoidance efficiency and generalization ability in hazardous scenarios. We evaluate the proposed method against existing DRL-based navigation methods in various simulated scenarios with thorough performance evaluations. Our results indicate that the proposed framework significantly improves multi-robot navigation performance in complex scenarios and exhibits excellent generalization ability to new scenarios.","1934-1768","978-988-75815-4-3","10.23919/CCC58697.2023.10240139","National Natural Science Foundation of China(grant numbers:61925303,62173034,62088101); ","https://ieeexplore.ieee.org/stamp/stamp.jsp?arnumber=10240139","Decentralized navigation;Multi-robot;Hierarchical deep reinforcement learning","Deep learning;Performance evaluation;Visualization;Navigation;Process control;Reinforcement learning;Reliability engineering","","4","","23","","18 Sep 2023","24-26 July 2023","24-26 July 2023","IEEE","IEEE Conferences"
"Research on Path Planning of Welding Robot Based on Particle Swarm Optimization Algorithm","C. Duan; S. Luo","School of Mechanical Engineering Sichuan University Jinjiang College, Meishan, China; School of Mechanical Engineering Sichuan University Jinjiang College, Meishan, China","2022 2nd International Conference on Networking, Communications and Information Technology (NetCIT)","28 Mar 2023","2022","","","519","524","Welding robots are widely used in the field of automobile manufacturing. They can not only improve welding accuracy and efficiency, but also reduce labor costs. In the process of automobile body production, there are as many as 4000 ~ 6000 solder joints. Reasonable welding sequence is of great help to improve production efficiency. Therefore, it is extremely important to study the path planning problem of welding robot. A reasonable path helps to optimize the process of the production line, improve the production efficiency of the workstation, and improve the efficiency of engineering design. At the same time, it provides an important theoretical reference for robot trajectory debugging and simplifies the complicated and cumbersome teaching work. In this paper, particle swarm optimization (PSO) algorithm is used to solve the path planning problem of single robot. The corresponding trajectory is generated by establishing mathematical model and calling algorithm. Finally, the effectiveness of the algorithm is verified by a series of experiments and simulations.","","978-1-6654-9273-7","10.1109/NetCIT57419.2022.00127","","https://ieeexplore.ieee.org/stamp/stamp.jsp?arnumber=10079022","Particle swarm optimization algorithm;TSP Welding robo;Path planning","Welding;Production;Path planning;Mathematical models;Trajectory;Automobiles;Soldering","","","","10","IEEE","28 Mar 2023","26-27 Dec. 2022","26-27 Dec. 2022","IEEE","IEEE Conferences"
"An Improved Beetle Swarm Optimization Algorithm for the Intelligent Navigation Control of Autonomous Sailing Robots","L. Zhou; K. Chen; H. Dong; S. Chi; Z. Chen","College of Engineering, Ocean University of China, Qingdao, China; College of Engineering, Ocean University of China, Qingdao, China; College of Engineering, Ocean University of China, Qingdao, China; College of Engineering, Ocean University of China, Qingdao, China; College of Engineering, Ocean University of China, Qingdao, China",IEEE Access,"11 Jan 2021","2021","9","","5296","5311","Autonomous sailing robots are a new type of green ship that use wind energy to maintain continuous cruising operations. Compared with traditional algorithms, swarm intelligence optimization algorithms have better intelligence and adaptation. An intelligent algorithm acts as one of the most important solutions to the path planning problem of autonomous sailing robots. The beetle swarm optimization, which is a novel intelligent method that combines the search mechanism of a single beetle with the particle swarm optimization algorithm, is utilized to obtain the optimal path. In this study, the track navigation control of an improved mathematical model of a sailing ship is introduced, and the navigation is tested using a downsized prototype of an autonomous sailing robot. The improved beetle swarm optimization is proposed here by dynamically changing the step size factor and the inertia weight formula. In the iteration of the improved beetle swarm optimization algorithm, the location update cooperates with the beetle monomer search mechanism to learn the update strategy of the particle swarm optimization algorithm. Combinatorial strategies can speed up the overall iterative convergence speed and reduce the possibility that the population will fall into a locally optimal solution. The simulation results demonstrate the robustness, efficiency, and feasibility of the improved beetle swarm optimization in different cases. The research results can provide some references and ideas for the autonomous intelligent navigation control design of autonomous sailing robots.","2169-3536","","10.1109/ACCESS.2020.3047816","National Natural Science Foundation of China(grant numbers:51779237); Shandong Provincial Natural Science Foundation(grant numbers:2019GHY112035); ","https://ieeexplore.ieee.org/stamp/stamp.jsp?arnumber=9309408","Autonomous sailing robot;beetle antennae search;improved beetle swarm optimization;path planning","Optimization;Particle swarm optimization;Path planning;Heuristic algorithms;Navigation;Monitoring;Robot kinematics","","30","","61","CCBY","28 Dec 2020","2021","","IEEE","IEEE Journals"
"Particle Swarm Optimization Based Control of a Differential Drive Mobile Wheeled Robot","A. Sonowal; A. Rani; V. Singh","Department of Electrical Engineering, Netaji Subhas University of Technology, Dwarka, New Delhi, India; Department of Electrical Engineering and Instrumentation and Control Engineering, Netaji Subhas University of Technology, Dwarka, New Delhi, India; Department of Electrical Engineering and Instrumentation and Control Engineering, Netaji Subhas University of Technology, Dwarka, New Delhi, India",2023 14th International Conference on Computing Communication and Networking Technologies (ICCCNT),"23 Nov 2023","2023","","","1","5","This work aims at the efficient control of a mobile robot using optimised PID controller. The two DC motors are controlled precisely which in turn regulate the movement of the robot. Numerous techniques have been developed to enhance the PID control strategy applied to linear and non-linear systems. In this work, first the actuator model of the mobile robot is simulated and then the optimal computation techniques i.e., Simulated Annealing (SA), Genetic Algorithm (GA) and Particle Swarm Optimization (PSO) are considered to tune the gains of PID controller. ITAE is considered as the objective function for optimization. The comparative study reveals that PSO tuned PID provides the least ITAE and is thus used for the mobile robot. The velocity plots are analysed for various positions of wheels. The motion characteristics for different paths are also analysed which justify the effectiveness of the PSO-PID controller over the other considered techniques.","2473-7674","979-8-3503-3509-5","10.1109/ICCCNT56998.2023.10306830","","https://ieeexplore.ieee.org/stamp/stamp.jsp?arnumber=10306830","Mobile robots;PID;Optimization;Metaheuristic Algorithms;Soft Computing","PI control;Computational modeling;Wheels;Simulated annealing;DC motors;Mobile robots;PD control","","3","","10","IEEE","23 Nov 2023","6-8 July 2023","6-8 July 2023","IEEE","IEEE Conferences"
"A Complex Skill Learning Method Integrating Particle Swarm and Variational Autoencoder for Robot","M. Wang; J. Bai; J. Li","School of Electrical and Information Engineering, Zhengzhou University, Zhengzhou, China; School of Electrical and Information Engineering, Zhengzhou University, Zhengzhou, China; School of Electrical and Information Engineering, Zhengzhou University, Zhengzhou, China",2024 IEEE International Conference on Control Science and Systems Engineering (ICCSSE),"10 Jan 2025","2024","","","89","94","Aiming to address the complex operation problems of robots in daily environments, this paper studies unstructured demonstration-learning method, enabling robots to complete complex tasks simply and naturally. Firstly, the demonstrator continuously demonstrates the complete process of executing complex tasks to obtain the robot's operation trajectory, and then BP-AR-HMM algorithm is used to automatically segment the complex trajectory into a sequence of single skills. Then, a variational autoencoder (VAE) and the particle swarm optimization (PSO) algorithm are combined to learn the unlabeled demonstration skill sequence to reproduce the robot's complex operation trajectory. The PSO algorithm is explored to optimize the hyperparameter $\boldsymbol{\beta}$ in VAE model for improving learning accuracy and efficiency. The proposed $\mathbf{PSO} -\boldsymbol{\beta}-\mathbf{VAE}$ algorithm can enable the robot to learn complex operation skills under optimal conditions. To verify the effectiveness of our method, three demonstration scenarios were designed. The results show that the proposed method has high learning accuracy and short learning time in learning the skill sequences.","2832-1871","979-8-3315-1719-9","10.1109/ICCSSE63803.2024.10823747","National Natural Science Foundation of China(grant numbers:62203396); ","https://ieeexplore.ieee.org/stamp/stamp.jsp?arnumber=10823747","robot;skill learning;unstructured demonstration;variational autoencoder;particle swarm optimization algorithm","Accuracy;Autoencoders;Manipulators;Trajectory;Modeling;Particle swarm optimization;Robots;Standards;Optimization;Sorting","","1","","16","IEEE","10 Jan 2025","18-20 Oct. 2024","18-20 Oct. 2024","IEEE","IEEE Conferences"
"Swarm Optimization of Fuzzy Systems for Mobile Robots with Remote Control","O. Kozlov; Y. Kondratenko; O. Skakodub; O. Gerasin; A. Topalov","Intelligent Information Systems Department, Petro Mohyla Black Sea National University, Mykolaiv, Ukraine; Intelligent Information Systems Department, Petro Mohyla Black Sea National University, Mykolaiv, Ukraine; Intelligent Information Systems Department, Petro Mohyla Black Sea National University, Mykolaiv, Ukraine; Computerized Control Systems Department, Admiral Makarov National University of Shipbuilding, Mykolaiv, Ukraine; Computerized Control Systems Department, Admiral Makarov National University of Shipbuilding, Mykolaiv, Ukraine",Journal of Mobile Multimedia,"25 Apr 2025","2023","19","3","839","876","This paper is dedicated to the development and research of the advanced approach for optimization of fuzzy control systems (FCS) for mobile robots (MR) with remote control based on bioinspired swarm techniques. The proposed approach makes it possible to create effective intelligent control systems for MRs based on the principles of hierarchical multi-level control, remote IoT-based control, fuzzy logic control, and intelligent optimization of fuzzy control devices. The applied hybrid particle swarm optimization (PSO) techniques with elite strategy allow effectively optimizing various parameters of FCSs, finding the optimal solution to the problem, and, at the same time, have a higher convergence rate compared with the basic PSO algorithms. To evaluate the effectiveness of the obtained advanced approach based on hybrid swarm techniques, the optimization process of the FCS for the speed control of the multi-purpose caterpillar MR, which can move on inclined and vertical ferromagnetic surfaces, is carried out. The presented research results fully confirm the high efficiency of the proposed approach, as well as the expediency of its application for the optimization of fuzzy control systems for various remotely controlled mobile robots.","1550-4654","","10.13052/jmm1550-4646.1939","","https://ieeexplore.ieee.org/stamp/stamp.jsp?arnumber=10976632","Fuzzy control systems;mobile robots;optimization;bioinspired swarm techniques;Internet of Things;remote control","Fuzzy logic;Fuzzy control;Velocity control;Process control;Mobile robots;Particle swarm optimization;Optimization;Remote control;Surface treatment;Intelligent control","","3","","72","","25 Apr 2025","May 2023","","River Publishers","River Publishers Journals"
"Mobile Robot Path Planning Based on Improved Localized Particle Swarm Optimization","L. Zhang; Y. Zhang; Y. Li","School of Mechanical Engineering, Xi’an Jiaotong University, Xi’an, China; School of Mechanical Engineering, Xi’an Jiaotong University, Xi’an, China; School of Mechanical Engineering, Xi’an Jiaotong University, Xi’an, China",IEEE Sensors Journal,"4 Feb 2021","2021","21","5","6962","6972","Mobile robot path planning is a key technology and challenge in robot automation field. For a long time, particle swarm optimization has been used in path planning, while the well-known shortcomings such as local minimum, premature and low efficiency have prevented its extensive application. In this article, an improved localized particle swarm optimization algorithm is proposed to address these problems. Firstly, the improvements in inertia weights, acceleration factors, and localization prevent the algorithm falling into a local minimum value and increase convergence speed of the algorithm. Then, fitness variance is used to measure the diversity of particles, and increasing of diversity can help to overcome the shortcoming of premature. Particle's diversity is increased by the defined extended Gaussian distribution. Finally, the smoothing principle is applied in path planning. In the process of simulation experiments and real-world validations, our proposed method is compared with the basic particle swarm optimization and A-star method in four simulation scenarios and four real-world maps, and the comparative study show that the proposed algorithm outperforms as well as particle swarm optimization and A-star algorithms in terms of path length, running time, path optimal degree, and stability. Finally, the related results demonstrate that the proposed method is more effective, robust and feasible for mobile robot path planning.","1558-1748","","10.1109/JSEN.2020.3039275","National Natural Science Foundation of China(grant numbers:51875445); ","https://ieeexplore.ieee.org/stamp/stamp.jsp?arnumber=9264183","Mobile robot;path planning;particle swarm optimization;path optimal degree","Sensors;Convergence;Optimization;Mechanical engineering;Information exchange;Heuristic algorithms;Gaussian distribution","","108","","20","IEEE","19 Nov 2020","1 March1, 2021","","IEEE","IEEE Journals"
"Swarm Robots on a Mission: Optimizing Inspections with Fuzzy Logic and Particle Swarm Optimization","N. Sohail; A. A. Khan; A. B. Memon","Computer Engineering Habib Univeristy, Karachi, Pakistan; Computer Engineering Habib Univeristy, Karachi, Pakistan; Electrical and Computer Engineering Habib Univeristy, Karachi, Pakistan",2023 20th International Bhurban Conference on Applied Sciences and Technology (IBCAST),"17 Oct 2024","2023","","","19","25","Swarm robotics is a captivating paradigm where a multitude of miniature robots collaborate to perform complex tasks with precision and speed. Coordination is crucial for seamless collaboration, and advanced algorithms play a pivotal role in optimizing swarm robot behavior. This survey highlights the transformative impact of swarm robots in various domains, such as disaster zone exploration and gas leak detection, and underscores the significance of coordination in achieving efficient and effective outcomes. This research survey explores the im-portance of advanced algorithms, Particle Swarm Optimization (PSO) and Fuzzy Logic Control (FLC), in coordinating swarm robots. The objective is to investigate their potential applications and shed light on their methodologies.The survey delves into the methodologies of PSO and FLC algorithms, which contribute to optimizing swarm robot behavior. PSO fine-tunes the behavior of individual robots by iteratively updating their positions based on individual best positions, while FLC establishes a rule-based framework that governs the overall swarm behavior. By combining PSO and FLC, swarm robots excel in tasks requiring precision, speed, and adaptability, adapting to dynamic environments efficiently. Through a comprehensive literature review, the survey examines the coordination mechanisms facilitated by these algorithms. It highlights their potential applications, showcases their effectiveness in optimizing swarm robot behavior, and discusses the challenges and areas for improvement. This research survey investigates the combined potential of Particle Swarm Optimization (PSO) and Fuzzy Logic Control (FLC) in swarm robotics. PSO alone may not suffice for efficient optimization, but when integrated with FLC, a powerful synergy emerges, enabling swarm robots to conduct highly efficient target searches. Utilizing advanced PSO variants becomes essential for optimal outcomes. The study emphasizes the applications and benefits of PSO and FLC in swarm robotics, contributing to advancements in the field. The findings demonstrate the potential for improved coordination, precision, speed, and adaptability in various domains. By leveraging the collective intelligence of swarm robots, this research opens doors to transformative real-world applications.","2151-1411","979-8-3503-0825-9","10.1109/IBCAST59916.2023.10712943","","https://ieeexplore.ieee.org/stamp/stamp.jsp?arnumber=10712943","Fuzzy logic;swarm robots;particle swarm optimization;coordination;decentralization","Fuzzy logic;Surveys;Navigation;Robot kinematics;Refining;Swarm robotics;Problem-solving;Particle swarm optimization;Collision avoidance;Optimization","","","","27","IEEE","17 Oct 2024","22-25 Aug. 2023","22-25 Aug. 2023","IEEE","IEEE Conferences"
"Solving the Inverse Kinematics Problem for a Seven-Link Robot-Manipulator by the Particle Swarm Optimization","V. A. Karapetyan; V. N. Miryanova","Department of Informatics and Control in Technical Systems, Sevastopol State University, Sevastopol, Russian Federation; Department of Informatics and Control in Technical Systems, Sevastopol State University, Sevastopol, Russian Federation",2023 International Russian Smart Industry Conference (SmartIndustryCon),"1 May 2023","2023","","","186","190","The article is devoted to the algorithm’s development for a multi-link redundant robot manipulator’s autonomous operation. A manipulator with seven degrees of freedom (DOF) is considered. It is well known that the inverse kinematics problem (IKP) plays an important role in planning the robotic manipulators’ movement. The multi-link robot manipulator’s IKP, unlike a direct task, requires more calculations and time due to the complex nonlinear equations’ presence. One of the actual solving the IKP methods is the particle swarm optimization algorithm. The proposed approach based on methods for solving the direct kinematics problem, which avoids complex calculations and the singularity problem.","","978-1-6654-6429-1","10.1109/SmartIndustryCon57312.2023.10110817","","https://ieeexplore.ieee.org/stamp/stamp.jsp?arnumber=10110817","kinematics;manipulator;direct kinematics problem;inverse kinematics problem;optimization algorithm;particle swarm method;meta-optimization","Industries;Kinematics;Programming;Manipulators;Trajectory;Planning;Particle swarm optimization","","3","","15","IEEE","1 May 2023","27-31 March 2023","27-31 March 2023","IEEE","IEEE Conferences"
"Time-Jerk Optimal Trajectory Planning of Industrial Robot based on Hybrid Particle Swarm Optimization Algorithm","Y. Gao; W. Xie; Q. Li; X. Li; M. Hu; L. Zhao","Space Control and Inertial Technology Research Center, Harbin Institute of Technology, Harbin, China; Space Control and Inertial Technology Research Center, Harbin Institute of Technology, Harbin, China; Space Control and Inertial Technology Research Center, Harbin Institute of Technology, Harbin, China; Space Control and Inertial Technology Research Center, Harbin Institute of Technology, Harbin, China; Research Institute of Intelligent Control Systems, Harbin Institute of Technology, Harbin, China; Department of Control Science and Engineering, Harbin Institute of Technology, Harbin, China",2021 China Automation Congress (CAC),"14 Mar 2022","2021","","","6327","6331","Industrial robots need to execute specific trajectories on production lines, which requires rational planning of robot joint trajectories in Cartesian space. To improve the efficiency and control accuracy of industrial robots, time- jerk multi-objective trajectory optimization is required. The main research of this topic is to apply the particle swarm optimization(PSO) algorithm based on crossover and subgroup to complete the trajectory optimization of a six-degree-of- freedom robot in Cartesian space with time-jerk multi-objective function and compare the optimization effect of the hybrid particle swarm optimization algorithm relative to the traditional particle swarm optimization algorithm. Firstly, a seven segment S-Spline interpolation function is applied to complete the trajectory planning and the basic PSO algorithm is applied to optimize the trajectory for the interpolation time. Then based on the shortcomings of the basic PSO algorithm, the particle swarm optimization algorithm based on crossover and subgroup is proposed to improve the speed and effectiveness of the trajectory optimization algorithm. Finally, simulation experiments show that the total time and joint shocks of robot trajectory planning are greatly reduced, which verifies the effectiveness of the hybrid PSO algorithm applied to robot time-shock optimal trajectory optimization.","2688-0938","978-1-6654-2647-3","10.1109/CAC53003.2021.9727456","","https://ieeexplore.ieee.org/stamp/stamp.jsp?arnumber=9727456","Improved PSO algorithm;time-jerk optimal;Seven-segment S-spline curve;Cartesian space trajectory optimization I","Interpolation;Service robots;Trajectory planning;Motion segmentation;Kinematics;Production;Aerospace electronics","","1","","10","IEEE","14 Mar 2022","22-24 Oct. 2021","22-24 Oct. 2021","IEEE","IEEE Conferences"
"Fuzzy Logic Control for Multi-Robot Navigation and Arrival-Time Control in a Cluttered Environment","Y. -C. Chang; Y. Shi; A. Dostovalova; C. -T. Lin; J. Kim; D. Gibbons","School of Computer Science, University of Technology, Sydney, Australia; School of Computer Science, University of Technology, Sydney, Australia; Defence Science and Technology Group, Australia; School of Computer Science, University of Technology, Sydney, Australia; Defence Science and Technology Group, Australia; Defence Science and Technology Group, Australia",2021 International Conference on Machine Learning and Cybernetics (ICMLC),"24 Mar 2022","2021","","","1","6","Coordination in multi-robot systems has attracted much attention in recent years. This study presents a hierarchical fuzzy controller (HiFC) to navigate a robot team and coordinate their moving speed and path for arrival time control. The proposed HiFC consists of multilayered architecture to reduce the number of free parameters and improve the scalability. The multilayered architecture includes a lower-level rule-embedded controller serving as behaviour selector and a higher-level fuzzy-logic-based coordinator to adjust each robot's moving speed and direction in the team. The HiFC is trained with a multi-objective multi-swarm evolutionary PSO (MMEPSO). Simulation results demonstrate the effectiveness of this technique in reliably solving the proposed navigation problem.","2160-1348","978-1-6654-6608-0","10.1109/ICMLC54886.2021.9737264","","https://ieeexplore.ieee.org/stamp/stamp.jsp?arnumber=9737264","Multi-robot navigation;Simultaneous arrivals;Fuzzy logic controller;Multi-objective algorithm","Fuzzy logic;Machine learning algorithms;Navigation;Robot kinematics;Simulation;Scalability;Machine learning","","","","11","IEEE","24 Mar 2022","4-5 Dec. 2021","4-5 Dec. 2021","IEEE","IEEE Conferences"
"Digital Twin Modeling of Industrial Robot Dynamics based on Particle Swarm Optimization","Y. Liu; Y. Gong; K. Yang; B. Tuo; Y. Wang; B. Zi","School of Mechano-Electronic Engineering, Xidian University, Xi’an, China; School of Mechano-Electronic Engineering, Xidian University, Xi’an, China; School of Mechano-Electronic Engineering, Xidian University, Xi’an, China; School of Mechano-Electronic Engineering, Xidian University, Xi’an, China; School of Mechano-Electronic Engineering, Xidian University, Xi’an, China; School of Mechano-Electronic Engineering, Xidian University, Xi’an, China","2025 9th International Conference on Automation, Control and Robots (ICACR)","29 Jan 2026","2025","","","72","76","This study proposes a digital twin framework for dynamic modeling of industrial robot to overcome the limitations of traditional approaches, including low modeling accuracy due to the complexity of parameter identification, limited real-time interaction, and insufficient visualization. The framework establishes a dynamic model using the Newton–Euler method, applies the Particle Swarm Optimization (PSO) algorithm for friction parameter identification, and implements a digital twin system for industrial robot. Experimental validation demonstrates that the proposed framework and methodology significantly improve modeling accuracy, enhance real-time interaction, and provide effective visualization support.","","979-8-3315-6286-1","10.1109/ICACR68388.2025.11360024","","https://ieeexplore.ieee.org/stamp/stamp.jsp?arnumber=11360024","Digital Twin;Industrial Robot;Dynamic Modeling;Newton–Euler Method;Particle Swarm Optimization","Visualization;Parameter estimation;Accuracy;Service robots;Heuristic algorithms;Friction;Industrial robots;Real-time systems;Digital twins;Particle swarm optimization","","","","11","IEEE","29 Jan 2026","28-30 Nov. 2025","28-30 Nov. 2025","IEEE","IEEE Conferences"
"Robot Path Planning Based on Hybrid Adaptive Dimensionality Representation with Glowworm Swarm Optimization","Q. R. Mahmood; A. H. Hasan; H. K. Khafaji","College of information technology, University of Babylon, Babil, Iraq; College of information technology, University of Babylon, Babil, Iraq; Computer communication Eng. Dept, Al-Rafidain University College, Baghdad, Iraq",2021 4th International Iraqi Conference on Engineering Technology and Their Applications (IICETA),"25 Feb 2022","2021","","","241","246","Nowadays, robotics occupies considerable attention in human life especially in the modern industries that are automatically running. Robot path planning is considered a key problem for the robot movement. The adaptive dimensionality (AD) concept has been successfully used to solve this type of problems. Actually, algorithms of swarm intelligence optimization are largely successful in finding solutions to the robot’s path planning problems. Based on these facts, our paper aims to develop a new approach for planning the robot’s path in a hybrid state space environment which depends on AD representation and Glowworm Swarm optimization (GOS) algorithm. Also, in this paper, the effectiveness of the proposed approach will be gaged by comparing it with some other swarm intelligence algorithms. The improvement is represented by moving the robot from the start node in its environment, where the number of neighborhoods taken into consideration will be adaptive depending on the number of Neighbors of the Current node with Specific Attributes (NCwSA) and the value of the total number of neighborhoods under consideration, or the so-called Maximum Visual Range of glowworm (MVR). Accordingly, the number of neighbors from which the next node will be selected varies from one node to another. This leads to a reduction in the required storage capacity, and hence minimizing the time occupy required for processing. Adaptive dimensionality also results in decreasing the number of iterations required to determine the path from the start state to the goal state. The results prove the efficiency of the proposed approach to move the robot from start state to goal state without collision to determine the optimal path with a minimum time occupy and a minimum iterations number.","","978-1-6654-9461-8","10.1109/IICETA51758.2021.9717626","","https://ieeexplore.ieee.org/stamp/stamp.jsp?arnumber=9717626","Adaptive Dimensionality;GSO;Robot Movement Planning;Swarm intelligence algorithm","Industries;Visualization;Service robots;Simulation;Path planning;Planning;Particle swarm optimization","","2","","15","IEEE","25 Feb 2022","21-22 Sept. 2021","21-22 Sept. 2021","IEEE","IEEE Conferences"
"Implementation of Particle Swarm Optimization for Solving Optimal Control Problem of a Flexible Robotic Manipulator","V. S. D. M. Sahu; P. Samal; C. K. Panigrahi","School of Electrical Engineering, Kalinga Institute of Industrial Technology Deemed to Be University, Bhubaneswar, India; School of Electrical Engineering, Kalinga Institute of Industrial Technology Deemed to Be University, Bhubaneswar, India; School of Electrical Engineering, Kalinga Institute of Industrial Technology Deemed to Be University, Bhubaneswar, India",2022 2nd Asian Conference on Innovation in Technology (ASIANCON),"11 Oct 2022","2022","","","1","6","This paper proposes using particle swarm optimization (PSO) to solve the optimal control problem (OCP) in the form of an ordinary differential equation (ODE). For state functions, these standard differential equations are linear to regulated coefficients. Because of the ordinary bilinear differential equations, optimal control methods are commonly used for these problems by considering the proposed performance index and a flexible manipulator as a model. A flexible manipulator (SLFM) is taken to use Optimization techniques (PSO) to assess and measure its performance. The results obtained by the PSO are compared with the DE, which has shown prominent results.","","978-1-6654-6851-0","10.1109/ASIANCON55314.2022.9908615","","https://ieeexplore.ieee.org/stamp/stamp.jsp?arnumber=9908615","Optimal Control Problem (OCP);Ordinary Differential Equation (ODE);Particle Swarm Optimization (PSO);and Single-Link Flexible Manipulator (SLFM)","Technological innovation;Optimal control;Manipulators;Valves;Particle measurements;Performance analysis;Reliability","","3","","15","IEEE","11 Oct 2022","26-28 Aug. 2022","26-28 Aug. 2022","IEEE","IEEE Conferences"
"Swarm Intelligence for Multi-Robot Coordination in Agricultural Automation","L. B. Abhang; A. Gummadi; R. Changala; V. A. Vuyyuru; S. R; I. I. Raj","Automation and Robotics Dept, Pravara Rural Engineering CollegeLoni, under. SPPU, University, Pune, India; Department of CSE (Data Science), CVR College of Engineering, Hyderabad, India; Department of Information Technology, Guru Nanak Institutions Technical Campus, Hyderabad, India; Department of Computer Science and Engineering, Koneru Lakshmaiah Education Foundation, Vaddeswaram, Andhra Pradesh, India; Ecsotics Farm Foods Private Limited, Bangalore, India; Department of Computer Science and Engineering, K.Ramakrishnan College of Engineering, Trichy, Tamil Nadu, India",2024 10th International Conference on Advanced Computing and Communication Systems (ICACCS),"23 Oct 2024","2024","1","","455","460","The research investigates the optimization of multi-robot coordination in agricultural automation through Particle Swarm Optimization. The methodology unfolds in four key aspects: firstly, by harnessing swarm intelligence principles, the approach enhances coordination among multiple robots in agricultural settings, fostering collaboration and dynamic task allocation in response to real-time changes. Secondly, the integration of Particle Swarm Optimization (PSO) introduces a powerful optimization technique, enabling the algorithm to dynamically adapt the swarm's configuration. This adaptability optimizes task allocation and individual robot positions, enhancing overall efficiency. Thirdly, the methodology systematically tackles scalability, adaptability, and robustness challenges in agricultural automation. By synergizing swarm intelligence and PSO, it ensures efficient scalability with an increasing number of robots and responsiveness to evolving agricultural demands. The holistic design makes it well-suited for practical implementation in real-world agricultural scenarios. A series of experiments varying PSO parameters were conducted, revealing nuanced relationships between iterations, swarm size, and coefficients and their impact on convergence time and fitness metrics. The outcomes demonstrate the trade-offs involved in selecting these parameters for efficient coordination in agricultural tasks. A comparative analysis with ABO and ACO highlights PSO's superior performance, achieving remarkable fitness value of 98% in the context of robotic swarm applications.","2575-7288","979-8-3503-8436-9","10.1109/ICACCS60874.2024.10717088","","https://ieeexplore.ieee.org/stamp/stamp.jsp?arnumber=10717088","Multi RobotCoordination;Agricultural Automation;Particle Swarm Optimization;Optimization Algorithms;Convergence Time;Swarm intelligence;Multiple Classifier Robot Movement Classification;Robotic Systems","Measurement;Automation;Robot kinematics;Scalability;Heuristic algorithms;Robustness;Real-time systems;Resource management;Particle swarm optimization;Optimization","","7","","13","IEEE","23 Oct 2024","14-15 March 2024","14-15 March 2024","IEEE","IEEE Conferences"
"Particle Swarm Optimization Based Control For a Controlled Floating Space Robot","D. Chaudhary; S. Murugan","Department of Aerospace Engineering, Aero-electro(i) mechanics & systems lab, Indian Institute of Technology Madras, Chennai, India; Department of Aerospace Engineering, Aero-electro(i) mechanics & systems lab, Indian Institute of Technology Madras, Chennai, India","2023 3rd International Conference on Robotics, Automation and Artificial Intelligence (RAAI)","26 Jul 2024","2023","","","189","194","This paper explores Particle Swarm Optimization (PSO) based control of a morphing robot arm mounted on a Controlled Floating Space Robot (CFSR). CFSR is a new study spacecraft model allowing controlled adjustments of the satellite base's pose. The dynamic model of the chaser spacecraft is derived relative to the target in an inertial frame, using the Clohessy- Wiltshire model or Hills equations for defining their relative motion. It is assumed that both spacecraft are in an Inplane-elliptical formation. The manipulator dynamics are obtained through Lagrangian formulation. The PSO algorithm optimizes controller gain values while a quintic polynomial tra-jectory is provided as input to the arm joints. Results show that the PSO-based controller effectively reduces tracking error and power requirements, and it is also compared with a conventional proportional-derivative (PD) controller.","","979-8-3503-0756-6","10.1109/RAAI59955.2023.10601295","","https://ieeexplore.ieee.org/stamp/stamp.jsp?arnumber=10601295","morphing;hills equations;particle swarm optimization;spacecraft","Space vehicles;Satellites;Trajectory tracking;Arms;Aerospace electronics;Mathematical models;Polynomials","","","","16","IEEE","26 Jul 2024","14-16 Dec. 2023","14-16 Dec. 2023","IEEE","IEEE Conferences"
"Obtaining Robust Control and Navigation Policies for Multi-robot Navigation via Deep Reinforcement Learning","C. Jestel; H. Surmann; J. Stenzel; O. Urbann; M. Brehler","Automation and Embedded Systems, Fraunhofer IML, Dortmund, Germany; Computer Science and Communication, Westfälische Hochschule Gelsenkirchen, Gelsenkirchen, Germany; Automation and Embedded Systems, Fraunhofer IML, Dortmund, Germany; Automation and Embedded Systems, Fraunhofer IML, Dortmund, Germany; Automation and Embedded Systems, Fraunhofer IML, Dortmund, Germany","2021 7th International Conference on Automation, Robotics and Applications (ICARA)","17 Mar 2021","2021","","","48","54","Multi-robot navigation is a challenging task in which multiple robots must be coordinated simultaneously within dynamic environments. We apply deep reinforcement learning (DRL) to learn a decentralized end-to-end policy which maps raw sensor data to the command velocities of the agent. In order to enable the policy to generalize, the training is performed in different environments and scenarios. The learned policy is tested and evaluated in common multi-robot scenarios like switching a place, an intersection and a bottleneck situation. This policy allows the agent to recover from dead ends and to navigate through complex environments.","","978-1-6654-0469-3","10.1109/ICARA51699.2021.9376457","","https://ieeexplore.ieee.org/stamp/stamp.jsp?arnumber=9376457","Deep Reinforcement Learning;Navigation;Multi-Agent","Training;Robust control;Navigation;Reinforcement learning;Switches;Robot sensing systems;Task analysis","","11","","21","IEEE","17 Mar 2021","4-6 Feb. 2021","4-6 Feb. 2021","IEEE","IEEE Conferences"
"Reinforcement Learning-Based Multi-Robot Path Planning and Congestion Management in Warehouse Order Picking","M. S. Alam; M. U. Khan; A. Gunes","Defense Technologies Institute, Gebze Technical University, Turkey; Department of Mechatronics Engineering, Atilim University, Ankara, Turkey; Defense Technologies Institute, Gebze Technical University, Turkey",2024 26th International Multi-Topic Conference (INMIC),"16 May 2025","2024","","","1","6","This paper addresses the multi-robot path planning problem in a warehouse environment using reinforcement learning. The warehouse layout comprises of a grid map with multiple robots for retrieval and delivery of orders, inventory pods for storage, and pick stations for receiving outbound orders. The robots are required to pick and deliver orders from target shelves to their corresponding pick stations by navigating in a complex network of aisles. Q-learning algorithm computes optimal paths for the robots, while avoiding congestion in the aisles. Simulation results demonstrate the efficacy of the proposed method in optimizing both travel time and travel distance, thus enhancing the overall operational efficiency of the warehouse.","2835-8864","979-8-3315-0721-3","10.1109/INMIC64792.2024.11004328","","https://ieeexplore.ieee.org/stamp/stamp.jsp?arnumber=11004328","multi-robot path planning;q-learning;reinforcement learning;warehouse optimization","Q-learning;Navigation;Simulation;Scalability;Heuristic algorithms;Path planning;Collision avoidance;Robots;Optimization;Logistics","","1","","19","IEEE","16 May 2025","30-31 Dec. 2024","30-31 Dec. 2024","IEEE","IEEE Conferences"
"Research on Multi Robot Path Planning based on Improved DQN","X. Liu; Z. Wang","School of Electrical Engineering, University of Jinan, Shandong, China; School of Electrical Engineering, University of Jinan, Shandong, China","2024 IEEE 7th Information Technology, Networking, Electronic and Automation Control Conference (ITNEC)","4 Nov 2024","2024","7","","1884","1888","A common and important problem in the deep reinforcement learning algorithm DQN (Deep Q-learning Network) for multi robot path planning is low sample efficiency. To solve this problem, this paper proposes a SSDD-DQN (Simple and Space based Dueling Double Deep Q-learning Network) method for simple and sparse intelligent factory environments. Firstly, this method uses a priority based post experience replay strategy based on chaotic sequences to optimize the later training process of the model; Secondly, an improved state space balance has been introduced $E$ -Greedy exploration action selection strategy to deal with the equilibrium problem of exploration and utilization of intelligent agents; Finally, a consensus based congestion avoidance mechanism inspired by social consciousness was introduced. The experiment shows that this method has high sample efficiency, low solution mobility consumption, and can significantly alleviate congestion among multiple robots.","2693-3128","979-8-3503-7080-5","10.1109/ITNEC60942.2024.10733132","","https://ieeexplore.ieee.org/stamp/stamp.jsp?arnumber=10733132","smart factory;Multi robot path planning;Deep Q-network;Sample efficiency","Training;Q-learning;Graphical models;Navigation;Production facilities;Path planning;Intelligent agents;Information technology;Robots;Distribution functions","","1","","7","IEEE","4 Nov 2024","20-22 Sept. 2024","20-22 Sept. 2024","IEEE","IEEE Conferences"
"An Adaptive Local Path Planning Algorithm for Multi-robot Systems","T. Wen; X. Wang; Z. Sun; Z. Zheng; X. Kong","College of Electrical Engineering and Automation, Shandong University of Science and Technology, Qingdao, China; College of Electrical Engineering and Automation, Shandong University of Science and Technology, Qingdao, China; College of Electrical Engineering and Automation, Shandong University of Science and Technology, Qingdao, China; College of Electrical Engineering and Automation, Shandong University of Science and Technology, Qingdao, China; College of Electrical Engineering and Automation, Shandong University of Science and Technology, Qingdao, China",2022 IEEE International Conference on Unmanned Systems (ICUS),"29 Dec 2022","2022","","","817","822","An improved dynamic window method (DWA) is proposed for the path planning of multi-robot systems for rescue in harsh environments. For a single robot unit, a cost function based on sensors' perception is constructed and added to the evaluation function to upgrade the performance of path evaluation. To develop the self-adaptability of the algorithm, fuzzy control is introduced to fine-tune the weights of the evaluation function to obtain effective path in different environments. For the multi-robot system, to enhance the rescue efficiency, the path reuse method is employed to reduce the planning time when the paths of multiple robots overlap. Finally, the proposed algorithm has been tested in indoor and corridor simulation environments to verify its feasibility and effectiveness in obstacle environments.","2771-7372","978-1-6654-8456-5","10.1109/ICUS55513.2022.9987229","","https://ieeexplore.ieee.org/stamp/stamp.jsp?arnumber=9987229","adaptive DWA;multi-robot systems;fuzzy control;path planning","Fuzzy control;Adaptive systems;Reinforcement learning;Sensor phenomena and characterization;Robot sensing systems;Cost function;Path planning","","1","","22","IEEE","29 Dec 2022","28-30 Oct. 2022","28-30 Oct. 2022","IEEE","IEEE Conferences"
"Deep Reinforcement Learning for Coordinated Multi-Robot Humanoid Formation Walking","Y. Zhao; Z. Guo","Department of Automation, Ningbo Artificial Intelligence Institute of Shanghai Jiao Tong University, Shanghai Jiao Tong University, Shanghai, China; Department of Automation, Ningbo Artificial Intelligence Institute of Shanghai Jiao Tong University, Shanghai Jiao Tong University, Shanghai, China",2025 China Automation Congress (CAC),"28 Apr 2026","2025","","","3506","3511","In this paper, the authors employ a deep reinforcement learning algorithm to train multiple humanoid robots to walk in the same environment, enhancing their coordination capabilities to achieve formation walking. Reward functions are designed to evaluate the quality of the humanoid robots’ formation walking, and training is conducted using a deep reinforcement learning algorithm. Ultimately, multiple humanoid robots can walk in natural formation.","2688-0938","979-8-3315-8967-7","10.1109/CAC67268.2025.11486873","","https://ieeexplore.ieee.org/stamp/stamp.jsp?arnumber=11486873","Deep Reinforcement Learning;Humanoid Robot;Reward;Coordination;Formation","Contacts;Circuits and systems;Protocols;HTTP;Network architecture;Wireless Access in Vehicular Environments;Artificial intelligence;Deep reinforcement learning;Learning (artificial intelligence);Machine learning","","","","17","IEEE","28 Apr 2026","26-28 Sept. 2025","26-28 Sept. 2025","IEEE","IEEE Conferences"
"Multi-Robot Motion Planning for Dynamic Environment based on Deep Reinforcement Learning","Y. Liu; T. Wang; D. Qiu","College of Electrical and Electronic Engineering, Changchun University of Technology, Changchun, China; College of Electrical and Electronic Engineering, Changchun University of Technology, Changchun, China; College of Electrical and Electronic Engineering, Changchun University of Technology, Changchun, China","2024 IEEE 7th Advanced Information Technology, Electronic and Automation Control Conference (IAEAC)","25 Apr 2024","2024","7","","892","896","In this paper, multi-robot navigation based on the deep reinforcement learning (DRL) was proposed, which could be used to solve collision avoidance between robots. Firstly, a novel neural network architecture is proposed based on a bidirectional loop module, which could map the status of obstacles to corresponding actions directly. By this way, the complexity of the calculation and decision-making process could be avoided. Then, a new reward function is proposed to improve the performance of reinforcement learning and reduce the probability of collisions in crowded environments. Subsequently, one simulation environment was built to train the proposed strategy. Also, the proposed strategy was updated and optimized by the DRL algorithm based on the actor-critic model. Experimental results show optimization results in the fields of success rate, total travel time, and average speed compared with existing methods with learning-based and optimal collision avoidance strategies.","2689-6621","979-8-3503-3916-1","10.1109/IAEAC59436.2024.10503638","Technology Development; ","https://ieeexplore.ieee.org/stamp/stamp.jsp?arnumber=10503638","Motion planning;collision avoidance;deep reinforcement learning;multi-robot system","Navigation;Heuristic algorithms;Neural networks;Deep reinforcement learning;Feature extraction;Planning;Mobile robots","","","","11","IEEE","25 Apr 2024","15-17 March 2024","15-17 March 2024","IEEE","IEEE Conferences"
"Queue Formation and Obstacle Avoidance Navigation Strategy for Multi-Robot Systems Based on Deep Reinforcement Learning","T. Gao; Z. Li; Z. Xiong; L. Wen; K. Tian; K. Cai","School of Mechanical and Electrical Engineering, Dalian Minzu University, Dalian, China; School of Mechanical and Electrical Engineering, Dalian Minzu University, Dalian, China; School of Mechanical and Electrical Engineering, Dalian Minzu University, Dalian, China; School of Mechanical and Electrical Engineering, Dalian Minzu University, Dalian, China; School of Mechanical and Electrical Engineering, Dalian Minzu University, Dalian, China; School of Mechanical and Electrical Engineering, Dalian Minzu University, Dalian, China",IEEE Access,"24 Jan 2025","2025","13","","14083","14100","In contemporary society, the widespread application of robotics across various domains emphasizes the critical role of robotic systems in performing tasks that are too dangerous or complex for humans. However, individual robots often struggle with these intricate tasks, necessitating the collaboration of multi-robot systems. This study proposes a novel deep reinforcement learning (DRL)-based method for achieving queue formation, obstacle avoidance, and navigation in multi-robot systems. The approach includes a specialized state representation and reward mechanism tailored to queue formation, where the state design incorporates the relative positions and actions of robots in the queue to ensure they maintain formation and avoid obstacles. The reward mechanism encourages robots to adjust their speed and position, preserving the queue structure even in complex environments. To address the challenges associated with initial DRL training, we integrate curriculum learning, which facilitates smoother and faster convergence by gradually increasing task difficulty. This approach enables the system to efficiently complete the training process and enhance performance. Upon successful formation training, a speed control mechanism is introduced to improve the stability of the queue during navigation, ensuring robots maintain uniform speed and formation while avoiding obstacles. Simulation results demonstrate the effectiveness of the proposed method in managing queue formations across various robot numbers and environmental complexities. The results highlight robust performance with up to 10 robots, maintaining effectiveness in both static and dynamic environments. However, performance limitations are observed with larger fleets, indicating the need for further advancements in collision avoidance and speed control.","2169-3536","","10.1109/ACCESS.2025.3527640","Dalian Key Laboratory of Intelligent Detection and Diagnostic Technology for Equipment(grant numbers:DL-KL-2019041); Liaoning Provincial Engineering Research Center of Powertrain Design for New Energy Vehicle; ","https://ieeexplore.ieee.org/stamp/stamp.jsp?arnumber=10835107","Deep reinforcement learning;multi-robot;obstacle avoidance","Robots;Robot kinematics;Robot sensing systems;Collision avoidance;Training;Navigation;Multi-robot systems;Deep reinforcement learning;Velocity control;Formation control","","2","","29","CCBY","9 Jan 2025","2025","","IEEE","IEEE Journals"
"Modeling and Algorithm of Position Optimization of Redundant Arc Welding Robot Based on Particle Swarm Optimization","J. Bi; C. Li","Harbin Huade University, Harbin, Heilongjiang, China; Harbin Huade University, Harbin, Heilongjiang, China","2023 International Conference on Mechatronics, IoT and Industrial Informatics (ICMIII)","25 Sep 2023","2023","","","341","346","There are more and more scientific researches and explorations that human beings need to engage in in in industry. However, nowadays, the industrial environment is harsh and hard, and the cost and risk of putting human beings into industrial arc welding are too high. Therefore, arc welding robots have emerged as the times require, and robots attract people’s extensive attention because of their fuel saving. Arc welding is an important processing link in industrial manufacturing, and the quality of arc welding often plays a decisive role in product quality. At present, welding robots are widely used in mechanical manufacturing, nuclear industry, aerospace, energy transportation, petrochemical, construction and electronics industries. In this paper, a new algorithm based on particle swarm optimization and genetic algorithm is proposed. On this basis, an arc welding robot trajectory optimization control method based on improved Particle swarm optimization(PSO) algorithm is proposed, which satisfies the given constraint conditions and makes the arc welding robot optimize the arc welding trajectory at a certain base position, so as to complete the arc welding operation more accurately. Finally, the effectiveness of the proposed algorithm is verified by simulation and experiment.","","979-8-3503-0139-7","10.1109/ICMIII58949.2023.00071","","https://ieeexplore.ieee.org/stamp/stamp.jsp?arnumber=10257178","Particle swarm optimization;Arc welding robot;Redundancy;Genetic algorithm","Industries;Costs;Service robots;Welding;Heuristic algorithms;Aerospace electronics;Planning","","","","10","IEEE","25 Sep 2023","9-11 June 2023","9-11 June 2023","IEEE","IEEE Conferences"
"Path Planning for Deep Underground Robot Swarms Based on MAPPO Algorithm","H. Wang; Y. Tang","Faculty of Robot Science and Engineering, Northeastern University, Shenyang, China; College of Information Science and Engineering, Northeastern University, Shenyang, China","2025 International Conference on Mechatronics, Robotics, and Artificial Intelligence (MRAI)","4 Sep 2025","2025","","","235","238","Multi-Agent Path Finding (MARF) is a critical and indispensable component of multi-agent systems. For multi-agent systems, the optimal path is defined as the one that best meets the design objectives among all potential paths. In this study, the Multi-Agent Proximal Policy Optimization (MAPPO) algorithm is utilized to address the path-finding problem for multi-agents in deep underground environments. Through the design of the observation space, reward function, and other components, agents are incentivized to reuse paths previously explored by other agents during the path-finding process, leading to a substantial reduction in excavation costs. In the harsh and energy-constrained conditions of deep underground environments, reducing excavation costs is of paramount importance. This strategy not only increases task completion rates but also enhances the safety of the paths. In simulation experiments, the path excavation rate is significantly reduced, while the reuse rate is improved, demonstrating the effectiveness of the proposed approach.","","979-8-3315-2198-1","10.1109/MRAI65197.2025.11135857","Liaoning Revitalization Talents Program; National Natural Science Foundation of China; Fundamental Research Funds for the Central Universities; ","https://ieeexplore.ieee.org/stamp/stamp.jsp?arnumber=11135857","Deep underground robot swarm;Path planning;Deep-reinforcement learning","Costs;Mechatronics;Learning (artificial intelligence);Excavation;Path planning;Safety;Robots;Optimization;Multi-agent systems","","","","12","IEEE","4 Sep 2025","19-21 June 2025","19-21 June 2025","IEEE","IEEE Conferences"
"A Multi-Robot Navigation and Collision Avoidance Algorithm Based on Improved Artificial Potential Fields","Z. Jiang; S. Zhao; A. Wei","School of Control Science and Engineering, Shandong University, Shandong, P. R. China; School of Control Science and Engineering, Shandong University, Shandong, P. R. China; School of Control Science and Engineering, Shandong University, Shandong, P. R. China",2025 44th Chinese Control Conference (CCC),"10 Oct 2025","2025","","","5940","5945","A multi-robot navigation and obstacle avoidance algorithm is proposed based on multi-agent deep deterministic policy gradient (MADDPG) framework. Compared to single-agent reinforcement learning algorithms, shared information among multiple agents is leveraged in the proposed approach, significantly enhancing the model's convergence speed and stability. To address the inefficiencies caused by sparse rewards, an artificial potential field (APF) algorithm is integrated to guide agents in navigating obstacles and efficiently reaching designated targets. An adaptive APF algorithm is designed in this study, through which agents' motion performance is improved. Besides, a novel prioritized experience replay algorithm is proposed, which addresses the shortcoming of the traditional method, where the sampling probability depends solely on the TD-error. From simulation results, the proposed methods are demonstrated to allow agents to avoid obstacles smoothly and reach their targets, achieving a higher success rate in obstacle avoidance and faster navigation than traditional algorithms.","1934-1768","978-988-75816-1-1","10.23919/CCC64809.2025.11179412","National Natural Science Foundation (NNSF) of China(grant numbers:62373222); ","https://ieeexplore.ieee.org/stamp/stamp.jsp?arnumber=11179412","navigation and obstacle avoidance;deep deterministic policy gradient;reinforcemnet learning;artificial potential field;prioritized experience replay","Navigation;Heuristic algorithms;Simulation;Software algorithms;Reinforcement learning;Stability analysis;Software;Mathematical models;Collision avoidance;Robots","","","","13","","10 Oct 2025","28-30 July 2025","28-30 July 2025","IEEE","IEEE Conferences"
"Swarm Intelligence for Multi-Robot Coordination in Industrial Environments","K. J. Prakash; M. M; R. Sandhiya; T. Rajpradeesh; M. A. Deshmukh; S. Thanikodi","Department of Mechanical Engineering, VNR Vignana Jyothi Institute of Engineering & Technology, Hyderabad, Telangana; Department of Electrical and Electronics Engineering, Karpagam College of Engineering, Coimbatore, Tamil Nadu, India; Department of Computer Science Engineering, RMK College of Engineering and Technology, Puduvoyal, Tamil Nadu, India; Department of Mechanical Engineering, Kalasalingam Academy of Research and Education, Srivilliputhur, Tamil Nadu; Department of Civil Engineering, Shree L. R. Tiwari College of Engineering, Thane, Maharashtra, India; Department of Mechanical Engineering, Saveetha school of Engineering, SIMATS, Chennai, Tamil Nadu, India",2024 Ninth International Conference on Science Technology Engineering and Mathematics (ICONSTEM),"28 Jun 2024","2024","","","1","5","The operation of mass intelligence in order to improve multi-robot collaboration within artificial environments. With the ever-increasing demand for robotization in the field of diligence, the efficient collaboration of several robots is becoming increasingly necessary for optimising operations such as manufacturing, examination, and shipping. The collaborative gesture of social nonentity colonies served as the inspiration for swarm intelligence, which provides a decentralised and tone-organizing solution to the coordination of a platoon of robots. The technique that has been offered investigates mass algorithms, such as Ant Colony Optimisation and flyspeck mass Optimisation, with the purpose of facilitating efficient work allocation, path planning, and resource optimisation among the robots. The purpose of this is to evaluate the performance of mass intelligence in terms of refining collaboration, reducing the amount of time required to complete tasks, and improving the overall effectiveness of multi-robot systems in complex artificial settings. This evaluation is carried out through extensive simulations and experiments conducted in the actual world. The findings bring significant perceptivity to the field of robotics and robotization, emphasising the possibility of mass intelligence for addressing the issues of scalability and rigidity in artificial settings.","","979-8-3503-6509-2","10.1109/ICONSTEM60960.2024.10568689","","https://ieeexplore.ieee.org/stamp/stamp.jsp?arnumber=10568689","Swarm Intelligence;Multi-Robot Coordination;Industrial Environments;Robotics;Task Optimization;Decentralized Coordination;Autonomous Systems","Service robots;Robot kinematics;Scalability;Collaboration;Rigidity;Resource management;Particle swarm optimization","","1","","14","IEEE","28 Jun 2024","4-5 April 2024","4-5 April 2024","IEEE","IEEE Conferences"
"Parameter Identification Of Robotic Arm Dynamics Model Based On Multi-Objective Particle Swarm Algorithm","F. Hao; X. Jing; T. Liu; Y. Da; G. He","School of Mechanical Engineering, Nanjing Institute of Technology, Nanjing, China; School of Mechanical Engineering, Nanjing Institute of Technology, Nanjing, China; School of Mechanical Engineering, Nanjing Institute of Technology, Nanjing, China; School of Mechanical Engineering, Nanjing Institute of Technology, Nanjing, China; School of Mechanical Engineering, Nanjing Institute of Technology, Nanjing, China",2024 7th International Conference on Data Science and Information Technology (DSIT),"18 Feb 2025","2024","","","1","6","To enhance the precision of the robotic arm dynamics model and ensure the consistency of unidentified parameters across various operating conditions, a parameter identification method based on the multi-objective particle swarm algorithm is proposed. Using the LuGre friction model, the dynamics model of the robotic arm are established. Parameters are identified by minimizing the difference between simulated and actual displacements under 30°and 50°conditions. Verification is conducted at 40°, demonstrating reduced mean square errors of the angular displacement curves by 9.31% and 9.10% for the initial two conditions. These results confirm the effectiveness of the parameter identification method in improving the model's accuracy.","","979-8-3503-8409-3","10.1109/DSIT61374.2024.10881083","","https://ieeexplore.ieee.org/stamp/stamp.jsp?arnumber=10881083","robotic arm;multi-objective particle swarm algorithm;parameter identification;mean square error","Employee welfare;Parameter estimation;Accuracy;Heuristic algorithms;Friction;Dynamics;Mean square error methods;Manipulators;Particle swarm optimization;Information technology","","","","16","IEEE","18 Feb 2025","20-22 Dec. 2024","20-22 Dec. 2024","IEEE","IEEE Conferences"
"Coordination of a Multi Robot System for Pick and Place Using Reinforcement Learning","X. Lan; Y. Qiao; B. Lee","Software Research Institute Technological University of the Shannon, Athlone, Ireland; Software Research Institute Technological University of the Shannon, Athlone, Ireland; Software Research Institute Technological University of the Shannon, Athlone, Ireland",2022 2nd International Conference on Computers and Automation (CompAuto),"6 Feb 2023","2022","","","87","92","Recent advances in deep reinforcement learning are enabling the creation and use of powerful agent systems in complex areas such as multi-robot coordination. These show great promise to help solve many of the difficult challenges of rapidly growing domains such as smart manufacturing. In this paper we describe our ongoing work on the use of single agent deep reinforcement learning to optimise coordination in a multi-robot pick and place (PnP) system. We describe the implementation of the DQN agent as well as a bespoke multi robot PnP simulator, implemented as an OpenAI Gym environment. We present our initial results and outline future work.","","978-1-6654-8194-6","10.1109/CompAuto55930.2022.00024","SFI(grant numbers:SFI/16/RC/3918); ","https://ieeexplore.ieee.org/stamp/stamp.jsp?arnumber=10027088","simulator;pick and place;deep reinforcement learning;multi-robot system","Deep learning;Computers;Job shop scheduling;Automation;Robot kinematics;Reinforcement learning;Feeds","","5","","22","IEEE","6 Feb 2023","18-20 Aug. 2022","18-20 Aug. 2022","IEEE","IEEE Conferences"
"Multi-Robot Coverage Path Planning based on Deep Reinforcement Learning","X. Zhou; X. Liu; X. Wang; S. Wu; M. Sun","College of CSE, Northeastern University, ShenYang, China; College of CSE, Northeastern University, ShenYang, China; College of CSE, Northeastern University, ShenYang, China; College of CSE, Northeastern University, ShenYang, China; College of CSE, Northeastern University, ShenYang, China",2021 IEEE 24th International Conference on Computational Science and Engineering (CSE),"8 Mar 2022","2021","","","35","42","The multi-robot coverage path planning (CPP) is the design of optimal motion sequence of robots, which can make robots execute the task covering all positions of the work area except the obstacles. In this article, the communication capability of the multi-robot system is applied, and a multi-robot CPP mechanism is proposed to control the robots to perform CPP tasks in an unknown environment. In this mechanism, an algorithm based on deep reinforcement learning is proposed, which can generate the next action for robots in real-time according to the current state of the robots. In addition, a real-time obstacle avoidance scheme for multi-robot is proposed based on the information interaction capability of multi-robot. Experiment results show that the method can plan the optimal path for multi-robot to complete the covering task in an unknown environment. Moreover, compared with other reinforcement learning methods, the algorithm proposed can efficiently learning with fast convergence speed and good stability.","","978-1-6654-1660-3","10.1109/CSE53436.2021.00015","National Natural Science Foundation of China; ","https://ieeexplore.ieee.org/stamp/stamp.jsp?arnumber=9724591","Multi-robot;coverage path planning;deep reinforcement learning;optimal coverage","Scientific computing;Simulation;Reinforcement learning;Real-time systems;Path planning;Stability analysis;Collision avoidance","","5","","33","IEEE","8 Mar 2022","20-22 Oct. 2021","20-22 Oct. 2021","IEEE","IEEE Conferences"
"Proximal Policy Based Deep Reinforcement Learning Approach for Swarm Robots","Z. Tan; M. Karaköse","Erzincan Binali Yıldırım University, Erzincan, Turkey; Department of Computer Engineering, Firat University, Elazığ, Turkey",2021 Zooming Innovation in Consumer Technologies Conference (ZINC),"2 Aug 2021","2021","","","166","170","Artificial intelligence technology is becoming more active in all areas of our lives day by day. This technology affects our daily life by more developing in areas such as industry 4.0, security and education. Deep reinforcement learning is one of the most developed algorithms in the field of artificial intelligence. In this study, it is aimed that three different robots in a limited area learn to move without hitting each other, fixed obstacles and the boundaries of the field. These robots have been trained using the deep reinforcement learning approach and Proximal policy optimization (PPO) policy. Instead of uses value-based methods with the discrete action space, PPO that can easily manipulate the continuous action field and successfully determine the action of the robots has been proposed. PPO policy achieves successful results in multi-agent problems, especially with the use of the Actor-Critic network. In addition, information is given about environment control and learning approaches for swarm behavior. We propose parameter sharing and behavior-based method for this study. Finally, trained model is recorded and tested in 9 different environments where the obstacles are located differently. With our method, robots can perform their tasks in closed environments in the real world without damaging anyone or anything.","","978-1-6654-0417-4","10.1109/ZINC52049.2021.9499288","","https://ieeexplore.ieee.org/stamp/stamp.jsp?arnumber=9499288","deep reinforcement learning;swarm behavior;deep learning","Training;Technological innovation;Service robots;Swarm robotics;Reinforcement learning;Task analysis;Artificial intelligence","","7","","20","IEEE","2 Aug 2021","26-27 May 2021","26-27 May 2021","IEEE","IEEE Conferences"
"Reinforcement Learning for Multi-Robot Coordination and Cooperation in Manufacturing","S. Konduri; S. Walke; A. Kumar; P. G; A. Bhagirath Jadhav; N. L","BITS Pilani, Hyderabad, Telangana, India; Department of Computer Engineering, Pillai college of Engineering and Technology, Mumbai University, India; Dadi Institute of Engineering and Technology, Anakapalle; Department of Electronics & Communication Engineering, Dayananda Sagar College of Engineering, Bangalore, Karnataka; Department of Mechanical Engineering, Electronics and Communication Engineering, SMT. KashibaiNavale College of Engineering, Maharashtra; Department of Mechanical Engineering, Saveetha School of Engineering, SIMATS, Chennai, Tamil Nadu, India","2023 10th IEEE Uttar Pradesh Section International Conference on Electrical, Electronics and Computer Engineering (UPCON)","26 Feb 2024","2023","10","","1656","1661","The introduction of robotic technologies has dramatically altered the automation of production operations. The full benefits of these systems, including increased production and efficiency, can be attained only via the coordinated efforts of several robots. Higher throughput, reduced production costs, and better overall performance can only be achieved through multi-robot coordination and collaboration in industrial environments. One potential method that aims to meet these obstacles is known as Reinforcement Learning (RL). To this end, we provide a Hierarchical Reinforcement Learning (HRL) system for improving collaboration amongst several robots during production. To do this, the HRL framework that we propose makes use of a hierarchical structure to break down the issue into many levels of abstraction, each of which is accountable for a distinct part of the robotic job. A meta-controller is a higher-level controller that learns how to divide up work across robots to increase output. The meta-controller makes choices depending on data it collects about the production facility and the robots themselves. The meta-controller provides a framework within which the lower-level robot controllers can function. Actions, such as motion, manipulation, and cooperation with other robots, are determined by these controllers using RL algorithms. Adapting to the ever-changing conditions of their surroundings, the lower-level controllers are in charge of fine-grained control. The capacity for learning from experience is an asset to our approach. The meta-controller, along with the lower-level controllers, improves its decision-making and coordinating capabilities through its interactions with the manufacturing environment. This flexibility is fundamental for dealing with the ambiguity and complexity of actual production processes. Additionally, our HRL paradigm recognises the value of human-robot interaction and dialogue. Robust communication protocols are built so that robots may efficiently communicate data, gain insights about their surroundings, and work together. By working together, we can reduce competition for scarce resources, improve efficiency in job allocation, and boost the system's output as a whole.We tested our HRL framework in both a virtual factory and a real-world industrial one to ensure its efficacy. The outcomes show that our method drastically enhances multi-robot coordination and collaboration, which in turn shortens the production time, reduces the mistake rate, and boosts the throughput. Our architecture also demonstrates flexibility in meeting emerging needs and recovering quickly from setbacks.In conclusion, Hierarchical Reinforcement Learning provides a potent answer for enhancing robots' ability to work together in multi-robot industrial situations. Our approach improves efficiency, cuts costs, and prepares the door for more flexible production methods by breaking down the problem into smaller, more manageable pieces. This study aids the development of factory automation and may significantly alter the way businesses employ robotic systems to boost their efficiency, productivity, and sustainability.","2687-7767","979-8-3503-8247-1","10.1109/UPCON59197.2023.10434651","","https://ieeexplore.ieee.org/stamp/stamp.jsp?arnumber=10434651","Reinforcement Learning;Multi-Robot Coordination;Cooperation;Manufacturing;Hierarchical Reinforcement Learning;etc","Costs;Service robots;Robot kinematics;Collaboration;Production;Reinforcement learning;Manufacturing","","22","","32","IEEE","26 Feb 2024","1-3 Dec. 2023","1-3 Dec. 2023","IEEE","IEEE Conferences"
"Dynamic Multi-Robot Path Planning: A Comparative Perspective","S. Sameena; G. Nallasivan","Department of CSE, School of Computing, Vel Tech Rangarajan Dr. Sagunthala R&D Institute of Science and Technology, Avadi, Chennai, Tamil Nadu, India; Department of CSE, School of Computing, Vel Tech Rangarajan Dr. Sagunthala R&D Institute of Science and Technology, Avadi, Chennai, Tamil Nadu, India",2025 4th International Conference on Innovative Mechanisms for Industry Applications (ICIMIA),"20 Oct 2025","2025","","","105","111","Recent developments in multi-robot and multi-UAV path planning techniques in dynamic and congested environments are compared in this work. Important strategies include MRDWA-MADDPG, which improves local planning through sensor sharing and deep deterministic policy gradients; transformer-based policy networks coupled with imitation reinforcement learning for cooperative control without communication; and decentralized route planning using AMC-TD3, which uses multi-critic networks and social reward functions to safely navigate dense environments. Path planning is made less computationally difficult by hybrid automata models, while other techniques like PONA rank navigation according to task significance. Additional contributions include rCMS, which divides problems to increase scalability, heuristic-based path shortening, and inverse edge disabling for coordinated movement in confined places. A*, Modified A*, Genetic Algorithm, and PSO are examples of complementary assessments of classical and evolutionary algorithms that show trade-offs between path length, smoothness, collision avoidance, and computational efficiency. Genetic Algorithm and Modified A* dependably provide balanced performance. All things considered, these studies show how hybrid and learning-based approaches are becoming more sophisticated and hold promise for merging them to provide multi-robot navigation in real-world situations that is more resilient, scalable, and adaptive.","","979-8-3315-5386-9","10.1109/ICIMIA67127.2025.11200646","","https://ieeexplore.ieee.org/stamp/stamp.jsp?arnumber=11200646","multi-UAV;AMC-TD3;MRDWA-MADDPG;rCMS;Modified A*","Navigation;Heuristic algorithms;Reinforcement learning;Transformers;Robot sensing systems;Path planning;Safety;Planning;Collision avoidance;Genetic algorithms","","1","","19","IEEE","20 Oct 2025","3-5 Sept. 2025","3-5 Sept. 2025","IEEE","IEEE Conferences"
"An Enhanced Multi-Objective Particle Swarm Optimization for Collaborative Robot","Z. Chen","Nanjing Tech University, Nanjing, China","2026 IEEE 4th International Conference on Control, Electronics and Computer Technology (ICCECT)","23 Jun 2026","2026","","","1082","1087","For the high efficiency and smoothness of collaborative robots, we propose a multi-objective trajectory planning method. Initially, the kinematic model of the collaborative robot is constructed, and the workspace trajectory is transformed into joint space trajectory with inverse kinematics method. Subsequently, seven-order B-spline functions are employed to formulate joint trajectory sequences, guaranteeing the continuity of position, velocity, acceleration, and jerk for each joint. To search the Pareto optimal solutions set of the robot’s time-energy-jerk optimal trajectory, the Enhanced Multi-Objective Particle Swarm Optimization (EMOPSO) algorithm is introduced. Then, the normalized weight function is devised to facilitate the suitable solution. Lastly, the simulation experiment is completed in MATLAB. The experimental results validate the method’s effectiveness in multi-objective optimization and its capacity to generate optimal trajectories for practical requirements. Moreover, it exhibits excellent performance in ensuring the collaborative robot operates efficiently and smoothly.","","979-8-3315-7114-6","10.1109/ICCECT68671.2026.11565298","","https://ieeexplore.ieee.org/stamp/stamp.jsp?arnumber=11565298","collaborative robot;trajectory planning;A-Star Algorithm;single-objective optimization","Equations;Optimization;Joints;Robots;Splines (mathematics);Trajectory;Tagging;Timing;Algorithms;Interpolation","","","","16","IEEE","23 Jun 2026","28-30 April 2026","28-30 April 2026","IEEE","IEEE Conferences"
"Based on Genetic Adaptive Optimized Particle Swarm Fruit Fly Algorithm of RBPF-SLAM for Mobile Robot","Z. Feng; Z. Wenze; Y. Shuai; Z. Languang","The School of Electrical and Control Engineering, Shenyang Jianzhu University, Shenyang, China; The School of Electrical and Control Engineering, Shenyang Jianzhu University, Shenyang, China; The School of Electrical and Control Engineering, Shenyang Jianzhu University, Shenyang, China; The School of Electrical and Control Engineering, Shenyang Jianzhu University, Shenyang, China",2026 38th Chinese Control and Decision Conference (CCDC),"24 Jun 2026","2026","","","7313","7320","In the traditional RBPF-SLAM algorithm, particle degeneracy and lack of particle diversity lead to low localization accuracy and poor map consistency. To address these issues, this paper proposes a fruit fly RBPF-SLAM method based on a genetic adaptive optimized particle swarm. This method regards each fruit fly individual as a particle. It utilizes the olfactory tropism of fruit flies and the particle swarm algorithm to move particles toward high-likelihood regions for iterative optimization. Additionally, it employs a genetic adaptive algorithm to perform classification, crossover, and adaptive mutation operations on the optimized particle swarm, thereby enhancing population diversity. Experimental results demonstrate that compared with the traditional RBPF-SLAM algorithm, the proposed method improves localization accuracy by approximately $\mathbf{5 0 \%}$. Moreover, it can construct a map with higher accuracy using only 50% of the particle count required by the traditional algorithm.","1948-9447","979-8-3315-5070-7","10.1109/CCDC69976.2026.11560080","","https://ieeexplore.ieee.org/stamp/stamp.jsp?arnumber=11560080","RBPF-SLAM;Fruit Fly Optimization Algorithm (FOA);Particle Swarm Optimization (PSO);Genetic Algorithm;Adaptive","Algorithms;Elementary particles;Optimization;Simultaneous localization and mapping;Particle swarm optimization;Printing;Modeling;Accuracy;Timing;Equations","","","","16","IEEE","24 Jun 2026","15-18 May 2026","15-18 May 2026","IEEE","IEEE Conferences"
"Swarm Robotics for Precision Agriculture: Overcoming Coordination Scalability Limits","L. Judijanto; S. Nurhayati","IPOSS, Jakarta, Indonesia; Community Education IKIP Siliwangi, Cimahi, Indonesia",2025 International Congress on Smart Agriculture and Sustainable Systems (SmartAgri&SuSY),"15 Apr 2026","2025","","","1","6","The rapid evolution of precision agriculture demands innovative approaches to enhance productivity, efficiency, and environmental sustainability. Among these, swarm robotics emerges as a promising paradigm, offering decentralized coordination, fault tolerance, and adaptability for large-scale farming operations. However, significant coordination and scalability limitations continue to hinder its real-world deployment, particularly in heterogeneous and dynamic agricultural environments. This study aims to systematically explore existing strategies to overcome coordination and scalability challenges in swarm robotics for precision agriculture. A Systematic Literature Review (SLR) was conducted using the PRISMA protocol, focusing on peerreviewed articles published between 2021 and 2025. The research employed a qualitative meta-synthesis approach to extract themes, models, and performance outcomes across multiple studies. Data were sourced exclusively from the ScienceDirect database, covering peer-reviewed articles published between 2021 and 2025. The search process involved keyword combinations such as “swarm robotics,” “coordination,” “scalability,” and “precision agriculture.” After screening and eligibility checks, 36 articles were selected based on open-access availability and methodological clarity. Thematic analysis was applied to extract coordination strategies, simulation validations, energy management approaches, and integration patterns. Findings indicate that hierarchical coordination models, biologically inspired algorithms (e.g., ACO, PSO), and hybrid communication protocols are the most effective in addressing scalability.","","979-8-3315-7801-5","10.1109/SmartAgriSuSY68475.2025.11466769","","https://ieeexplore.ieee.org/stamp/stamp.jsp?arnumber=11466769","swarm robotics;precision agriculture;coordination models;scalability","Payloads;Broadcasting;Broadcast technology;Filtering;Feedback;Filters;Circuits;Internet of Things;Protocols;Communication systems","","","","34","IEEE","15 Apr 2026","5-9 Dec. 2025","5-9 Dec. 2025","IEEE","IEEE Conferences"
"Evolutionary Swarm Robotics: A Methodological Approach For Task and Path Planning","A. Ayari; S. Bouamama","ENSI, LARIA, University of Manouba, Tunisia; Higher Colleges of Technology, DMC, Dubai, UAE",2023 IEEE Afro-Mediterranean Conference on Artificial Intelligence (AMCAI),"19 Feb 2024","2023","","","1","6","The use of robots is increasing in a variety of industries, and it is expected that their presence will become as prevalent as computer technology in the coming years to improve our daily lives. The focus of this research is on coordinating the movements and tasks of multiple robots in different environments with obstacles. To achieve this, a new algorithm called Dynamic Distributed Double Guided Particle Swarm Optimization (D3GPSO) was proposed to group and assign robots’ tasks and to find collision-free paths for each robot in the environment. The effectiveness of this algorithm was demonstrated through experiments and the results were found to be significant.","","979-8-3503-9468-9","10.1109/AMCAI59331.2023.10431514","","https://ieeexplore.ieee.org/stamp/stamp.jsp?arnumber=10431514","Multiple Robot Systems;path planning;task planning;Swarm Intelligence","Service robots;Robot kinematics;Heuristic algorithms;Path planning;Resource management;Task analysis;Collision avoidance","","2","","11","IEEE","19 Feb 2024","13-15 Dec. 2023","13-15 Dec. 2023","IEEE","IEEE Conferences"
"A Direction for Swarm Robotic Path Planning Technique Using Potential Field Concepts and Particle Swarm Optimization","M. Baziyad; N. AbuJabal; R. Fareh; T. Rabie; I. Kamel; M. Bettayeb","Research Inst. of Sci. & Eng. (RISE), University of Sharjah, Sharjah, UAE; Research Inst. of Sci. & Eng. (RISE), University of Sharjah, Sharjah, UAE; 1Electrical Eng. Department, University of Sharjah, Sharjah, UAE; Computer Eng. Department, University of Sharjah, Sharjah, UAE; Computer Eng. Department, University of Sharjah, Sharjah, UAE; Electrical Eng. Department / CEIES, University of Sharjah / King Abdulaziz University, Sharjah, UAE / Jeddah, KSA",2023 15th International Conference on Innovations in Information Technology (IIT),"25 Dec 2023","2023","","","7","12","Swarm robotics has emerged as a prominent research field in recent years. Managing a group of small robots with limited capabilities to achieve their goals poses a significant challenge for developers. Path planning, a crucial process for robotic systems, is essential for ensuring that all robots can reach their destinations while avoiding obstacles. However, path planning techniques commonly face a trade-off between speed and path quality. Achieving higher path quality often demands more iterations to find shorter and smoother paths, consequently increasing the processing time. This trade-off becomes even more intricate in multi-robot systems, where an escalation in the number of robots naturally amplifies the number of processes. This can lead to system failures due to the constrained processing capabilities of such systems. This paper presents a novel path planning approach for swarm robotic systems. The proposed system aims to effectively address the trade-off dilemma by integrating two techniques recognized for their swift execution: the potential field method and Particle Swarm Optimization (PSO). The potential field, generated using a unique objective function modeling method, enables robots to navigate toward the goal while avoiding obstacles. The objective function is composed using two terms, the Euclidean and the Gaussian term. The Euclidean term is responsible for finding the shortest path possible to the goal point while the Gaussian term is responsible for assisting the robot to avoid the obstacles. This objective function is later optimized using PSO algorithm. Simulation results involving three follower robots and a leader robot demonstrate the superior performance of the proposed technique compared to the widely used Probabilistic RoadMap (PRM) path planning technique. The proposed approach excels in terms of processing speed and path quality.","2473-2052","979-8-3503-8239-6","10.1109/IIT59782.2023.10366467","","https://ieeexplore.ieee.org/stamp/stamp.jsp?arnumber=10366467","robot;swarm;path planning;objective function;PSO","Technological innovation;Simulation;Swarm robotics;Linear programming;Probabilistic logic;Path planning;Planning","","5","","22","IEEE","25 Dec 2023","14-15 Nov. 2023","14-15 Nov. 2023","IEEE","IEEE Conferences"
"PSO-Enhanced Wildfire Risk Forecasting with Decentralized Multi-Robot Navigation via Voronol Path Planning","N. N. S; S. Loonkar; K. Desai","BTech Computer Science, PES University, Bengaluru, India; MPSTME, NMIMS University, Mumbai; SP Jain School of Global Mgmt, Mumbai",2025 Global Conference on Information Technology and Communication Networks (GITCON),"12 Feb 2026","2025","","","1","7","Natural disasters are rising in intensity and frequency, ultimately overwhelming traditional response systems. An emerging solution in swarm intelligence – inspired by nature – is gaining traction and is showing promise in solving disaster management problems efficiently. This paper integrates Particle Swarm Optimization (PSO) tuned XGBoost for predicting fire risk zones based on environmental attributes, along with Voronoi-based path planning for dynamic wildfire navigation and obstacle/fire-hazard avoidance. A* vs Voronoi based path-planning methods are compared based on path planning and step count. The model - which is trained on an agglomerated dataset – is evaluated with log-loss, F1 score and feature importance. Ultimately, a proof of concept adaptable to real-world wildfire scenarios is presented, with edge deployment as a major future scope.","","979-8-3315-3348-9","10.1109/GITCON65266.2025.11377467","","https://ieeexplore.ieee.org/stamp/stamp.jsp?arnumber=11377467","Swarm Intelligence;Particle Swarm Optimization (PSO);Voronoi Navigation;Multi-Robot Systems;Disaster Management;XGBoost;Fire Risk Forecasting","Wildfires;Navigation;Disasters;Disaster management;Path planning;Multi-robot systems;Communication networks;Particle swarm optimization;Forecasting;Information technology","","","","42","IEEE","12 Feb 2026","29-31 Aug. 2025","29-31 Aug. 2025","IEEE","IEEE Conferences"
"Investigation of Algorithms of Multi-Agent Robot Swarm Control in the Task of Finding the Shortest Path","A. D. Razorvin; O. V. Glukhov; A. I. Martynov; K. I. Sokolov; P. Y. Anuchin; V. A. Yushin","Radio Systems Department, National Research University “MPEI”, Moscow, Russian Federation; Radio Systems Department, National Research University “MPEI”, Moscow, Russian Federation; Radio Systems Department, National Research University “MPEI”, Moscow, Russian Federation; Radio Systems Department, National Research University “MPEI”, Moscow, Russian Federation; Radio Systems Department, National Research University “MPEI”, Moscow, Russian Federation; Radio Systems Department, National Research University “MPEI”, Moscow, Russian Federation","2025 7th International Youth Conference on Radio Electronics, Electrical and Power Engineering (REEPE)","30 Apr 2025","2025","","","1","6","In this paper, algorithms for multi-agent robot heap control are examined to address the task of finding the shortest path for each robot-agent. Three algorithms are considered: a common-sense-based method (COM), the particle cluster optimization method (PSO), and the ant algorithm (ACO). A mathematical model of the swarm of robots and agents was developed, and a modeling environment was created for testing and comparing the algorithms in terms of execution time and path length. The most efficient algorithm was then implemented on physical robots. Experimental results confirm the simulation data and demonstrate the practical applicability of the proposed algorithms in real scenarios.","2831-7262","979-8-3315-3183-6","10.1109/REEPE63962.2025.10971106","","https://ieeexplore.ieee.org/stamp/stamp.jsp?arnumber=10971106","multi-agent systems;swarm robotics;particle swarm optimization;ant colony optimization","Power engineering;Urban areas;Clustering algorithms;Swarm robotics;Robot sensing systems;Reliability engineering;Mathematical models;Trajectory;Particle swarm optimization;Testing","","","","13","IEEE","30 Apr 2025","8-10 April 2025","8-10 April 2025","IEEE","IEEE Conferences"
"Decentralized Motion Planning for Multi-Robot Navigation using Deep Reinforcement Learning","K. Sivanathan; B. K. Vinayagam; T. Samak; C. Samak","Autonomous Systems Lab, Mechatronics Engineering Dept., SRM Institute of Science and Technology, Tamil Nadu, India; Mechatronics Engineering Dept., SRM Institute of Science and Technology, Tamil Nadu, India; Autonomous Systems Lab, Mechatronics Engineering Dept., SRM Institute of Science and Technology, Tamil Nadu, India; Autonomous Systems Lab, Mechatronics Engineering Dept., SRM Institute of Science and Technology, Tamil Nadu, India",2020 3rd International Conference on Intelligent Sustainable Systems (ICISS),"18 Jan 2021","2020","","","709","716","This work presents a decentralized motion planning framework for addressing the task of multi-robot navigation using deep reinforcement learning. A custom simulator was developed in order to experimentally investigate the navigation problem of 4 cooperative non-holonomic robots sharing limited state information with each other in 3 different settings. The notion of decentralized motion planning with common and shared policy learning was adopted, which allowed robust training and testing of this approach in a stochastic environment since the agents were mutually independent and exhibited asynchronous motion behavior. The task was further aggravated by providing the agents with a sparse observation space and requiring them to generate continuous action commands so as to efficiently, yet safely navigate to their respective goal locations, while avoiding collisions with other dynamic peers and static obstacles at all times. The experimental results are reported in terms of quantitative measures and qualitative remarks for both training and deployment phases.","","978-1-7281-7089-3","10.1109/ICISS49785.2020.9316033","","https://ieeexplore.ieee.org/stamp/stamp.jsp?arnumber=9316033","Multi-robot systems;motion planning;autonomous navigation;reinforcement learning","Robots;Planning;Robot kinematics;Navigation;Robot sensing systems;Reinforcement learning;Training","","16","","23","IEEE","18 Jan 2021","3-5 Dec. 2020","3-5 Dec. 2020","IEEE","IEEE Conferences"
"Training Robot Swarms for Adaptive Foraging in Environments with Obstacles","P. Biteng; T. U. Zaman; Q. Lu","Department of Computer Science, The University of Texas Rio Grande Valley, Edinburg, Texas, United States; Department of Computer Science, The University of Texas Rio Grande Valley, Edinburg, Texas, United States; Department of Computer Science, The University of Texas Rio Grande Valley, Edinburg, Texas, United States",2025 IEEE International Conference on Mechatronics and Automation (ICMA),"22 Aug 2025","2025","","","341","346","In this work, we train adaptive and efficient foraging strategies for robot swarms in a large, unmapped search space with multiple randomly distributed box obstacles using the penalty-reward based NeuroEvolution of Augmented Topologies (NEAT), P-NeatFA. This model enables efficient multi-robot foraging behavior and obstacle avoidance by rewarding effective actions and penalizing inefficient ones, thereby minimizing redundant exploration and outperforming traditional stochastic foraging algorithms. We optimize foraging strategies and search patterns in robot swarms by training models that maximize cumulative rewards in three types of resource distribution environments. The evaluation focuses on the number of resources collected within a fixed time frame. We compare the performance of the CPFA with the P-NeatFA approach. Experimental results show that our enhanced P-NeatFA strategy significantly outperforms the CPFA. Additionally, we observed differences in the search patterns: robots with the trained foraging behavior tend to travel in straighter, more efficient paths. Robots can avoid random obstacles more efficiently. Robots outperform the CPFA when the robot swarm size increases. Building on this foundation, we can see the potential to develop a distributed, scalable, and secure foraging robot swarm framework by integrating distributed learning.","2152-744X","979-8-3315-1426-6","10.1109/ICMA65362.2025.11120654","","https://ieeexplore.ieee.org/stamp/stamp.jsp?arnumber=11120654","Foraging Robot Swarms;Multi-Robot Systems;Evolutionary Algorithms","Training;Computer aided instruction;Mechatronics;Distance learning;Stochastic processes;Evolutionary computation;Topology;Resource management;Multi-robot systems;Robots","","","","20","IEEE","22 Aug 2025","3-6 Aug. 2025","3-6 Aug. 2025","IEEE","IEEE Conferences"
"Research and Implementation of Multi-robot Path Planning Based on Genetic Algorithm","M. Fan; J. He; S. Ding; Y. Ding; M. Li; L. Jiang","School of Information Science and Technology, Zhejiang Sci-Tech University, Hangzhou, China; School of Information Science and Technology, Zhejiang Sci-Tech University, Hangzhou, China; School of Information Science and Technology, Zhejiang Sci-Tech University, Hangzhou, China; School of Information Science and Technology, Zhejiang Sci-Tech University, Hangzhou, China; College of Big Data and Internet, Shenzhen Technology University, Shenzhen, China; School of Information Science and Technology, Zhejiang Sci-Tech University, Hangzhou, China","2021 5th International Conference on Automation, Control and Robots (ICACR)","11 Nov 2021","2021","","","140","144","A genetic multi-robot path planning (GMPP) algorithm is proposed to rationalize the path planning of multi-robots in multi-obstacle scenarios, especially in large and complex environments with path length constraints and path safety feasibility. On the basis of ensuring path safety, the GMPP uses the shortest path length as the objective function. Secondly, the GMPP considers the task execution problem of multi-robot path planning to avoid collisions in a shared working environment. As a result, the GMPP introduces a central planner to make collision-free driving between multiple robots through two mechanisms: collision detection and collision elimination. Comparison experiments between the GMPP and other swarm optimization algorithms are carried out. The results show that the GMPP has better overall performance in terms of anti-collision safety and efficiency for multi-robot path planning.","","978-1-6654-3849-0","10.1109/ICACR53472.2021.9605194","National Natural Science Foundation of China; ","https://ieeexplore.ieee.org/stamp/stamp.jsp?arnumber=9605194","genetic algorithm;multi-robot path planning;central planner;collision detection;collision elimination","Linear programming;Genetics;Path planning;Safety;Collision avoidance;Task analysis;Particle swarm optimization","","9","","8","IEEE","11 Nov 2021","25-27 Sept. 2021","25-27 Sept. 2021","IEEE","IEEE Conferences"
"STR: Spatial-Temporal RetNet for Distributed Multi-Robot Navigation","L. Chen; Y. Wang; Z. Miao; M. Feng; Y. Wang; Y. Mo; W. He; H. Wang; D. Wang","School of Electrical and Information Engineering, Hunan University, Changsha, China; School of Electrical and Information Engineering, Hunan University, Changsha, China; School of Electrical and Information Engineering, Hunan University, Changsha, China; School of Computer Science and Technology, Xidian University, Xi’an, China; School of Electrical and Electrical Engineering, Nanyang Technological University, Jurong West, Singapore; School of Electrical and Information Engineering, Hunan University, Changsha, China; School of Intelligence Science and Technology, University of Science and Technology Beijing, Beijing, China; Department of Automation, Shanghai Jiao Tong University, Shanghai, China; School of Electrical and Electrical Engineering, Nanyang Technological University, Jurong West, Singapore",IEEE Transactions on Automation Science and Engineering,"4 Apr 2025","2025","22","","10429","10441","The core of multi-robot collision avoidance is to guide robots to avoid collisions with other robots and obstacles in a dynamic multi-robot environment, which has recently gained increasing interest among the main challenges of robotics. However, the current multi-robot navigation policy neural network exhibits weak position encoding capabilities for spatial environmental features in mapping environment states and robot actions, as well as an inability to recurrently infer information on dynamic environmental features in the temporal dimension, leading to insufficient safety and effectiveness in guiding robot motion. In this paper, we propose a novel spatial-temporal RetNet (STR) that encodes reciprocal collision avoidance states between robots in both spatial and temporal dimensions, aiming to enhance the safety and effectiveness of the policy neural network in guiding robots to accomplish specified tasks. The spatial state encoder module is developed based on parallel RetNet structure, which enhances the ability of the neural network in multi-robot navigation policies to extract reciprocal collision avoidance states between robots in spatial dimensions and overcomes the weak position encoding capability of advanced transformer-based multi-robot navigation policy neural networks. A temporal state encoder is designed by introducing the recurrent RetNet structure. This enhances the multi-robot navigation policy neural network’s ability to encode features in the temporal dimension of multi-robot movements and overcomes the transformer-based multi-robot navigation policy neural network’s inability to recurrently infer information in the time dimension. Simulation experiments were designed to demonstrate that the safety and effectiveness of our proposed method outperform the previous state-of-the-art approaches in guiding the robot to complete the task. Physical experiments illustrate that our policy can be effectively applied to real-world systems. Note to Practitioners—Multi-robot navigation has a wide range of real-world applications, such as multi-robot formation flying for search and rescue, autonomous warehouse operations, and robots navigating through human crowds. This paper introduces a novel Spatial-Temporal RetNet (STR) framework aimed at enhancing safety and effectiveness in multi-robot collision avoidance. STR addresses the limitations of existing methods by improving the neural network’s ability to extract reciprocal collision avoidance states in both spatial and temporal dimensions. The spatial state encoder strengthens the extraction of spatial features, while the temporal state encoder improves the handling of time-dependent information. Simulation and physical experiments demonstrate that STR enhances robot navigation in dynamic environments, making it suitable for real-world applications such as multi-robot coordination.","1558-3783","","10.1109/TASE.2024.3524000","National Key Research and Development Program of China(grant numbers:2022YFB3903804); China National Postdoctoral Program for Innovative Talents(grant numbers:BX20240113); Jiangxi Province 03 Special Project and 5g Project(grant numbers:20232ABC03A09); China Postdoctoral Science Foundation(grant numbers:2024M750877); National Natural Science Foundation of China(grant numbers:62422307,62133005,62103141,62373293); National Research Foundation, Singapore; NRF Medium Sized Centre Scheme (CARTIN), Agency for Science, Technology and Research (ASTAR); National Robotics Program(grant numbers:M22NBK0109); National Research Foundation, Singapore, and Maritime and Port Authority of Singapore; Maritime Transformation Program(grant numbers:SMI-2022-MTP-04); ","https://ieeexplore.ieee.org/stamp/stamp.jsp?arnumber=10836132","Multi-agent systems;collision avoidance;reinforcement learning","Collision avoidance;Robots;Robot sensing systems;Navigation;Neural networks;Safety;Transformers;Multi-agent systems;Reinforcement learning","","13","","32","IEEE","9 Jan 2025","2025","","IEEE","IEEE Journals"
"Scalable Multi-Robot Cooperation for Multi-Goal Tasks Using Reinforcement Learning","T. An; J. Lee; M. Bjelonic; F. De Vincenti; M. Hutter","Robotic Systems Lab, Zürich, Switzerland; Neuromeka Company, Ltd., Seoul, South Korea; Swiss-Mile Robotics AG, Zürich, Switzerland; Computational Robotics Lab, ETH Zürich, Zurich, Switzerland; Robotic Systems Lab, Zürich, Switzerland",IEEE Robotics and Automation Letters,"9 Jan 2025","2025","10","2","1585","1592","Coordinated navigation of an arbitrary number of robots to an arbitrary number of goals is a big challenge in robotics, often hindered by scalability limitations of existing strategies. This letter introduces a decentralized multi-agent control system using neural network policies trained in simulation. By leveraging permutation invariant neural network architectures and model-free reinforcement learning, our policy enables robots to prioritize varying numbers of collaborating robots and goals in a zero-shot manner without being biased by ordering or limited by a fixed capacity. We validate the task performance and scalability of our policies through experiments in both simulation and real-world settings. Our approach achieves a 10.3% higher success rate in collaborative navigation tasks compared to a policy without a permutation invariant encoder. Additionally, it finds near-optimal solutions for multi-robot navigation problems while being two orders of magnitude faster than an optimization-based centralized controller. We deploy our multi-goal navigation policies on two wheeled-legged quadrupedal robots, which successfully complete a series of multi-goal navigation missions.","2377-3766","","10.1109/LRA.2024.3521183","Swiss National Science Foundation through the National Centre of Competence in Digital Fabrication (NCCR dfab) and the European Research Council(grant numbers:852044,101070596,101121321); ","https://ieeexplore.ieee.org/stamp/stamp.jsp?arnumber=10811859","Legged locomotion;multi-robot systems;reinforcement learning","Robots;Navigation;Training;Neural networks;Collision avoidance;Mobile robots;Reinforcement learning;Quadrupedal robots;Vectors;Scalability","","5","","33","IEEE","20 Dec 2024","Feb. 2025","","IEEE","IEEE Journals"
"Behavioral Control Task Supervisor with Memory Based on Reinforcement Learning for Human-Multi-Robot Coordination Systems","J. Huang; Z. Mo; Z. Zhang; Y. Chen","School of Electrical Engineering and Automation, Fuzhou University, Fuzhou, China; School of Electrical Engineering and Automation, Fuzhou University, Fuzhou, China; School of Electrical Engineering and Automation, Fuzhou University, Fuzhou, China; School of Electrical Engineering and Automation, Fuzhou University, Fuzhou, China",Frontiers of Information Technology & Electronic Engineering,"16 Dec 2025","2022","23","8","1174","1188","In this study, a novel reinforcement learning task supervisor (RLTS) with memory in a behavioral control framework is proposed for human–multi-robot coordination systems (HMRCSs). Existing HMRCSs suffer from high decision-making time cost and large task tracking errors caused by repeated human intervention, which restricts the autonomy of multi-robot systems (MRSs). Moreover, existing task supervisors in the null-space-based behavioral control (NSBC) framework need to formulate many priority-switching rules manually, which makes it difficult to realize an optimal behavioral priority adjustment strategy in the case of multiple robots and multiple tasks. The proposed RLTS with memory provides a detailed integration of the deep Q-network (DQN) and long short-term memory (LSTM) knowledge base within the NSBC framework, to achieve an optimal behavioral priority adjustment strategy in the presence of task conflict and to reduce the frequency of human intervention. Specifically, the proposed RLTS with memory begins by memorizing human intervention history when the robot systems are not confident in emergencies, and then reloads the history information when encountering the same situation that has been tackled by humans previously. Simulation results demonstrate the effectiveness of the proposed RLTS. Finally, an experiment using a group of mobile robots subject to external noise and disturbances validates the effectiveness of the proposed RLTS with memory in uncertain real-world environments.","2095-9230","","10.1631/FITEE.2100280","National Natural Science Foundation of China(grant numbers:61603094); ","https://ieeexplore.ieee.org/stamp/stamp.jsp?arnumber=11292742","Human–multi-robot coordination systems;Null-space-based behavioral control;Task supervisor;Reinforcement learning;Knowledge base","Robot kinematics;Simulation;Knowledge based systems;Noise;Reinforcement learning;Robustness;Behavioral sciences;History;Multi-robot systems;Long short term memory","","3","","28","","16 Dec 2025","August 2022","","ZUP","ZUP Journals"
"Multi-robot Cooperative Search for Radioactive Sources Based on Improved Particle Swarm Optimization","M. Luo; M. Ling; Y. Guo","School of Information Engineering, Southwest University of Science and Technology, Mianyang, China; School of Information Engineering, Southwest University of Science and Technology, Mianyang, China; School of Information Engineering, Southwest University of Science and Technology, Mianyang, China","2023 2nd International Conference on Robotics, Artificial Intelligence and Intelligent Control (RAIIC)","17 Oct 2023","2023","","","13","18","Effective management and monitoring of radioactive sources are critical to ensuring nuclear safety and minimizing risks to human health and the environment. This paper proposes a multi-robot collaborative radioactive source search algorithm based on improved particle swarm optimization (PSO). The algorithm fuses the latest observations into the particle sampling, enabling particles to converge toward high-likelihood regions and mitigating particle degradation. In addition, the multi-robot gradually narrows the search range using particle filtering algorithm to improve the accuracy of source state estimation. Finally, all robots combine DWA dynamic window obstacle avoidance with Infotaxis to realize distributed collaborative decisions. Experimental results show that when the algorithm adopts the improved particle swarm optimization algorithm, the search accuracy and average search time under different parameter combinations are significantly improved.","","979-8-3503-2800-4","10.1109/RAIIC59453.2023.10280919","National Natural Science Foundation of China; Natural Science Foundation of Sichuan Province; ","https://ieeexplore.ieee.org/stamp/stamp.jsp?arnumber=10280919","improved particle swarm optimization;multi-robot;radioactive source search;DWA dynamic window obstacle avoidance;Infotaxis;collaborative decision","Degradation;Heuristic algorithms;Collaboration;Search problems;Particle filters;Safety;Particle swarm optimization","","1","","18","IEEE","17 Oct 2023","11-13 Aug. 2023","11-13 Aug. 2023","IEEE","IEEE Conferences"
"Choosing a Swarm Algorithm to Synthesis an Optimal Mobile Robot Team Control Strategy","A. B. Migranov; O. V. Darintsev","Mavlyutov Institute of Mechanics, Ufa, Russia; Ufa State Aviation Technical University, Mavlyutov Institute of Mechanics, Ufa, Russia",2020 International Multi-Conference on Industrial Engineering and Modern Technologies (FarEastCon),"8 Dec 2020","2020","","","1","5","The article presents a synthesis methodology of one of the swarm algorithm's variants used to solve the distribution's problem in the collectives of mobile robots performing single-complex operations in a common working space. Based on the results of a comparative analysis of known methods (bee, ant and particle swarm), a type of algorithm was selected. The specifics of problem-setting and the working space model are considered, the objectives of robot functioning are formalized and parameters characterizing their work are defined. To address the given problem using the swarm algorithm, its representation in the form of a graph is executed. The results of computational experiments have been obtained, confirming the possibility of using the chosen algorithm to find the optimal strategy for controlling the group of mobile robots.","","978-1-7281-6951-4","10.1109/FarEastCon50210.2020.9271639","","https://ieeexplore.ieee.org/stamp/stamp.jsp?arnumber=9271639","Mobile Robot Team;Control Strategy;Swarm Algorithm;Synthesis Methodology","Robots;Task analysis;Robot kinematics;Service robots;Mobile robots;Industrial engineering;Transportation","","7","","20","IEEE","8 Dec 2020","6-9 Oct. 2020","6-9 Oct. 2020","IEEE","IEEE Conferences"
"Mapless Path Planning of Multi-robot Systems in Complex Environments via Deep Reinforcement Learning","W. Han; C. Fang; J. He","Department of Automation, Ministry of Education of China, Shanghai Jiao Tong University, and Key Laboratory of System Control and Information Processing, Shanghai, China; Department of Automation, Ministry of Education of China, Shanghai Jiao Tong University, and Key Laboratory of System Control and Information Processing, Shanghai, China; Department of Automation, Ministry of Education of China, Shanghai Jiao Tong University, and Key Laboratory of System Control and Information Processing, Shanghai, China",2022 4th International Conference on Data-driven Optimization of Complex Systems (DOCS),"5 Dec 2022","2022","","","1","6","As mobile robots are becoming more and more widely used, it is of great significance to design an efficient path planning method for multi-robot systems (MRS) that can adapt to complex and unknown environments. In this paper, we present a deep reinforcement learning (DRL) based method to navigate the MRS with collision avoidance in unknown dynamic environments, which consists of centralized learning and decentralized executing paradigm. The proposed policy maps original laser information into robot control commands without constructing global maps. The learned policy is tested in Gazebo environments with three robot systems, which shows the effective performance in terms of success rate, extra time rate, and formation maintenance rate.","","978-1-6654-5982-2","10.1109/DOCS55193.2022.9967756","","https://ieeexplore.ieee.org/stamp/stamp.jsp?arnumber=9967756","","Deep learning;Simulation;Lasers;Robot control;Reinforcement learning;Maintenance engineering;Path planning","","4","","17","IEEE","5 Dec 2022","28-30 Oct. 2022","28-30 Oct. 2022","IEEE","IEEE Conferences"
"Scalable Bi-level Reinforcement Learning for Multi-robot Coverage Path Planning in Unseen Environments with Obstacles","C. Qu; G. Xu; P. Wan","Department of Aeronautical and Aviation Engineering, The Hong Kong Polytechnic University, China; Department of Aeronautical and Aviation Engineering, The Hong Kong Polytechnic University, China; Department of Aeronautical and Aviation Engineering, The Hong Kong Polytechnic University, China",IEEE Internet of Things Journal,"","2026","PP","99","1","1","Multi-robot Coverage Path Planning (MCPP) is a foundational problem in many real-world applications, including robot-based disaster assessment, crop harvesting, infrastructure monitoring, etc. Despite recent advancements in solving MCPP, they suffer from low efficiency in facing large-scale complex scenarios, that cannot well cope with time-sensitive scenarios. Resource constraints and environmental diversity further complicate the problem in unseen environments. To address these issues, a novel Bi-level Reinforcement Learning (BiRL) algorithm is proposed for MCPP in the environments with different map sizes, obstacle densities, and robot numbers without fine-tuning. It decomposes MCPP into two coupled optimization problems, not only to simplify the problem, but also improve its scalability. The upper-level leverages a Graph Convolutional Network (GCN) and Gated Recurrent Unit (GRU) to assign temporary goals to robots. The lower-level path planner guides each robot’s movements based on the assigned goals and filtered environmental information. This bi-level structure is optimized by two distinct but mutual effected reinforcement learning algorithms, and a sequential asynchronous training strategy is designed to stable the training process. The experiment results show that our algorithm outperforms the state-of-the-art methods and demonstrate the advantages of the bi-level framework and training strategy. Model training was conducted within a standardized experimental framework. A margin of improvement exceeding 6% in mean coverage rate was achieved by the proposed method compared with state-of-art baselines. Furthermore, superior performance is consistently maintained across map scales ranging from 5×5 to 45×45, obstacle densities from 20% to 80%, and robot numbers from 2 to 8 without further fine-tuning.","2327-4662","","10.1109/JIOT.2026.3708006","National Natural Science Foundation of China(grant numbers:72174042); Environment and Conservation Fund(grant numbers:55/2023); Natural Science Foundation of Guangdong Province(grant numbers:2023A1515011402); Science and Technology Innovation Commission of Shenzhen Municipality(grant numbers:JCYJ20230807140406013); ","https://ieeexplore.ieee.org/stamp/stamp.jsp?arnumber=11585808","Multi-robot coverage path planning;bi-level reinforcement Learning;scalable algorithm;sequential asynchronous training strategy","Robots;Timing;Optimization;Training;Algorithms;Modeling;Path planning;Cells (biology);Reinforcement learning;Bismuth","","","","","IEEE","29 Jun 2026","","","IEEE","IEEE Early Access Articles"
"Multi-robot Path Planning Based on an Improved MASAC Algorithm","S. Jia; C. Liu","Dalian University, Dalian, China; Dalian University, Dalian, China",2026 9th International Conference on Advanced Algorithms and Control Engineering (ICAACE),"13 May 2026","2026","","","1567","1570","With the increasing deployment of multi-agent systems in complex and dynamic environments, the efficient coordination of multiple robots for executing intricate tasks has emerged as a prominent research focus. This study proposes an improved Multi-Agent Soft Actor-Critic (MASAC) algorithm to optimize inter-robot collaboration and enhance the adaptability and stability of multi-robot systems via reinforcement learning. First, a state space representation based on relative offset encoding is designed to bolster the model's generalization capabilities. Second, a composite reward function-integrating Artificial Potential Fields (APF) and anti-deadlock penalties-is constructed to achieve global task optimization in complex scenarios. Finally, comparative experiments demonstrate the efficacy of the proposed approach, with the improved MASAC algorithm exhibiting superior adaptability and robustness.","","979-8-3315-8325-5","10.1109/ICAACE69793.2026.11508863","","https://ieeexplore.ieee.org/stamp/stamp.jsp?arnumber=11508863","Multi-agent path planning;MASAC algorithm;Centralized Training and Decentralized Execution (CTDE);Artificial Potential Field (APF);Anti-deadlock mechanism","Algorithms;Equations;Path planning;Tagging;Robots;Modeling;Timing;Printing;System recovery;Optimization","","","","10","IEEE","13 May 2026","20-22 March 2026","20-22 March 2026","IEEE","IEEE Conferences"
"Multi-Robot Map Fusion Using an N-Mutation Particle Swarm Optimization Algorithm","L. Gan; Y. Tang; Z. Hua","School of Information Science and Technology, Southwest Jiaotong University, Chengdu, China; School of Microelectronics, Northwestern Polytechnical University, Xi’an, China; School of Information Science and Technology, Southwest Jiaotong University, Chengdu, China",2025 International Conference on Intelligent Robotics and Automatic Control (IRAC),"16 Feb 2026","2025","","","193","200","Aiming at the map fusion problem in multi-robot collaborative Simultaneous Localization and Mapping (SLAM) systems, this paper proposes a map fusion method based on an N-Mutation Particle Swarm Optimization (N-Mutation PSO) algorithm. By analyzing the dissimilarity of grid maps and the alignment features in overlapping regions, a fusion fitness function is designed. Leveraging the global search capability of the PSO algorithm, the optimal coordinate transformation matrix is solved. To address the shortcoming of traditional PSO algorithms stagnating at local minima, a particle age structure and a mutation mechanism are introduced: when a particle’s personal best position remains unchanged for a sustained period, a random position-velocity mutation is triggered to escape local optima, and the balance between exploration and exploitation capabilities is maintained by dynamically adjusting the number of mutation operations. Optimization experiments using CEC2017 datasets (IEEE Congress on Evolutionary Computation 2017) functions demonstrate that the proposed algorithm achieves improvements in both convergence accuracy and convergence speed compared to the standard PSO algorithm. Results from map fusion experiments validate the effectiveness of the proposed algorithm for the multi-robot map fusion problem.","","979-8-3315-9244-8","10.1109/IRAC67707.2025.11381175","","https://ieeexplore.ieee.org/stamp/stamp.jsp?arnumber=11381175","Particle Swarm Optimization (PSO);Map Fusion;Multi-Robot;Mutation Mechanism","Simultaneous localization and mapping;Heuristic algorithms;Collaboration;Robustness;Real-time systems;Particle swarm optimization;Optimization;Standards;Convergence;Periodic structures","","","","15","IEEE","16 Feb 2026","28-30 Nov. 2025","28-30 Nov. 2025","IEEE","IEEE Conferences"
"Studying the Optimization of a Six-DOF Robotic Arm's Joint Angles Using an Enhanced Particle Swarm Technique","Y. Wan; Z. Wang; G. Chen","China University of Petroleum-Beijing at Karamay, Karamay, China; China University of Petroleum-Beijing at Karamay, Karamay, China; China University of Petroleum-Beijing at Karamay, Karamay, China","2024 International Conference on Computing, Robotics and System Sciences (ICRSS)","6 Feb 2025","2024","","","7","14","In order to increase the precision of the end effector and the effectiveness of route planning, this work suggests a six-degree-of-freedom robotic arm joint angle path optimization technique based on an enhanced particle swarm optimization algorithm (PSO). By dynamically varying the inertia weight and acceleration factor, this article improves the method's global search capability and local search accuracy, therefore addressing the issue of premature convergence of the traditional PSO algorithm in high-dimensional situations. In addition, this paper designs an fitness function that targets the Euclidean distance between the end effector and the target position to guide the particle swarm to gradually approach the optimal solution. Simulation results show that the improved algorithm converges faster during the optimisation process, with a minimum error of 2.03324e-09, which verifies its effectiveness and practicality in complex path planning tasks. This method has broad application potential in fields such as industrial automation and medical robotics.","","979-8-3315-1129-6","10.1109/ICRSS65752.2024.00012","","https://ieeexplore.ieee.org/stamp/stamp.jsp?arnumber=10859092","6-DOF robotic arm;particle swarm optimization algorithm;joint angle path optimization;motion control;fitness function","Accuracy;Service robots;Heuristic algorithms;Interference;Path planning;End effectors;Particle swarm optimization;Robots;Optimization;Convergence","","3","","11","IEEE","6 Feb 2025","22-24 Nov. 2024","22-24 Nov. 2024","IEEE","IEEE Conferences"
"Task Assignment and Path Planning Method of Multi-Robot in Coal Mine Considering Charging Problem","H. Bai; K. Li","Faculty of Electrical and Control Engineering, Liaoning Technical University, Liaoning, China; Faculty of Electrical and Control Engineering, Liaoning Technical University, Liaoning, China","2025 8th International Conference on Advanced Electronic Materials, Computers and Software Engineering (AEMCSE)","24 Jun 2025","2025","","","423","427","It is the future development trend of coal mine production to use robots instead of manuals to realize efficient and safe inspection under complex underground environments. Aiming to address the problem of continuous inspection of multiple robots in underground roadways, a multi-robot task planning method considering charging piles is proposed. Firstly, the underground roadway environment model with a charging pile is constructed. Then, a mathematical model for task assignment of multi-robots with charging piles is established considering the impact of the road environment, and an improved bidirectional ant colony (IBACO) algorithm is proposed for optimization and solution, to obtain the optimal inspection task sequence of each robot, and ensure that each robot can efficiently complete the inspection task and arrive at the charging pile in time. Secondly, combined with road environment factors, a mathematical model of path planning with charging piles is established, and an improved Honey Badge-Fruit Fly (IHBAFOA) algorithm is proposed for optimization and solution, which can plan a safe path traversing all inspection task points. Finally, through the design of simulation experiments, it is proved that compared with other mainstream algorithms, the proposed algorithm has obvious advantages in solving the problem of multi-robot continuous inspection in an underground roadway environment.","","979-8-3315-1091-6","10.1109/AEMCSE65292.2025.11042764","","https://ieeexplore.ieee.org/stamp/stamp.jsp?arnumber=11042764","Coal mine inspection;Multi-robot;Charging;Task assignment;Path planning;Swarm intelligence optimization algorithm","Roads;Software algorithms;Inspection;Mathematical models;Path planning;Coal mining;Planning;Computational efficiency;Robots;Optimization","","","","11","IEEE","24 Jun 2025","9-11 May 2025","9-11 May 2025","IEEE","IEEE Conferences"
"Particle Swarm Optimization for Cooperative Multi-Robot Task Allocation: A Multi-Objective Approach","C. Wei; Z. Ji; B. Cai","College of Mechanical and Electrical Engineering, Hohai University, Changzhou, China; School of Engineering, Cardiff University, Cardiff, United Kingdom; College of Mechanical and Electrical Engineering, Hohai University, Changzhou, China",IEEE Robotics and Automation Letters,"24 Feb 2020","2020","5","2","2530","2537","This letter presents a new Multi-Objective Particle Swarm Optimization (MOPSO) approach to a Cooperative MultiRobot Task Allocation (CMRTA) problem, where the robots have to minimize the total team cost and, additionally, balance their workloads. We formulate the CMRTA problem as a more complex variant of multiple Travelling Salesman Problems (mTSP) and, in particular, address how to minimize the total travel distance of the entire robot team, as well as how to minimize the highest travel distance of an individual robot. The proposed approach extends the standard single-objective Particle Swarm Optimization (PSO) to cope with the multiple objectives, and its novel feature lies in a Pareto front refinement strategy and a probability-based leader selection strategy. To validate the proposed approach, we first use three benchmark functions to evaluate the performance of finding the true Pareto fronts in comparison with four existing well-known algorithms in continuous spaces. Afterwards, we use six datasets to investigate the task allocation mechanisms in dealing with the CMRTA problem in discrete spaces.","2377-3766","","10.1109/LRA.2020.2972894","National Natural Science Foundation of China(grant numbers:61703138); Natural Science Foundation of Jiangsu Province(grant numbers:BK20170307); ","https://ieeexplore.ieee.org/stamp/stamp.jsp?arnumber=8990047","Multi-robot systems;optimization and optimal control;cooperating robots","Task analysis;Resource management;Robot kinematics;Optimization;Particle swarm optimization;Standards","","166","","36","IEEE","10 Feb 2020","April 2020","","IEEE","IEEE Journals"
"Enhancing Deep Reinforcement Learning Approaches for Multi-Robot Navigation via Single-Robot Evolutionary Policy Search","E. Marchesini; A. Farinelli","Department of Computer Science, University of Verona, Verona, Italy; Department of Computer Science, University of Verona, Verona, Italy",2022 International Conference on Robotics and Automation (ICRA),"12 Jul 2022","2022","","","5525","5531","Recent Multi-Agent Deep Reinforcement Learning approaches factorize a global action-value to address non-stationarity and favor cooperation. These methods, however, hinder exploration by introducing constraints (e.g., additive value-decomposition) to guarantee the factorization. Our goal is to enhance exploration and improve sample efficiency of multi-robot mapless navigation by incorporating a periodical Evolutionary Policy Search (EPS). In detail, the multi-agent training “specializes” the robots' policies to learn the collision avoidance skills that are mandatory for the task. Concurrently, in this work we propose the use of Evolutionary Algorithms to explore different regions of the policy space in an environment with only a single robot. The idea is that core navigation skills, originated by the multi-robot policies using mutation operators, improve faster in the single-robot EPS. Hence, policy parameters can be injected into the multi-robot setting using crossovers, leading to improved performance and sample efficiency. Experiments in tasks with up to 12 robots confirm the beneficial transfer of navigation skills from the EPS to the multi-robot setting, improving the performance of prior methods.","","978-1-7281-9681-7","10.1109/ICRA46639.2022.9812341","","https://ieeexplore.ieee.org/stamp/stamp.jsp?arnumber=9812341","","Training;Automation;Additives;Navigation;Reinforcement learning;Evolutionary computation;Collision avoidance","","21","","34","IEEE","12 Jul 2022","23-27 May 2022","23-27 May 2022","IEEE","IEEE Conferences"
"Improved Particle Swarm Optimization for Trajectory Planning in a Six-Degree-of-Freedom Robotic Arm","J. Zhang; P. Wang","School of Electronic and Information Engineering, Anhui Jianzhu University, Hefei, China; School of Electronic and Information Engineering, Anhui Jianzhu University, Hefei, China",2024 17th International Conference on Advanced Computer Theory and Engineering (ICACTE),"11 Feb 2025","2024","","","329","331","Aiming at the problem of the UR5 robot's unsmooth trajectory during operation, in order to improve the robot's motion accuracy and operation efficiency, this paper proposes a joint space trajectory planning method based on 3-5-3 piecewise polynomial interpolation, which can better meet the speed and acceleration constraints of the robot in different motion stages while ensuring the smoothness of the trajectory, thereby improving the operation stability of the robot. Under the conditions of satisfying the speed and acceleration constraints, the improved particle swarm optimization (PSO) algorithm with the introduction of compression factor and improved adaptive factor is used to optimize the interpolation time of the robot. Compared with the traditional PSO algorithm, the improved PSO algorithm is not easy to fall into the local optimum, making the trajectory planning more efficient. The experimental results show that the improved PSO algorithm not only significantly shortens the operation time of the robot, but also makes the trajectory smoother and the overall operation effect better.","2154-7505","979-8-3315-3988-7","10.1109/ICACTE62428.2024.10871589","","https://ieeexplore.ieee.org/stamp/stamp.jsp?arnumber=10871589","UR5;PSO;trajectory optimization;polynomial interpolation;compression factor;adaptive factor","Training;Robot motion;Interpolation;Trajectory planning;Neural networks;Manipulators;Polynomials;Stability analysis;Trajectory;Particle swarm optimization","","2","","15","IEEE","11 Feb 2025","13-15 Sept. 2024","13-15 Sept. 2024","IEEE","IEEE Conferences"
"Learning Decentralized Multi-Robot PointGoal Navigation","T. Soualhi; N. Crombez; Y. Ruichek; A. Lombard; S. Galland","CIAD UR 7533, Belfort Montbeliard University of Technology, UTBM, Belfort, France; CIAD UR 7533, Belfort Montbeliard University of Technology, UTBM, Belfort, France; CIAD UR 7533, Belfort Montbeliard University of Technology, UTBM, Belfort, France; CIAD UR 7533, Belfort Montbeliard University of Technology, UTBM, Belfort, France; CIAD UR 7533, Belfort Montbeliard University of Technology, UTBM, Belfort, France",IEEE Robotics and Automation Letters,"19 Mar 2025","2025","10","4","4117","4124","Integrating robots into real-world applications requires effective consideration of various agents, including other robots. Multi-agent reinforcement learning (MARL) is an established field that addresses multi-agent systems problems by leveraging reinforcement learning techniques. Despite its potential, the study of multi-robot systems, particularly in vision-based robotics, remains in its early stages. In this context, this article tackles the PointGoal navigation problem for multi-robot systems, extending the traditional single agent focus to a multi-agent context. To this end, we introduce a training environment designed to address vision-based multi-robot challenges. In addition, we propose a method based on the centralized training-decentralized execution paradigm within MARL to explore three PointGoal navigation scenarios: the SpecificGoal scenario, where each agent has a distinct target; the CommonGoal scenario, where all agents share the same target; and the Ad-hoCoop scenario, which requires agents to adapt to varying team sizes. Our results contribute to lay the groundwork for adopting MARL approaches to address vision-based tasks for multi-robot systems.","2377-3766","","10.1109/LRA.2025.3550798","","https://ieeexplore.ieee.org/stamp/stamp.jsp?arnumber=10924425","Multi-robot systems;vision-based navigation;reinforcement learning","Robots;Navigation;Robot kinematics;Training;Robot sensing systems;Multi-robot systems;Visualization;Reinforcement learning;Stochastic processes;Artificial intelligence","","2","","31","IEEE","12 Mar 2025","April 2025","","IEEE","IEEE Journals"
"Swarm Intelligence in Robotics: Optimizing PSO Parameters for Target Search in Single and Multiple Scenarios","V. Sharma; R. Gupta; K. Sharma","Department of Information Technology, Delhi Technological University, India; Department of Information Technology, Delhi Technological University, India; Department of Information Technology, Delhi Technological University, India",2025 11th International Conference on Mechatronics and Robotics Engineering (ICMRE),"30 Apr 2025","2025","","","140","144","Target-tracing applications have attracted much interest in unmanned vehicles and mobile robots, especially where human access is limited or dangerous. Several computational techniques such as genetic algorithms, evolutionary computations, and neural networks have been explored to improve the entire system's control mechanism and efficiency. This paper addresses PSO as a high-performance method for enabling collaborative robotic search operations. It has many critical parameters influencing its performance, which are finely optimized using another PSO process to make the best use of this optimization technique. Experimentations set forth show that this indeed does much improve the efficiency and accuracy of searches carried out by robots. These validation experiments work on single-target and multi-target cases to present vivid effectiveness. The results emphasize the ability of PSO to contribute toward autonomous search and rescue operations and all other applications.","2996-184X","979-8-3315-0929-3","10.1109/ICMRE64970.2025.10976322","","https://ieeexplore.ieee.org/stamp/stamp.jsp?arnumber=10976322","Particle Swarm Optimization (PSO);Collective Robotics;Target Search Algorithms;Optimization Parameters;Swarm Intelligence","Mechatronics;Navigation;Neural networks;Reliability engineering;Real-time systems;Mobile robots;Particle swarm optimization;Vehicle dynamics;Optimization;Autonomous vehicles","","","","13","IEEE","30 Apr 2025","24-26 Feb. 2025","24-26 Feb. 2025","IEEE","IEEE Conferences"
"Robot Swarm Control Based on Smoothed Particle Hydrodynamics for Obstacle-Unaware Navigation","M. Eguchi; M. Nishimura; S. Yoshida; T. Hiraki","Cluster Metaverse Lab, Shinagawa, Tokyo, Japan; OMRON SINIC X Corporation, Bunkyo, Tokyo, Japan; OMRON SINIC X Corporation, Bunkyo, Tokyo, Japan; Cluster Metaverse Lab, Shinagawa, Tokyo, Japan",2024 IEEE/RSJ International Conference on Intelligent Robots and Systems (IROS),"25 Dec 2024","2024","","","9006","9013","Robot swarms hold immense potential for performing complex tasks far beyond the capabilities of individual robots. However, the challenge in unleashing this potential is the robots’ limited sensory capabilities, which hinder their ability to detect and adapt to unknown obstacles in real-time. To overcome this limitation, we introduce a novel robot swarm control method with an indirect obstacle detector using a smoothed particle hydrodynamics (SPH) model. The indirect obstacle detector can predict the collision with an obstacle and its collision point solely from the robot’s velocity information. This approach enables the swarm to effectively and accurately navigate environments without the need for explicit obstacle detection, significantly enhancing their operational robustness and efficiency. Our method’s superiority is quantitatively validated through a comparative analysis, showcasing its significant navigation and pattern formation improvements under obstacle-unaware conditions.","2153-0866","979-8-3503-7770-5","10.1109/IROS58592.2024.10801800","","https://ieeexplore.ieee.org/stamp/stamp.jsp?arnumber=10801800","","Adaptation models;Navigation;Swarm robotics;Fluid flow;Detectors;Robot sensing systems;Hydrodynamics;Robustness;Collision avoidance;Robots","","3","","29","IEEE","25 Dec 2024","14-18 Oct. 2024","14-18 Oct. 2024","IEEE","IEEE Conferences"
"Swarm Robotics for Autonomous Aerial Robots: Features, Algorithms, Control Techniques, and Challenges","Y. Alqudsi; M. Makaraci","Aerospace Engineering Department, Faculty of Aeronautics and Astronautics, Kocaeli University, Kocaeli, Türkey; Mechanical Engineering Department, Faculty of Engineering, Kocaeli University, Kocaeli, Türkey",2024 4th International Conference on Emerging Smart Technologies and Applications (eSmarTA),"26 Aug 2024","2024","","","1","9","With the aim of revolutionizing various industries, the field of Swarm Robotics (SRs) continuously offers efficient solutions to complex tasks. This paper provides a comprehensive review of recent advancements and emerging trends in SR, with a specific focus on the coordination and control of Swarm Aerial Robots (SARs). It examines the key features and characteristics of SR, its integration with swarm intelligence, and fundamental algorithms such as Ant Colony Optimization (ACO), Particle Swarm Optimization (PSO), Genetic Algorithm (GA), and Differential Evolution (DE). The paper also discusses various swarm control techniques, infrastructure requirements, and challenges associated with implementing SR in Aerial Robots. Additionally, the paper outlines future research directions, emphasizing the need for robust, energy-efficient, adaptive algorithms and ethical considerations in deploying autonomous Aerial robot swarms. This study aims to provide a solid foundation for researchers and practitioners, paving the way for future advancements and interdisciplinary collaboration in this promising field.","","979-8-3503-5413-3","10.1109/eSmarTA62850.2024.10639038","","https://ieeexplore.ieee.org/stamp/stamp.jsp?arnumber=10639038","Autonomous Robot Swarms;Swarm Intelligence Algorithms;Robotic Coordination Challenges;Swarm Control Techniques;Multi-Robot Systems","Industries;Ethics;Reviews;Swarm robotics;Autonomous aerial vehicles;Solids;Market research","","16","","65","IEEE","26 Aug 2024","6-7 Aug. 2024","6-7 Aug. 2024","IEEE","IEEE Conferences"
"Goal Driven Multi-Robot Navigation in Simulated Environments with Federated Deep Reinforcement Learning","M. P. Pramuk; M. V. Kumar; P. S. Kashyap; N. Lohith; S. Tripathi","Dept. of ECE, PES University, Bengaluru, India; Dept. of ECE, PES University, Bengaluru, India; Dept. of ECE, PES University, Bengaluru, India; Dept. of ECE, PES University, Bengaluru, India; Dept. of ECE, PES University, Bengaluru, India",2024 9th International Conference on Control and Robotics Engineering (ICCRE),"16 Jul 2024","2024","","","114","120","This research introduces a Federated Deep Reinforcement Learning (FDRL) approach utilizing the Twin Delayed Deep Deterministic Policy Gradients (TD3) algorithm to address challenges in Multi-Robot systems (MRSs). The main objective of this paper is to achieve autonomous movement of robots towards their designated destinations, incorporating obstacle avoidance and optimizing route selection in dynamic 3D environments. This is accomplished through the utilization of the federated-TD3 model. The proposed FDRL method is compared with the Federated Deep Deterministic Policy Gradients (Federated DDPG) algorithm and the traditional Multi Agent Deep Deterministic Policy Gradients (MADDPG), revealing superior stability and improved performance metrics, including goal completion percentage, average distance traveled, collision count, and average reward return. This study contributes to the advancement of efficient and reliable multi-robot systems, showcasing the efficacy of Federated TD3 in enhancing autonomy and navigation in simulated environments.","2835-3722","979-8-3503-7269-4","10.1109/ICCRE61448.2024.10589778","","https://ieeexplore.ieee.org/stamp/stamp.jsp?arnumber=10589778","Federated Deep reinforcement learning;Multi Robot system;DDPG;TD3;MADDPG","Training;Measurement;Three-dimensional displays;Navigation;Heuristic algorithms;Flowering plants;Deep reinforcement learning","","3","","13","IEEE","16 Jul 2024","10-12 May 2024","10-12 May 2024","IEEE","IEEE Conferences"
"Research on Inverse Kinematics of Welding Robot Based on Particle Swarm Optimization Algorithm","F. Lv; F. Tu; X. Liu; X. Xu","Key Laboratory of Metallurgical Equipment and Control, Wuhan University of Science and Technology, Wuhan, China; Key Laboratory of Metallurgical Equipment and Control, Wuhan University of Science and Technology, Wuhan, China; Technical Research and Development Department, Beihu Mechanical and Electrical Engineering Co., Ltd, Wuhan, China; Key Laboratory of Metallurgical Equipment and Control, Wuhan University of Science and Technology, Wuhan, China","2025 11th International Conference on Mechanical Engineering, Materials and Automation Technology (MMEAT)","24 Feb 2026","2025","","","65","70","Aiming at the problems of slow convergence speed, easy to fall into local optimum, and insufficient multi-objective coupling accuracy in the traditional algorithm for solving the inverse kinematics of welding manipulators, an adaptive particle swarm algorithm integrating dynamic weight and niche collaborative optimization was proposed. Firstly, a kinematic model of a six-degree-of-freedom manipulator was constructed based on the Denavit–Hartenberg parameter method. By introducing the weighted objective function of the end pose error and the energy consumption of the joint angle motion, the multi-objective optimization of motion stability and positioning accuracy was realized. Secondly, the inertia weight was dynamically adjusted by introducing a composite cosine function to ensure the search efficiency. In addition, the population was divided into regions through the niche strategy; the particles were updated in different regions by combining the crossover and mutation mechanisms to improve population diversity and global convergence efficiency. Compared with the traditional algorithm, the solution accuracy of the improved algorithm was improved by more than an order of magnitude, and the solution speed was increased by 6.42%.","","979-8-3315-2506-4","10.1109/MMEAT65787.2025.11398997","National Natural Science Foundation of China; ","https://ieeexplore.ieee.org/stamp/stamp.jsp?arnumber=11398997","Particle Swarm Optimization;niche;Inverse Kinematics;Multi-objective optimization;Adaptive Weighting","Accuracy;Heuristic algorithms;Welding;Diversity reception;Kinematics;Linear programming;Particle swarm optimization;Optimization;Manipulator dynamics;Convergence","","","","12","IEEE","24 Feb 2026","23-25 June 2025","23-25 June 2025","IEEE","IEEE Conferences"
"A Study of Robotic Arm Based on Particle Swarm Optimization and Wolf Pack Algorithm","Z. Zhong","School of Mechanical Engineering, Tianjin University, Tianjin, China","2025 IEEE 3rd International Conference on Control, Electronics and Computer Technology (ICCECT)","23 Jan 2026","2025","","","1484","1489","With the advancement of mechanical design, manufacturing, and control technologies, robotic arms have found widespread application across various fields and scenarios. Firstly, this paper conducted a foundational modeling study of a six-axis robotic arm, presenting the D-H coordinate system and methods for forward and inverse kinematics solutions. Secondly, Particle Swarm Optimization (PSO) and Wolf Pack Algorithm (WPA) were applied to optimize the motion trajectory of the six-axis robotic arm. Finally, MATLAB was used to construct a random obstacle model, and simulation experiments were conducted for both optimization algorithms. The shortest path calculation under specific working conditions was obtained. The path optimization results of these two algorithms provided effective references for the subsequent design and application of six-axis robotic arms.","","979-8-3315-1855-4","10.1109/ICCECT64621.2025.11339850","","https://ieeexplore.ieee.org/stamp/stamp.jsp?arnumber=11339850","six-axis robotic arm;D-H coordinate system;PSO;WPA","Three-dimensional displays;Robot kinematics;Two-dimensional displays;Manipulators;Mathematical models;Trajectory;Manufacturing;Particle swarm optimization;MATLAB;Optimization","","","","12","IEEE","23 Jan 2026","25-27 April 2025","25-27 April 2025","IEEE","IEEE Conferences"
"Integral Reinforcement Learning-Based Multi-Robot Minimum Time-Energy Path Planning Subject to Collision Avoidance and Unknown Environmental Disturbances","C. He; Y. Wan; Y. Gu; F. L. Lewis","Department of Electrical Engineering, University of Texas at Arlington, Arlington, USA; Department of Electrical Engineering, University of Texas at Arlington, Arlington, USA; Department of Electrical Engineering, University of Texas at Arlington, Arlington, USA; Department of Electrical Engineering, University of Texas at Arlington, Arlington, USA",IEEE Control Systems Letters,"22 Jul 2020","2021","5","3","983","988","In this letter, we study the online multi-robot minimum time-energy path planning problem subject to collision avoidance and input constraints in an unknown environment. We develop an online adaptive solution for the problem using integral reinforcement learning (IRL). This is achieved through transforming the finite-horizon minimum time-energy problem with input constraints to an approximate infinite-horizon optimal control problem. To achieve collision avoidance, we incorporate artificial potential fields into the approximate cost function. We develop an IRL-based optimal control strategy and prove its convergence. The theoretical results are verified through simulation studies.","2475-1456","","10.1109/LCSYS.2020.3007663","Science Foundation for Research Support Germane(grant numbers:1724248,1714519,1714826,1839804); Office of Naval Research(grant numbers:N00014-18-1-2221); Army Research Office(grant numbers:W911NF-20-1-0132); ","https://ieeexplore.ieee.org/stamp/stamp.jsp?arnumber=9134394","Robotics;optimal control;constrained control;machine learning;uncertain systems","Path planning;Robots;Collision avoidance;Cost function;Optimal control;Aerospace electronics;Convergence","","38","","18","IEEE","7 Jul 2020","July 2021","","IEEE","IEEE Journals"
"Collision-aware Multi-robot Motion Coordination Deep-RL with Dynamic Priority Strategy","L. Zhao; S. Han; Y. Lin","Beijing Key Laboratory of Traffic Data Analysis and Mining, School of Computer and Information Technology, Beijing Jiaotong University, Beijing, China; Beijing Key Laboratory of Traffic Data Analysis and Mining, School of Computer and Information Technology, Beijing Jiaotong University, Beijing, China; Beijing Key Laboratory of Traffic Data Analysis and Mining, School of Computer and Information Technology, Beijing Jiaotong University, Beijing, China",2021 IEEE 33rd International Conference on Tools with Artificial Intelligence (ICTAI),"21 Dec 2021","2021","","","65","72","The motion coordination of multi-robots is the basis of the multi-robot system (MRS). The motion coordination problem of multi-robot satisfies the Markov property, so deep reinforcement learning (DRL) can be used to solve this problem. There are two limitations in the existing researches which apply DRL to solve this problem: the success rate of training is low and the effect of coordination is poor. We believe that in the training process, the agent should learn the collision constraint relationship from the collision. Therefore, we propose a Partially Tolerant Collision (PTC) collision handling strategy. And we believe that the completion time of motion coordination is related to the remaining distance of robots. Therefore, we propose the Dynamic Priority Strategy (DPS), which sets the priority for the robot based on the remaining distance of robots. This strategy is integrated into the reward setting of DRL. We use Path Checkerboard Diagram (PCD) as the basis for training and simulation. By experimenting with algorithms such as DQN, DDQN, and MLDDQN, the results of our proposed model are better than previous studies.","2375-0197","978-1-6654-0898-1","10.1109/ICTAI52525.2021.00017","","https://ieeexplore.ieee.org/stamp/stamp.jsp?arnumber=9643381","motion coordination;multi-robot system (MRS);deep reinforcement learning (DRL)","Training;Robot kinematics;Roads;Heuristic algorithms;Conferences;Dynamics;Reinforcement learning","","3","","17","IEEE","21 Dec 2021","1-3 Nov. 2021","1-3 Nov. 2021","IEEE","IEEE Conferences"
"Chaotic Salp Swarm Algorithm for Inverse Kinematics of a 5-DOF Drill Floor Robot","F. Zhao; S. Yang; J. Liu; B. Wu; Y. Hu","School of Mechanical Science and Engineering, Huazhong University of Science and Technology, Wuhan, China; CNPC National Engineering Research Center for Oil&gas Drilling Equipment Co., Ltd., Baoji, China; School of Civil and Hydraulic Engineering Huazhong University of Science and Technology, Wuhan, China; School of Mechanical Science and Engineering, Huazhong University of Science and Technology, Wuhan, China; School of Mechanical Science and Engineering, Huazhong University of Science and Technology, Wuhan, China","2023 5th International Conference on Intelligent Control, Measurement and Signal Processing (ICMSP)","12 Jul 2023","2023","","","725","728","As automation technology continues to advance in the global oil industry, intelligence is becoming a crucial trend. The focus of future research and development will be on reducing labor, minimizing operational risks, and enhancing work efficiency. The kinematics problem of drill floor robots is the basic problem for achieving intelligent operation, and inverse kinematics is the key problem for the kinematics solution. This paper focuses on the inverse kinematics solution of a drill floor robot that does not meet the Piper criteria. A modified Chaotic Salp Swarm Algorithm (MCSSA) is proposed for the robot. The algorithm utilizes Gaussian chaotic maps for population initialization and updates the salp leader positions, imitating the individual positions update mechanism of particle swarm optimization (PSO) to update the salp followers' positions. The improved method is used to calculate inverse kinematics solutions and is compared with classical PSO, Differential Evolution Algorithm (DE), Genetic Algorithm (GA), and Salp Swarm Algorithm (SSA) algorithms. The results show that the improved SSA algorithm performs better for inverse kinematics problems.","","979-8-3503-3603-0","10.1109/ICMSP58539.2023.10170825","National Key Research and Development Program of China(grant numbers:2022YFC3802204); ","https://ieeexplore.ieee.org/stamp/stamp.jsp?arnumber=10170825","drill robot;inverse kinematics;SSA algorithm;chaotic maps","Service robots;Sociology;Signal processing algorithms;Kinematics;Signal processing;Statistics;Particle swarm optimization","","2","","13","IEEE","12 Jul 2023","19-21 May 2023","19-21 May 2023","IEEE","IEEE Conferences"
"Decentralized Multi-Robot Navigation Coupled with Spatial-Temporal RetNet Based on Deep Reinforcement Learning","L. Chen; Y. Wang; Z. Miao; M. Feng; Y. Wang; Y. Mo; Z. Zhou; H. Wang; D. Wang","School of Electrical and Information Engineering, Hunan University, Changsha, China; School of Electrical and Information Engineering, Hunan University, Changsha, China; School of Electrical and Information Engineering, Hunan University, Changsha, China; School of Artificial Intelligence, Xidian University, Xian, China; School of Electrical and Electrical Engineering, Nanyang Technological University, Nanyang Avenue, Singapore; School of Electrical and Information Engineering, Hunan University, Changsha, China; School of Electrical and Information Engineering, Hunan University, Changsha, China; Department of Automation, Shanghai Jiao Tong University, Shanghai, China; School of Electrical and Electrical Engineering, Nanyang Technological University, Nanyang Avenue, Singapore",2024 IEEE/RSJ International Conference on Intelligent Robots and Systems (IROS),"25 Dec 2024","2024","","","10289","10296","Navigating robots through dynamic multi-robot environments, avoiding collisions with both other robots and obstacles, has emerged as a central challenge in robotics. The existing approaches fall short in allowing the policy network to effectively capture spatial-temporal reciprocal collision avoidance in multi-robot environments, comprising both static and dynamic obstacles, resulting in inadequate safety and efficiency in directing robot movement. In this study, we introduce a novel policy neural network called Spatial-Temporal RetNet (STR), designed to encode reciprocal collision avoidance states between robots in spatial and temporal dimensions. The goal is to improve the safety and efficacy of the policy neural network in directing robots to complete assigned tasks. The spatial state encoder module is built upon a parallel RetNet structure, which strengthens the neural network's capacity in extracting reciprocal collision avoidance states between robots in spatial dimensions. This module addresses the limitations of position encoding in transformer-based multi-robot navigation policy neural networks. We design a temporal state encoder utilizing a recurrent RetNet structure. This innovation bolsters the multi-robot navigation policy neural network's capability to capture features in the temporal dimension of multi-robot movements. It addresses the limitations of transformer-based multi-robot navigation policy neural networks, particularly in recurrently inferring information across time dimensions. Simulation experiments were conducted to showcase the superior safety and effectiveness of our proposed method compared to previous state-of-the-art approaches in guiding robots to accomplish tasks.","2153-0866","979-8-3503-7770-5","10.1109/IROS58592.2024.10802823","National Key Research and Development Program of China; National Natural Science Foundation of China; ","https://ieeexplore.ieee.org/stamp/stamp.jsp?arnumber=10802823","","Training;Technological innovation;Navigation;Neural networks;Transformers;Feature extraction;Encoding;Safety;Collision avoidance;Robots","","3","","25","IEEE","25 Dec 2024","14-18 Oct. 2024","14-18 Oct. 2024","IEEE","IEEE Conferences"
"An Improved Chicken Swarm Optimization Algorithm and its Application in Robot Path Planning","X. Liang; D. Kou; L. Wen","School of Science, Beijing University of Civil Engineering and Architecture, Beijing, China; School of Science, Beijing University of Civil Engineering and Architecture, Beijing, China; Key Laboratory of Economics System Simulation, Guizhou University of Finance and Economics, Guiyang, China",IEEE Access,"18 Mar 2020","2020","8","","49543","49550","Chicken swarm optimization (CSO) algorithm is one of very effective intelligence optimization algorithms, which has good performance in solving global optimization problems (GOPs). However, the CSO algorithm performs relatively poorly in complex GOPs for some weaknesses, which results the iteration easily fall into a local minimum. An improved chicken swarm optimization algorithm (ICSO) is proposed and applied in robot path planning. Firstly, an improved search strategy with Levy flight characteristics is introduced in the hen's location update formula, which helps to increase the perturbation of the proposed algorithm and the diversity of the population. Secondly, a nonlinear weight reduction strategy is added in the chicken's position update formula, which may enhance the chicken's self-learning ability. Finally, multiple sets of unconstrained functions are used and a robot simulation experimental environment is established to test the ICSO algorithm. The numerical results show that, comparing to particle swarm optimization (PSO) and basic chicken swarm optimization (CSO), the ICSO algorithm has better convergence accuracy and stability for unconstrained optimization, and has stronger search capability in the robot path planning.","2169-3536","","10.1109/ACCESS.2020.2974498","National Key Research Program of China(grant numbers:2016YFC0700601); National Natural Science Foundation of China(grant numbers:61463009); Joint Program for the Science and Technology Top Talents of Higher Learning Institutions of Guizhou(grant numbers:KY[2017]070); Education Department of Guizhou Province Projects(grant numbers:KY[2017]004); Central Support Local Projects(grant numbers:PXM 2013_014210_000173); Beijing University of Civil Engineering and Architecture(grant numbers:X18193); ","https://ieeexplore.ieee.org/stamp/stamp.jsp?arnumber=9000844","Chicken swarm optimization algorithm;Levy flight;nonlinear weight reduction strategy;numerical experiments;robot path planning","Optimization;Particle swarm optimization;Convergence;Robots;Path planning;Search problems;Sociology","","47","","16","CCBY","17 Feb 2020","2020","","IEEE","IEEE Journals"
"Research on Multi-Robot Obstacle Avoidance Technology Based on HRVO Combined with Deep Reinforcement Learning","H. Hao","Department of Big Data and Intelligent Engineering, Shanxi Institute of Technology, Yangquan, China",2025 IEEE 7th International Conference on Civil Aviation Safety and Information Technology (ICCASIT),"29 Jan 2026","2025","","","1683","1689","To address the limitations of deep reinforcement learning algorithms and traditional obstacle avoidance algorithms in multi-robot obstacle avoidance navigation tasks in dynamic obstacle environments, where environmental information is weakly correlated, this study proposes an improved hybrid Reciprocal Velocity Obstacle (HRVO) combined with reinforcement learning obstacle avoidance method. Based on the radius of circular differential robots, velocity regions are constructed. Considering the oscillation issues in pure RVO or VO, the velocity region is selected by determining the sign of the cross product between the velocity vector direction and the centre line of the region. A additive attention mechanism is used to pre-process information about surrounding robots and obstacles. After assigning weights to collision time and collision distance, the values are summed and input into a BiGRU network for temporal reasoning. The reward function is designed using a collision time and collision distance function to enhance local obstacle avoidance response. Experimental results show that the reinforcement learning scheme combined with HRVO can improve the obstacle avoidance navigation success rate of multiple robots in complex environments by 56.1% compared to RVO and by 43.5% compared to NH-ORCA, with smaller robot speed standard deviation and shorter travel time. Compared to ordinary reinforcement learning and traditional algorithms, it has higher stability and robustness in executing multi-robot complex environment obstacle avoidance navigation tasks.","","979-8-3315-0374-1","10.1109/ICCASIT66611.2025.11348837","","https://ieeexplore.ieee.org/stamp/stamp.jsp?arnumber=11348837","HRVO;deep reinforcement learning;neural networks;multi-robot;obstacle avoidance","Navigation;Heuristic algorithms;Robot sensing systems;Deep reinforcement learning;Vectors;Robustness;Safety;Collision avoidance;Robots;Standards","","","","10","IEEE","29 Jan 2026","22-24 Oct. 2025","22-24 Oct. 2025","IEEE","IEEE Conferences"
"A Multi-agent Reinforcement Learning Method for Swarm Robots in Space Collaborative Exploration","Y. Huang; S. Wu; Z. Mu; X. Long; S. Chu; G. Zhao","School of Aeronautics and Astronautics, Shanghai JiaoTong University, Shanghai, China; School of Aeronautics and Astronautics, Shanghai JiaoTong University, Shanghai, China; School of Aeronautics and Astronautics, Shanghai JiaoTong University, Shanghai, China; School of Aeronautics and Astronautics, Shanghai JiaoTong University, Shanghai, China; School of Aeronautics and Astronautics, Shanghai JiaoTong University, Shanghai, China; School of Aeronautics and Astronautics, Shanghai JiaoTong University, Shanghai, China","2020 6th International Conference on Control, Automation and Robotics (ICCAR)","4 Jun 2020","2020","","","139","144","Deep-space exploration missions are known as particularly challenging with high risk and cost, as they operate in environments with high uncertainty. The fault of exploration robot can even cause the whole mission to failure. One of the solutions is to use swarm robots to operate missions collaboratively. Compared with a single capable robot, a swarm of less sophisticated robots can cooperate on multiple and complex tasks. Reinforcement learning (RL) has made a variety of progress in multi-agent system autonomous cooperative control domains. In this paper, we construct a collaborative exploration scenario, where a multi-robot system explores an unknown Mars surface. Tasks are assigned to robots by human scientists and each robot takes optimal policies autonomously. The method used to train policies is a multi-agent deep deterministic policy gradient algorithm (MADDPG) and we design an experience sample optimizer to improve this algorithm. The results show that, with the increase of robots and targets number, this method is more efficient than traditional deep RL algorithm in a multi-agent collaborative exploration environment.","2251-2446","978-1-7281-6139-6","10.1109/ICCAR49639.2020.9107997","","https://ieeexplore.ieee.org/stamp/stamp.jsp?arnumber=9107997","space exploration;swarm robots;multi-agents;reinforcement learning;MADDPG","Mars;Uncertainty;Costs;Collaboration;Swarm robotics;Reinforcement learning;Space exploration","","37","","14","IEEE","4 Jun 2020","20-23 April 2020","20-23 April 2020","IEEE","IEEE Conferences"
"Adaptive Dynamic Window Approach for Mobile Robot Motion Control Using Particle Swarm Optimization","S. S. Sarkis; O. S. Elfayoumi; M. A. Jaradat; B. J. Emran","Mechatronics Engineering Graduate Program, American University of Sharjah, Sharjah, United Arab Emirates; Mechatronics Engineering Graduate Program, American University of Sharjah, Sharjah, United Arab Emirates; Department of Mechanical Engineering, American University of Sharjah, Sharjah, United Arab Emirates; Department of Electrical Engineering, American University of Sharjah, Sharjah, United Arab Emirates",IEEE Access,"19 Dec 2025","2025","13","","212104","212120","Autonomous navigation for mobile robots in dynamic and unknown environments requires a robust and adaptable path planning approach able to handle real world various applications. Among the most widely deployed local path planning approaches is the Dynamic Window Approach (DWA), known for its effectiveness in reactive obstacle avoidance and local trajectory planning and generation. DWA approach obtains its optimal collision free path by optimizing an objective function, which manages the trade-off between reaching the goal and obstacle avoidance. This optimization process depends on the appropriate preselection of a set of fixed weights within the DWA objective function; this set of weights is normally preselected for static or controlled environment situations. However, this fixed preselection process of the weights limits the adaptability performance of the DWA in complex or dynamic environment. To address this limitation, this paper proposes an intelligent adaptive DWA framework for mobile robot navigation in both static and dynamic environments (PSO-DWA). The proposed framework incorporate an online Particle Swarm Optimization (PSO) approach that dynamically adjusts the DWA objective function weights based on environmental feedback to improve its adaptability to environmental changes and efficiency of the robot performance. The performance of the proposed intelligent adaptive PSO-DWA was compared against the classical DWA and another adaptive variant DWA approach based on genetic algorithm (GA-DWA). The demonstrated simulation results show that there was a substantial reduction in robot travel time by 30% and an increase in the navigation success rate by 20%, with a 10% increase in average robot velocity over the classical DWA, and consistently outperformed GA-DWA especially in dense and dynamic environments. Theses finding were validated through real-time experiments conducted through various static and dynamic environment testing scenarios using a mobile robot platform, confirming the effectiveness and adaptability of the proposed framework.","2169-3536","","10.1109/ACCESS.2025.3624130","American University of Sharjah (AUS), Faculty Research Grant (FRG) Program(grant numbers:FRG24-E-E91); Open Access Program from American University of Sharjah; ","https://ieeexplore.ieee.org/stamp/stamp.jsp?arnumber=11214140","Collision avoidance;intelligent adaptive dynamic window approach;particle swarm optimization;mobile robots","Trajectory;Vehicle dynamics;Robots;Heuristic algorithms;Collision avoidance;Tuning;Navigation;Linear programming;Real-time systems;Planning","","2","","35","CCBY","22 Oct 2025","2025","","IEEE","IEEE Journals"
"Evolving Adaptive Foraging Robot Swarms with NEAT in Environments with Obstacles","T. U. Zaman; P. Biteng; Q. Lu","Department of Computer Science, The Univ. of Texas Rio Grande Valley, Edinburg, Texas, USA; Department of Computer Science, The Univ. of Texas Rio Grande Valley, Edinburg, Texas, USA; Department of Computer Science, The Univ. of Texas Rio Grande Valley, Edinburg, Texas, USA",2025 8th International Conference on Intelligent Robotics and Control Engineering (IRCE),"23 Oct 2025","2025","","","33","38","We apply NeuroEvolution of Augmented Topologies (NEAT) to evolve adaptive and efficient swarm foraging behaviors in unknown environments with randomly placed obstacles. By rewarding effective actions and penalizing inefficient ones using the proposed strategy P-NeatFA, the training generates efficient foraging and obstacle avoidance strategies, reducing redundancy and outperforming traditional stochastic foraging algorithms. Optimization is guided by cumulative reward-based fitness, evaluated through simulations involving three types of distributed resources. Foraging performance is assessed in terms of resource retrieval rates. We compare the performance of our proposed P-NeatFA with that of CPFA and NeatFA. Experimental results show that P-NeatFA significantly outperforms the two strategies. The experimental results with three different numbers of robots in swarms show that the proposed strategy has better collision avoidance strategies and scalability when the swarm size increases. In future work, our goal is to integrate Federated Learning (FL) to develop a secure, scalable, and distributed swarm framework for real-world foraging applications.","2770-4815","979-8-3503-5710-3","10.1109/IRCE66030.2025.11203043","","https://ieeexplore.ieee.org/stamp/stamp.jsp?arnumber=11203043","Multi-Robot Systems;Foraging Robots;Evolutionary Algorithms;NEAT","Training;Energy consumption;Federated learning;Scalability;Swarm robotics;Stochastic processes;Trajectory;Topology;Collision avoidance;Robots","","1","","18","IEEE","23 Oct 2025","18-21 Aug. 2025","18-21 Aug. 2025","IEEE","IEEE Conferences"
"Expert System-Based Multiagent Deep Deterministic Policy Gradient for Swarm Robot Decision Making","Z. Wang; X. Jin; T. Zhang; J. Li; D. Yu; K. H. Cheong; C. L. P. Chen","School of Mechanical Engineering, Northwestern Polytechnical University, Xi’an, China; School of Mechanical Engineering, Northwestern Polytechnical University, Xi’an, China; School of Mechanical Engineering, Northwestern Polytechnical University, Xi’an, China; School of Mechanical Engineering, Northwestern Polytechnical University, Xi’an, China; Unmanned System Research Institute, Northwestern Polytechnical University, Xi’an, China; Science, Mathematics and Technology Cluster, Singapore University of Technology and Design, Tampines, Singapore; School of Computer Science and Engineering, South China University of Technology, Guangzhou, China",IEEE Transactions on Cybernetics,"9 Feb 2024","2024","54","3","1614","1624","In this article, an expert system-based multiagent deep deterministic policy gradient (ESB-MADDPG) is proposed to realize the decision making for swarm robots. Multiagent deep deterministic policy gradient (MADDPG) is a multiagent reinforcement learning algorithm proposed to utilize a centralized critic within the actor–critic learning framework, which can reduce policy gradient variance. However, it is difficult to apply traditional MADDPG to swarm robots directly as it is time consuming during the path planning, rendering it necessary to propose a faster method to gather the trajectories. Besides, the trajectories obtained by the MADDPG are continuous by straight lines, which is not smooth and will be difficult for the swarm robots to track. This article aims to solve these problems by closing the above gaps. First, the ESB-MADDPG method is proposed to improve the training speed. The smooth processing of the trajectory is designed in the ESB-MADDPG. Furthermore, the expert system also provides us with many trained offline trajectories, which avoid the retraining each time we use the swarm robots. Considering the gathered trajectories, the model predictive control (MPC) algorithm is introduced to realize the optimal tracking of the offline trajectories. Simulation results show that combining ESB-MADDPG and MPC can realize swarm robot decision making efficiently.","2168-2275","","10.1109/TCYB.2022.3228578","National Science Fund for Distinguished Young Scholarship of China(grant numbers:62025602); National Natural Science Foundation of China(grant numbers:U22B2036,11931915); Fok Ying Tong Education Foundation(grant numbers:171105); Technological Innovation Team of Shaanxi Province(grant numbers:2020TD013); Tencent Foundation and XPLORER PRIZE; ","https://ieeexplore.ieee.org/stamp/stamp.jsp?arnumber=9998555","Model prediction control;multiagent deep deterministic policy gradient (MADDPG);swarm robot decision making","Swarm robotics;Robots;Trajectory;Path planning;Expert systems;Training;Optimization","","27","","34","IEEE","26 Dec 2022","March 2024","","IEEE","IEEE Journals"
"Scalable Multi-Robot Informative Path Planning for Target Mapping via Deep Reinforcement Learning","A. Vashisth; M. Kulshrestha; D. Conover; A. Bera","Department of Computer Science, Purdue University, West Lafayette, IN, USA; Department of Computer Science, Purdue University, West Lafayette, IN, USA; DEVCOM Army Research Laboratory, Adelphi, MD, USA; Department of Computer Science, Purdue University, West Lafayette, IN, USA",IEEE Robotics and Automation Letters,"3 Feb 2026","2026","11","3","3414","3421","Autonomous robots are widely utilized for mapping and exploration tasks due to their cost-effectiveness. Multi-robot systems offer scalability and efficiency, especially in terms of the number of robots deployed in more complex environments. These tasks belong to the set of Multi-Robot Informative Path Planning (MRIPP) problems. In this letter, we propose a deep reinforcement learning approach for the MRIPP problem. We aim to maximize the number of discovered stationary targets in an unknown 3D environment while operating under resource constraints (such as path length). Here, each robot aims to maximize discovered targets, avoid unknown static obstacles, and prevent inter-robot collisions while operating under communication and resource constraints. We utilize the centralized training and decentralized execution paradigm to train a single policy neural network. A key aspect of our approach is our coordination graph that prioritizes visiting regions not yet explored by other robots. Our learned policy can be copied onto any number of robots for deployment in more complex environments not seen during training. Our approach outperforms state-of-the-art approaches by at least $\mathbf {26.2\%}$ in terms of the number of discovered targets while requiring a planning time of less than $\mathbf {2}$ sec per step. We present results for more complex environments with up to $\mathbf {64}$ robots and compare success rates against baseline planners.","2377-3766","","10.1109/LRA.2026.3655204","DEVCOM Army Research Laboratory under cooperative agreement; ","https://ieeexplore.ieee.org/stamp/stamp.jsp?arnumber=11358649","Motion and path planning;reinforcement learning;multi-robot systems","Robots;Robot kinematics;Collision avoidance;Robot sensing systems;Multi-robot systems;Planning;Deep reinforcement learning;Training;Path planning;Uncertainty","","","","37","IEEE","19 Jan 2026","March 2026","","IEEE","IEEE Journals"
"Multi-Robot Path Planning Using Nash Equilibrium Based Game Theory","P. S; S. P","Department of EEE, Amrita School of Engineering, Coimbatore, Amrita Vishwa Vidyapeetham, India; Department of EEE, Amrita School of Engineering, Coimbatore, Amrita Vishwa Vidyapeetham, India",2023 International Conference on Recent Advances in Information Technology for Sustainable Development (ICRAIS),"27 Dec 2023","2023","","","188","193","With, human life becomes more and more reliant on robots, accurate path planning of the robot is essential. The utility and significance of a multi-robot system are determined by its ability to reach the desired location and complete the given task. Therefore, the proposed approach using game theory for multi robot path planning holds great potential for improving the efficiency and safety of robotic systems in a variety of applications. The proposed system consists of two robots that will follow a predetermined path. To select the robot, the electrical battery level and mechanical robustness are considered, and the best performing robot will be selected. Based on the performance scores for the battery level and the score for mechanical robustness a Game Theory algorithm is implemented based on Nash equilibrium to achieve optimal path planning, which treats each robot as a player in a game. A Nash equilibrium is a specific condition of Game Theory where no robot can improve its outcome by changing its strategy. The work is implemented on two robots in the laboratory.","","979-8-3503-0663-7","10.1109/ICRAIS59684.2023.10367088","","https://ieeexplore.ieee.org/stamp/stamp.jsp?arnumber=10367088","Multi-robot;Path Planning;Game Theory;Nash equilibrium;Strategies;PyCharm","Nash equilibrium;Path planning;Robustness;Batteries;Safety;Multi-robot systems;Task analysis","","2","","12","IEEE","27 Dec 2023","6-7 Nov. 2023","6-7 Nov. 2023","IEEE","IEEE Conferences"
"Research on Multi-Stage Path Planning for Human-Multi-Robot Collaboration Assembly","X. Meng; Z. Ding","School of mechanical and equipment engineering, Hebei university of engineering, Handan, China; School of mechanical and equipment engineering, Hebei university of engineering, Handan, China",2024 5th International Conference on Artificial Intelligence and Computer Engineering (ICAICE),"6 Feb 2025","2024","","","1138","1142","Multi-robot collaborative operation is an important component of current intelligent manufacturing. In this paper, the task allocation and multi-stage path planning are studied for human-multi-robot collaboration. In particular, a genetic algorithm based on task directed graph (TDG-GA) is proposed to achieve the optimal task allocation and multi-stage path planning of robots. In TDG-GA, the particle swarm optimization algorithm is firstly employed to plan the optimal path for each task of industrial robot, and then, the auction process constrained by task directed graph is integrated into genetic algorithm to allocate the tasks. Finally, the task sequence is integrated with the optimal path to generate the multi-stage paths for each industrial robot. A reducer collaboration assembly experiment is used to verify the effectiveness of TDG-GA.","","979-8-3315-2891-1","10.1109/ICAICE63571.2024.10863988","","https://ieeexplore.ieee.org/stamp/stamp.jsp?arnumber=10863988","task allocation;multi-stage path planning;multi-robot;human-robot collaboration;collaboration assembly","Service robots;Collaboration;Directed graphs;Industrial robots;Path planning;Real-time systems;Resource management;Particle swarm optimization;Assembly;Genetic algorithms","","1","","7","IEEE","6 Feb 2025","8-10 Nov. 2024","8-10 Nov. 2024","IEEE","IEEE Conferences"
"Efficient Collision-Free Motion Planning in Distributed Multi-Robot Systems","O. Sharma; N. Chakraborty","Department of Computer Science and Engineering, India Institute of Information Technology Guwahati, Assam, India; Department of Computer Science and Engineering, India Institute of Information Technology Guwahati, Assam, India",2025 17th International Conference on COMmunication Systems and NETworks (COMSNETS),"20 Feb 2025","2025","","","1047","1050","In distributed multi-robot systems, ensuring collision-free motion planning is a complex challenge, especially in dynamic environments where multiple robots are operating simultaneously. Traditional path-planning algorithms are effective for individual robot navigation but struggle when dealing with the unpredictable movements of other robots in the system. To overcome these limitations, this research focuses on advanced motion planning techniques that ensure safe and efficient robot coordination. We model the overall motion planning problem into a two-dimensional grid and our objective is to minimize both the time and the energy taken by the robots to reach their destinations from their respective sources. We enhance standard path-finding algorithms such as A* search, along with Deep Reinforcement Learning (DRL) with suitable modifications to adapt to real-time changes. DRL allows robots to learn from their environment and make optimal decisions, improving their ability to avoid collisions and navigate efficiently in uncertain conditions. By integrating these algorithms and conducting a comparative analysis, we propose a framework that enables robots to dynamically adjust their paths, ensuring collision-free movement and optimal coordination.","2155-2509","979-8-3315-3119-5","10.1109/COMSNETS63942.2025.10885670","","https://ieeexplore.ieee.org/stamp/stamp.jsp?arnumber=10885670","Multi robot system;Collision free movement;Motion planning","Navigation;Robot kinematics;Heuristic algorithms;Dynamics;Deep reinforcement learning;Real-time systems;Planning;Multi-robot systems;Collision avoidance;Standards","","1","","5","IEEE","20 Feb 2025","6-10 Jan. 2025","6-10 Jan. 2025","IEEE","IEEE Conferences"
"Research on Application of Multi-Robot Cooperative Scheduling Algorithm in Intelligent Warehouse","K. Cheng; G. Li","College of Cold Chain Logistics and Supply Chain, Shandong Institute of Commerce and Technology, Shandong, Shandong, China; College of Cold Chain Logistics and Supply Chain, Shandong Institute of Commerce and Technology, Shandong, Shandong, China","2025 International Conference on Algorithm, Artificial Intelligence and Computer Vision (AAICV)","23 Jul 2025","2025","","","01","05","The application of multi-robot cooperative scheduling algorithm in intelligent warehouse solves the problems of path conflict between robots, uneven task allocation, poor scalability of the algorithm and real-time response to task changes. Through literature review and theoretical analysis, this paper combs the research status and development trend of multi-robot cooperative scheduling algorithm. In this study, a dynamic path planning strategy based on reinforcement learning (RL) is proposed. By defining state space, action space, reward function and strategy, the robot can dynamically adjust the path planning strategy according to real-time environmental information, effectively reducing path conflicts and obstacle avoidance time. The warehouse environment model constructed by simulation software is used to simulate the designed algorithm, and the performance is compared with $A^{*}$ and Dijkstra algorithm. Experimental results show that RL algorithm is superior in reducing path length, times of obstacle avoidance and task completion time, and effectively reduces the incidence of path conflicts. This study verifies the effectiveness of RL algorithm in multi-robot cooperative scheduling of intelligent warehouse, and shows its potential in improving work efficiency and robustness.","","979-8-3315-1470-9","10.1109/AAICV66571.2025.00023","","https://ieeexplore.ieee.org/stamp/stamp.jsp?arnumber=11083093","Intelligent warehouse;Multi-robot cooperative scheduling algorithm;Reinforcement learning","Scheduling algorithms;Heuristic algorithms;Software algorithms;Warehousing;Reinforcement learning;Dynamic scheduling;Throughput;Path planning;Real-time systems;Collision avoidance","","","","11","IEEE","23 Jul 2025","21-23 March 2025","21-23 March 2025","IEEE","IEEE Conferences"
"Robotic Arm Trajectory Planning Based on Hybrid Particle Swarm Optimization","W. Rong; Y. Yong","College of Electronic and Information Engineering, Lanzhou Jiaotong University, Lanzhou, China; College of Electronic and Information Engineering, Lanzhou Jiaotong University, Lanzhou, China","2024 IEEE 6th Advanced Information Management, Communicates, Electronic and Automation Control Conference (IMCEC)","2 Jul 2024","2024","6","","596","601","Aiming at the problem that the basic particle swarm algorithm is easy to fall into the local optimal solution for 6-degree-of-freedom robots under kinematic constraints, a trajectory planning method based on the hybrid particle swarm optimization is proposed and adopted. The method is based on the 3-5-3 combined segmented polynomial interpolation algorithm, with the time in the segmented interval as the optimization objective, and the particle swarm algorithm is improved by combining chaotic mapping, simulated annealing algorithm, improved inertia weights and learning factors. The simulation is carried out with the PUMA560 robotic arm as the object, and the results show that the hybrid particle swarm optimization can make the robotic arm speed and acceleration continuous and without sudden change in the movement process, and the time is shortened by about 11.2% compared with that of the basic particle swarm optimization, which verifies the feasibility and effectiveness of the algorithm.","2693-2776","979-8-3503-1653-7","10.1109/IMCEC59810.2024.10575647","","https://ieeexplore.ieee.org/stamp/stamp.jsp?arnumber=10575647","particle swarm algorithm;trajectory planning;Time optimal;Chaos mapping;Simulates annealing algorithms","Interpolation;Trajectory planning;Simulation;Simulated annealing;Manipulators;Polynomials;Trajectory","","7","","13","IEEE","2 Jul 2024","24-26 May 2024","24-26 May 2024","IEEE","IEEE Conferences"
"Enhancing Robotic Arm Trajectory Tracking via Hybrid Weightless Swarm Algorithm and Iterative Learning Control (WSA-ILC)","Y. Dou; E. Prempain; T. O. Ting","School of Engineering, University of Leicester, Leicester, United Kingdom; School of Engineering, University of Leicester, Leicester, United Kingdom; Department of Digital Media & Technology, Stony Brook Institute at Anhui University (SBIAHU), Anhui University, Hefei, P.R. China","2024 10th International Conference on Control, Decision and Information Technologies (CoDIT)","18 Oct 2024","2024","","","2821","2826","In this study, we propose a new approach that integrates the Weightless Swarm Algorithm (WSA) with Iterative Learning Control (ILC) to enhance the trajectory-tracking performance of robotic arms. This technique combines the learning capabilities of ILC and particle swarm to optimize the control parameters, effectively reducing tracking errors dynamically. The combination of WSA’s global search capabilities and ILC’s error minimization enables automatic tuning of the control parameters for improved tracking performance and robustness. The algorithm of this paper outperforms the classical ILC and PSO-ILC algorithms, as demonstrated on a model of the 7-degree-of-freedom robotic arm of Barrett Technology. A new performance metric called the ""Computing Burden Index"" (CBI) is introduced to better assess the different ILC algorithms.","2576-3555","979-8-3503-7397-4","10.1109/CoDIT62066.2024.10708100","","https://ieeexplore.ieee.org/stamp/stamp.jsp?arnumber=10708100","","Measurement;Program processors;Trajectory tracking;Heuristic algorithms;Manipulators;Minimization;Robustness;Trajectory;Tuning;Iterative learning control","","1","","20","IEEE","18 Oct 2024","1-4 July 2024","1-4 July 2024","IEEE","IEEE Conferences"
"Behavior Modeling and Bio-Hybrid Systems: Using Reinforcement Learning to Enhance Cyborg Cockroach in Bio-Inspired Swarm Robotics","L. Minh Triet; N. T. Thinh","Institute of Intelligent and Interactive Technologies, University of Economics Ho Chi Minh City (UEH), Ho Chi Minh City, Vietnam; Institute of Intelligent and Interactive Technologies, University of Economics Ho Chi Minh City (UEH), Ho Chi Minh City, Vietnam",IEEE Access,"12 Jun 2025","2025","13","","100119","100148","Bio-inspired swarm robotics is an emerging field at the intersection of biology, robotics, and artificial intelligence, offering novel capabilities by integrating living organisms with robotic systems. This paper presents a groundbreaking approach to behavior modeling and enhancement for biological hybrid cockroach robots using reinforcement learning (RL). The study focuses on developing a hybrid system that combines the natural adaptability of cockroaches with the precision of robotics. The RL method predicts and optimizes cockroach movements to enhance task performance in bio-inspired swarm robotics. The proposed methodology includes modeling cockroach behaviors through data-driven techniques, designing a control framework using RL, and integrating these systems into a swarm robotics architecture. By defining precise state-action spaces and reward functions, the RL model effectively learned to influence cockroach behavior via electrical stimulation of their antennae, guiding them to perform complex navigational tasks. Experimental results demonstrate the efficacy of the system in both simulated and real-world environments. The RL framework achieves high prediction accuracy and control fidelity, significantly enhancing the operational capabilities of the bio-hybrid system. Swarm-level tests reveal the potential of this approach for collaborative tasks, such as obstacle avoidance and collective decision-making. This research contributes to the advancement of bio-hybrid systems by bridging biological adaptability and robotic precision, with implications for search-and-rescue missions and environmental monitoring. We discuss ethical considerations to address the challenges of using live organisms. Future work will explore scaling the swarm system and integrating advanced sensors and AI algorithms.","2169-3536","","10.1109/ACCESS.2025.3569285","University of Economics Ho Chi Minh City (UEH), Vietnam; ","https://ieeexplore.ieee.org/stamp/stamp.jsp?arnumber=11002479","Animal behavior;bio-inspired computing;bio-inspired control;bio-inspired robotics;reinforcement learning;swarm robotics","Robots;Biology;Swarm robotics;Robot kinematics;Robot sensing systems;Navigation;Adaptation models;Power demand;Sensors;Organisms","","7","","34","CCBY","12 May 2025","2025","","IEEE","IEEE Journals"
"MOSAIX: a Swarm of Robot Tiles for Social Human-Swarm Interaction","M. Alhafnawi; E. R. Hunt; S. Lemaignan; P. O'Dowd; S. Hauert","Faculty of Engineering, University of Bristol, UK; Faculty of Engineering, University of Bristol, UK; Faculty of Environment and Technology, University of the West of England, Bristol, UK; Faculty of Engineering, University of Bristol, UK; Faculty of Engineering, University of Bristol, UK",2022 International Conference on Robotics and Automation (ICRA),"12 Jul 2022","2022","","","6882","6888","MOSAIX is a new robot swarm platform built to be used in social settings. Consisting of up to 100 individual robot Tiles, MOSAIX is a social swarm system, aimed at helping humans in social tasks such as opinion-mixing and brainstorming. MOSAIX also has the potential to be used as a platform to study human-swarm interaction and swarm expressivity. MOSAIX is intended to be used outside laboratory settings and has already been used to collect 154 opinions about climate change in a local shopping mall, used by participants to create collaborative art and used as an educational tool for schoolchildren. We also discuss future applications, such as MOSAIX acting as smart post-it notes for ideation activities.","","978-1-7281-9681-7","10.1109/ICRA46639.2022.9811723","","https://ieeexplore.ieee.org/stamp/stamp.jsp?arnumber=9811723","","Climate change;Visualization;Particle swarm optimization;Navigation;Collaboration;Touch sensitive screens;Robot sensing systems;Human factors","","12","","28","IEEE","12 Jul 2022","23-27 May 2022","23-27 May 2022","IEEE","IEEE Conferences"
"Hybrid Adaptive Greedy Algorithm Addressing the Multi-Robot Path Planning Problem","A. Kopacz; E. García González; C. Chira; J. R. Villar Flecha","Babes-Bolyai University, RO; University of Oviedo, ES; Babes-Bolyai University, RO; University of Oviedo, ES",IEEE Latin America Transactions,"3 Sep 2025","2025","23","10","856","864","In the past few years, path planning and scheduling became a high-impact research topic due to their real-world applications such as transportation, manufacturing and robotics. This paper focuses on the Multi-robot Path Planning (MPP) problem, which consists of planning the route for a set of robots in a given static environment. The main goal is to navigate the robots from a starting point to a destination point without colliding with other robots or static obstacles. We propose a hybrid method -- H* -- that combines adaptive route planning based on A* and local search algorithm to optimize routes in the context of the MPP problem. The A* algorithm finds the optimal solution for the route search problem and a heuristic approach is applied to scale up to the multi-agent scenario.The overall length of determined paths and the number of robot collisions is minimized during the evaluations specific small-scale environments.Computational experiments are conducted for multi-robot scenarios and the performance of H* is compared to several path-searching algorithms including A* variations extended for the multi-agent scenario and coevolutionary algorithms.Experimental results demonstrate that H* outperforms the A* based heuristic approaches in terms of path length. H* shows similar performance as the coevolutionary method and performs better on smaller-scale maps.","1548-0992","","10.1109/TLA.2025.11150630","","https://ieeexplore.ieee.org/stamp/stamp.jsp?arnumber=11150630","Multi-robot path planning;multi-agent systems;route planning;local search;greedy optimization","Robots;Robot kinematics;Collision avoidance;Planning;Path planning;Service robots;Navigation;Metaheuristics;Transportation;Search problems","","3","","","IEEE","3 Sep 2025","Oct. 2025","","IEEE","IEEE Journals"
"Notice of Violation of IEEE Publication Principles: An Improved Particle Swarm Optimization Method for Motion Planning of Multiple Robots","Z. Gabbassova","Apec Petrotechnic, Kazakhstan",2021 IEEE International Conference on Smart Information Systems and Technologies (SIST),"29 Jun 2021","2021","","","1","7","Multi robot motion planning is a challenging problem in the robotics field due to its complexity and high computational costs induced by the number of robots. In this paper, a new heuristic method is presented for solving this problem through a decentralized approach with global coordination. The method is based on a new improved variant of the Particle Swarm Optimization (PSO) metaheuristic, which serves as a global planner. Alternatively, for local planning and avoiding obstacles in narrow passages, the Probabilistic Roadmap Method (PRM) is employed. The global and local planners act sequentially until all robots reach their goals. The algorithm iteratively and simultaneously minimizes two main objectives, shortness and smoothness of the paths. The proposed algorithm is simulated and compared with the standard (basic) PSO, as well as the standard Probabilistic Roadmap methods. The experimental results show a meaningful advantage of the new method regarding computation-al time and path quality.;Notice of Violation of IEEE Publication Principles <br><br>“An Improved Particle Swarm Optimization Method for Motion Planning of Multiple Robots” by Zhanna Gabbassova <br> in the Proceedings of the IEEE Smart Information Systems and Technologies (SIST) April 2021 <br> After careful and considered review of the content and authorship of this paper by a duly constituted expert committee, this paper has been found to be in violation of IEEE’s Publication Principles. <br><br> This paper is a duplication of the original text from the paper cited below. The original text was copied without attribution (including appropriate references to the original author(s) and/or paper title) and without permission. <br><br> Due to the nature of this violation, reasonable effort should be made to remove all past references to this paper, and future references should be made to the following article: <br><br> “An Improved Particle Swarm Optimization Method for Motion Planning of Multiple Robots” <br> by Ellips Masehian and Davoud Sedighizadeh <br> in Springer Tracts in Advanced Robotics, 83, 2013, pp. 175-188 <br><br> ","","978-1-7281-7470-9","10.1109/SIST50301.2021.9465950","","https://ieeexplore.ieee.org/stamp/stamp.jsp?arnumber=9465950","","","","","","30","IEEE","29 Jun 2021","28-30 April 2021","28-30 April 2021","IEEE","IEEE Conferences"
"Dynamic Swarm Reconfiguration via Multi-Level Adaptive Cooperative Architecture for Multi-Robot Exploration","S. Inoue; K. Sakamoto; Y. Kunii","Chuo University, Tokyo, Japan; Chuo University; Chuo University",2026 IEEE/SICE International Symposium on System Integration (SII),"27 Feb 2026","2026","","","1413","1418","This study proposes a hierarchical cooperative control architecture for multi-robot exploration, centered on a dynamic branching–integration mechanism that adapts swarm structures to environmental conditions. The architecture integrates a System Agent for global coordination and a Swarm Agent for local action decisions, enabling adaptive and scalable cooperation.Simulations in multiple environments show that the branching–integration mechanism alone surpasses the baseline in all cases, with gains in complex settings. Learning-based optimization of branching–integration conditions further improves early-stage exploration speed and robustness.These results indicate that dynamic swarm reconfiguration is the primary driver of exploration efficiency, while learning effectively enhances its benefits. Future work will investigate other reinforcement learning algorithms and exploration strategies, evaluate performance under dynamic or communication-constrained conditions, and conduct field tests with real robots.","2474-2325","978-1-6654-5784-2","10.1109/SII64115.2026.11404579","","https://ieeexplore.ieee.org/stamp/stamp.jsp?arnumber=11404579","","Learning systems;Heuristic algorithms;Robot kinematics;Simulation;Decision making;Reinforcement learning;System integration;Performance gain;Timing;Optimization","","","","19","IEEE","27 Feb 2026","11-14 Jan. 2026","11-14 Jan. 2026","IEEE","IEEE Conferences"
"Centralizing State-Values in Dueling Networks for Multi-Robot Reinforcement Learning Mapless Navigation","E. Marchesini; A. Farinelli","Department of Computer Science, University of Verona, Verona, Italy; Department of Computer Science, University of Verona, Verona, Italy",2021 IEEE/RSJ International Conference on Intelligent Robots and Systems (IROS),"16 Dec 2021","2021","","","4583","4588","We study the problem of multi-robot mapless navigation in the popular Centralized Training and Decentralized Execution (CTDE) paradigm. This problem is challenging when each robot considers its path without explicitly sharing observations with other robots and can lead to non-stationary issues in Deep Reinforcement Learning (DRL). The typical CTDE algorithm factorizes the joint action-value function into individual ones, to favor cooperation and achieve decentralized execution. Such factorization involves constraints (e.g., monotonicity) that limit the emergence of novel behaviors in an individual as each agent is trained starting from a joint action-value. In contrast, we propose a novel architecture for CTDE that uses a centralized state-value network to compute a joint state-value, which is used to inject global state information in the value-based updates of the agents. Consequently, each model computes its gradient update for the weights, considering the overall state of the environment. Our idea follows the insights of Dueling Networks as a separate estimation of the joint state-value has both the advantage of improving sample efficiency, while providing each robot information whether the global state is (or is not) valuable. Experiments in a robotic navigation task with 2 4, and 8 robots, confirm the superior performance of our approach over prior CTDE methods (e.g., VDN, QMIX).","2153-0866","978-1-6654-1714-3","10.1109/IROS51168.2021.9636349","","https://ieeexplore.ieee.org/stamp/stamp.jsp?arnumber=9636349","","Training;Navigation;Computational modeling;Estimation;Reinforcement learning;Computer architecture;Task analysis","","15","","31","IEEE","16 Dec 2021","27 Sept.-1 Oct. 2021","27 Sept.-1 Oct. 2021","IEEE","IEEE Conferences"
"Multi-Objective Vibration-Based Particle-Swarm-Optimized Fuzzy Controller With Application to Boundary-Following of Mobile-Robot Simulation Environment","L. Ou; G. Zeng; Y. -C. Chang; C. -T. Lin","Centre for Artificial Intelligence, FEIT, University of Technology, Sydney, Australia; Centre for Artificial Intelligence, FEIT, University of Technology, Sydney, Australia; Centre for Artificial Intelligence, FEIT, University of Technology, Sydney, Australia; Centre for Artificial Intelligence, FEIT, University of Technology, Sydney, Australia","2020 IEEE International Conference on Systems, Man, and Cybernetics (SMC)","14 Dec 2020","2020","","","1893","1898","This paper presents a multi-objective vibration-based particle-swarm-optimization (MO-VBPSO) algorithm with enhanced exploration ability and convergence performance, for training fuzzy-controller (FC) to achieve robot control. The MO-VBPSO applies a reference point-based leader selection schema that assigns leaders for MO-PSOs' searching optimal parameters of the FC. Besides, the MO-VBPSO framework is integrated with a vibration factor to strengthen the exploration ability for resolving the local minima issue, which is inspired by the amplitude of the Firework Algorithm (FWA). The evaluation of MO-VBPSO focuses on the effect of the vibration factor by applying it to training a mobile robot in a simulation environment. The evaluation results are discussed concerning exploration ability, convergence performance, and performance stability. Experimental results reveal that the proposed MO- VBPSO lifts the performance of robot training significantly.","2577-1655","978-1-7281-8526-2","10.1109/SMC42975.2020.9283391","","https://ieeexplore.ieee.org/stamp/stamp.jsp?arnumber=9283391","Multi-objective Optimization Particle Swarm Optimization;Firework Algorithm;Fuzzy System;Mobile Robot","Vibrations;Training;Robot control;Stability analysis;Mobile robots;Convergence;Sorting","","1","","14","IEEE","14 Dec 2020","11-14 Oct. 2020","11-14 Oct. 2020","IEEE","IEEE Conferences"
"Reinforcement Learning-Driven Multi-Robot Path Co-Optimization Algorithm Research","B. Hu","Basic Department, Southwest Jiaotong University Hope College, Chengdu, Sichuan, China","2025 IEEE 7th International Conference on Power, Intelligent Computing and Systems (ICPICS)","28 Jan 2026","2025","","","1416","1419","Multi-robot path coordination is a key challenge in intelligent system task execution, and traditional planning methods are difficult to meet the demands of complex tasks due to the dynamic nature of the environment and the uncertainty of multi-body interaction. In this paper, we construct a reinforcement learning-driven multi-robot path cooperative optimization algorithm framework, adopt a centralized training and distributed execution paradigm, and systematically design the state sensing, action decision-making, reward feedback and communication mechanisms. The proposed MAPPO algorithm outperforms A*, DQN and QMIX in terms of path length, task completion time and conflict control, and achieves a success rate of 98.3% in an eight-robot high-density scenario. The study verifies the effectiveness of multi-intelligent body collaborative mechanism in path optimization, and provides feasible paths and theoretical support for intelligent collaborative control in complex scenes.","2834-8567","979-8-3315-2633-7","10.1109/ICPICS66386.2025.11347136","Southwest Jiaotong University(grant numbers:2022205); ","https://ieeexplore.ieee.org/stamp/stamp.jsp?arnumber=11347136","Multi-robot;Reinforcement learning;Multi-intelligent body systems","Training;Adaptation models;Uncertainty;Heuristic algorithms;Collaboration;Reinforcement learning;Stability analysis;Sensors;Optimization;Convergence","","","","10","IEEE","28 Jan 2026","29-31 Aug. 2025","29-31 Aug. 2025","IEEE","IEEE Conferences"
"Learning Observation-Based Certifiable Safe Policy for Decentralized Multi-Robot Navigation","Y. Cui; L. Lin; X. Huang; D. Zhang; Y. Wang; W. Jing; J. Chen; R. Xiong; Y. Wang","State Key Laboratory of Industrial Control Technology, Institute of Cyber-Systems and Control, Zhejiang University, Hangzhou, China; State Key Laboratory of Industrial Control Technology, Institute of Cyber-Systems and Control, Zhejiang University, Hangzhou, China; State Key Laboratory of Industrial Control Technology, Institute of Cyber-Systems and Control, Zhejiang University, Hangzhou, China; State Key Laboratory of Industrial Control Technology, Institute of Cyber-Systems and Control, Zhejiang University, Hangzhou, China; State Key Laboratory of Industrial Control Technology, Institute of Cyber-Systems and Control, Zhejiang University, Hangzhou, China; Department of Autonomous, Driving Lab, Alibaba DAMO Academy, Hangzhou, China; Department of Autonomous, Driving Lab, Alibaba DAMO Academy, Hangzhou, China; State Key Laboratory of Industrial Control Technology, Institute of Cyber-Systems and Control, Zhejiang University, Hangzhou, China; State Key Laboratory of Industrial Control Technology, Institute of Cyber-Systems and Control, Zhejiang University, Hangzhou, China",2022 International Conference on Robotics and Automation (ICRA),"12 Jul 2022","2022","","","5518","5524","Safety is of great importance in multi-robot navigation problems. In this paper, we propose a control barrier function (CBF) based optimizer that ensures robot safety with both high probability and flexibility, using only sensor measurement. The optimizer takes action commands from the policy network as initial values and provides refinement to drive the potentially dangerous ones back into safe regions. With the help of a deep world model that predicts the evolution of surrounding dynamics and the consequences of different actions, the CBF module can guide the optimization within a reasonable time horizon. We also present a novel joint training framework that improves the cooperation between the Reinforcement Learning (RL) based policy and the CBF-based optimizer by utilizing reward feedback from the CBF module. We observe that our policy can achieve a higher success rate while maintaining the safety of multiple robots in significantly fewer episodes. Experiments are conducted in multiple scenarios both in simulation and the real world, the results demonstrate the effectiveness of our method in maintaining the safety of multiple robots. Code is available at https://github.com/YuxiangCui/MARL-OCBF.","","978-1-7281-9681-7","10.1109/ICRA46639.2022.9811950","","https://ieeexplore.ieee.org/stamp/stamp.jsp?arnumber=9811950","","Training;Codes;Automation;Navigation;Reinforcement learning;Predictive models;Robot sensing systems","","12","","24","IEEE","12 Jul 2022","23-27 May 2022","23-27 May 2022","IEEE","IEEE Conferences"
"Motion Coordination of Swarm Robots for Mobile Target Search","H. Liu; S. Ye; C. Y. T. Ma; Y. Wang; T. -T. Chan","Department of Computer Science, The Hang Seng University of Hong Kong, Hong Kong, SAR, China; School of Data Science and Engineering, Guangdong Polytechnic Normal University, Guangzhou, Guangdong, China; Department of Computer Science, The Hang Seng University of Hong Kong, Hong Kong, SAR, China; Department of Mathematics and Information Technology, The Education University of Hong Kong, Hong Kong, SAR, China; Department of Mathematics and Information Technology, The Education University of Hong Kong, Hong Kong, SAR, China",IEEE Transactions on Automation Science and Engineering,"3 Sep 2025","2025","22","","20323","20340","With the rapid advancement of robotics technologies, a group of robots are able to communicate with one another by wireless transmissions and form a robot swarm. Robot swarm has many applications and a typical one is target search in which swarm robots are sent to places that might be dangerous for human workers, and they coordinate with one another to search for targets such as survivors in a disaster. However, motion coordination of swarm robots for target search has received little attention especially when the targets are mobile. In this work, we develop a motion coordination algorithm for swarm robots to search for targets in an unknown area. Our basic idea is to divide the search area into grids and build a gray-scale map in which each grid is associated with a gray scale indicating the efficiency of searching targets in this grid. The Voronoi diagram is adopted to coordinate swarm robots to search different portions of the search area for maximizing search efficiency. By theoretical analysis, our motion coordination algorithm is validated to ensure that all static targets are guaranteed to be found. We derive an upper-bound on the total time for robots to traverse all the grids in the search area. Extensive simulations are conducted and the results show that the proposed motion coordination algorithm outperforms the state-of-the-art and achieves a success rate of over 90% in finding all mobile targets with low search latency. Note to Practitioners—This paper was motivated by the problem of target search in an unknown area (e.g., the search for Malaysia Airlines MH370). With advanced robotics technologies, swarm robots could be sent to the area to perform a search mission. This work suggests a motion coordination algorithm for swarm robots to search for both static and mobile targets in an unknown area with possible obstacles. The proposed algorithm divides the search area into grids and each grid is associated with a gray scale indicating the efficiency of searching targets in this grid. This gray-scale map guides the robots in target search. In real applications, robots are normally powered by batteries and are prone to fail, requiring efficient coordination of the robots to maximize search efficiency. A Voronoi mask is further introduced to coordinate swarm robots to search different portions of the area. This mask divides the space based on the robots’ current positions, assigning each robot a specific region that is closer to it than to others, leading to efficient and coordinated operation. We mathematically derive an upper-bound on the total time for robots to traverse all the grids in the search area. We then show by simulations that the proposed motion coordination algorithm outperforms the state-of-the-art and coordination of robots is critical to improving success rates and minimizing search latency. The proposed algorithm has not yet been tested in a robot testbed which is our future work.","1558-3783","","10.1109/TASE.2025.3600954","Faculty Development Scheme(grant numbers:UGC/FDS14/E02/21,UGC/FDS14/E08/23); Research Matching Grant Scheme from the Research Grants Council of Hong Kong; Big Data Intelligence Centre at The Hang Seng University of Hong Kong; ","https://ieeexplore.ieee.org/stamp/stamp.jsp?arnumber=11131151","Swarm robots;target search;motion control;motion coordination;mobility control","Robots;Robot kinematics;Swarm robotics;Search problems;Service robots;Robot sensing systems;Gray-scale;Sensors;Fuel processing industries;Batteries","","2","","36","IEEE","20 Aug 2025","2025","","IEEE","IEEE Journals"
"Modeling Deception in Multi-Robot Target-Attacker-Defender Game via Deep Reinforcement Learning","F. Gou; C. Zhao; H. Du; Y. Cai","School of Automation and Intelligent Sensing, Shanghai Jiao Tong University, Shanghai; School of Automation and Intelligent Sensing, Shanghai Jiao Tong University, Shanghai; School of Automation and Intelligent Sensing, Shanghai Jiao Tong University, Shanghai; School of Automation and Intelligent Sensing, Shanghai Jiao Tong University, Shanghai",2025 IEEE/RSJ International Conference on Intelligent Robots and Systems (IROS),"27 Nov 2025","2025","","","813","819","Deception is a crucial strategy in adversarial scenarios, yet its application in multi-agent confrontations remains understudied. This paper investigates deception in a multi-robot Target-Attacker-Defender (MR-TAD) game, where Attackers aim to capture Targets while evading Defenders. To model deception effectively, we propose a hierarchical decision-making framework that integrates multi-agent reinforcement learning (MARL) for high-level deceptive strategies and optimal control for low-level motion control. Furthermore, we introduce a novel composite deception-oriented reward function, which combines hitting rewards, belief switch rewards, and position advantage rewards to facilitate the training of deceptive behaviors. Simulation results across varying numbers of robots demonstrate that incorporating deception significantly increases the success rate of Attackers, with an average improvement of over 70% compared to non-deceptive strategies. Additionally, real-world experiments with omnidirectional mobile robots further confirm the effectiveness of the proposed method. This study establishes a generalizable framework for modeling deception in multi-agent systems, with potential applications in various multi-agent scenarios.","2153-0866","979-8-3315-4393-8","10.1109/IROS60139.2025.11246010","Aeronautical Science Foundation of China; ","https://ieeexplore.ieee.org/stamp/stamp.jsp?arnumber=11246010","","Training;Simulation;Optimal control;Games;Switches;Deep reinforcement learning;Mobile robots;Motion control;Intelligent robots;Multi-agent systems","","","","24","IEEE","27 Nov 2025","19-25 Oct. 2025","19-25 Oct. 2025","IEEE","IEEE Conferences"
"Graph-Based Deep Reinforcement Learning Approach for Alliance Formation Game based Robot Swarm Task Assignment","Y. Lv; J. Lei; P. Yi","Shanghai Research Institute for Intelligent Autonomous Systems, Tongji University, Shanghai, China; Department of Control Science and Engineering, Tongii University, Shanghai, China; Department of Control Science and Engineering, Tongii University, Shanghai, China",2024 IEEE 63rd Conference on Decision and Control (CDC),"26 Feb 2025","2024","","","5079","5085","This paper explores the robot swarm task allocation problem based on alliance formation game theory, which treats each robot as an autonomous agent capable of forming strategic alliances for task completion, with a focus on optimizing overall system revenue and mutual benefits. To resolve the problem, we introduce a unique graphbased Deep Reinforcement Learning (DRL) framework named AFGNet_DDQN. Firstly, we construct an Allocation Feature Graph (AFG) that intricately maps the complex interactive relationships and allocation features among robots and tasks, and develop the AFGNet architecture to efficiently extract features from the graph nodes. Then thorugh reconstructing a Markov Decision Process (MDP) within this graph, we implement an advanced version of Double Deep Q-Networks (DDQN) algorithm, adapted for our graph-based framework. This setup allows for the effective learning and optimization of task allocation strategies through localized interactions among the robots. Finally, our empirical results demonstrate the superiority of our framework over traditional methods, especially in terms of scalability and robustness.","2576-2370","979-8-3503-1633-9","10.1109/CDC56724.2024.10886327","National Key Research and Development Program of China; National Natural Science Foundation of China; ","https://ieeexplore.ieee.org/stamp/stamp.jsp?arnumber=10886327","robot swarm;multi-robot systems;networked robots;dynamic task allocation","Scalability;Markov decision processes;Games;Feature extraction;Deep reinforcement learning;Robustness;Resource management;Game theory;Robots;Optimization","","1","","22","IEEE","26 Feb 2025","16-19 Dec. 2024","16-19 Dec. 2024","IEEE","IEEE Conferences"
"Decentralized Multi-Robot Navigation for Autonomous Surface Vehicles with Distributional Reinforcement Learning","X. Lin; Y. Huang; F. Chen; B. Englot","Department of Mechanical Engineering, Stevens Institute of Technology, Hoboken, NJ, USA; Department of Mechanical Engineering, Stevens Institute of Technology, Hoboken, NJ, USA; Aescape, New York, NY, USA; Department of Mechanical Engineering, Stevens Institute of Technology, Hoboken, NJ, USA",2024 IEEE International Conference on Robotics and Automation (ICRA),"8 Aug 2024","2024","","","8327","8333","Collision avoidance algorithms for Autonomous Surface Vehicles (ASV) that follow the Convention on the International Regulations for Preventing Collisions at Sea (COLREGs) have been proposed in recent years. However, it may be difficult and unsafe to follow COLREGs in congested waters, where multiple ASVs are navigating in the presence of static obstacles and strong currents, due to the complex interactions. To address this problem, we propose a decentralized multi-ASV collision avoidance policy based on Distributional Reinforcement Learning, which considers the interactions among ASVs as well as with static obstacles and current flows. We evaluate the performance of the proposed Distributional RL based policy against a traditional RL-based policy and two classical methods, Artificial Potential Fields (APF) and Reciprocal Velocity Obstacles (RVO), in simulation experiments, which show that the proposed policy achieves superior performance in navigation safety, while requiring minimal travel time and energy. A variant of our framework that automatically adapts its risk sensitivity is also demonstrated to improve ASV safety in highly congested environments.","","979-8-3503-8457-4","10.1109/ICRA57147.2024.10611668","Office of Naval Research; ","https://ieeexplore.ieee.org/stamp/stamp.jsp?arnumber=10611668","","Training;Sea surface;Sensitivity;Navigation;Reinforcement learning;Robustness;Regulation","","15","","41","IEEE","8 Aug 2024","13-17 May 2024","13-17 May 2024","IEEE","IEEE Conferences"
"Multi-Robot Exploration in Unknown Environments via Multi-Agent Deep Reinforcement Learning","L. Deng; W. Gong; L. Li","Department of Control Science and Engineering, Tongji University, Shanghai, China; Department of Control Science and Engineering, Tongji University, Shanghai, China; Department of Control Science and Engineering, Tongji University, Shanghai, China",2022 China Automation Congress (CAC),"13 Mar 2023","2022","","","6898","6902","Mobile robots have been widely used in hazardous environments to obtain information about surroundings for humans. The volume and efficiency of sensing data can be significantly increased if multiple mobile robots collaboration are exploited. In recent years, deep learning and reinforcement learning techniques have been applied to the field of robotics, which perform well in many tasks including exploration in unknown environments. In this paper, to address the multi-robot exploration problem, a multi-agent deep reinforcement learning (MADRL) based method with the centralized training and decentralized execution (CTDE) architecture was proposed. Extensive experimental results show that our method significantly improves the multi-robot exploration performance in unknown environments. On average, the proposed method uses 12.9% less travel distance and reduces 5.8% overlapping areas when compared with traditional methods.","2688-0938","978-1-6654-6533-5","10.1109/CAC57257.2022.10055585","Technology Development; Chinese Academy of Engineering; National Natural Science Foundation of China; ","https://ieeexplore.ieee.org/stamp/stamp.jsp?arnumber=10055585","multi-robot system;deep reinforcement learning;unknown environment exploration","Deep learning;Training;Automation;Collaboration;Reinforcement learning;Robot sensing systems;Trajectory","","11","","15","IEEE","13 Mar 2023","25-27 Nov. 2022","25-27 Nov. 2022","IEEE","IEEE Conferences"
"Multi-Robot Environmental Coverage With a Two-Stage Coordination Strategy via Deep Reinforcement Learning","L. Zhu; J. Cheng; H. Zhang; W. Zhang; Y. Liu","Institute of Artificial Intelligence and Robotics, Xi’an Jiaotong University, Xi’an, China; School of Control Science and Engineering, Shandong University, Shandong, China; School of Control Science and Engineering, Shandong University, Shandong, China; School of Control Science and Engineering, Shandong University, Shandong, China; Institute of Artificial Intelligence and Robotics, Xi’an Jiaotong University, Xi’an, China",IEEE Transactions on Intelligent Transportation Systems,"31 May 2024","2024","25","6","5022","5033","Multi-robot environmental coverage can be widely used in many applications like search and rescue. However, it is challenging to coordinate the robot team for high coverage efficiency. In this paper, we propose a Two-Stage Coordination (TSC) strategy, which consists of a high-level leader module and a low-level action executor. The former provides the robots with the topology and geometry of the environment, which are crucial for robots to learn “where” they should go and avoid invalid coverage. Based on the observed information and the environmental topology, the latter module takes primitive action to reach the sub-goal. To facilitate cooperation among the robots, we aggregate local perception information of neighbors from different hops based on graph neural networks. We compare our method with state-of-the-art multi-robot coverage approaches. Experiments and supporting ablation studies show the superior efficiency, scalability, and generalization of our algorithm especially in unseen style and scale of scenes, and an unseen number of robots.","1558-0016","","10.1109/TITS.2023.3333409","National Key Research and Development Project of New Generation Artificial Intelligence of China(grant numbers:2018AAA0102504); National Natural Science Foundation of China(grant numbers:62103236); Natural Science Foundation of Shaanxi Province(grant numbers:2023-JC-QN-0778); ","https://ieeexplore.ieee.org/stamp/stamp.jsp?arnumber=10379517","Deep reinforcement learning;multi-robot coverage;goal-augmented POMDP","Robots;Robot kinematics;Reinforcement learning;Planning;Generators;Decision making;Deep reinforcement learning;Multi-robot systems;Rescue robots","","31","","47","IEEE","2 Jan 2024","June 2024","","IEEE","IEEE Journals"
"Swarm Robotics for Search and Rescue Operations in Disaster Zones Using Particle Swarm Optimization (PSO) Algorithms","T. R. Kumar; N. T J; I. Jumaniyazova; H. Abdulla; Y. Jumaniyozov; V. Bhatt","Department of Computer Science and Engineering, Saveetha School of Engineering, Saveetha Institute of Medical and Technical Sciences, Chennai, Tamil nadu, India; Department of Computer Science and Engineering, Saveetha School of Engineering, Saveetha Institute of Medical and Technical Sciences, Chennai, Tamil nadu, India; Department of Psychological Sciences, Mamun University, Khiva, Uzbekistan; Department of Transports systems, Urgench State University, Urgench, Uzbekistan; Department of psychology, Urgench state university, Urgench, Uzbekistan; Department of Information Technology, A.D. Patel Institute of Technology (ADIT), The Charutar Vidya Mandal University, Anand, Gujarat, India",2025 International Conference on Networks and Cryptology (NETCRYPT),"12 Aug 2025","2025","","","870","875","Swarm robotics has taken a specific dare for search and rescue operations planning in disaster affected areas because of the ability to enhance efficiency and increased coverage area with flexibility of operation in disaster area due to number of robots. This study focuses on the use of PSO heuristics for enhancing coordinated navigation of swarm robotic groups in search and rescue scenarios. A swarm intelligence algorithm known as PSO is applied for improving the path planning, target recognition, and resource management in dynamic live disaster situations modeled from bird and fish flocking behavior. The idea of using PSO is that, within the robots in the swarm, efficiency increases as these ability or skill variables change to respond to current conditions, or limit energy usage and enhance the accuracy of identifying victims/hazards. The paper seeks to understand how PSO can be used to adapt the robot paths, compute for real time reassignment of tasks and support the communications within the swarm in a reliable manner. In any disaster area as in a collapsed building/area, the swarm robotics is evaluated based on some simulation models and case studies in power driven by PSO algorithms. The study shows that swarm robotics has an application in changing the way search and rescue missions are conducted to reduce response times, make the environments risking human lives safer, and increase the number of mission successful rescues.","","979-8-3315-2605-4","10.1109/NETCRYPT65877.2025.11102388","","https://ieeexplore.ieee.org/stamp/stamp.jsp?arnumber=11102388","Swarm Robotics;Particle Swarm Optimization;Search and Rescue;Task Completion;Victim Detection","Technological innovation;Target recognition;Disasters;Robot kinematics;Heuristic algorithms;Swarm robotics;Dynamic scheduling;Time factors;Resource management;Particle swarm optimization","","6","","18","IEEE","12 Aug 2025","29-31 May 2025","29-31 May 2025","IEEE","IEEE Conferences"
"Learning to Navigate in Turbulent Flows With Aerial Robot Swarms: A Cooperative Deep Reinforcement Learning Approach","D. Patiño; S. Mayya; J. Calderon; K. Daniilidis; D. Saldaña","GRASP Laboratory, University of Pennsylvania, Philadelphia, PA, USA; Amazon Robotics, North Reading, Cambridge, MA, USA; Universidad Santo Tomas, Bogotá, Colombia; GRASP Laboratory, University of Pennsylvania, Philadelphia, PA, USA; Autonomous and Intelligent Robotics Laboratory (AIRLab), Lehigh University, Bethlehem, PA, USA",IEEE Robotics and Automation Letters,"8 Jun 2023","2023","8","7","4219","4226","Aerial operation in turbulent environments is a challenging problem due to the chaotic behavior of the flow. This problem is made even more complex when a team of aerial robots is trying to achieve coordinated motion in turbulent wind conditions. In this letter, we present a novel multi-robot controller to navigate in turbulent flows, decoupling the trajectory-tracking control from the turbulence compensation via a nested control architecture. Unlike previous works, our method does not learn to compensate for the air-flow at a specific time and space. Instead, our method learns to compensate for the flow based on its effect on the team. This is made possible via a deep reinforcement learning approach, implemented via a Graph Convolutional Neural Network (GCNN)-based architecture, which enables robots to achieve better wind compensation by processing the spatial-temporal correlation of wind flows across the team. Our approach scales well to large robot teams —as each robot only uses information from its nearest neighbors—, and generalizes well to robot teams larger than seen in training. Simulated experiments demonstrate how information sharing improves turbulence compensation in a team of aerial robots and demonstrate the flexibility of our method over different team configurations.","2377-3766","","10.1109/LRA.2023.3280806","ARO MURI(grant numbers:W911NF-20-1-0080); ONR(grant numbers:N00014-17-1-2093); ONR(grant numbers:N00014-22-1-2677); ","https://ieeexplore.ieee.org/stamp/stamp.jsp?arnumber=10137747","Swarm robotics;reinforcement learning;wind turbulence;machine learning for robot control;graph neural networks","Robots;Robot kinematics;Robot sensing systems;Wind;Navigation;Force;Drag","","5","","31","IEEE","29 May 2023","July 2023","","IEEE","IEEE Journals"
"Learning Behaviours for Decentralised Multi-Robot Collision Avoidance in Constrained Pathways Using Curriculum Reinforcement Learning","M. M. R. Komol; B. Tidd; W. Browne; F. Maire; J. Williams; D. Howard","Robotics Groups, Data61, Commonwealth Scientific and Industrial Research Organisation (CSIRO), Pullenvale, QLD, Australia; Robotics Groups, Data61, Commonwealth Scientific and Industrial Research Organisation (CSIRO), Pullenvale, QLD, Australia; Robotics Groups, Data61, Commonwealth Scientific and Industrial Research Organisation (CSIRO), Pullenvale, QLD, Australia; School of Electrical Engineering and Robotics, Queensland University of Technology, Brisbane, QLD, Australia; Robotics Groups, Data61, Commonwealth Scientific and Industrial Research Organisation (CSIRO), Pullenvale, QLD, Australia; Robotics Groups, Data61, Commonwealth Scientific and Industrial Research Organisation (CSIRO), Pullenvale, QLD, Australia",IEEE Robotics and Automation Letters,"15 Jul 2025","2025","10","8","8538","8545","Mobile robot teams often require decentralised autonomous navigation through narrow gaps in limited communication environments (e.g., underground search-and-rescue operations). Existing navigation approaches exhibit suboptimal performance for avoiding multi-robot collisions in such bottlenecks due to an inability to address the dynamic nature of the robots. Initial work utilising reinforcement learning has demonstrated success in navigating a single robot through narrow gaps. However, when training agents to produce give-way behaviour for navigating through constrained gaps, end-to-end reinforcement learning using simple rewards suffers from slow convergence due to the increased search space of viable policies. This paper introduces a novel curriculum reinforcement learning framework, incorporating a multi-robot bootstrap curriculum with preprogrammed behaviour to guide initial policy formation, subsequently refined by a gap curriculum that progressively reduces training complexity towards an optimal policy. This framework learns multi-robot interaction behaviours, which are impractical to program manually. Our model achieves a 99% success-rate in give-way behaviour generation without inter-agent communications in high-fidelity simulations. The success-rate reduced to 73% in simulations incorporating noisy sensors, and 60% in field-robot tests, substantiating our model's practical viability despite sensor noise and real-world uncertainties. The simple benchmark methods lack efficiency in basic interaction behaviours.","2377-3766","","10.1109/LRA.2025.3581430","Robotics and Autonomous Systems Group, the Commonwealth Scientific and Industrial Research Organisation; Centre for Robotics, Queensland University of Technology; ","https://ieeexplore.ieee.org/stamp/stamp.jsp?arnumber=11045152","Multi-robot systems;reinforcement learning;collision avoidance;field robotics;search and rescue robots","Robots;Robot kinematics;Collision avoidance;Robot sensing systems;Reinforcement learning;Training;Navigation;Sensors;Convergence;Trajectory","","5","","23","IEEE","19 Jun 2025","Aug. 2025","","IEEE","IEEE Journals"
"Introduction to Multi-Robot Coordination Algorithms","S. Liu; Y. Niu; B. Wu","Hangzhou Foreign Language School, Hangzhou, China; The Second High School Attached to Beijing Normal University (International Campus), Beijing, China; The High School Affiliated to Renmin University of China, Beijing, China",2022 IEEE 4th International Conference on Civil Aviation Safety and Information Technology (ICCASIT),"27 Dec 2022","2022","","","832","837","This passage mainly focuses on the path-planning algorithms and avoidance collision algorithms in the swarm robot field. The evolution of the path planning method of swarm robots is mentioned. It describes how the Firefly algorithm, Artificial bee colony algorithms, and Bacteria foraging optimization algorithms are derived, what theories support them to work, and the current application in a wide area. It divides collision avoidance algorithms into two parts, which are decentralized and centralized methods. Virtual Force Field, Reciprocal Velocity Obstacles (RVO), Virtual Force Field (VFF), and Optimal Reciprocal Collision Avoidance are decentralized collision avoidance solutions, and Multi-Agent Reinforcement Learning is a centralized collision avoidance algorithm. Muti-sensor-based collision avoidance is a method that uses the sensor to get the information to solve the problems. These methods are created to increase the precision and efficiency of the swarm-robot missions. For applications, these mentioned algorithms are already used in areas including air, land, and water working robot.","","978-1-6654-6766-7","10.1109/ICCASIT55263.2022.9986713","","https://ieeexplore.ieee.org/stamp/stamp.jsp?arnumber=9986713","Multi-robot Systems;Swarm Intelligence;Multiagent Reinforcement Learning","Animals;Robot kinematics;Force;Swarm robotics;Reinforcement learning;Robot sensing systems;Path planning","","","","20","IEEE","27 Dec 2022","12-14 Oct. 2022","12-14 Oct. 2022","IEEE","IEEE Conferences"
"Voronoi-Based Multi-Robot Autonomous Exploration in Unknown Environments via Deep Reinforcement Learning","J. Hu; H. Niu; J. Carrasco; B. Lennox; F. Arvin","Department of Electrical and Electronic Engineering, The University of Manchester, Manchester, U.K.; Department of Electrical and Electronic Engineering, The University of Manchester, Manchester, U.K.; Department of Electrical and Electronic Engineering, The University of Manchester, Manchester, U.K.; Department of Electrical and Electronic Engineering, The University of Manchester, Manchester, U.K.; Department of Electrical and Electronic Engineering, The University of Manchester, Manchester, U.K.",IEEE Transactions on Vehicular Technology,"25 Jan 2021","2020","69","12","14413","14423","Autonomous exploration is an important application of multi-vehicle systems, where a team of networked robots are coordinated to explore an unknown environment collaboratively. This technique has earned significant research interest due to its usefulness in search and rescue, fault detection and monitoring, localization and mapping, etc. In this paper, a novel cooperative exploration strategy is proposed for multiple mobile robots, which reduces the overall task completion time and energy costs compared to conventional methods. To efficiently navigate the networked robots during the collaborative tasks, a hierarchical control architecture is designed which contains a high-level decision making layer and a low-level target tracking layer. The proposed cooperative exploration approach is developed using dynamic Voronoi partitions, which minimizes duplicated exploration areas by assigning different target locations to individual robots. To deal with sudden obstacles in the unknown environment, an integrated deep reinforcement learning based collision avoidance algorithm is then proposed, which enables the control policy to learn from human demonstration data and thus improve the learning speed and performance. Finally, simulation and experimental results are provided to demonstrate the effectiveness of the proposed scheme.","1939-9359","","10.1109/TVT.2020.3034800","Engineering and Physical Sciences Research Council(grant numbers:EP/R026084/1,EP/P01366X/1,EP/S03286X/1); EU H2020-FET-OPEN Robocoenosis(grant numbers:899520); Royal Academy of Engineering(grant numbers:CiET1819_13); ","https://ieeexplore.ieee.org/stamp/stamp.jsp?arnumber=9244647","Autonomous exploration;path planning;deep reinforcement learning;multi-vehicle systems;collision avoidance","Collision avoidance;Robot kinematics;Reinforcement learning;Robot sensing systems;Mobile robots;Navigation","","397","","37","CCBY","29 Oct 2020","Dec. 2020","","IEEE","IEEE Journals"
"Speed and Density Planning for a Speed-Constrained Robot Swarm Through a Virtual Tube","W. Song; Y. Gao; Q. Quan","School of Automation Science and Electrical Engineering, Beihang University, Beijing, China; School of Automation Science and Electrical Engineering, Beihang University, Beijing, China; School of Automation Science and Electrical Engineering, Beihang University, Beijing, China",IEEE Robotics and Automation Letters,"17 Oct 2024","2024","9","11","10628","10635","The planning and control of a robot swarm in a complex environment has attracted increasing attention. To this end, the concept of virtual tubes has been taken up in our previous work. Specifically, a variable-width virtual tube is designed to prevent collisions with obstacles in complex environments. Based on the planned virtual tube for a large number of speed-constrained robots, the average forward speed and density along the virtual tube are further planned in this letter to improve safety and efficiency. In contrast to existing methods, the proposed method leverages global information and is well-suited for navigating confined spaces with speed-constrained robot swarms. Numerical simulations and experiments are conducted to show that the safety and efficiency of the passing-through process are improved.","2377-3766","","10.1109/LRA.2024.3477094","National Natural Science Foundation of China(grant numbers:61973015); ","https://ieeexplore.ieee.org/stamp/stamp.jsp?arnumber=10711222","Swarm robotics;constrained motion planning;motion control;virtual tubes","Collision avoidance;Robot kinematics;Safety;Aerospace electronics;Mobile robots;Decentralized control;Trajectory;Particle swarm optimization;Motion planning;Motion control","","12","","24","IEEE","9 Oct 2024","Nov. 2024","","IEEE","IEEE Journals"
"Multi-Robot Cooperative Socially-Aware Navigation Using Multi-Agent Reinforcement Learning","W. Wang; L. Mao; R. Wang; B. -C. Min","Department of Computer and Information Technology, SMART Laboratory, Purdue University, West Lafayette, IN, USA; College of Mechanical and Electrical Engineering, Beijing University of Chemical Technology, Beijing, China; Department of Computer and Information Technology, SMART Laboratory, Purdue University, West Lafayette, IN, USA; Department of Computer and Information Technology, SMART Laboratory, Purdue University, West Lafayette, IN, USA",2024 IEEE International Conference on Robotics and Automation (ICRA),"8 Aug 2024","2024","","","12353","12360","In public spaces shared with humans, ensuring multi-robot systems navigate without collisions while respecting social norms is challenging, particularly with limited communication. Although current robot social navigation techniques leverage advances in reinforcement learning and deep learning, they frequently overlook robot dynamics in simulations, leading to a simulation-to-reality gap. In this paper, we bridge this gap by presenting a new multi-robot social navigation environment crafted using Dec-POSMDP and multi-agent reinforcement learning. Furthermore, we introduce SAMARL: a novel benchmark for cooperative multi-robot social navigation. SAMARL employs a unique spatial-temporal transformer combined with multi-agent reinforcement learning. This approach effectively captures the complex interactions between robots and humans, thus promoting cooperative tendencies in multi-robot systems. Our extensive experiments reveal that SAMARL outperforms existing baseline and ablation models in our designed environment. Demo videos for this work can be found at: https://sites.google.com/view/samarl","","979-8-3503-8457-4","10.1109/ICRA57147.2024.10611322","National Science Foundation; ","https://ieeexplore.ieee.org/stamp/stamp.jsp?arnumber=10611322","","Navigation;Rail to rail inputs;Human-robot interaction;Reinforcement learning;Benchmark testing;Transformers;Multi-robot systems","","26","","49","IEEE","8 Aug 2024","13-17 May 2024","13-17 May 2024","IEEE","IEEE Conferences"
"Reinforcement Learning based Sequential Multi-Robot Task Allocation Considering Weight of Objects and Payload of Robots","N. -H. Lee; T. -Y. Uhm; J. -H. Park; K. -S. Noh; H. -G. Kim","Smart Mobility R&D Division, Korea Institute of Robotics & Technology Convergence (KIRO), Pohang, Korea; Smart Mobility R&D Division, Korea Institute of Robotics & Technology Convergence (KIRO), Pohang, Korea; Smart Mobility R&D Division, Korea Institute of Robotics & Technology Convergence (KIRO), Pohang, Korea; Smart Mobility R&D Division, Korea Institute of Robotics & Technology Convergence (KIRO), Pohang, Korea; Smart Mobility R&D Division, Korea Institute of Robotics & Technology Convergence (KIRO), Pohang, Korea","2023 23rd International Conference on Control, Automation and Systems (ICCAS)","20 Nov 2023","2023","","","1858","1861","Recently, many studies have been conducted that apply deep reinforcement learning to multi-robot task allocation. However, most of them are in the form of distributing the same number of tasks to robots, making it difficult to respond to irregular tasks. In addition, the weight of the object and the payload of the robot cannot be set differently. In this paper, we proposed reinforcement learning based sequential multi robot task allocation algorithm considering weight of objects and payload of robots. This algorithm is designed for use in environments with irregularly occurring tasks, and sequentially assigns the most suitable robot for the tasks that occur. Also, this algorithm has the advantage that it can be applied even if robots have different payloads and objects have different weights. Rainbow DQN was used for this algorithm, and the learning environment was customized using openAI gym.","2642-3901","978-89-93215-27-4","10.23919/ICCAS59377.2023.10316925","Institute for Information & communications Technology Promotion(IITP)(grant numbers:2022-0-01010-002); ","https://ieeexplore.ieee.org/stamp/stamp.jsp?arnumber=10316925","Multi-robot task allocation;reinforcement learning;sequential task;weight;payload","Deep learning;Automation;Reinforcement learning;Control systems;Resource management;Task analysis;Robots","","","","7","","20 Nov 2023","17-20 Oct. 2023","17-20 Oct. 2023","IEEE","IEEE Conferences"
"Path formation using a robot swarm with limited sensing capabilities","S. Morgan; J. Hereford","Institute of Engineering, Murray State University, Murray, KY; Institute of Engineering, Murray State University, Murray, KY",2020 SoutheastCon,"13 Nov 2020","2020","","","1","6","In this paper, we present a swarm intelligence control mechanism for robot path formation. In our controller the robots form a linear chain between two points which the individual robots cannot detect simultaneously in a search space with obstacles. The controller is able to form a path in the environment with obstacles and exhibits good scalability and fault tolerance characteristics. The individual robots are limited in that they do not know where they are in the search space, cannot communicate with each other and cannot differentiate between obstacles and other robots. We study three distinct swarm sizes and observe that larger robot groups achieve success in less time and are more successful overall.","1558-058X","978-1-7281-6861-6","10.1109/SoutheastCon44009.2020.9249651","","https://ieeexplore.ieee.org/stamp/stamp.jsp?arnumber=9249651","path formation;swarm robotics;distributed control;fault tolerance;e-puck;scalability","Scalability;Fault tolerant systems;Aerospace electronics;Robot sensing systems;Sensors;Safety;Particle swarm optimization","","3","","12","IEEE","13 Nov 2020","28-29 March 2020","28-29 March 2020","IEEE","IEEE Conferences"
"A Self-Evolving Multi-Agent Robotic Swarm with Reinforcement Learning and Quantum Firefly-Ant Colony Optimization for Adaptive Environmental Monitoring","A. Vinothkumar; M. Anand; B. Raja; A. P. George; S. M. Sarlina","Department of Electronics and Communication Engineering, Dr. MGR Educational and Research Institute, Tamilnadu, India; Department of Electronics and Communication Engineering, Dr. MGR Educational and Research Institute, Tamilnadu, India; Department of Electronics and Communication Engineering, Dr. MGR Educational and Research Institute, Tamilnadu, India; Demont Institute of Management and Technology, Dubai, UAE; Dr. MGR Educational and Research Institute, Tamilnadu, India",2025 IEEE 6th International Conference in Robotics and Manufacturing Automation (ROMA),"16 Sep 2025","2025","","","147","152","This paper presents a self-evolving multi-agent robotic swarm for adaptive environmental monitoring in unstructured and dynamic terrains, addressing limitations of existing swarms that rely on static policies and centralized control. Integrate Vision Transformers (ViTs) within a decentralized multi-agent reinforcement learning (MARL) framework, enabling each robot to extract robust spatial and temporal features from on-board visual data, essential for complex task adaptation To optimize swarm behaviour and task allocation dynamically, develop a Hybrid Quantum Firefly-Ant Colony Optimization (HQFF-ACO) algorithm that merges firefly-inspired attraction and ant pheromone-based exploration enhanced by quantum-inspired encoding for faster convergence and better avoidance of local optima. The primary objective is to achieve scalable autonomy, efficient terrain coverage, and resilient obstacle avoidance. Extensive simulations and real-world field trials show that our swarm achieves over 20 % increase in coverage efficiency and 30 % faster task completion compared to baseline MARL-controlled and heuristic-optimized swarms. These gains stem from the ViT-driven feature extraction that improves decision-making in visual-rich environments, and the HQFF-ACO module that evolves optimal task assignments in real-time. The results demonstrate that this hybrid learning and optimization approach fosters robust, emergent cooperation without global coordination making the system well-suited for environmental monitoring applications such as habitat mapping, pollution detection, and disaster assessment. Proposed system paves the way for scalable, intelligent robotic swarms capable of real-time adaptation in complex, real-world environments.","","979-8-3315-9996-6","10.1109/ROMA66616.2025.11155775","","https://ieeexplore.ieee.org/stamp/stamp.jsp?arnumber=11155775","Swarm Robotics;Vision Transformers;Multi-Agent Reinforcement Learning;Quantum Firefly-Ant Colony Optimization;Adaptive Environmental Monitoring;Self-Evolving Robotic Systems;Decentralized Control;Swarm Intelligence;Metaheuristic Optimization","Training;Accuracy;Adaptive systems;Robot kinematics;Decision making;Reinforcement learning;Feature extraction;Transformers;Real-time systems;Environmental monitoring","","","","26","IEEE","16 Sep 2025","20-22 Aug. 2025","20-22 Aug. 2025","IEEE","IEEE Conferences"
"When, What, and with Whom to Communicate: Enhancing RL-based Multi-Robot Navigation through Selective Communication","S. H. Arul; A. Singh Bedi; D. Manocha","University of Maryland, College Park, MD, USA; University of Central Florida, FL, USA; University of Maryland, College Park, MD, USA",2024 IEEE/RSJ International Conference on Intelligent Robots and Systems (IROS),"25 Dec 2024","2024","","","7695","7695","Decentralized navigation methods rely primarily on local observations, lacking the global awareness needed to coordinate effectively within a multi-agent system. Exchanging relevant messages between agents can promote cooperation and improve navigation efficiency. We present a Reinforcement Learning (RL)-based decentralized navigation approach that learns ‘when,’ ‘what,’ and ‘with whom’ to communicate for safe and cooperative navigation. Our method leverages a visual transformer and self-attention mechanism to encode the local occupancy map and the state information of neighbors into fixed-length encodings, allowing it to handle an arbitrary number of neighbors for collision-free navigation. In addition, the network encodes the agent’s state information and observations of neighboring agents into a concise message vector by learning what information is crucial to communicate, which is shared with neighboring agents upon request. Moreover, to avoid indiscriminate broadcasting, the network learns when and with whom to communicate and request message vectors. Subsequently, the messages communicated alongside the local information are used to guide navigation decisions. We evaluate our method against state-of-the-art baselines in complex scenarios, including narrow corridors and environments with multiple agents. We observe considerable improvements in terms of navigation performance, showing up to ∼ 2× improvement in navigation success rates and a reduction of up to ∼ 20% in path length.","2153-0866","979-8-3503-7770-5","10.1109/IROS58592.2024.10802520","Arm; ","https://ieeexplore.ieee.org/stamp/stamp.jsp?arnumber=10802520","","Visualization;Navigation;Reinforcement learning;Broadcasting;Transformers;Vectors;Encoding;Intelligent robots;Multi-agent systems","","3","","37","IEEE","25 Dec 2024","14-18 Oct. 2024","14-18 Oct. 2024","IEEE","IEEE Conferences"
"An Individual Approach to Robot Swarm Modelling","W. Rączka; D. Marszalik","Department of Process Control, AGH University of Krakow, Krakow, Poland; Department of Process Control, AGH University of Krakow, Krakow, Poland",2026 27th International Carpathian Control Conference (ICCC),"7 Jul 2026","2026","","","443","448","A swarm, herd, or school is a naturally occurring formation that has long inspired researchers. These formations display intrinsic cooperation, self-organization, and adaptability to changing environmental conditions. Mathematical swarm models attempt to describe such behaviors in various ways, often drawing on biological inspiration and the observation that a swarm consists of numerous individuals that communicate and coordinate to achieve collective patterns of motion. In many cases, the purpose of this collective behavior is not immediately apparent, as in the autumnal flocking of birds, and it is very fascinating. The inner dynamics of a swarm arise from fundamental principles such as local interactions, continuous adaptation, and self-organization. This article presents an approach to modeling swarm behavior in which the swarm is not treated as a separate modeling entity but instead emerges from mechanisms embedded within individual agents. A mathematical model of a single agent is introduced, and the swarm results from the interaction of many such agents. The paper describes the internal mechanisms governing each agent and presents the outcomes of simulations based on this model.","","979-8-3195-3320-3","10.1109/ICCC71363.2026.11593177","","https://ieeexplore.ieee.org/stamp/stamp.jsp?arnumber=11593177","swarm;robots;model;agents","Modeling;Arrays;US Department of Transportation;Simulation;Printing;Trajectory;Distance measurement;Particle swarm optimization;Testing;Weighted sum model","","","","16","IEEE","7 Jul 2026","1-3 June 2026","1-3 June 2026","IEEE","IEEE Conferences"
"HeR-DRL:Heterogeneous Relational Deep Reinforcement Learning for Single-Robot and Multi-Robot Crowd Navigation","X. Zhou; S. Piao; W. Chi; L. Chen; W. Li","Multi-agent Robot Research Center, Department of Faculty of Computing, Harbin Institute of Technology, Harbin, China; Multi-agent Robot Research Center, Department of Faculty of Computing, Harbin Institute of Technology, Harbin, China; Soochow University, Soochow, China; Soochow University, Soochow, China; Soochow University, Soochow, China",IEEE Robotics and Automation Letters,"28 Mar 2025","2025","10","5","4524","4531","Crowd navigation has garnered significant research attention in recent years, particularly with the advent of DRL-based methods. Current DRL-based methods have extensively explored interaction relationships in single-robot scenarios. However, the heterogeneity of multiple interaction relationships is often disregarded. This “interaction blind spot” hinders progress towards more complex scenarios, such as multi-robot crowd navigation. In this letter, we propose a heterogeneous relational deep reinforcement learning method, named HeR-DRL, which utilizes a customized heterogeneous Graph Neural Network (GNN) to enhance overall performance in crowd navigation. Firstly, we devised a method for constructing robot-crowd heterogenous relation graph that effectively simulates the heterogeneous pair-wise interaction relationships. Based on this graph, we proposed a novel heterogeneous GNN to encode interaction relationship information. Finally, we incorporate the encoded information into deep reinforcement learning to explore the optimal policy. HeR-DRL is rigorously evaluated by comparing it to state-of-the-art algorithms in both single-robot and multi-robot circle crossing scenarios. The experimental results demonstrate that HeR-DRL surpasses the state-of-the-art approaches in overall performance, particularly excelling in terms of efficiency and comfort. This underscores the significance of heterogeneous interactions in crowd navigation.","2377-3766","","10.1109/LRA.2025.3553050","","https://ieeexplore.ieee.org/stamp/stamp.jsp?arnumber=10933548","Human-aware motion planning;reinforcement learning;and autonomous agents","Robots;Navigation;Human-robot interaction;Graph neural networks;Deep reinforcement learning;Training;Pedestrians;Long short term memory;Planning;Optical character recognition","","5","","33","IEEE","19 Mar 2025","May 2025","","IEEE","IEEE Journals"
"Solving a Multi-robot Search Problem with Bionic Sarsa Algorithm and Artificial Potential Field","H. Liu; Z. Qu; R. Zhu","Research Institute of Intelligent Control and Systems, Harbin Institute of Technology, Harbin, China; Space Control and Inertial Technology Research Center and Institute for Artificial Intelligence, Harbin Institute of Technology, Harbin, China; School of Astronautics, Harbin Institute of Technology, Harbin, China",2021 China Automation Congress (CAC),"14 Mar 2022","2021","","","1830","1835","Safe and effective path planning of multiple combat vehicles engaged in antagonistic environments keeps a challenging problem. Based on the application background of multi-robots in cooperative reconnaissance of enemy camps in environment with traps, this paper studies the multi-agent path planning based on bionic algorithms and artificial potential field method. The proposed bionic PP-AP Sarsa Scheme is inspired by food-finding scheme of Physarum Polycephalum (PP), which can effectively solve the dimensional explosion problem of traditional multi-agent reinforcement learning methods. This paper first studies the single-agent bionic planning problem with the PP algorithm to initialize the Q table used in Sarsa-based reinforcement learning, which effectively reduces the search space and accelerates the convergence speed of the early stage of reinforcement learning. After the Q tables in the same map are obtained through the training of different single agents, the Q tables of every agents are extended to multi-agents scenario by the assistance of simplified artificial potential field, hence a composite parallel path planner named RL-APCP3 is constructed to synchronously update the actions of all of the agents, which allows us to complete the coordinated and efficient search of enemy camps by multiple agents. Compared with the Sarsa path planning algorithm of single agent, the efficiency of this scheme is improved up to 55.22%.","2688-0938","978-1-6654-2647-3","10.1109/CAC53003.2021.9728613","","https://ieeexplore.ieee.org/stamp/stamp.jsp?arnumber=9728613","Multi-agent Path Planning;Reinforcement Learning;Physarum polycephalum;Artificial Potential Field","Training;Analytical models;Reinforcement learning;Search problems;Path planning;Explosions;Stability analysis","","3","","16","IEEE","14 Mar 2022","22-24 Oct. 2021","22-24 Oct. 2021","IEEE","IEEE Conferences"
"Decentralized Global Connectivity Maintenance for Multi-Robot Navigation: A Reinforcement Learning Approach","M. Li; Y. Jie; Y. Kong; H. Cheng","School of Computer Science and Engineering, Sun Yat-sen University, Guangzhou, China; School of Computer Science and Engineering, Sun Yat-sen University, Guangzhou, China; School of Computer Science and Engineering, Sun Yat-sen University, Guangzhou, China; School of Computer Science and Engineering, Sun Yat-sen University, Guangzhou, China",2022 International Conference on Robotics and Automation (ICRA),"12 Jul 2022","2022","","","8801","8807","The problem of multi-robot navigation of connectivity maintenance is challenging in multi-robot applications. This work investigates how to navigate a multi-robot team in unknown environments while maintaining connectivity. We propose a reinforcement learning (RL) approach to develop a decentralized policy, which is shared among multiple robots. Given range sensor measurements and the positions of other robots, the policy aims to generate control commands for navigation and preserve the global connectivity of the robot team. We incorporate connectivity concerns into the RL framework as constraints and introduce behavior cloning to reduce the exploration complexity of policy optimization. The policy is optimized with all transition data collected by multiple robots in random simulated scenarios. We validate the effectiveness of the proposed approach by comparing different combinations of connectivity constraints and behavior cloning. We also show that our policy can generalize to unseen scenarios in both simulation and holonomic robots experiments.","","978-1-7281-9681-7","10.1109/ICRA46639.2022.9812163","","https://ieeexplore.ieee.org/stamp/stamp.jsp?arnumber=9812163","","Training;Navigation;Cloning;Reinforcement learning;Maintenance engineering;Position measurement;Robot sensing systems","","12","","31","IEEE","12 Jul 2022","23-27 May 2022","23-27 May 2022","IEEE","IEEE Conferences"
"Scalable Task-Driven Robotic Swarm Control via Collision Avoidance and Learning Mean-Field Control","K. Cui; M. Li; C. Fabian; H. Koeppl","Department of Electrical Engineering and Information Technology, Technische Universität Darmstadt, Darmstadt, Germany; Department of Electrical Engineering and Information Technology, Technische Universität Darmstadt, Darmstadt, Germany; Department of Electrical Engineering and Information Technology, Technische Universität Darmstadt, Darmstadt, Germany; Department of Electrical Engineering and Information Technology, Technische Universität Darmstadt, Darmstadt, Germany",2023 IEEE International Conference on Robotics and Automation (ICRA),"4 Jul 2023","2023","","","1192","1199","In recent years, reinforcement learning and its multi-agent analogue have achieved great success in solving various complex control problems. However, multi-agent rein-forcement learning remains challenging both in its theoretical analysis and empirical design of algorithms, especially for large swarms of embodied robotic agents where a definitive toolchain remains part of active research. We use emerging state-of-the-art mean-field control techniques in order to convert many-agent swarm control into more classical single-agent control of distributions. This allows profiting from advances in single-agent reinforcement learning at the cost of assuming weak interaction between agents. However, the mean-field model is violated by the nature of real systems with embodied, physically colliding agents. Thus, we combine collision avoidance and learning of mean-field control into a unified framework for tractably designing intelligent robotic swarm behavior. On the theoretical side, we provide novel approximation guarantees for general mean-field control both in continuous spaces and with collision avoidance. On the practical side, we show that our approach outperforms multi-agent reinforcement learning and allows for decentralized open-loop application while avoiding collisions, both in simulation and real UAV swarms. Overall, we propose a framework for the design of swarm behavior that is both mathematically well-founded and practically useful, enabling the solution of otherwise intractable swarm problems.","","979-8-3503-2365-8","10.1109/ICRA48891.2023.10161498","","https://ieeexplore.ieee.org/stamp/stamp.jsp?arnumber=10161498","","Visualization;Costs;Automation;Reinforcement learning;Aerospace electronics;Mathematical models;Behavioral sciences","","8","","73","IEEE","4 Jul 2023","29 May-2 June 2023","29 May-2 June 2023","IEEE","IEEE Conferences"
"Multi-Robot Path Planning for Mobile Sensing through Deep Reinforcement Learning","Y. Wei; R. Zheng","Department of Computing and Software, McMaster University, Hamilton, ON, Canada; Department of Computing and Software, McMaster University, Hamilton, ON, Canada",IEEE INFOCOM 2021 - IEEE Conference on Computer Communications,"26 Jul 2021","2021","","","1","10","Mobile sensing is an effective way to collect environmental data such as air quality, humidity and temperature at low costs. However, mobile robots are typically battery powered and have limited travel distances. To accelerate data collection in large geographical areas, it is beneficial to deploy multiple robots to perform tasks in parallel. In this paper, we investigate the Multi-Robot Informative Path Planning (MIPP) problem, namely, to plan the most informative paths in a target area subject to the budget constraints of multiple robots. We develop two deep reinforcement learning (RL) based cooperative strategies: independent learning through credit assignment and sequential rollout based learning for MIPP. Both strategies are highly scalable with the number of robots. Extensive experiments are conducted to evaluate the performance of the proposed and baseline approaches using real-world WiFi Received Signal Strength (RSS) data. In most cases, the RL based solutions achieve superior or similar performance as a baseline genetic algorithm (GA)-based solution but at only a fraction of running time during inference. Furthermore, when the budgets and initial positions of the robots change, the pre-trained policies can be applied directly.","2641-9874","978-1-6654-0325-2","10.1109/INFOCOM42981.2021.9488669","","https://ieeexplore.ieee.org/stamp/stamp.jsp?arnumber=9488669","Mobile Sensing;Informative Path Planing;Multi-agent Reinforcement Learning","Temperature sensors;Temperature distribution;Reinforcement learning;Humidity;Robot sensing systems;Path planning;Sensors","","28","","30","IEEE","26 Jul 2021","10-13 May 2021","10-13 May 2021","IEEE","IEEE Conferences"
"Attention-Based Value Factorization Reinforcement Learning for Robot Swarms Cooperative Control","Y. Yin; C. Sun; L. Xing; S. Fang","School of Artificial Intelligence Anhui University, Hefei, China; School of Artificial Intelligence Anhui University, Hefei, China; School of Artificial Intelligence Anhui University, Hefei, China; School of Artificial Intelligence Anhui University, Hefei, China",2025 40th Youth Academic Annual Conference of Chinese Association of Automation (YAC),"12 Sep 2025","2025","","","500","505","Autonomous functionality in multi-robot systems necessitates advanced coordination mechanisms for seamless task execution. In this paper, MAVFAC—an attention driven multi-agent value decomposition framework with actor-critic architecture—is introduced to improve collaborative decision making. To refine environmental feature capture, state representation is optimized through an upgraded encoding module. The decision engine further integrates an attention-guided value decomposition scheme within the actor-critic paradigm. End-to-end policy generation is realized by fusing both modules, yielding continuous and dynamically adaptive cooperative strategies. Validation experiments on static target navigation and cooperative pursuit tasks demonstrate MAVFAC's superior efficacy in multi-robot collaboration.","2837-8601","979-8-3315-0330-7","10.1109/YAC66630.2025.11150048","","https://ieeexplore.ieee.org/stamp/stamp.jsp?arnumber=11150048","MARL-based collaborative learning;cooperative control;Q-value credit assignment;multi-robot system","Automation;Navigation;Federated learning;Robot kinematics;Decision making;Collaboration;Reinforcement learning;Encoding;Multi-robot systems;Engines","","","","19","IEEE","12 Sep 2025","17-19 May 2025","17-19 May 2025","IEEE","IEEE Conferences"
"Towards Pick and Place Multi Robot Coordination Using Multi-agent Deep Reinforcement Learning","X. Lan; Y. Qiao; B. Lee","Software Research Institute, Athlone Institute of Technology, Athlone, Ireland; Software Research Institute, Athlone Institute of Technology, Athlone, Ireland; Software Research Institute, Athlone Institute of Technology, Athlone, Ireland","2021 7th International Conference on Automation, Robotics and Applications (ICARA)","17 Mar 2021","2021","","","85","89","Recent advances in deep reinforcement learning are enabling the creation and use of powerful multi-agent systems in complex areas such as multi-robot coordination. These show great promise to help solve many of the difficult challenges of rapidly growing domains such as smart manufacturing. In this position paper we describe our early-stage work on the use of multi-agent deep reinforcement learning to optimise coordination in a multi-robot pick and place system. Our goal is to evaluate the feasibility of this new approach in a manufacturing environment. We propose to adopt a decentralised partially observable Markov Decision Process approach and to extend an existing cooperative game work to suitably formulate the problem as a multiagent system. We describe the centralised training/decentralised execution multi-agent learning approach which allows a group of agents to be trained simultaneously but to exercise decentralised control based on their local observations. We identify potential learning algorithms and architectures that we will investigate as a base for our implementation and we outline our open research questions. Finally we identify next steps in our research program.","","978-1-6654-0469-3","10.1109/ICARA51699.2021.9376433","Science Foundation Ireland (SFI)(grant numbers:SFI/16/RC/3918); ","https://ieeexplore.ieee.org/stamp/stamp.jsp?arnumber=9376433","multi-agent system;pick and place;deep reinforcement learning;multi-robot system;Dec-POMDP","Robot kinematics;Reinforcement learning;Games;Markov processes;Optimization;Multi-agent systems;Smart manufacturing","","9","","20","IEEE","17 Mar 2021","4-6 Feb. 2021","4-6 Feb. 2021","IEEE","IEEE Conferences"
"Decentralized Multi-Robot Formation Control Using Reinforcement Learning","J. Obradović; M. Križmančić; S. Bogdan","University of Zagreb, Faculty of Electrical Engineering and Computing, Zagreb, Croatia; University of Zagreb, Faculty of Electrical Engineering and Computing, Zagreb, Croatia; University of Zagreb, Faculty of Electrical Engineering and Computing, Zagreb, Croatia","2023 XXIX International Conference on Information, Communication and Automation Technologies (ICAT)","11 Jul 2023","2023","","","1","7","This paper presents a decentralized leader-follower multi-robot formation control based on a reinforcement learning (RL) algorithm applied to a swarm of small educational Sphero robots. Since the basic Q-learning method is known to require large memory resources for Q-tables, this work implements the Double Deep Q-Network (DDQN) algorithm, which has achieved excellent results in many robotic problems. To enhance the system behavior, we trained two different DDQN models, one for reaching the formation and the other for maintaining it. The models use a discrete set of robot motions (actions) to adapt the continuous nonlinear system to the discrete nature of RL. The presented approach has been tested in simulation and real experiments which show that the multi-robot system can achieve and maintain a stable formation without the need for complex mathematical models and nonlinear control laws.","2643-1858","979-8-3503-9983-7","10.1109/ICAT57854.2023.10171272","","https://ieeexplore.ieee.org/stamp/stamp.jsp?arnumber=10171272","reinforcement learning;double deep Q-networks;leader-follower;formation control;multi-robot system","Robot motion;Adaptation models;Q-learning;Mathematical models;Formation control;Stability analysis;Multi-robot systems","","7","","29","IEEE","11 Jul 2023","11-14 June 2023","11-14 June 2023","IEEE","IEEE Conferences"
"Hierarchical Reinforcement Learning for Decentralized Multi-Robot Cooperative Transportation","X. Wang; Y. Chang","Faculty of Data Science, City University of Macau, China; School of Pharmacy, Chengdu Medical College, Sichuan, China",2025 7th International Symposium on Robotics and Intelligent Manufacturing Technology (ISRIMT),"6 Mar 2026","2025","","","196","199","Decentralized cooperative transportation of large payloads presents a significant challenge for multi-robot systems, primarily due to the need for robust coordination without explicit communication. This paper introduces a hierarchical reinforcement learning (HRL) framework that strategically decomposes the task. A meta-controller, operating at a coarse time scale, learns to generate high-level sub-goals and dynamic role assignments, while decentralized sub-controllers execute low-level motion policies. The integration of potential-based reward shaping provides a global guidance signal, ensuring coordinated behavior. Extensive simulations in dynamic environments demonstrate that our method achieves a 98.2% success rate and reduces the average task completion time by 34% compared to the next best baseline. The emergence of intelligible roles from the meta-controller and the system's computational efficiency are analytically discussed, underscoring its practical viability. While the results are promising, this study is conducted in simulation, and future work will focus on addressing the sim-to-real gap to enhance practical deployment.","","979-8-3315-7470-3","10.1109/ISRIMT67769.2025.11413063","","https://ieeexplore.ieee.org/stamp/stamp.jsp?arnumber=11413063","Multi-robot systems;hierarchical reinforcement learning;decentralized control;cooperative transportation;role assignment","Training;Computational modeling;Scalability;Robot kinematics;Perturbation methods;Dynamics;Transportation;Reinforcement learning;System identification;Multi-robot systems","","","","6","IEEE","6 Mar 2026","12-14 Dec. 2025","12-14 Dec. 2025","IEEE","IEEE Conferences"
"Diffusion Policy-Driven Cooperative Path Planning and Task Allocation for Heterogeneous Multi-Robot Systems","Y. Gu","Sino-European School of Technology of Shanghai University (UTSEUS) Shanghai University, Shanghai, China",2025 3rd International Conference on Artificial Intelligence and Automation Control (AIAC),"15 Jan 2026","2025","","","34","38","The coordination of path planning and task assignments for heterogeneous multi-robot systems in uncertain environments is a fundamental problem in multi-agent decisionmaking and scheduling, particularly considering our constraints on communication. This paper proposes a distributed multi-agent collaboration network based upon diffusion probability modeling (DP-MACN) methods and is built upon a centralized actor-critic framework. The DP-MACN uses a graph neural network (GNN) structure which is first, developed to capture the heterogeneous nature of perception and action for robot cooperative networks. Next, DP-MACN consists of a modular two-layer coupling diffusion controller design. In the first layer, the high-level controller functions to generate diffusion distributions of potential robotic task queues or intentions between agents throughout the cooperative, allowing for higher-level reasoning for task completion to occur. In the second layer the low-level controller reads and translates the information from the high-level distribution into planners for cooperative robotic execution, accounting for constraints to the environment or robots on the fly using a Transformer Scheduler. In laboratories, use of DP-MACN improved task completion rate and total average task duration by approximately $\mathbf{1 7. 4 \% \%}$ and $\mathbf{2 2. 8 \%}$, respectively.","","979-8-3315-5448-4","10.1109/AIAC68175.2025.11332435","","https://ieeexplore.ieee.org/stamp/stamp.jsp?arnumber=11332435","Diffusion Policy;Heterogeneous Multi-Robot Systems;Task Allocation;Cooperative Path Planning","Uncertainty;Robot kinematics;Collaboration;Learning (artificial intelligence);Transformers;Graph neural networks;Trajectory;Multi-robot systems;Resource management;Security","","","","13","IEEE","15 Jan 2026","15-17 Oct. 2025","15-17 Oct. 2025","IEEE","IEEE Conferences"
"Swarm Robots Decentralized Control using Reinforcement Learning Stepwise Training Method in the Encircling Task","Y. Liu; X. Wang; Y. Nie; B. Dai; Q. Zhu; E. Shang","College of Intelligence Science and Technology National University of Defence Technology, Changsha, China; Xi'an Key Laboratory of Big Data and Intelligent Vision Xidian University, Xi'an, China; National Innovation Institute of Defense Technology, Beijing, China; National Innovation Institute of Defense Technology, Beijing, China; National Innovation Institute of Defense Technology, Beijing, China; National Innovation Institute of Defense Technology, Beijing, China","2022 Global Conference on Robotics, Artificial Intelligence and Information Technology (GCRAIT)","4 Oct 2022","2022","","","76","82","We consider a special multiple-robot task, pursuit-evasion (PE) game, in which a swarm of hunting robots (Pursuers) attempts to encircle a target robot (Evader) in a two-dimensional plane with some fixed obstacles on it. Instead of the central control method, we suggest a fully decentralized pursuit strategy generated by the deep reinforcement learning (DRL) which has greatly advanced the research in decision-making field in recent years. While the DRL method in this encircling task faces a sparse reward and a nonconvex space challenge which makes convergence result unacceptable. In this article, we have clarified the definition of a successful encirclement by escaping angel. In order to overcome the inefficient exploration and premature convergence caused by the above challenges during the training process, we use a stepwise training method of an adaptive various reward function. All prosecutors use the same policy given by stepwise training method and the multi-agent deep deterministic policy gradient (MADDPG) algorithms. Simulations and comparisons are provided to validate the effectiveness of this work.","","978-1-6654-8192-2","10.1109/GCRAIT55928.2022.00025","","https://ieeexplore.ieee.org/stamp/stamp.jsp?arnumber=9898317","swarm robots;encirclement;decentralized control;reinforcement learning;multi-agent deep deterministic policy gradient;sparse reward;crash prevention;stepwise training","Training;Swarm robotics;Reinforcement learning;Games;Aerospace electronics;Task analysis;Information technology","","1","","19","IEEE","4 Oct 2022","30-31 July 2022","30-31 July 2022","IEEE","IEEE Conferences"
"Cooperative Multi-Robot Navigation in Dynamic Environment with Deep Reinforcement Learning","R. Han; S. Chen; Q. Hao","Department of Computer Science and Engineering, Southern University of Science and Technology, Shenzhen, China; Department of Computer Science and Engineering, Southern University of Science and Technology, Shenzhen, China; Department of Computer Science and Engineering, Southern University of Science and Technology, Shenzhen, China",2020 IEEE International Conference on Robotics and Automation (ICRA),"15 Sep 2020","2020","","","448","454","The challenges of multi-robot navigation in dynamic environments lie in uncertainties in obstacle complexities, partially observation of robots, and policy implementation from simulations to the real world. This paper presents a cooperative approach to address the multi-robot navigation problem (MRNP) under dynamic environments using a deep reinforcement learning (DRL) framework, which can help multiple robots jointly achieve optimal paths despite a certain degree of obstacle complexities. The novelty of this work includes threefold: (1) developing a cooperative architecture that robots can exchange information with each other to select the optimal target locations; (2) developing a DRL based framework which can learn a navigation policy to generate the optimal paths for multiple robots; (3) developing a training mechanism based on dynamics randomization which can make the policy generalized and achieve the maximum performance in the real world. The method is tested with Gazebo simulations and 4 differential drive robots. Both simulation and experiment results validate the superior performance of the proposed method in terms of success rate and travel time when compared with the other state-of-art technologies.","2577-087X","978-1-7281-7395-5","10.1109/ICRA40945.2020.9197209","","https://ieeexplore.ieee.org/stamp/stamp.jsp?arnumber=9197209","","Collision avoidance;Navigation;Robot sensing systems;Robot kinematics;Training;Adaptation models","","56","","24","IEEE","15 Sep 2020","31 May-31 Aug. 2020","31 May-31 Aug. 2020","IEEE","IEEE Conferences"
"Energy- and Time-Aware Data Acquisition for Mobile Robots Using Mixed Cognition Particle Swarm Optimization","M. Xie; Y. Bai; M. Huang; Y. Deng; Z. Hu","College of Big Data and Information Engineering, Guizhou University, Guiyang, China; College of Information and Communication Engineering and State Key Laboratory of Marine Resource Utilization in South China Sea, Hainan University, Haikou, China; College of Information and Communication Engineering and State Key Laboratory of Marine Resource Utilization in South China Sea, Hainan University, Haikou, China; College of Information and Communication Engineering, Hainan University, Haikou, China; College of Big Data and Information Engineering, Guizhou University, Guiyang, China",IEEE Internet of Things Journal,"12 Aug 2020","2020","7","8","7734","7750","In mobile data acquisition, mobile robots usually face challenging tasks when collecting information in an undetermined environment with energy limitation and time-sensitive requirements. We formulate the task of data acquisition as a multiobjective optimization problem under energy and time constraints. In our investigation, three objectives for data acquisition are considered, including collecting the largest amount of information, moving along a path with the smallest probability of encountering obstacles, and traveling with shortest possible overall distance. To resolve the formulated problem which yields the best path for a mobile robot, we propose a mixed cognition particle swarm optimization (MCPSO) algorithm, which adopts the min-max normalization to calculate the fitness, and we transform the multiobjective optimization problem into a single-objective optimization problem by summation after normalization. The efficiency of the MCPSO algorithm is evaluated for mobile data acquisition in several well-known benchmarks by simulation. The simulation results demonstrate that the proposed MCPSO algorithm can achieve higher accuracy and faster convergence compared with other particle swarm optimization algorithms.","2327-4662","","10.1109/JIOT.2020.2991198","Project of the National Natural Science Foundation of China(grant numbers:61961014,61963012); Scientific Research Project of Talent Introduced by Guizhou University; Key Research and Development Project of Hainan Province(grant numbers:ZDYF2018015); Hainan Province Major Science and Technology Project(grant numbers:ZDKJ2016015); ","https://ieeexplore.ieee.org/stamp/stamp.jsp?arnumber=9081956","Mobile robot;particle swarm optimization~(PSO);path planning","Optimization;Mobile robots;Data acquisition;Monitoring;Task analysis;Cognition;Particle swarm optimization","","15","","44","IEEE","29 Apr 2020","Aug. 2020","","IEEE","IEEE Journals"
"A Grover-Operator-Based Quantum Variant of Particle Swarm Optimization for Robot Manipulators’ Inverse Kinematics: Theory and Simulation","D. O. Santos; F. M. De Assis; E. A. N. Carvalho; L. Molina","Department of Electrical Engineering, Federal University of Campina Grande, Campina Grande, Brazil; Department of Electrical Engineering, Federal University of Campina Grande, Campina Grande, Brazil; Department of Electrical Engineering, Federal University of Sergipe, São Cristóvão, Brazil; Department of Electrical Engineering, Federal University of Sergipe, São Cristóvão, Brazil",IEEE Access,"7 Nov 2025","2025","13","","188420","188431","Particle Swarm Optimization (PSO) is a widely used solver for the Inverse Kinematics (IK) problem, offering competitive convergence rates compared to methods like Damped Least Squares and Forward and Backward Reaching Inverse Kinematics. However, PSO’s high computational cost per iteration remains a challenge. While many PSO variants focus on reducing the number of iterations, this work introduces a novel approach to decrease the computational cost per iteration by minimizing direct kinematics calculations. Leveraging quantum computing algorithms, specifically Quantum Amplitude Amplification (QAA), we developed Quantum-Grover PSO (QG-PSO), which identifies a suboptimal particle to guide the swarm. This approach capitalizes on QAA’s quadratic speedup for unstructured search problems. Simulated experiments demonstrate that QG-PSO significantly reduces computational costs compared to classical PSO when solving the IK problem for robotic manipulators with 7 and 15 joints, highlighting the potential of quantum computing in robotics. In addition to position correction, we considered orientation correction while respecting joint limits and avoiding obstacles.","2169-3536","","10.1109/ACCESS.2025.3628560","rocessing Charge (APC) for the publication of this research was funded by the Coordenação de Aperfeiçoamento de Pessoal de Nível Superior-CAPES (ROR identifier: 00x0ma614); ","https://ieeexplore.ieee.org/stamp/stamp.jsp?arnumber=11224487","Grover operator;inverse kinematics;particle swarm optimization;quantum amplification amplitude;quantum algorithm;robot manipulator","Robots;Kinematics;Quantum mechanics;Vectors;Qubit;Manipulators;Quantum algorithm;Costs;Search problems;Particle swarm optimization","","1","","33","CCBY","3 Nov 2025","2025","","IEEE","IEEE Journals"
"Coordinated Search and Mapping Using Swarm Robots","H. Bhargav; S. Veena","Department of Computer Applications, PES University, Bengaluru, India; Department of Computer Applications, PES University, Bengaluru, India","2023 7th International Conference on Automation, Control and Robots (ICACR)","15 Nov 2023","2023","","","20","25","Natural disasters can cause widespread devastation, leaving survivors trapped in rubble or buried under debris. The time it takes to identify and rescue survivors is critical, this research seeks to demonstrate how Cooperative behaviors in multi-robot systems can significantly improve the speed and accuracy of victim identification following a natural disaster. This research focuses on the navigation of the robot swarm, mapping, and victim identification. The navigation approach is determined by the particle swarm theory, with the robots serving as the swarm’s agents. It moves to a destination location by avoiding impediments, maintaining group compactness, and using the attraction and repulsion forces typical of swarm particle systems. Here, each agent independently uses YOLO 5 to find the victims. When the agents agree that a victim may be present, a robot is chosen based on the Election by Consensus protocol. The chosen robot then moves around the area and maps it using RTAB, which generates a 3D point cloud and a 2D occupancy grid map of the area.","","979-8-3503-0288-2","10.1109/ICACR59381.2023.10314658","","https://ieeexplore.ieee.org/stamp/stamp.jsp?arnumber=10314658","RTAB;victim detection;robot navigation;slam;swarm","Point cloud compression;Three-dimensional displays;Automation;Navigation;Robot kinematics;Voting;Swarm robotics","","2","","13","IEEE","15 Nov 2023","4-6 Aug. 2023","4-6 Aug. 2023","IEEE","IEEE Conferences"
"Integrated Task and Motion Planner Using Hierarchical Reinforcement Learning for Multi-Robot Collaboration","J. Zhang; C. Mu; K. Wang; L. Ren","School of Electrical and Information Engineering, Tianjin University, Tianjin, China; School of Electrical and Information Engineering, Tianjin University, Tianjin, China; School of Electrical and Information Engineering, Tianjin University, Tianjin, China; School of Automation Science and Electrical Engineering, Beihang University, Beijing, China",IEEE Transactions on Automation Science and Engineering,"8 Jan 2026","2026","23","","743","755","The task planning and motion planning problems in multi task and multi robot collaboration are usually considered as independent parts to be solved. However, in long-horizon, multi-step collaborative scenarios, this independent solution approach is difficult to effectively handle the coupling problem between task planning and motion planning, such as the inability to simultaneously consider robot motion collisions during task allocation. To address these limitations, we develop a unified hierarchical reinforcement learning framework that enables agents to learn effective policies in multi task and multi robot collaborative motion planning, supplemented by two techniques: 1) using a shared graph attention network and distributed police networks to assign target tasks to each robot at a high level, and 2) training decentralized motion planning policies for each robot at a low level to control the workspace state and target end actuator posture. The high-level and low-level policies are trained in parallel and stabilized through expert dataset guidance. To verify the effectiveness of the method, we conduct experiments on a general object placement platform and an engine hydraulic column assembly platform. The results indicate that this method can more efficiently complete multi task and multi robot collaborative work. Note to Practitioners—This study proposes an integrated task and motion planner for executing long-horizon, multi-step collaborative tasks in multi-robot systems. Traditional methods usually treat task planning and motion planning as two independent processes, which makes it difficult to fully consider the dynamic constraints of the robot’s actual motion during the task allocation stage, resulting in frequent collisions and other issues during execution. To address this challenge, this study constructs a unified framework based on hierarchical reinforcement learning, which achieves efficient collaboration of multi-robot systems through collaborative optimization of task planning and motion planning. Future work will focus on studying the adaptability of this method in dynamic task environments and further expanding its application potential in diverse industrial scenarios.","1558-3783","","10.1109/TASE.2025.3641025","National Natural Science Foundation of China(grant numbers:62333016,62503356); Tianjin Post-Doctoral Innovation Post Funding Project(grant numbers:2024072042); China Higher Education Institution Industry University-Research Innovation Fund(grant numbers:2024ZY009); ","https://ieeexplore.ieee.org/stamp/stamp.jsp?arnumber=11278831","Industrial robot;task-motion planning;multi-robot collaboration;hierarchical reinforcement learning","Planning;Robots;Collaboration;Dynamics;Collision avoidance;Resource management;Reinforcement learning;Training;Service robots;Automation","","","","37","IEEE","5 Dec 2025","2026","","IEEE","IEEE Journals"
"Robot Time Optimal Trajectory Planning Based on Improved Simplified Particle Swarm Optimization Algorithm","X. Hu; H. Wu; Q. Sun; J. Liu","School of Electronic Information Engineering, Taiyuan University of Science and Technology, Taiyuan, China; School of Electronic Information Engineering, Taiyuan University of Science and Technology, Taiyuan, China; School of Electronic Information Engineering, Taiyuan University of Science and Technology, Taiyuan, China; Innovation Research Institute, CITIC Heavy Industry Machinery Company Ltd., Luoyang, China",IEEE Access,"11 May 2023","2023","11","","44496","44508","In order to tackle the robot trajectory planning problem with the short running time as the optimization goal, a time-optimal trajectory planning algorithm was presented based on improved simplified particle swarm optimization (ISPSO). The robot’s trajectory was constructed by 3-5-3 polynomial interpolation in the joint space of the robot. Under the condition of satisfying the velocity constraint, the objective function was constructed by the sum of the time intervals between each node. ISPSO was used to optimize the objective function. The algorithm was improved by optimizing the inertia weight updating method and introducing a golden sine segmentation algorithm as an optimization operator. Compared with other particle swarm optimization algorithms, ISPSO had higher search velocity and accuracy. The effectiveness of the proposed algorithm was demonstrated through simulations using the PUMA 560 industrial robot, which resulted in a 19% reduction in time compared to the simplified particle swarm algorithm. The simulation results show that ISPSO achieved time optimization under the condition of velocity constraint, which proved its superiority in trajectory planning.","2169-3536","","10.1109/ACCESS.2023.3272835","Shanxi Provincial Key Research and Development Project(grant numbers:202102020101005); Scientific and Technological Innovation Programs of Higher Education Institutions in Shanxi(grant numbers:2020L0343); Major Science and Technology Project of Shanxi Province(grant numbers:20191102009); ","https://ieeexplore.ieee.org/stamp/stamp.jsp?arnumber=10114929","Trajectory planning;time-optimal;PSO;polynomial interpolation","Robots;Trajectory planning;Particle swarm optimization;Optimization;Trajectory;Interpolation;Service robots","","20","","42","CCBYNCND","3 May 2023","2023","","IEEE","IEEE Journals"
"Efficient Multi-Robot Task and Path Planning in Large-Scale Cluttered Environments","G. Xu; Y. Wu; S. Tao; Y. Yang; T. Liu; T. Huang; H. Wu; Y. Liu","Institute of Cyber-Systems and Control, Zhejiang University, Hangzhou, China; Institute of Cyber-Systems and Control, Zhejiang University, Hangzhou, China; Institute of Cyber-Systems and Control, Zhejiang University, Hangzhou, China; Institute of Cyber-Systems and Control, Zhejiang University, Hangzhou, China; Ocean College, Zhejiang University, Zhoushan, China; Institute of Cyber-Systems and Control, Zhejiang University, Hangzhou, China; Institute of Intelligent and Software Technology, Hangzhou Dianzi University, Hangzhou, China; Institute of Cyber-Systems and Control, Zhejiang University, Hangzhou, China",IEEE Robotics and Automation Letters,"31 Jul 2025","2025","10","9","9112","9119","As the potential of multi-robot systems continues to be explored and validated across various real-world applications, such as package delivery, search and rescue, and autonomous exploration, the need to improve the efficiency and quality of task and path planning has become increasingly urgent, particularly in large-scale, obstacle-rich environments. To this end, this letter investigates the problem of multi-robot task and path planning (MRTPP) in large-scale cluttered scenarios. Specifically, we first propose an obstacle-vertex search (OVS) path planner that quickly constructs the cost matrix of collision-free paths for multi-robot task planning, ensuring the rationality of task planning in obstacle-rich environments. Furthermore, we introduce an efficient auction-based method for solving the MRTPP problem by incorporating a novel memory-aware strategy, aiming to minimize the maximum travel cost among robots for task visits. The proposed method effectively improves computational efficiency while maintaining solution quality in the multi-robot task planning problem. Finally, we demonstrated the effectiveness and practicality of the proposed method through extensive benchmark comparisons.","2377-3766","","10.1109/LRA.2025.3592146","National Natural Science Foundation of China(grant numbers:U21A20484); ","https://ieeexplore.ieee.org/stamp/stamp.jsp?arnumber=11091464","Multi-robot systems;task planning;path planning;auction mechanism","Robots;Costs;Planning;Collision avoidance;Path planning;Computational efficiency;Multi-robot systems;Linear programming;Product delivery;Couplings","","7","","40","IEEE","23 Jul 2025","Sept. 2025","","IEEE","IEEE Journals"
"Coordinated Multi-Robot Navigation with Formation Adaptation","Z. Deng; P. Gao; W. J. Jose; C. Reardon; M. Wigness; J. Rogers; H. Zhang","Human-Centered Robotics Lab, University of Massachusetts Amherst, Amherst, MA, USA; Peng Gao is with North Carolina State University, Raleigh, NC, USA; Human-Centered Robotics Lab, University of Massachusetts Amherst, Amherst, MA, USA; University of Denver, Denver, CO; U.S. Army DEVCOM Army Research Laboratory (ARL), Adelphi, MD, USA; U.S. Army DEVCOM Army Research Laboratory (ARL), Adelphi, MD, USA; Human-Centered Robotics Lab, University of Massachusetts Amherst, Amherst, MA, USA",2025 IEEE International Conference on Robotics and Automation (ICRA),"2 Sep 2025","2025","","","11384","11391","Coordinated multi-robot navigation is an essential ability for a team of robots operating in diverse environments. Robot teams often need to maintain specific formations, such as wedge formations, to enhance visibility, positioning, and efficiency during fast movement. However, complex environments such as narrow corridors challenge rigid team formations, which makes effective formation control difficult in real-world environments. To address this challenge, we introduce a novel Adaptive Formation with Oscillation Reduction (AFOR) approach to improve coordinated multi-robot navigation. We develop AFOR under the theoretical framework of hierarchical learning and integrate a spring-damper model with hierarchical learning to enable both team coordination and individual robot control. At the upper level, a graph neural network facilitates formation adaptation and information sharing among the robots. At the lower level, reinforcement learning enables each robot to navigate and avoid obstacles while maintaining the formations. We conducted extensive experiments using Gazebo in the Robot Operating System (ROS), a high-fidelity Unity3D simulator with ROS, and real robot teams. Results demonstrate that AFOR enables smooth navigation with formation adaptation in complex scenarios and outperforms previous methods. More details of this work are provided on the project website: https://hcrlab.gitlab.io/project/afor.","","979-8-3315-4139-2","10.1109/ICRA55743.2025.11128457","","https://ieeexplore.ieee.org/stamp/stamp.jsp?arnumber=11128457","","Deep learning;Adaptation models;Three-dimensional displays;Navigation;Robot kinematics;Scalability;Robot control;Information sharing;Graph neural networks;Robustness","","2","","48","IEEE","2 Sep 2025","19-23 May 2025","19-23 May 2025","IEEE","IEEE Conferences"
"Multi-Robot Formation Control using Collective Behavior Model and Reinforcement Learning","J. -C. Liu; T. -T. Liu","Department of Electrical Engineering, National Taiwan University, Taipei, Taiwan; Department of Electrical Engineering, National Taiwan University, Taipei, Taiwan",2022 IEEE International Symposium on Circuits and Systems (ISCAS),"11 Nov 2022","2022","","","2261","2265","A multi-robot system has advantages in complex tasks, where formation control is one of the most critical and fundamental tasks. For small-sized, autonomous, and enduring robots, realizing high energy and area efficiency is extremely important. This paper presents a approach that combines swarm intelligence and reinforcement learning to realize accurate and reliable operations. An area-energy-efficient hardware architecture is proposed to perform formation control in a distributed robotic system. The proposed system demonstrates substantially lower cost and power consumption when compared with the state-of-the-art designs.","2158-1525","978-1-6654-8485-5","10.1109/ISCAS48785.2022.9937572","Ministry of Science and Technology; ","https://ieeexplore.ieee.org/stamp/stamp.jsp?arnumber=9937572","","Adaptation models;Power demand;Biological system modeling;Reinforcement learning;Formation control;Hardware;Multi-robot systems","","1","","15","IEEE","11 Nov 2022","27 May-1 June 2022","27 May-1 June 2022","IEEE","IEEE Conferences"
"Toward Safe Distributed Multi-Robot Navigation Coupled With Variational Bayesian Model","L. Chen; Y. Wang; Z. Miao; M. Feng; Z. Zhou; H. Wang; D. Wang","School of Electrical and Information Engineering, Hunan University, Changsha, China; School of Electrical and Information Engineering, Hunan University, Changsha, China; School of Electrical and Information Engineering, Hunan University, Changsha, China; School of Computer Science and Technology, Xidian University, Xi’an, China; School of Electrical and Information Engineering, Hunan University, Changsha, China; Department of Automation, Shanghai Jiao Tong University, Shanghai, China; School of Electrical and Electrical Engineering, Nanyang Technological University, 50 Nanyang Ave, Singapore",IEEE Transactions on Automation Science and Engineering,"15 Oct 2024","2024","21","4","7583","7598","Designing a safe and effective collision avoidance policy for multiple robots is essential in decentralized scenarios, where each robot is responsible for generating its own paths, to ensure their safe operation. Recently, the utilization of reinforcement learning to develop decentralized policies that enable multiple robots to move cooperatively and accomplish tasks has yielded positive outcomes. However, the presence of exploration unsafe actions during the reinforcement learning training process results in inadequate safety. We seek to enhance the safety of distributed multi-robot navigation policies and propose a new imitation learning framework based on the variational Bayesian model, which enables robots to learn safe actions by anticipating the subsequent state they are expected to reach. In addition, a new policy neural network structure for multi-robot navigation is proposed by introducing the transformer structure, which encodes the significance of nearby robots in relation to their forthcoming conditions. Experiments demonstrated that our policy can more safely guide robots to navigate in multi-robot environments under conditions of limited information, outperforming the state-of-the-art RL-RVO method in terms of success rate. Note to Practitioners—The motivation of this paper is to address the problem of collision avoidance in a multi-robot environment under limited information, which can also be applied to autonomous driving, crowd simulation, and other related fields. Positive outcomes have been observed in the utilization of reinforcement learning to create decentralized policies that enable multiple robots to move cooperatively and complete tasks. However, inadequate safety remains a challenging task due to the possibility of exploring hazardous actions during training. This article aims to enhance the safety of distributed policies guiding robots to accomplish navigation tasks in dynamic multi-robot environments. To begin with, we introduce a novel framework for imitation learning that is based on the variational Bayesian model. This framework facilitates the learning of safe actions by the policy to improve its performance and guide the robot in navigating and avoiding obstacles more securely. A loss function is proposed that enables the anticipation of the future state expected to be reached by the robot. By incorporating the transformer structure, a new neural network structure is designed for multi-robot navigation that encodes the significance of nearby robots concerning their upcoming conditions. This network structure employs a BiGRUs to facilitate the assimilation of observations from multiple agents by the policy. Compared to existing works such as GA3C-CADRL, SARL, and RL-RVO, our proposed method achieves a higher success rate. In our future research, we will investigate methods to enhance the policy’s performance in guiding robots to complete tasks by focusing on improving travel time and average speed, while also strictly ensuring safe navigation. Furthermore, we plan to extend this approach by addressing navigation challenges in more densely populated multi-robot environments.","1558-3783","","10.1109/TASE.2023.3346049","National Key Research and Development Program of China(grant numbers:2022YFB3903804); National Natural Science Foundation of China(grant numbers:62273138,62133005,62103141); ","https://ieeexplore.ieee.org/stamp/stamp.jsp?arnumber=10374312","Multi-robot systems;imitation learning;collision avoidance;safe navigation;variational Bayesian methods","Robots;Collision avoidance;Navigation;Robot kinematics;Task analysis;Safety;Robot sensing systems;Multi-robot systems","","26","","36","IEEE","26 Dec 2023","Oct. 2024","","IEEE","IEEE Journals"
"Adaptive Shape Formation Against Swarm-Scale Variants in Robot Swarms","X. Li; R. Zhou; G. Sun","School of Automation Science and Electrical Engineering, Beihang University, Beijing, China; School of Automation Science and Electrical Engineering, Beihang University, Beijing, China; School of Automation Science and Electrical Engineering, Beihang University, Beijing, China",IEEE Robotics and Automation Letters,"18 Jun 2024","2024","9","8","6776","6783","Shape formation of robot swarms is quite challenging when the robot number varies, as the number often needs to match the number of goal locations in the shape. For this challenge, state-of-the-art methods characterize the shape as a continuous region and distribute robots in the region. However, such methods can only handle a small swarm-scale variant due to the fixed shape size. In this letter, we propose a distributed adaptive shape formation method with variable shape size. The core idea is that each robot can dynamically adjust the shape size according to variants of local density, induced by variants of the robot number. Furthermore, this individual adjustment by each robot can be propagated through peer-to-peer communications. In particular, this strategy is integrated into our previous work, which employs the mean-shift algorithm to achieve the shape formation of large-scale robot swarms. In addition, we also adapt the mean-shift algorithm for redesigning all the negotiation and control components in the previous work such that a concise and unified alternative for shape formation can be provided via the mean-shift algorithm. Finally, simulation and experiment results demonstrate that the proposed method can achieve the desired shape with the robot number decreasing or increasing.","2377-3766","","10.1109/LRA.2024.3414210","STI 2030-Major Projects(grant numbers:2022ZD0208804); China Postdoctoral Science Foundation(grant numbers:2023M740185); Postdoctoral Fellows of Beihang “Zhuoyue” Program, China; ","https://ieeexplore.ieee.org/stamp/stamp.jsp?arnumber=10556623","Adaptive shape formation;variable swarm scale;density feedback;mean-shift algorithm;multi-robot systems","Robot sensing systems;Collision avoidance;Multi-robot systems;Heuristic algorithms;Shape measurement;Particle swarm optimization;Density measurement;Feedback","","5","","29","IEEE","13 Jun 2024","Aug. 2024","","IEEE","IEEE Journals"
"Research on Trajectory Planning for Industrial Robotic Sorting Based on Improved Particle Swarm Optimization Algorithm","D. Qiu; J. Zhou; C. Shi","Chongqing City Vocational College, Chongqing University, Chongqing, China; Chongqing Vocational Institute of Engineering, Chongqing University, Chongqing, China; Chongqing City Vocational College, Chongqing University, Chongqing, China","2025 4th International Conference on Automation, Robotics and Computer Engineering (ICARCE)","3 Feb 2026","2025","","","1","7","To the trade-off between cycle time reduction and vibration suppression in high-speed sorting industrial robots, this study proposes an improved particle swarm optimization algorithmSA-PSO integrating nonlinear inertia weight, dynamic learning factors, and simulated annealingSA mechanisms for time-jerk dual-objective trajectory optimization. A two-stage planning framework is established for theUBO-i6 six-degree-of-freedom robot: key sorting path points are defined in Cartesian space, and a C2-continuous joint-space trajectory is generated via quintic B-spline interpolation. The improved algorithm employs a nonlinear exponential decreasing inertia weight strategy and dynamically adjusts learning factors using a sine-square function to balance global exploration and local exploitation. The SA mechanism, which accepts inferior solutions via the Metropolis criterion, enhances global convergence. Matlab simulations demonstrate that under ±0.5 mm positioning accuracy constraints, the proposed method reduces the sorting cycle time from 3.77 s to 3.07 s18.7% reduction and decreases the mean maximum jerk all joints from 14.73°/s3to 7.34°/s3(50.2%) reduction. This significantly improves sorting efficiency while suppressing mechanical vibrations, offering a novel approach for high-speed sorting robot trajectory optimization that balances performance and reliability.","","979-8-3315-5893-2","10.1109/ICARCE67182.2025.11362092","Chongqing Municipal Education Commission; ","https://ieeexplore.ieee.org/stamp/stamp.jsp?arnumber=11362092","industrial robot;trajectory planning;particle swarm optimization;simulated annealing;time-jerk optimization","Vibrations;Service robots;Trajectory planning;Heuristic algorithms;Simulated annealing;Particle swarm optimization;Splines (mathematics);MATLAB;Trajectory optimization;Sorting","","","","15","IEEE","3 Feb 2026","18-19 Dec. 2025","18-19 Dec. 2025","IEEE","IEEE Conferences"
"Route Planning for an Autonomous Robotic Vehicle Employing a Weight-Controlled Particle Swarm-Optimized Dijkstra Algorithm","S. Sundarraj; R. V. K. Reddy; M. B. Basam; G. H. Lokesh; F. Flammini; R. Natarajan","Department of Electronics and Communication Engineering, M. Kumarasamy College of Engineering, Karur, India; Department of Computer Science and Engineering, Koneru Lakshmaiah Education Foundation, Vaddeswaram, Guntur, Andhra Pradesh, India; Department of Electrical and Electronics Engineering, Seshadri Rao Gudlavalleru Engineering College, JNTU Kakinada, Kakinada, Andhra Pradesh, India; Department of Information Technology, Manipal Institute of Technology Bengaluru, Manipal Academy of Higher Education, Manipal, India; IDSIA USI-SUPSI, University of Applied Sciences and Arts of Southern Switzerland, Manno, Switzerland; Information Technology Department, University of Technology and Applied Sciences-Shinas, Shinas, Oman",IEEE Access,"1 Sep 2023","2023","11","","92433","92442","An autonomous robotic vehicle (ARVs) is a self-driving vehicle that uses advanced technologies to navigate through the environment without human intervention. These vehicles can be used for various applications, including transportation, logistics, surveillance, and exploration. Route planning (RP) is the process of determining the most efficient and safe route for a vehicle, pedestrian, or any other mode of transportation to reach a destination. Route management is the process of selecting a collision-free path through an environment, which in practice is frequently crowded. Therefore, offering a RP solution for robotic systems is essential. The particle swarm optimization (PSO) method incorporates inertia weights and imitates the cooperative behavior of the flock’s population as well as its predatory nature to address route modeling issues. The Dijkstra algorithm (DA) works by determining the shortest path among the closest vertices between the source and destination. To choose the best path, inertia weight is also taken into account. By analyzing algorithms, we presented the combination technique for RP. In order to give a reliable route planning method, we suggested the weight-controlled particle swarm-optimized Dijkstra algorithm (WCPSODA). MATLAB was used to run the simulation, and conventional tools were used to evaluate the results. The findings of the study show that the suggested systems are capable of performing well.","2169-3536","","10.1109/ACCESS.2023.3302698","","https://ieeexplore.ieee.org/stamp/stamp.jsp?arnumber=10210288","Robotic systems;route planning (RP);collision-free;particle swarm optimization (PSO);weight-controlled particle swarm-optimized Dijkstra algorithm (WCPSODA);Dijkstra algorithm (DA)","Planning;Robots;Optimization;Robot sensing systems;Mobile robots;Navigation;Heuristic algorithms","","78","","26","CCBYNCND","7 Aug 2023","2023","","IEEE","IEEE Journals"
"Reinforcement Learning for Multi-Robot System: A Review","X. Yang","School of Mechanical and Power Engineering, East China University of Science and Technology, Shanghai, China",2021 2nd International Conference on Computing and Data Science (CDS),"5 Jul 2021","2021","","","203","213","The optimization control of multi-robot systems based on Reinforcement Learning is the frontier field of Robotics and distributed Artificial Intelligence in recent years. Multi-robot systems have the characteristics of distribution, heterogeneity, and high-dimensional spatial continuity, which makes the research of reinforcement learning for multi-robot systems face a series of challenges. This paper reviews the challenges in four practical problems of the multi-robot system which are distributed collaborative driving of multiple vehicles, mobile sensing robot team, multi-robot collaborative monitoring, and multi-UAV cooperative task planning and the latest solutions of them. Methods based on Deep Reinforcement Learning and Multi-Agent Reinforcement Learning are also described. This review may be useful to guide researchers and technologists from the industry in their choice of better cope with the multi-robot system's problems.","","978-1-6654-0428-0","10.1109/CDS52072.2021.00043","","https://ieeexplore.ieee.org/stamp/stamp.jsp?arnumber=9463292","deep reinforcement learning;multi-agent reinforcement learning;multi-robot system","Service robots;Collaboration;Reinforcement learning;Robot sensing systems;Sensors;Planning;Multi-robot systems","","7","","35","IEEE","5 Jul 2021","28-29 Jan. 2021","28-29 Jan. 2021","IEEE","IEEE Conferences"
"Distributed Deep Reinforcement Learning for Ackermann Multi-Robot Formation: A Weighted Multi-Objective Optimization","W. Zhong; B. Xie; Y. Li; L. Cascone; Y. Lu; S. He","College of Automation, Guangdong University of Technology, Guangzhou, China; Dongguan Key Laboratory of Intelligent Equipment and Smart Industry, School of Advanced Engineering, Great Bay University, Dongguan, China; Dongguan Key Laboratory of Intelligent Equipment and Smart Industry, School of Advanced Engineering, Great Bay University, Dongguan, China; Department of Computer Science, University of Salerno, Fisciano, Italy; Dongguan Key Laboratory of Intelligent Equipment and Smart Industry, School of Advanced Engineering, Great Bay University, Dongguan, China; School of Computer Science and Technology (School of Cyberspace Security), Dongguan University of Technology, Dongguan, China",IEEE Transactions on Consumer Electronics,"19 Dec 2025","2025","71","4","11588","11600","The integration of Internet of Things (IoT) with the multi-robot formation problem has been successfully applied in autonomous vehicles, autonomous aerial vehicles (AAVs), and industrial robotics, enhancing robot collaboration in complex tasks and increasing their autonomy when interacting with uncertain environments. However, extending formation strategies to Ackermann-steering robots remains challenging due to the non-holonomic motion constraints inherent in their kinematics. To address this, we propose the Ackermann Multi-Objective Deep Reinforcement Learning (AM-DRL) framework, a distributed deep reinforcement learning (DDRL) approach specifically tailored for Ackermann-type dynamics. First, we design a novel reward function that incorporates projection, distance, alignment, curvature, and deceleration terms, allowing more effective policy learning under real-world driving constraints. Second, we introduce a dynamic weighted parameter-sharing mechanism that prioritizes agent contributions during model updates based on individual performance, thus accelerating convergence and reducing the risk of local optima. Third, we formulate multi-objective policy optimization (MOPO) using distinct actor-critic networks to enhance policy differentiation across heterogeneous agents. Experimental results show that, compared to baseline algorithms without weighted parameter sharing, the proposed method reduces the average distance error by 16.65% and improves formation integrity by 35.14%, demonstrating superior convergence, trajectory smoothness, and robustness.","1558-4127","","10.1109/TCE.2025.3603259","Guangdong Basic and Applied Basic Research Foundation(grant numbers:2024A1515110151,2023A1515110249,2024A1515140079); National Natural Science Foundation of China(grant numbers:62236001); China Postdoctoral Science Foundation(grant numbers:2024M760418); ","https://ieeexplore.ieee.org/stamp/stamp.jsp?arnumber=11142803","Multi-robot systems;distributed reinforcement learning;Ackermann model;mobile robot navigation;formation control;reward function","Navigation;Collision avoidance;Kinematics;Optimization;Adaptation models;Vehicle dynamics;Formation control;Turning;Robot sensing systems;Robot kinematics","","1","","52","IEEE","27 Aug 2025","Nov. 2025","","IEEE","IEEE Journals"
"Moving-Distance-Minimized PSO for Mobile Robot Swarm","J. Zhang; Y. Lu; L. Che; M. Zhou","Department of Computer Science and Technology, Key Laboratory of Embedded System and Service Computing, Ministry of Education, Shanghai Electronic Transactions and Information Service Collaborative Innovation Center, Tongji University, Shanghai, China; Department of Computer Science and Technology, Key Laboratory of Embedded System and Service Computing, Ministry of Education, Shanghai Electronic Transactions and Information Service Collaborative Innovation Center, Tongji University, Shanghai, China; Department of Computer Science and Technology, Key Laboratory of Embedded System and Service Computing, Ministry of Education, Shanghai Electronic Transactions and Information Service Collaborative Innovation Center, Tongji University, Shanghai, China; Institute of Systems Engineering and Collaborative Laboratory for Intelligent Science and Systems, Macau University of Science and Technology, Macau, China",IEEE Transactions on Cybernetics,"18 Aug 2022","2022","52","9","9871","9881","Particle swarm optimizer (PSO) and mobile robot swarm are two typical swarm techniques. Many applications emerge separately along both of them while the similarity between them is rarely considered. When a solution space is a certain region in reality, a robot swarm can replace a particle swarm to explore the optimal solution by performing PSO. In this way, a mobile robot swarm should be able to efficiently explore an area just like the particle swarm and uninterruptedly work even under the shortage of robots or in the case of unexpected failure of robots. Furthermore, the moving distances of robots are highly constrained because energy and time can be costly. Inspired by such requirements, this article proposes a moving-distance-minimized PSO (MPSO) for a mobile robot swarm to minimize the total moving distance of its robots while performing optimization. The distances between the current robot positions and the particle ones in the next generation are utilized to derive paths for robots such that the total distance that robots move is minimized, hence minimizing the energy and time for a robot swarm to locate the optima. Experiments on 28 CEC2013 benchmark functions show the advantage of the proposed method over the standard PSO. By adopting the given algorithm, the moving distance can be reduced by more than 66% and the makespan can be reduced by nearly 70% while offering the same optimization effects.","2168-2275","","10.1109/TCYB.2021.3079346","Innovation Program of Shanghai Municipal Education Commission(grant numbers:202101070007E00098); National Natural Science Foundation of China(grant numbers:51775385,61703279,62073244,61876218); Shanghai Innovation Action Plan(grant numbers:20511100500); ","https://ieeexplore.ieee.org/stamp/stamp.jsp?arnumber=9523584","Expensive flight problems;mobile robot swarm;moving-distance minimization;particle swarm optimizer (PSO);swarm intelligence","Robots;Robot kinematics;Optimization;Mobile robots;Task analysis;Collaboration;Technological innovation","Algorithms;Robotics","52","","66","IEEE","26 Aug 2021","Sept. 2022","","IEEE","IEEE Journals"
"Optimal Cluster Formation Control for Air-Sea Heterogeneous Multi-Robot Systems: A Predefined-Time Estimator-Based Reinforcement Learning Approach","C. Chen; H. Li; J. Liu; J. Liu; C. Peng; S. Xie",NA; NA; NA; NA; NA; NA,IEEE Transactions on Vehicular Technology,"","2026","PP","99","1","13","This paper investigates the problem of optimal cluster formation control for air–sea heterogeneous multi-robot systems (HMRSs) subject to external disturbances and energy constraints. To address this challenge, a hierarchical control framework is proposed, which decomposes the problem into two sub-tasks: distributed sliding-mode-based predefined-time formation estimation and reinforcement learning (RL)-based local optimal tracking control. First, a distributed nonsingular predefined-time sliding mode estimation algorithm is designed, which not only effectively eliminates system dimensional heterogeneity but also ensures that each follower robot can accurately estimate the state of its corresponding virtual leader within a predefined time, thereby generating the desired formation con figuration. Subsequently, based on the estimated information, a neural network-driven critic–actor RL framework is constructed to optimize the control inputs. By incorporating backstepping, intermediate control signals are designed to achieve local optimal tracking control of the heterogeneous system. The proposed hierarchical framework effectively decouples predefined-time cluster formation estimation from local optimal tracking control, significantly reducing the complexity of applying RL in formation control. Moreover, compared with existing simplified models, the established air–sea HMRS model achieves higher accuracy. Finally, rigorous Lyapunov stability analysis and numerical simulations are conducted to verify the effectiveness of the proposed algorithm.","1939-9359","","10.1109/TVT.2026.3661076","","https://ieeexplore.ieee.org/stamp/stamp.jsp?arnumber=11371684","Air-sea heterogeneous multi-robot systems;predefined-time estimator;cluster formation control;reinforcement learning;optimal backstepping","Robots;Atmospheric modeling;Estimation;Robot kinematics;Formation control;Convergence;Autonomous aerial vehicles;Optimal control;Control systems;Multi-robot systems","","","","","IEEE","4 Feb 2026","","","IEEE","IEEE Early Access Articles"
"Coordination of Multi-Robot Systems","S. Duan; Z. Jiang; Y. Ren; H. Wei","School of Ocean Engineering Harbin Institute of Technology (Weihai), Weihai, China; School of Automation Beijing Institute of Technology, Beijing, China; School of Engineering University of Leicester, Leicester, UK; Sino-German College of Applied Science Tongji University, Shanghai, China","2022 International Conference on Electronics and Devices, Computational Science (ICEDCS)","2 Jan 2023","2022","","","361","367","The multi-robot system is composed of a collection of two or more autonomous robots. The multi-robot system aims to create robust, flexible, and scalable approaches to collaborate with all robots. In multi-robot systems, robots work together to achieve several specific tasks. Although multi-robot systems provide wide applications such as path planning, cooperative localization, and dynamic task allocation, the research in the multi-robot system field is still developing. This paper analyzes previous research on multi-robot systems and divides multi-robot systems into two taxonomies. In the first taxonomy, we review the centralized multi-robot system. In the second taxonomy, we review the distributed multi-robot system. Then we analyze two typical algorithms (ant colony algorithm and particle swarm algorithm) applied to distributed multi-robot systems and compare the centralized systems with distributed systems in terms of characteristics and applications. We conclude by discussing the current limits and future research directions in the multi-robot system.","","978-1-6654-5541-1","10.1109/ICEDCS57360.2022.00086","","https://ieeexplore.ieee.org/stamp/stamp.jsp?arnumber=9997067","multi-robot systems;centralized systems;distributed systems;swarm intelligence","Scientific computing;Robot kinematics;Taxonomy;Maintenance engineering;Market research;Path planning;Multi-robot systems","","8","","19","IEEE","2 Jan 2023","20-22 Sept. 2022","20-22 Sept. 2022","IEEE","IEEE Conferences"
"Awareness Map Enabled Semi-Centralized MARL for Multi-Robot Collaboration","A. Siddiqua; S. Liu; K. Mouser; M. Harris","Department of Computer Science, Missouri State University, Springfield, MO, USA; Department of Computer Science, Missouri State University, Springfield, MO, USA; Science Teacher, Pierce City High School, Pierce City, MO, USA; STEM and Gifted Teacher Fair Play High School, Fair Play, MO, USA",2025 IEEE 22nd Consumer Communications & Networking Conference (CCNC),"5 May 2025","2025","","","1","6","Facilitating efficient collaboration among multiple robots in complex smart environments presents significant challenges. Multi-agent reinforcement learning (MARL) offers a viable solution for training robots in task selection, navigation, and collaboration. However, classical MARL methods that rely solely on local observations result in the loss of global awareness, leading to suboptimal performance. To tackle this, many collaborative MARL methods employ centralized learning to utilize complete information during training. However, acquiring such global information in real-world multi-robot systems is often impractical and computationally expensive, necessitating an abstraction method to enhance decision-making and accelerate the learning process. In this research, we propose a novel semi-centralized MARL (SC-MARL) framework that enhances communication among robots through a shared knowledge base called the Awareness Map (AM). We introduce three variations of the Awareness Map, Uniform-AM, Linear-AM, and Sigmoid-AM, and evaluate their performance in a predefined multi-robot environment. Using Unity3D, we designed various smart environments with different complexities, incorporating diverse learning objectives and cooperative challenges. Experimental results show that our AM-enabled SC-MARL effectively trains robot groups, achieving 50% higher performance than decentralized learning methods. Additionally, the adaptability of our approach supports transfer learning, allowing robots to reuse knowledge across multiple scenarios and learn faster than starting from scratch.","2331-9860","979-8-3315-0805-0","10.1109/CCNC54725.2025.10976220","National Science Foundation(grant numbers:2302060); ","https://ieeexplore.ieee.org/stamp/stamp.jsp?arnumber=10976220","Multi-Agent Reinforcement Learning;Multi-Robot System;Information-Sharing;Transfer Learning;Unity ML-Agent Toolkit","Training;Learning systems;Navigation;Transfer learning;Knowledge based systems;Decision making;Collaboration;Reinforcement learning;Multi-robot systems;Robots","","2","","16","IEEE","5 May 2025","10-13 Jan. 2025","10-13 Jan. 2025","IEEE","IEEE Conferences"
"Multi-Robot Flocking Control Based on Deep Reinforcement Learning","P. Zhu; W. Dai; W. Yao; J. Ma; Z. Zeng; H. Lu","Robotics Research Center, College of Intelligence Science and Technology, National University of Defense Technology, Changsha, China; Robotics Research Center, College of Intelligence Science and Technology, National University of Defense Technology, Changsha, China; Robotics Research Center, College of Intelligence Science and Technology, National University of Defense Technology, Changsha, China; Robotics Research Center, College of Intelligence Science and Technology, National University of Defense Technology, Changsha, China; Robotics Research Center, College of Intelligence Science and Technology, National University of Defense Technology, Changsha, China; Robotics Research Center, College of Intelligence Science and Technology, National University of Defense Technology, Changsha, China",IEEE Access,"21 Aug 2020","2020","8","","150397","150406","In this paper, we apply deep reinforcement learning (DRL) to solve the flocking control problem of multi-robot systems in complex environments with dynamic obstacles. Starting from the traditional flocking model, we propose a DRL framework for implementing multi-robot flocking control, eliminating the tedious work of modeling and control designing. We adopt the multi-agent deep deterministic policy gradient (MADDPG) algorithm, which additionally uses the information of multiple robots in the learning process to better predict the actions that robots will take. To address the problems such as low learning efficiency and slow convergence speed of the MADDPG algorithm, this paper studies a prioritized experience replay (PER) mechanism and proposes the Prioritized Experience Replay-MADDPG (PER-MADDPG) algorithm. Based on the temporal difference (TD) error, a priority evaluation function is designed to determine which experiences are sampled preferentially from the replay buffer. In the end, the simulation results verify the effectiveness of the proposed algorithm. It has a faster convergence speed and enables the robot group to complete the flocking task in the environment with obstacles.","2169-3536","","10.1109/ACCESS.2020.3016951","National Natural Science Foundation of China(grant numbers:U1913202,U1813205); Hunan Provincial Innovation Foundation for Postgraduate(grant numbers:CX2018B010); ","https://ieeexplore.ieee.org/stamp/stamp.jsp?arnumber=9169650","Multi-robot;deep reinforcement learning;flocking control;PER-MADDPG","Learning (artificial intelligence);Robot kinematics;Robot sensing systems;Collision avoidance;Task analysis;Training","","70","","34","CCBY","17 Aug 2020","2020","","IEEE","IEEE Journals"
"Decentralized Control of Multi-Robot System in Cooperative Object Transportation Using Deep Reinforcement Learning","L. Zhang; Y. Sun; A. Barth; O. Ma","Department of Aerospace Engineering and Engineering Mechanics, University of Cincinnati, Cincinnati, OH, USA; Department of Aerospace Engineering and Engineering Mechanics, University of Cincinnati, Cincinnati, OH, USA; Department of Aerospace Engineering and Engineering Mechanics, University of Cincinnati, Cincinnati, OH, USA; Department of Aerospace Engineering and Engineering Mechanics, University of Cincinnati, Cincinnati, OH, USA",IEEE Access,"15 Oct 2020","2020","8","","184109","184119","Object transportation could be a challenging problem for a single robot due to the oversize and/or overweight issues. A multi-robot system can take the advantage of increased driving power and more flexible configuration to solve such a problem. However, an increased number of individuals also changed the dynamics of the system which makes control of a multi-robot system more complicated. Even worse, if the whole system is sitting on a centralized decision making unit, the data flow could be easily overloaded due to the upscaling of the system. In this research, we propose a decentralized control scheme on a multi-robot system with each individual equipped with a deep Q-network (DQN) controller to perform an oversized object transportation task. DQN is a deep reinforcement learning algorithm, thus does not require the knowledge of system dynamics, instead, it enables the robots to learn appropriate control strategies through trial-and-error style interactions within the task environment. Since analogous controllers are distributed on the individuals, the computational bottleneck is avoided systematically. We demonstrate such a system in a scenario of carrying an oversized rod through a doorway by a two-robot team. The presented multi-robot system learns abstract features of the task and cooperative behaviors are observed. The decentralized DQN-style controller is showing strong robustness against uncertainties. In addition, We propose a universal metric to assess the cooperation quantitatively.","2169-3536","","10.1109/ACCESS.2020.3025287","","https://ieeexplore.ieee.org/stamp/stamp.jsp?arnumber=9201368","Cooperative object transportation;decentralized control;deep Q-network;multi-robot system","Robot kinematics;Task analysis;Transportation;Robot sensing systems;Multi-robot systems;Heuristic algorithms","","62","","35","CCBY","21 Sep 2020","2020","","IEEE","IEEE Journals"
"Decentralized Multi-robot Navigation Policy with Enhanced Security Using Graph GRU Policy Network","L. Chen; Y. Ao; Z. Zhou; Y. Wang; D. Wang","School of Software Engineering, Xian Jiaotong University, Xian, China; School of Software Engineering, Xian Jiaotong University, Xian, China; School of Electrical and Information Engineering, Hunan University, Changsha, China; School of Electrical and Information Engineering, Hunan University, Changsha, China; School of Electrical and Electrical Engineering, Nanyang Technological University, Singapore",2025 IEEE/RSJ International Conference on Intelligent Robots and Systems (IROS),"27 Nov 2025","2025","","","905","911","Formulating a multi-robot obstacle avoidance policy is essential for enabling safe and efficient navigation in multi-robot environments, forming a critical component of the effective operation of multi-robot systems. Recently, reinforcement learning has been applied to improve the performance of decentralized, policy-driven robots in task execution. However, ensuring the safety of these agents during movement remains a significant challenge due to the inherent risks associated with the reinforcement learning process, such as frequent collisions. To address this issue and enhance the safety of policy-guided multi-robot navigation, we propose a novel policy based on imitation learning. This framework introduces a novel policy neural network that integrates a graph attention mechanism with the GRU network structure. The key innovation lies in utilizing the interactions between neighboring robots to enhance the safety of their movements. In a multi-robot simulation environment, robot behaviors are directed by the proposed policy. A comparative analysis was conducted between our approach and RL-RVO, one of the advanced methods in the field. The results demonstrate that our approach outperforms RL-RVO, achieving a higher success rate and significantly improving safety performance.","2153-0866","979-8-3315-4393-8","10.1109/IROS60139.2025.11245969","Research and Development; National Natural Science Foundation of China; ","https://ieeexplore.ieee.org/stamp/stamp.jsp?arnumber=11245969","","Technological innovation;Attention mechanisms;Navigation;Neural networks;Reinforcement learning;Safety;Trajectory;Security;Collision avoidance;Observability","","","","29","IEEE","27 Nov 2025","19-25 Oct. 2025","19-25 Oct. 2025","IEEE","IEEE Conferences"
"Multi-Robot Collaboration for Dynamic Environments: A Study Based on the Improved PPO Algorithm","Z. Li; C. Yang; Z. Li; Y. Jiang; G. Wang","Beihang University, Beijing, China; Beihang University, Beijing, China; Beihang University, Beijing, China; Beihang University, Beijing, China; Aerospace liangli Electric Co., Ltd, Xi'an, China",2025 8th International Conference on Advanced Algorithms and Control Engineering (ICAACE),"9 Jun 2025","2025","","","20","23","With the expanding applications of multi-robot systems in complex dynamic environments, efficiently coordinating multiple robots to complete intricate tasks has become a hot research topic. This study proposes an improved Proximal Policy Optimization (PPO) algorithm, which optimizes inter-robot collaboration through reinforcement learning to enhance the adaptability and stability of multi-robot systems in dynamic environments. We employ a Markov Decision Process (MDP) framework and coordinate each robot using a joint reward function to achieve global task optimization in complex tasks. Experimental results demonstrate that the improved PPO significantly outperforms traditional PPO and MPC methods in terms of task completion efficiency, collaboration efficiency, and stability, especially when facing environmental disturbances and increased task complexity. The improved PPO algorithm shows stronger adaptability and robustness, proving its superiority in multi-robot collaborative tasks.","","979-8-3315-3508-7","10.1109/ICAACE65325.2025.11019702","","https://ieeexplore.ieee.org/stamp/stamp.jsp?arnumber=11019702","Multi-Robot Collaboration;Improved PPO Algorithm;Reinforcement Learning;Task Optimization;Dynamic Environment","Control engineering;Heuristic algorithms;Robot kinematics;Markov decision processes;Collaboration;Reinforcement learning;Robustness;Multi-robot systems;Thermal stability;Optimization","","1","","10","IEEE","9 Jun 2025","21-23 March 2025","21-23 March 2025","IEEE","IEEE Conferences"
"DC-MRTA: Decentralized Multi-Robot Task Allocation and Navigation in Complex Environments","A. Agrawal; S. Hariharan; A. S. Bedi; D. Manocha","College Park, University of Maryland, MD, USA; College Park, University of Maryland, MD, USA; College Park, University of Maryland, MD, USA; College Park, University of Maryland, MD, USA",2022 IEEE/RSJ International Conference on Intelligent Robots and Systems (IROS),"26 Dec 2022","2022","","","11711","11718","We present a novel reinforcement learning (RL) based task allocation and decentralized navigation algorithm for mobile robots in warehouse environments. Our approach is designed for scenarios in which multiple robots are used to perform various pick up and delivery tasks. We consider the problem of joint decentralized task allocation and navigation and present a two level approach to solve it. At the higher level, we solve the task allocation by formulating it in terms of Markov Decision Processes and choosing the appropriate rewards to minimize the Total Travel Delay (TTD). At the lower level, we use a decentralized navigation scheme based on ORCA that enables each robot to perform these tasks in an independent manner, and avoid collisions with other robots and dynamic obstacles. We combine these lower and upper levels by defining rewards for the higher level as the feedback from the lower level navigation algorithm. We perform extensive evaluation in complex warehouse layouts with large number of agents and highlight the benefits over state-of-the-art algorithms based on myopic pickup distance minimization and regret-based task selection. We observe improvement up to 14% in terms of task completion time and up-to 40% improvement in terms of computing collision-free trajectories for the robots.","2153-0866","978-1-6654-7927-1","10.1109/IROS47612.2022.9981353","ARO(grant numbers:W911NF1910069,W911NF2110026); ","https://ieeexplore.ieee.org/stamp/stamp.jsp?arnumber=9981353","","Navigation;Heuristic algorithms;Reinforcement learning;Markov processes;Minimization;Trajectory;Resource management","","15","","51","IEEE","26 Dec 2022","23-27 Oct. 2022","23-27 Oct. 2022","IEEE","IEEE Conferences"
"FT-MSTC*: An Efficient Fault Tolerance Algorithm for Multi-robot Coverage Path Planning","C. Sun; J. Tang; X. Zhang","Shanghai Key Laboratory of Trustworthy Computing, Engineering Research Center of Software/Hardware Co-design Technology and Application (MoE) and School of Software Engineering, East China Normal University, Shanghai; Shanghai Key Laboratory of Trustworthy Computing, Engineering Research Center of Software/Hardware Co-design Technology and Application (MoE) and School of Software Engineering, East China Normal University, Shanghai; Shanghai Key Laboratory of Trustworthy Computing, Engineering Research Center of Software/Hardware Co-design Technology and Application (MoE) and School of Software Engineering, East China Normal University, Shanghai",2021 IEEE International Conference on Real-time Computing and Robotics (RCAR),"31 Aug 2021","2021","","","107","112","Fault tolerance is very important for multi-robot systems, especially for those operated in remote environments. The ability to tolerate failures, allows robots effectively to continue performing tasks without the need for immediate human intervention. In this paper, we present a new efficient fault tolerance algorithm for multi-robot coverage path planning (mCPP). The entire coverage path is considered as a topological task loop. The ideal mCPP problem is handled by partitioning this task loop and assign each partition to individual robot. When a faulty robot is detected, we use an optimization method to minimize the overall maximum coverage cost while considering both the tasks accomplished before robot failures and the remaining tasks. We perform various experiments for regular grid maps and real field terrains. We compare our algorithm against other coverage path planning algorithms and our algorithm outperforms existing spiral-STC-based methods in terms of the overall maximum coverage cost.","","978-1-6654-3678-6","10.1109/RCAR52367.2021.9517650","","https://ieeexplore.ieee.org/stamp/stamp.jsp?arnumber=9517650","","Fault tolerance;Fault tolerant systems;Optimization methods;Reinforcement learning;Path planning;Real-time systems;Partitioning algorithms","","10","","30","IEEE","31 Aug 2021","15-19 July 2021","15-19 July 2021","IEEE","IEEE Conferences"
"Path Planning Techniques for Multi-robot Systems: A Systematic Review","N. A. Abujabal; T. Rabie; I. Kamel","Department of Computer Engineering, University of Sharjah, Sharjah, United Arab Emirates; Department of Computer Engineering, University of Sharjah, Sharjah, United Arab Emirates; Department of Computer Engineering, University of Sharjah, Sharjah, United Arab Emirates",2023 15th International Conference on Innovations in Information Technology (IIT),"25 Dec 2023","2023","","","1","6","Numerous path planning studies have been conducted in past decades due to the challenges of obtaining optimal solutions. This paper provides a comprehensive review of multi-robot path planning approaches, focusing on classical, AI-based, and hybrid methods. Bio-inspired techniques are commonly used, and AI approaches are gaining popularity. The challenges faced by multi-robot systems include the number of robots, energy efficiency, fault tolerance, robustness, and dynamic targets. Therefore, developers are continuously researching for optimal solutions that can gather the benefits of multi-robot systems while overcoming the possible challenges. This paper provides a comprehensive assessment of various path planning techniques, highlights key problems in this field, and identifies research gaps for a better multi-robot path planning experience.","2473-2052","979-8-3503-8239-6","10.1109/IIT59782.2023.10366472","","https://ieeexplore.ieee.org/stamp/stamp.jsp?arnumber=10366472","Path planning;multi-robot;classical approaches;artificial intelligence approaches;hybrid approaches","Technological innovation;Fault tolerance;Systematics;Fault tolerant systems;Focusing;Path planning;Robustness","","7","","43","IEEE","25 Dec 2023","14-15 Nov. 2023","14-15 Nov. 2023","IEEE","IEEE Conferences"
"Deep Reinforcement Learning for Multi-Robot Local Path Planning in Dynamic Environments","C. -T. Vu; Y. -C. Liu","Department of Mechanical Engineering, National Cheng Kung University, Tainan, Taiwan; Department of Mechanical Engineering, National Cheng Kung University, Tainan, Taiwan",2024 13th International Workshop on Robot Motion and Control (RoMoCo),"29 Jul 2024","2024","","","267","272","The transportation and logistics sectors are experiencing a remarkable increase in the utilization of autonomous mobile robots, playing a pivotal role in the efficient management and distribution of merchandise and resources. Particularly in large-scale systems, finding effective solutions for coordinating and planning paths is a critical factor influencing overall system performance. Addressing the challenges of dynamic environments and working in uncertain conditions, this study introduces a novel local path planning approach for a multi-agent system based on a decentralized framework, employing deep reinforcement learning. The methodology incorporates Proximal Policy Optimization (PPO) and the Dynamic Window Approach (DWA) to analyze situations based on environmental information. We propose a new cost function for DWA by developing two sub functions based on the information between agents and the goal. The observation space for deep reinforcement learning is designed by integrating velocity space and incorporating the cost function derived from DWA. The effectiveness of this method is evaluated in four simulated environments and experimented with four TurtleBot Burger robots. Additionally, the approach is compared with state-of-the-art multi-robot path planning methods, revealing significant improvements in success rates, reaching up to 30 %, in dynamic environments, and reductions in path lengths.","2575-5579","979-8-3503-9396-5","10.1109/RoMoCo60539.2024.10604387","","https://ieeexplore.ieee.org/stamp/stamp.jsp?arnumber=10604387","","Robot motion;Robot kinematics;Heuristic algorithms;System performance;Transportation;Deep reinforcement learning;Cost function","","7","","19","IEEE","29 Jul 2024","2-4 July 2024","2-4 July 2024","IEEE","IEEE Conferences"
"A Hierarchical Multi Robot Coverage Strategy for Large Maps With Reinforcement Learning and Dense Segmented Siamese Network","Y. Huang; Y. Wang; Z. Li; H. Zhang; C. Zhang","State Key Laboratory of Precision Space-time Information Sensing Technology, Tsinghua University, Beijing, China; State Key Laboratory of Precision Space-time Information Sensing Technology, Tsinghua University, Beijing, China; National Key Laboratory of Electromagnetic Space Security, Chengdu, China; State Key Laboratory of Precision Space-time Information Sensing Technology, Tsinghua University, Beijing, China; Tsinghua University, Beijing, China",IEEE Robotics and Automation Letters,"9 Dec 2024","2025","10","1","444","451","Complete coverage of multiple robots for a large map is an important collaborative planning task, which is widely used in disaster search and rescue, forest fire prevention, resource exploration, and other fields. It generally focuses on coverage completion with less robot (mostly drone) occupation and higher time efficiency. However, as the map becomes larger, most existing works will fail to remain near-optimal due to escalating complexity. In this letter, we formulate the problem as two levels of traveling salesman problem (TSP) to reduce the complexity, where the lower level is single-robot local coverage planning with preset TSP solutions, and the higher level is multiple TSP (mTSP) global planning executed by multiple robots. To better adapt to dynamic scenarios, we apply a distributed multi-agent reinforcement learning (MARL) framework that allows efficient online computation, and a dense segmented Siamese network (DSSN) to achieve efficient and effective solutions. We show that compared to existing advanced methods, our strategy can effectively solve the problem with coverage costs decreased by over 30$\%$ average and the execution time reduced to seconds in large maps. Furthermore, our network DSSN achieves an additional improvement with random settings to the previous mTSP architecture. We also discuss the influence of different robot densities and separated block sizes on the results, and demonstrate the adaptability to irregular and large-scale obstacles.","2377-3766","","10.1109/LRA.2024.3502067","","https://ieeexplore.ieee.org/stamp/stamp.jsp?arnumber=10758196","Path planning for multiple mobile robots or agents;reinforcement learning;planning;scheduling and coordination;complete coverage;large maps","Robots;Robot kinematics;Planning;Costs;Reinforcement learning;Trajectory;Robot sensing systems;Training;Partitioning algorithms;Disasters","","6","","31","IEEE","19 Nov 2024","Jan. 2025","","IEEE","IEEE Journals"
"Particle swarm optimization-based method of source seeking by small robotic groups in the presence of noises and communication constraints","N. Makarov; A. Matveev; S. Gusev","Mathematical Robotics Science Division, Sirius University, Russia; Mathematical Robotics Science Division, Sirius University, Russia; Mathematical Robotics Science Division, Sirius University, Russia",2024 9th International Conference on Robotics and Automation Engineering (ICRAE),"28 Jan 2025","2024","","","143","148","The paper deals with the problem of cooperatively finding a source of an unknown environmental field by a relatively small group of robots whose communication range is finite. To solve this problem, a distributed control law is proposed, which is based on the ideas of the particle swarm optimization techniques. To disclose the impacts of the number of agents, their communication radii, and the noise level on the performance of the algorithm, intensive Monte Carlo simulation studies are performed, with a particular attention to relatively small groups. Comparative analysis of two opposite strategies of the robots’ initial placement on the perimeter of the zone of search is also performed. The first of them comes to disembarkment of the robots in a tight cluster at the start of the mission, the second one consists in their uniform distribution over the perimeter.","","979-8-3315-1830-1","10.1109/ICRAE64368.2024.10851693","","https://ieeexplore.ieee.org/stamp/stamp.jsp?arnumber=10851693","Multiagent robotics;communication constraints;source seeking","Monte Carlo methods;Filtering;Noise;Decentralized control;Attenuation measurement;Particle swarm optimization;Robots;Noise level","","","","24","IEEE","28 Jan 2025","15-17 Nov. 2024","15-17 Nov. 2024","IEEE","IEEE Conferences"
"HAFE: Hierarchical Attention-based Frontier Exploration for Multi-Robot Mapping","X. Yao; Y. Dong; M. Isaac","School of Internet of Things Xi’an Jiaotong Liverpool University, Suzhou, China; School of Internet of Things Xi’an Jiaotong Liverpool University, Suzhou, China; School of Internet of Things Xi’an Jiaotong Liverpool University, Suzhou, China",2025 34th International Conference on Computer Communications and Networks (ICCCN),"29 Aug 2025","2025","","","1","6","Autonomous exploration is a critical application of multi-vehicle systems, where a team of networked robots collaboratively explores an unknown environment. This technique is crucial for applications like search and rescue, fault detection, and mapping. Traditional frontier-based methods struggle with cooperative exploration, while multi-agent deep reinforcement learning (MARL) approaches suffer from inefficient task assignments due to shortsighted decision-making and lack of long-term planning. To address these limitations, we propose HAFE (Hierarchical Attention-based Frontier Exploration), a hierarchical reinforcement learning (HRL) framework that integrates temporal decision modeling into multi-robot exploration. The high-level policy, built on an LSTM-Attention network, captures long-term dependencies in exploration history and dynamically allocates goal frontiers for each robot, ensuring structured and non-redundant coverage. The low-level MADDPG policy then executes navigation and obstacle avoidance. Additionally, we introduce frontier utility embedding into the state representation, enabling robots to prioritize unexplored regions more effectively. Experimental results in Gazebo and ROS demonstrate that HAFE significantly outperforms MADDPG, achieving faster coverage, higher rewards, and fewer collisions by leveraging historical information for more informed goal selection.","2637-9430","979-8-3315-0898-2","10.1109/ICCCN65249.2025.11133753","","https://ieeexplore.ieee.org/stamp/stamp.jsp?arnumber=11133753","autonomous exploration;multi-agent;reinforcement learning","Navigation;Robot kinematics;Fault detection;Redundancy;Decision making;Deep reinforcement learning;Robustness;Planning;History;Collision avoidance","","1","","24","IEEE","29 Aug 2025","4-7 Aug. 2025","4-7 Aug. 2025","IEEE","IEEE Conferences"
"Multi-Robot Source Location of Scalar Fields by a Novel Swarm Search Mechanism With Collision/Obstacle Avoidance","R. -G. Li; H. -N. Wu","Science and Technology on Aircraft Control Laboratory, School of Automation Science and Electrical Engineering, Beihang University, Beijing, China; Science and Technology on Aircraft Control Laboratory, School of Automation Science and Electrical Engineering, Beihang University, Beijing, China",IEEE Transactions on Intelligent Transportation Systems,"28 Dec 2021","2022","23","1","249","264","This paper focuses on source location for scalar fields through multiple mobile robots with sensors. Combined with field strength measurements and swarm evolution mechanisms, the robots are guided to move toward the source of the field. Upon introducing an adaptive weight strategy, a swarm timely update mechanism and a leading-following behavior into quantum particle swarm optimization (QPSO) algorithm, quantum-leading-following-based optimization (QLFBO) algorithm is proposed to direct the movement of robots for a more efficient search. Meanwhile, a collision/obstacle avoidance strategy is designed for the robot to avert accidents. Considering the minimum problem as an optimization objective, the global convergence is proved for QLFBO algorithm. Besides, we study the computational complexity on QLFBO algorithm and the collision/obstacle avoidance strategy. Thus the performance analysis on the global convergence and computational complexity provides theoretical guarantee and feasibility support for multi-robot source location. Finally, simulation tests show the practicality and effectiveness of the developed scheme.","1558-0016","","10.1109/TITS.2020.3010056","National Key Research and Development Program of China(grant numbers:2018AAA0101400); National Natural Science Foundation for Distinguished Young Scholars of China(grant numbers:61625302); Academic Excellence Foundation of BUAA for PhD Students; ","https://ieeexplore.ieee.org/stamp/stamp.jsp?arnumber=9151253","Source location;mobile robots;quantum-leading-following-based optimization (QLFBO) algorithm;collision/obstacle avoidance strategy;global convergence;computational complexity","Position measurement;Collision avoidance;Robot sensing systems;Mobile robots;Convergence","","32","","44","IEEE","28 Jul 2020","Jan. 2022","","IEEE","IEEE Journals"
"A Local Information Aggregation-Based Multiagent Reinforcement Learning for Robot Swarm Dynamic Task Allocation","Y. Lv; J. Lei; P. Yi","Shanghai Research Institute for Intelligent Autonomous Systems, Tongji University, Shanghai, China; Department of Control Science and Engineering, Tongii University, Shanghai, China; Department of Control Science and Engineering, Tongii University, Shanghai, China",IEEE Transactions on Neural Networks and Learning Systems,"3 Jun 2025","2025","36","6","10437","10449","In this article, we explore how to optimize task allocation for robot swarms in dynamic environments, emphasizing the necessity of formulating robust, flexible, and scalable strategies for robot cooperation. We introduce a novel framework using a decentralized partially observable Markov decision process (Dec-POMDP), specifically designed for distributed robot swarm networks. At the core of our methodology is the local information aggregation multiagent deep deterministic policy gradient (LIA-MADDPG) algorithm, which merges centralized training with distributed execution. During the centralized training phase, a local information aggregation (LIA) module is meticulously designed to gather critical data from neighboring robots, enhancing decision-making efficiency. In the distributed execution phase, a strategy improvement method is proposed to dynamically adjust task allocation based on changing and partially observable environmental conditions. Our empirical evaluations show that the LIA module can be seamlessly integrated into various centralized training and decentralized execution (CTDE)-based multiagent reinforcement learning (MARL) methods, significantly enhancing their performance. Additionally, by comparing LIA-MADDPG with six conventional reinforcement learning algorithms and a heuristic algorithm, we demonstrate its superior scalability, rapid adaptation to environmental changes, and ability to maintain both stability and convergence speed. These results underscore LIA-MADDPG’s outstanding performance and its potential to significantly improve dynamic task allocation in robot swarms through enhanced local collaboration and adaptive strategy execution.","2162-2388","","10.1109/TNNLS.2025.3558282","National Key Research and Development Program of China(grant numbers:2022YFA1004701); National Natural Science Foundation of China(grant numbers:72271187,62373283); Shanghai Municipal Science and Technology Major Project(grant numbers:2021SHZDZX0100); ","https://ieeexplore.ieee.org/stamp/stamp.jsp?arnumber=10974732","Dynamic task allocation;multirobot systems;networked robots;robot swarm","Robots;Robot kinematics;Resource management;Dynamic scheduling;Training;Heuristic algorithms;Real-time systems;Autonomous systems;Scalability;Markov decision processes","","14","","46","IEEE","23 Apr 2025","June 2025","","IEEE","IEEE Journals"
"Persistence Region Monitor With a Pheromone-Inspired Robot Swarm Sensor Network","Y. Wu; M. Li; G. Li; Y. Savaria","School of Automation Science and Electrical Engineering, Beihang University, Beijing, China; College of Big Data and Internet, Shenzhen Technology University, Shenzhen, China; Hangzhou Innovation Institute, Beihang University, Hangzhou, China; Department of Electrical Engineering, Polytechnique Montreal, Montreal, Canada",IEEE Internet of Things Journal,"6 Jul 2022","2022","9","14","12093","12110","In this article, we propose a controller that can coordinate a swarm of robots to cover a region persistently by forming a mobile sensor network. Therefore, the robot swarm can monitor a large area of interest (AOI) over a long time. The performance of the swarm can achieve high flexibility and coverage efficiency with swarm intelligence. This method is inspired by the behavior of large predators, such as lions that use liquid markers containing pheromones to mark their territories and indicate their status. Via interactions based on these clues, the ecosystem can achieve a dynamic balance. The controller inspired by this phenomenon consists of two layers, which are a region divider and a path planner. The region divider evenly splits the area into random shapes according to a pheromone clue and adapts to dynamic changes of the swarm size. Then, the path planner generates a closed patrol path for each robot. Like a random search scheme or an ant pheromone-inspired scheme, the proposed controller can adapt to the dynamic change of swarm size providing high efficiency of region coverage. The effectiveness of this controller is proved by modeling the life cycle of a robot swarm as a finite state machine. It is also verified with simulations and experiments with unmanned ground vehicles (UGVs).","2327-4662","","10.1109/JIOT.2021.3133501","","https://ieeexplore.ieee.org/stamp/stamp.jsp?arnumber=9642056","Dynamic swarm size;persistence region coverage;swarm robots;virtual pheromone","Robots;Robot sensing systems;Robot kinematics;Monitoring;Shape;Particle swarm optimization;Convergence","","6","","41","IEEE","8 Dec 2021","15 July15, 2022","","IEEE","IEEE Journals"
"Reinforcement Learned Distributed Multi-Robot Navigation With Reciprocal Velocity Obstacle Shaped Rewards","R. Han; S. Chen; S. Wang; Z. Zhang; R. Gao; Q. Hao; J. Pan","Department of Computer Science, The University of Hong Kong, Hong Kong; Department of Computer Science and Engineering, Southern University of Science and Technology, Shenzhen, Guangdong, China; Department of Computer Science and Engineering, Southern University of Science and Technology, Shenzhen, Guangdong, China; Department of Computer Science, The University of Hong Kong, Hong Kong; Department of Computer Science and Engineering, Southern University of Science and Technology, Shenzhen, Guangdong, China; Department of Computer Science and Engineering, Southern University of Science and Technology, Shenzhen, Guangdong, China; Department of Computer Science, The University of Hong Kong, Hong Kong",IEEE Robotics and Automation Letters,"7 Apr 2022","2022","7","3","5896","5903","The challenges to solving the collision avoidance problem lie in adaptively choosing optimal robot velocities in complex scenarios full of interactive obstacles. In this letter, we propose a distributed approach for multi-robot navigation which combines the concept of reciprocal velocity obstacle (RVO) and the scheme of deep reinforcement learning (DRL) to solve the reciprocal collision avoidance problem under limited information. The novelty of this work is threefold: (1) using a set of sequential VO and RVO vectors to represent the interactive environmental states of static and dynamic obstacles, respectively; (2) developing a bidirectional recurrent module based neural network, which maps the states of a varying number of surrounding obstacles to the actions directly; (3) developing a RVO area and expected collision time based reward function to encourage reciprocal collision avoidance behaviors and trade off between collision risk and travel time. The proposed policy is trained through simulated scenarios and updated by the actor-critic based DRL algorithm. We validate the policy in complex environments with various numbers of differential drive robots and obstacles. The experiment results demonstrate that our approach outperforms the state-of-art methods and other learning based approaches in terms of the success rate, travel time, and average speed.","2377-3766","","10.1109/LRA.2022.3161699","Shenzhen Fundamental Research Program(grant numbers:JCYJ20200109141622964); HKSAR RGC GRF(grant numbers:11202119,11207818); Innovation and HKSAR Technology Commission; InnoHK Initiative; ","https://ieeexplore.ieee.org/stamp/stamp.jsp?arnumber=9740403","Collision avoidance;reinforcement learning;multi-robot systems","Collision avoidance;Robots;Robot sensing systems;Robot kinematics;Navigation;Sensors;Feature extraction","","150","","27","IEEE","23 Mar 2022","July 2022","","IEEE","IEEE Journals"
"Urban Search and Rescue with Anti-pheromone Robot Swarm architecture","R. M. García; D. H. de la Iglesia; J. F. de Paz; V. R. Q. Leithardt; G. Villarrubia","ESALAB Research Group, University of Salamanca, Salamanca, Spain; Facultad de Informática, Universidad Pontificia de Salamanca, Salamanca, Spain; ESALAB Research Group, University of Salamanca, Salamanca, Spain; VALORIZA, Research Center for Endogenous Resources Valorization Instituto Politécnico de Portalegre, Portalegre, Portugal; ESALAB Research Group, University of Salamanca, Salamanca, Spain",2021 Telecoms Conference (ConfTELE),"26 May 2021","2021","","","1","6","In case of a natural disaster, the use of human-robot cooperation is a great option, for this reason the research area Robotic Urban Search and Rescue (USAR) is very promising. This paper proposes a new distributed architecture based on a swarm of robots that allows to solve this problem in an efficient way. For this, it is proposed the fusion of 3 different technologies: hector SLAM, anti-pheromone exploration and computer vision. The use of Nvidia's jetbot robot with a LIDAR sensor is proposed and we use ROS as development platform. The architecture has been tested in two different scenarios in the NetLogo simulation environment. This solution seems promising, bringing new advantages with respect to the state of the art, due to the fact that the time to find a potential victim is shorter with the increasing number of robots in the swarm.","","978-1-6654-1588-0","10.1109/ConfTELE50222.2021.9435557","","https://ieeexplore.ieee.org/stamp/stamp.jsp?arnumber=9435557","USAR;SLAM;anti-pheromone;computer vision;swarm robotics;ROS","Computer vision;Simultaneous localization and mapping;Laser radar;Computational modeling;Computer architecture;Telecommunications;Robots","","8","","12","IEEE","26 May 2021","11-12 Feb. 2021","11-12 Feb. 2021","IEEE","IEEE Conferences"
"Language-Conditioned Offline RL for Multi-Robot Navigation","S. Morad; A. Shankar; J. Blumenkamp; A. Prorok","Department of Computer Science & Technology, University of Cambridge; Department of Computer Science & Technology, University of Cambridge; Department of Computer Science & Technology, University of Cambridge; Department of Computer Science & Technology, University of Cambridge",2025 IEEE International Conference on Robotics and Automation (ICRA),"2 Sep 2025","2025","","","14984","14991","We present a method for synthesizing navigation policies for multi-robot teams that interpret and follow natural language instructions. We condition these policies on embeddings from pretrained Large Language Models (LLMs), and train them via offline reinforcement learning with as little as 20 minutes of randomly-collected real-world data. Experiments on a team of five real robots show that these policies generalize well to unseen commands, indicating an understanding of the LLM latent space. Our method requires no simulators or environment models, and produces low-latency control policies that can be deployed directly to real robots without finetuning. We provide videos of our experiments at https://sites.google.com/view/llm-marl.","","979-8-3315-4139-2","10.1109/ICRA55743.2025.11127288","European Research Council(grant numbers:949940); ","https://ieeexplore.ieee.org/stamp/stamp.jsp?arnumber=11127288","","Navigation;Large language models;Natural languages;Reinforcement learning;Aerospace electronics;Low latency communication;Robots;Videos","","4","","55","IEEE","2 Sep 2025","19-23 May 2025","19-23 May 2025","IEEE","IEEE Conferences"
"A Path Planning Method Based on Collaborative Learning for Multi-Robot with Connectivity and Obstacle Avoidance Constraints","J. Liu; Z. Zheng","College of Computer and Cyber Security, Fujian Normal University, Fuzhou, China; College of Computer and Cyber Security, Fujian Normal University, Fuzhou, China",2022 China Automation Congress (CAC),"13 Mar 2023","2022","","","6770","6775","Cooperative path planning method is one of the research hotspots in the field of multi-agent. In this paper, we study the problem of cooperative path planning, in which the robots under the constraints of communication connectivity and collision avoidance, and choose the destination location independently. It is difficult to find the optimal solution efficiently in sparse solution space by large-scale complex environments. To overcome the problem, in this paper, a novel collaborative learning algorithm, named Park Algorithm (PA) is proposed, which makes full use of exploration experience to improve the exploration efficiency. First, an objective function with three goals including path length, communication and collision is designed. Second, Marker Matrix is designed to evaluate the exploration value of the grids in the map, and each robot uses its own and teammates’ historical experience to update Marker Matrix. Our method can make full use of the exploration experience, realize self-learning and mutual learning between the robots, accelerate the exploration of solution space and avoid falling into local optimal solutions. Finally, the effectiveness and superiority of the proposed method are verified by simulation analysis. The results show that our method has a better performance compared with Genetic Algorithm (GA), Particle Swarm Optimization Algorithm (PSO) and Ant Colony Algorithm (ACO).","2688-0938","978-1-6654-6533-5","10.1109/CAC57257.2022.10054738","National Natural Science Foundation of China; Fujian Normal University; Natural Science Foundation of Fujian Province; ","https://ieeexplore.ieee.org/stamp/stamp.jsp?arnumber=10054738","sparse;collaborative learning;multi-robot;self-learning;mutual learning","Analytical models;Federated learning;Linear programming;Path planning;Space exploration;Sparse matrices;Collision avoidance","","1","","15","IEEE","13 Mar 2023","25-27 Nov. 2022","25-27 Nov. 2022","IEEE","IEEE Conferences"
"Swarm Robotics Collaborative Architecture Based on Embodied Cognition: A Survey From Emergence to Intelligent Decision-Making","W. Xu; Z. Liu; C. -X. Yang; A. Nie; H. -T. Zhang","School of Mechanical Engineering, Hubei University of Technology, Wuhan, Hubei, China; School of Mechanical Engineering, Hubei University of Technology, Wuhan, Hubei, China; School of Mechanical Engineering, Hubei University of Technology, Wuhan, Hubei, China; School of Mechanical Engineering, Hubei University of Technology, Wuhan, Hubei, China; School of Artificial Intelligence and Automation, MOE Engineering Research Center of Autonomous Intelligent Unmanned Systems, and the State Key Laboratory on Intelligent Manufacturing Equipment and Technology, Huazhong University of Science and Technology, Wuhan, China",IEEE Transactions on Automation Science and Engineering,"9 Jul 2026","2026","23","","12294","12317","Against a backdrop of rising automation demands and fundamental scientific challenges, this paper examines the driving factors and technological bottlenecks that constrain the iterative development of swarm-robot systems. To address these challenges, we introduce a group-embodied cognitive-synergy paradigm based on the progressive integration of emergence, planning, and cognition. The proposed architecture outlines a clear evolutionary pathway for distributed automation control: a bottom layer grounded in emergent mechanisms of swarm intelligence arising from local interactions, a middle layer of structured control centered on geometric constraints, and a top layer of collaborative decision-making driven by multi-agent reinforcement learning and game theory. Within this framework, representative technical methods are mapped to typical application scenarios such as search and rescue, flexible logistics, and precision formation control, and the resulting trade-offs among scalability, real-time performance, robustness, and verifiability are systematically summarized. Based on this integrated analysis, we argue that future development should focus on achieving a careful balance among the robustness of bottom-layer emergence mechanisms, the effectiveness of middle-layer structural constraints, and the adaptability of top-layer decision-making. This study aims to provide researchers with a systematic collaborative framework and insights into the future development of intelligent autonomous systems. Note to Practitioners—To ensure the reliability and efficiency of distributed robotic systems, addressing the problem of group integration is essential. Our study, “Swarm Robotics Collaborative Architecture Based on Embodied Cognition: A Survey from Emergence to Intelligent Decision-Making,” examines the integrated pathway from bottom-layer emergent control to top-layer intelligent decision-making. The paper offers systematic architectural reference for practitioners by examining performance trade-offs in typical scenarios, including industrial logistics and search-and-rescue operations. By clarifying how to balance the robustness of underlying interaction mechanisms with the adaptability of high-level decision-making, this work aims to help industry professionals overcome key technical bottlenecks and deploy advanced swarm intelligence technologies in complex real-world engineering environments.","1558-3783","","10.1109/TASE.2026.3708974","Key Research and Development Program of Hubei(grant numbers:2023BEB031); Science and Technology Program of Wuhan, China,(grant numbers:2025071104010370); Taihu Lake Innovation Fund for Future Technology(grant numbers:2024B5); Interdisciplinary Research Program of HUST(grant numbers:5003184086,2024JCYJ033); ","https://ieeexplore.ieee.org/stamp/stamp.jsp?arnumber=11592483","Swarm robotics;emergence;hierarchical control;MARL;game theory","Modeling;Robots;Optimization;Planning;Resource management;Architecture;Computer architecture;Games;Learning (artificial intelligence);Decision making","","","","146","IEEE","1 Jul 2026","2026","","IEEE","IEEE Journals"
"Hierarchical Multi-Robot Pursuit with Deep Reinforcement Learning and Navigation Planning","W. Chen; Y. Zhu","Institute of Automation, Chinese Academy of Sciences University of Chinese Academy of Sciences, Beijing, China; Institute of Automation, Chinese Academy of Sciences University of Chinese Academy of Sciences, Beijing, China",2024 39th Youth Academic Annual Conference of Chinese Association of Automation (YAC),"24 Jul 2024","2024","","","1267","1273","Robotic systems have been used to solve multiple important problems, including pursuit. However, traditional methods in game theory and controlling make it difficult to resolve pursuit problems with high dimensions, continuous spaces, and complex non-convex obstacles. Recently, many researchers have proved that deep reinforcement learning (DRL) has strong feature extraction and decision-making ability when solving decision problems in high-dimensional, continuous space. Thus, applying DRL methods to multi-robot pursuit problems is reasonable. Firstly, in this paper, a multi-robot pursuit simulation environment with complex obstacles in the Unity simulation engine is built. Moreover, a hierarchical method combined with global decision by DRL, local navigation through A* and Navigation Mesh, and collision avoidance by Reciprocal Velocity Obstacles (RVO) is proposed. Finally, the experiment results show the effectiveness of our methods in solving the multi-robot pursuit problem.","2837-8601","979-8-3503-7922-8","10.1109/YAC63405.2024.10598424","National Natural Science Foundation of China; Youth Innovation Promotion Association; ","https://ieeexplore.ieee.org/stamp/stamp.jsp?arnumber=10598424","Deep Reinforcement Learning;Robotic Systems;Pursuit Problem","Training;Navigation;Aerospace electronics;Deep reinforcement learning;Feature extraction;Trajectory;Planning","","2","","29","IEEE","24 Jul 2024","7-9 June 2024","7-9 June 2024","IEEE","IEEE Conferences"
"Gait Planning for Underactuated Bipedal Robot on Discontinuous Ground Based on Particle Swarm Optimization","D. Yao; L. Yang; W. Dong; Y. Yu; X. Wang; Y. Hu","School of Electrical and Automation Engineering, East China Jiaotong University, Nanchang, China; Department of Mechanical and Electrical Engineering, Huazhong Agricultural University, Wuhan, China; School of Electrical and Automation Engineering, East China Jiaotong University, Nanchang, China; School of Electrical and Automation Engineering, East China Jiaotong University, Nanchang, China; School of Electrical and Automation Engineering, East China Jiaotong University, Nanchang, China; School of Economics and Management, East China Jiaotong University, Nanchang, China","2022 IEEE International Conference on Networking, Sensing and Control (ICNSC)","12 Jan 2023","2022","","","1","6","This study develops a gait planning method for underactuated bipedal robot on discontinuous ground based on Particle Swarm Optimization (PSO). First, we introduce an underactuated bipedal walking gait planning method based on Center-of-Mass (CoM) motion state. Second, based on human walking characteristics, we propose a gait planning method to realize underactuated bipedal walking on discontinuous ground. We change the step length and the ideal tracking speed of CoM, in order to eliminate the influence of the ground discontinuity on walking stability. By using PSO, we obtain the ideal tracking speed of CoM for different gait. Finally, the effectiveness of the proposed method is validated with a numerical simulation and a physical experiment. The experimental results show that underactuated bipedal walking can be realized on discontinuous ground by using the proposed method to control robot step length and the ideal tracking speed of CoM.","","978-1-6654-7243-2","10.1109/ICNSC55942.2022.10004103","National Natural Science Foundation of China(grant numbers:52005182); ","https://ieeexplore.ieee.org/stamp/stamp.jsp?arnumber=10004103","Underactuated walking;gait planning;discontinuous ground;variable step length;PSO","Legged locomotion;Solid modeling;Three-dimensional displays;Tracking;Numerical simulation;Robot sensing systems;Stability analysis","","","","18","IEEE","12 Jan 2023","15-18 Dec. 2022","15-18 Dec. 2022","IEEE","IEEE Conferences"
"Adaptive Formation Tracking of Swarm Jumping Robots Using Multiagent Deep Reinforcement Learning","Q. Zhou; G. Li; R. Tang; Y. Xu; Q. Shi","Key Laboratory of Biomimetic Robots and Systems, Beijing Institute of Technology, Beijing, China; Key Laboratory of Biomimetic Robots and Systems, Beijing Institute of Technology, Beijing, China; Key Laboratory of Biomimetic Robots and Systems, Beijing Institute of Technology, Beijing, China; Key Laboratory of Biomimetic Robots and Systems, Beijing Institute of Technology, Beijing, China; Key Laboratory of Biomimetic Robots and Systems, Beijing Institute of Technology, Beijing, China",2023 IEEE International Conference on Unmanned Systems (ICUS),"21 Nov 2023","2023","","","713","718","Swarm jumping robots have attracted increasing attention due to their multimodal motion performance, fault tolerance, and high efficiency. Formation maintenance is the core part of cooperative control of swarm robots, but the mainstream strategies still suffer from poor dynamic adaptability and difficulty in convergence. Here, we propose an adaptive formation tracking system for insect-inspired swarm jumping robots based on Multiagent Deep Reinforcement Learning with Artificial Potential Field (MADRL-APF). It incorporates a hierarchical control architecture for the jumping robots capable of multiple motion modes (jump, turn left, turn right) to autonomously track a moving target. We validated the feasibility of the proposed method in simulated environments with/without obstacles. Multiple jumping robots are able to approach, track and catch a moving target while avoiding obstacles and self-organizing formations during different tasks. Compared with the previous multiagent deep reinforcement learning algorithm, the results show that our method has better convergence and stability. In addition, the method exhibits good scalability and can be scaled to swarm robotic systems with more agents.","2771-7372","979-8-3503-1630-8","10.1109/ICUS58632.2023.10318255","National Natural Science Foundation of China(grant numbers:U2013208); ","https://ieeexplore.ieee.org/stamp/stamp.jsp?arnumber=10318255","Swarm jumping robots;adaptive formation;multiagent deep reinforcement learning;artificial potential field","Deep learning;Target tracking;Adaptive systems;Swarm robotics;Reinforcement learning;Stability analysis;Trajectory","","1","","27","IEEE","21 Nov 2023","13-15 Oct. 2023","13-15 Oct. 2023","IEEE","IEEE Conferences"
"Hierarchical Deep Reinforcement Learning for Multi-robot Cooperation in Partially Observable Environment","Z. Liang; J. Cao; W. Lin; J. Chen; H. Xu","Department of Computing, The Hong Kong Polytechnic University, HongKong, China; Department of Computing, The Hong Kong Polytechnic University, HongKong, China; Department of Computing, The Hong Kong Polytechnic University, HongKong, China; Department of Computing, The Hong Kong Polytechnic University, HongKong, China; Department of Computing, The Hong Kong Polytechnic University, HongKong, China",2021 IEEE Third International Conference on Cognitive Machine Intelligence (CogMI),"13 Apr 2022","2021","","","272","281","Many real-world applications require multi-robot coordination in partially-observable domains such as package delivery, search, and rescue. One typical way to address partial observability is to enable information sharing among robots via dedicated communication protocols. However, designing commu-nication protocols is difficult due to the dynamic environments and complex interactions among robots. Existing broadcasting-based approaches are communication-inefficient, and they usually introduce redundant information that might impair the learning process and action selection. In this paper, we propose a hierar-chical reinforcement learning approach, called COM-cooperative HRL for multi-robot cooperation in a partially observable en-vironment. Specifically, COM-cooperative HRL addresses the above gaps by introducing a partner selector to learn high-level communication strategy using short-term task-execution rewards. Besides, a low-level controller is trained to select actions based on shared information and individual observation. Extensive empirical results show a faster convergence rate and higher team performance over alternative baselines. Our approach can not only improve learning efficiency but also be adaptive to large-scale multi-robot systems.","","978-1-6654-1621-4","10.1109/CogMI52975.2021.00042","","https://ieeexplore.ieee.org/stamp/stamp.jsp?arnumber=9750312","Multi-robot Cooperation;Reinforcement Learning;Multi-robot Reinforcement Learning","Training;Protocols;Robot kinematics;Information sharing;Reinforcement learning;Multi-robot systems;Task analysis","","5","","36","IEEE","13 Apr 2022","13-15 Dec. 2021","13-15 Dec. 2021","IEEE","IEEE Conferences"
"Multi-Robot Collaboration Through Reinforcement Learning and Abstract Simulation","A. Labiosa; J. P. Hanna","University of Wisconsin-Madison, Madison, WI, USA; University of Wisconsin-Madison, Madison, WI, USA",2025 IEEE International Conference on Robotics and Automation (ICRA),"2 Sep 2025","2025","","","1838","1845","Teams of people coordinate to perform complex tasks by forming abstract mental models of world and agent dynamics. The use of abstract models contrasts with much recent work in robot learning that uses a high-fidelity simulator and reinforcement learning (RL) to obtain policies for physical robots. Motivated by this difference, we investigate the extent to which so-called abstract simulators can be used for multiagent reinforcement learning (MARL) and the resulting policies successfully deployed on teams of physical robots. An abstract simulator models the robot's target task at a high-level of abstraction and discards many details of the world that could impact optimal decision-making. Policies are trained in an abstract simulator then transferred to the physical robot by making use of separately-obtained low-level perception and motion control modules. We identify three key categories of modifications to the abstract simulator that enable policy transfer to physical robots: simulation fidelity enhancements, training optimizations and simulation stochasticity. We then run an empirical study with extensive ablations to determine the value of each modification category for enabling policy transfer in cooperative robot soccer tasks. We also compare the performance of policies produced by our method with a well-tuned non-learning-based behavior architecture from the annual RoboCup competition and find that our approach leads to a similar level of performance. Broadly we show that MARL can be use to train cooperative physical robot behaviors using highly abstract models of the world.","","979-8-3315-4139-2","10.1109/ICRA55743.2025.11127323","NSF(grant numbers:IIS2410981); ","https://ieeexplore.ieee.org/stamp/stamp.jsp?arnumber=11127323","","Training;Robot kinematics;Reinforcement learning;Robot learning;Teamwork;Object recognition;Motion control;Robots;Optimization;Sports","","2","","79","IEEE","2 Sep 2025","19-23 May 2025","19-23 May 2025","IEEE","IEEE Conferences"
"Decentralized Reinforcement Learning for Cooperative Multi-Robot Navigation","Y. Zheng; F. Arvin; J. Hu","Department of Computer Science, Durham University, Durham, UK; Department of Computer Science, Durham University, Durham, UK; Department of Computer Science, Durham University, Durham, UK",2025 IEEE 31th International Conference on Parallel and Distributed Systems (ICPADS),"14 Jan 2026","2025","","","1","8","Cooperative multi-robot navigation requires large teams of robots to reach individual goals without collisions in shared spaces, which is a challenge compounded by partial observability, dynamic interactions, and the combinatorial nature of joint decision-making. Centralized methods provide optimality but fail to scale, while decentralized approaches offer efficiency yet often suffer from deadlocks and weak cooperation. To overcome these limitations, we propose a decentralized reinforcement learning framework that integrates a dual-head soft actor-critic architecture with selective graph-attention communication and task-specific reward shaping. A compact encoder processes a novel observation representation that combines local fields of view, goal projections, and directional heuristics, enabling scalable awareness under limited sensing. Heuristic and blocking rewards further accelerate convergence and promote cooperative navigation in congested regions. Extensive experiments on grid environments of varying sizes and robot densities show that our method achieves faster convergence, higher success rates, and stronger scalability than state-of-the-art methods in this domain.","2690-5965","979-8-3315-4901-5","10.1109/ICPADS67057.2025.11323034","","https://ieeexplore.ieee.org/stamp/stamp.jsp?arnumber=11323034","Deep reinforcement learning;cooperative navigation;multi-robot systems;graph-attention communication","Navigation;Scalability;System recovery;Power system stability;Robot sensing systems;Deep reinforcement learning;Sensors;Multi-robot systems;Observability;Convergence","","","","31","IEEE","14 Jan 2026","14-18 Dec. 2025","14-18 Dec. 2025","IEEE","IEEE Conferences"
"Self-Reconfigurable Hierarchical Frameworks for Formation Control of Robot Swarms","Y. Zhang; S. Oğuz; S. Wang; E. Garone; X. Wang; M. Dorigo; M. K. Heinrich","School of Automation Science and Electrical Engineering, Beihang University, Beijing, China; Institut de Recherches Interdisciplinaires et de Développements en Intelligence Artificielle, Université Libre de Bruxelles, Brussels, Belgium; School of Automation Science and Electrical Engineering, Beihang University, Beijing, China; Unité d’enseignement en Automatique et Analyse des Systémes, Université Libre de Bruxelles, Brussels, Belgium; School of Automation Science and Electrical Engineering, Beihang University, Beijing, China; Institut de Recherches Interdisciplinaires et de Développements en Intelligence Artificielle, Université Libre de Bruxelles, Brussels, Belgium; Institut de Recherches Interdisciplinaires et de Développements en Intelligence Artificielle, Université Libre de Bruxelles, Brussels, Belgium",IEEE Transactions on Cybernetics,"20 Dec 2023","2024","54","1","87","100","Hierarchical frameworks—a special class of directed frameworks with a layer-by-layer architecture—can be an effective mechanism to coordinate robot swarms. Their effectiveness was recently demonstrated by the mergeable nervous systems paradigm (Mathews et al., 2017), in which a robot swarm can switch dynamically between distributed and centralized control depending on the task, using self-organized hierarchical frameworks. New theoretical foundations are required to use this paradigm for formation control of large swarms. In particular, the systematic and mathematically analyzable organization and reorganization of hierarchical frameworks in a robot swarm is still an open problem. Although methods for framework construction and formation maintenance via rigidity theory exist in the literature, they do not address cases of hierarchy in a robot swarm. In this article, we extend bearing rigidity to directed topologies and extend the Henneberg constructions to generate self-organized hierarchical frameworks with bearing rigidity. We investigate three-key self-reconfiguration problems: 1) framework merging; 2) robot departure; and 3) framework splitting. We also derive the mathematical conditions of these problems and then develop algorithms that preserve rigidity and hierarchy using only local information. Our approach can be used for formation control generally, as in principle it can be coupled with any control law that makes use of bearing rigidity. To demonstrate and validate our proposed hierarchical frameworks and methods, we apply them to four scenarios of reactive formation control using an example control law.","2168-2275","","10.1109/TCYB.2023.3237731","National Science and Technology Major Project(grant numbers:2017-V-0010-0060); National Natural Science Foundation of China(grant numbers:51620105010,51675019); National Key Research and Development Program of China(grant numbers:JCKY2018601C107); Fellowship of China Postdoctoral Science Foundation(grant numbers:2022M710305); Program of Concerted Research Actions (ARC) of the Université Libre de Bruxelles; Office of Naval Research Global(grant numbers:N62909-19-1-2024); ","https://ieeexplore.ieee.org/stamp/stamp.jsp?arnumber=10036108","Aerial swarm;AUVs;bearing rigidity;formation control;hierarchical framework;mobile robots;rigidity maintenance;robot swarm;UAVs;underwater swarm","Robots;Rigidity;Robot kinematics;Formation control;Topology;Autonomous aerial vehicles;Particle swarm optimization;Mobile robots;Autonomous underwater vehicles","","37","","40","IEEE","3 Feb 2023","Jan. 2024","","IEEE","IEEE Journals"
"RTAW: An Attention Inspired Reinforcement Learning Method for Multi-Robot Task Allocation in Warehouse Environments","A. Agrawal; A. S. Bedi; D. Manocha","The Department of Computer Science, University of Maryland, College Park, MD, USA; The Department of Computer Science, University of Maryland, College Park, MD, USA; The Department of Computer Science, University of Maryland, College Park, MD, USA",2023 IEEE International Conference on Robotics and Automation (ICRA),"4 Jul 2023","2023","","","1393","1399","We present a novel reinforcement learning based algorithm for multi-robot task allocation problem in ware-house environments. We formulate it as a Markov Decision Process and solve via a novel deep multi-agent reinforcement learning method (called RTAW) with attention inspired policy architecture. Hence, our proposed policy network uses global embeddings that are independent of the number of robots/tasks. We utilize proximal policy optimization algorithm for training and use a carefully designed reward to obtain a converged policy. The converged policy ensures cooperation among different robots to minimize total travel delay (TTD) which ultimately improves the makespan for a sufficiently large task-list. In our extensive experiments, we compare the performance of our RTAW algorithm to state of the art methods such as myopic pickup distance minimization (greedy) and regret based baselines on different navigation schemes. We show an improvement of upto 14% (25–1000 seconds) in TTD on scenarios with hundreds or thousands of tasks for different challenging warehouse layouts and task generation schemes. We also demonstrate the scalability of our approach by showing performance with up to 1000 robots in simulations.","","979-8-3503-2365-8","10.1109/ICRA48891.2023.10161310","ARO(grant numbers:W911NF1910069,W911NF2110026); ","https://ieeexplore.ieee.org/stamp/stamp.jsp?arnumber=10161310","","Training;Navigation;Scalability;Layout;Reinforcement learning;Minimization;Resource management","","20","","36","IEEE","4 Jul 2023","29 May-2 June 2023","29 May-2 June 2023","IEEE","IEEE Conferences"
"Multi-Robot Collision Avoidance with Map-based Deep Reinforcement Learning","S. Yao; G. Chen; L. Pan; J. Ma; J. Ji; X. Chen","School of Computer Science and Technology, University of Science and Technology of China, Hefei, China; School of Computer Science and Technology, University of Science and Technology of China, Hefei, China; School of Computer Science and Technology, University of Science and Technology of China, Hefei, China; School of Computer Science and Technology, University of Science and Technology of China, Hefei, China; School of Computer Science and Technology, University of Science and Technology of China, Hefei, China; School of Computer Science and Technology, University of Science and Technology of China, Hefei, China",2020 IEEE 32nd International Conference on Tools with Artificial Intelligence (ICTAI),"24 Dec 2020","2020","","","532","539","Multi-robot collision avoidance in a communication-free environment is one of the key issues for mobile robotics and autonomous driving. In this paper, we propose a map-based deep reinforcement learning (DRL) approach for collision avoidance of multiple robots, where robots do not communicate with each other and only sense other robots' positions and the obstacles around them. We use the egocentric grid map of a robot to represent the environmental information around it, which can be easily generated by using multiple sensors or sensor fusion. The learned policy generated from the DRL model directly maps 3 frames of egocentric grid maps and the robot's relative local goal positions into low-level robot control commands. We first train a convolutional neural network for the navigation policy in a simulator of multiple mobile robots using proximal policy optimization (PPO). Then we deploy the trained model to real robots to perform collision avoidance in their navigation. We evaluate the approach with various scenarios both in the simulator and on three differential-drive mobile robots in the real world. Both qualitative and quantitative experiments show that our approach is efficient with a high success rate. The demonstration video can be found at https://youtu.be/jcLKlEXuFuk.","2375-0197","978-1-7281-9228-4","10.1109/ICTAI50040.2020.00088","Guangdong Province Science and Technology Plan(grant numbers:2017B010110011); ","https://ieeexplore.ieee.org/stamp/stamp.jsp?arnumber=9288300","multi-robots collision avoidance;reinforcement learning;egocentric grid map","Training;Navigation;Reinforcement learning;Sensor fusion;Robot sensing systems;Collision avoidance;Robots","","10","","23","IEEE","24 Dec 2020","9-11 Nov. 2020","9-11 Nov. 2020","IEEE","IEEE Conferences"
"Evaluation of Particle Swarm Optimization, Genetic Algorithms, and Ant Colony Optimization in Autonomous Mobile Robots Scheduling: A Comparative Study","M. Wu; C. L. Lim; E. L. M. Su; C. F. Yeong; W. Holderbaum; B. Dong","Internet Branch, Jiaxing Vocational and, Technical College, Jiaxing, China; Faculty of Electrical Engineering, Universiti Teknologi Malaysia, Johor Bahru, Malaysia; Faculty of Electrical Engineering, Universiti Teknologi Malaysia, Johor Bahru, Malaysia; Faculty of Electrical Engineering, Universiti Teknologi Malaysia, Johor Bahru, Malaysia; Department of Engineering, Manchester Metropolitan University, Manchester, UK; Faculty of Electrical Engineering, Universiti Teknologi Malaysia, Johor Bahru, Malaysia",2024 IEEE International Conference on Industrial Technology (ICIT),"5 Jun 2024","2024","","","1","5","This study aims to evaluate three AI-based optimization algorithms—Particle Swarm Optimization (PSO), Genetic Algorithms (GA), and Ant Colony Optimization (ACO)—for their effectiveness in optimizing AMR scheduling in manufacturing environments. Through simulations in MATLAB, it was found that ACO demonstrated consistent performance with minimal processing times, making it suitable for real-time applications. Conversely, while GA and PSO reduced overall travel distance, they exhibited nonlinear growth in processing times, indicating potential computational challenges. The findings suggest that ACO may offer a more balanced approach for real-time Autonomous Mobile Robot(AMRs) scheduling optimization, providing a base for further exploration.","2643-2978","979-8-3503-4026-6","10.1109/ICIT58233.2024.10540680","","https://ieeexplore.ieee.org/stamp/stamp.jsp?arnumber=10540680","Automated Guided Vehicles;Scheduling;Operational Efficiency","Ant colony optimization;Job shop scheduling;Processor scheduling;Service robots;Navigation;Real-time systems;Particle swarm optimization","","5","","15","IEEE","5 Jun 2024","25-27 March 2024","25-27 March 2024","IEEE","IEEE Conferences"
"Heterogeneous Multi-Robot Cooperation With Asynchronous Multi-Agent Reinforcement Learning","H. Zhang; X. Zhang; Z. Feng; X. Xiao","School of Power and Mechanical Engineering, Wuhan University, Wuhan, China; School of Power and Mechanical Engineering, Wuhan University, Wuhan, China; School of Power and Mechanical Engineering, Wuhan University, Wuhan, China; School of Power and Mechanical Engineering, Wuhan University, Wuhan, China",IEEE Robotics and Automation Letters,"20 Nov 2023","2024","9","1","159","166","Multi-robot systems (MRSs) are becoming increasingly important in various domains. However, effective communication and coordination among multiple robots remain significant challenges. In this letter, we introduce a novel architecture for multi-robot decision-making and control based on multi-agent reinforcement learning (MARL). Our architecture can accommodate heterogeneous robots operating asynchronously in different scenarios. We propose an improved practical Q-value mixing network (Qrainbow), which builds on value-decomposition networks and applies the multi-head attention mixer of Qatten and effective components from Rainbow, such as double network, dueling network, and prioritized experience replay. To migrate the algorithm to MRS, we fuse macro-action into Qrainbow and make a slight change to the process of calculating the loss function, enabling Qrainbow to work in asynchronous scenarios. We evaluate our architecture in both the benchmark environment for MARL and a multi-robot environment with varying layouts. In terms of convergence speed and final result, Qrainbow outperforms other state-of-the-art MARL algorithms. Additionally, our architecture achieves superior performance in reducing time costs and avoiding collisions between robots in homogeneous and heterogeneous multi-robot cooperation tasks.","2377-3766","","10.1109/LRA.2023.3328448","National Key R&B Program of China(grant numbers:2018YFB2100903); Knowledge Innovation Program of Wuhan-Shuguang Project(grant numbers:2023010201020252); ","https://ieeexplore.ieee.org/stamp/stamp.jsp?arnumber=10301527","Multi-robot systems;reinforcement learning;heterogeneous robots;asynchronous execution","Task analysis;Robot kinematics;Training;Collision avoidance;Q-learning;Decision making;Multi-robot systems;Reinforcement learning;Heterogeneous networks","","21","","32","IEEE","30 Oct 2023","Jan. 2024","","IEEE","IEEE Journals"
"Hypergraph-Based Coordinated Task Allocation and Socially-Aware Navigation for Multi-Robot Systems","W. Wang; A. Bera; B. -C. Min","Department of Computer and Information Technology, SMART Laboratory, Purdue University, West Lafayette, IN, USA; Department of Computer Science, Purdue University, West Lafayette, IN, USA; Department of Computer and Information Technology, SMART Laboratory, Purdue University, West Lafayette, IN, USA",2025 IEEE International Conference on Robotics and Automation (ICRA),"2 Sep 2025","2025","","","16225","16232","A team of multiple robots seamlessly and safely working in human-filled public environments requires adaptive task allocation and socially-aware navigation that account for dynamic human behavior. Current approaches struggle with highly dynamic pedestrian movement and the need for flexible task allocation. We propose Hyper-SAMARL, a hypergraph-based system for multi-robot task allocation and socially-aware navigation, leveraging multi-agent reinforcement learning (MARL). Hyper-SAMARL models the environmental dynamics between robots, humans, and points of interest (POIs) using a hypergraph, enabling adaptive task assignment and socially-compliant navigation through a hypergraph diffusion mechanism. Our framework, trained with MARL, effectively captures interactions between robots and humans, adapting tasks based on real-time changes in human activity. Experimental results demonstrate that Hyper-SAMARL outperforms baseline models in terms of social navigation, task completion efficiency, and adaptability in various simulated scenarios11The experimental videos and additional information about this work can be found at: https://sites.google.com/view/hyper-samarl..","","979-8-3315-4139-2","10.1109/ICRA55743.2025.11128092","","https://ieeexplore.ieee.org/stamp/stamp.jsp?arnumber=11128092","","Adaptation models;Pedestrians;Navigation;Robot kinematics;Neural networks;Reinforcement learning;Dynamic scheduling;Real-time systems;Resource management;Videos","","2","","58","IEEE","2 Sep 2025","19-23 May 2025","19-23 May 2025","IEEE","IEEE Conferences"
"Adaptive Parameter Tuning in QRDPSO Using Fuzzy Logic for Enhanced Swarm Robot Navigation","D. Mehiar; H. Elsimary; Z. H. Azizul; H. Abuhammad; F. Alnajjar; M. Alhawarat","Department of Computer Science, Middle East University, Amman, Jordan; Department of Computer Science, Cairo Higher Institute for Engineering & Management, Cairo, Egypt; Department of Artificial Intelligence, University of Malaya, Kuala Lumpur, Malaysia; Department of Computer Science, Middle East University, Amman, Jordan; Department of Computer Science and Software Engineering, UAE University, Al Ain, UAE; Department of Computer Science, Middle East University, Amman, Jordan",2025 1st International Conference on Computational Intelligence Approaches and Applications (ICCIAA),"2 Jun 2025","2025","","","1","8","Particle Swarm Optimizer (PSO) is a general optimization tool. It may, however, get stuck in local optima when solving multimodal, non-separable complex problems. PSO is a class of optimization algorithms that model a set of solutions as swarm robots distributed in the search space. In this paper a quantum multi-dimensional moving particle of Robotic Darwinian POS (RDPSO) and quantum potential well model of RDPSO are presented. The parameters for Quantum Robot Darwinian PSO method QRDPSO were then optimized. Experimental results show that the QRDPSO algorithm performs better and is more stable than other optimization algorithms, reaching a global best solution of zero. For regulating robot behavior context-based evaluation metrics are presented in this paper. A fuzzy system with such metrics as input improves Quantum Robot Darwinian PSO parameters. The steady state adaptation of the algorithm permits higher convergence speed, obstacle avoidance agility, and communication limits compliance. An adapted QRDPSO was challenged by mobile robotics simulation evaluation.","","979-8-3315-2365-7","10.1109/ICCIAA65327.2025.11012942","","https://ieeexplore.ieee.org/stamp/stamp.jsp?arnumber=11012942","Swarm robotics;Quantum Robotic Dar-winian PSO;Parameter adjustment;Fuzzy logic;Adaptive behavior","Measurement;Fuzzy logic;Quantum computing;Swarm robotics;Steady-state;Robots;Optimization;Tuning;Standards;Convergence","","","","21","IEEE","2 Jun 2025","28-30 April 2025","28-30 April 2025","IEEE","IEEE Conferences"
"DeepMNavigate: Deep Reinforced Multi-Robot Navigation Unifying Local & Global Collision Avoidance","Q. Tan; T. Fan; J. Pan; D. Manocha","Department of Computer Science and Electrical & Computer Engineering, University of Maryland at College Park; Department of Computer Science, University of Hong Kong; Department of Computer Science, University of Hong Kong; Department of Computer Science and Electrical & Computer Engineering, University of Maryland at College Park",2020 IEEE/RSJ International Conference on Intelligent Robots and Systems (IROS),"10 Feb 2021","2020","","","6952","6959","We present a novel algorithm (DeepMNavigate) for global multi-agent navigation in dense scenarios using deep reinforcement learning (DRL). Our approach uses local and global information for each robot from motion information maps. We use a three-layer CNN that takes these maps as input to generate a suitable action to drive each robot to its goal position. Our approach is general, learns an optimal policy using a multi-scenario, multi-state training algorithm, and can directly handle raw sensor measurements for local observations. We demonstrate the performance on dense, complex benchmarks with narrow passages and environments with tens of agents. We highlight the algorithm’s benefits over prior learning methods and geometric decentralized algorithms in complex scenarios.","2153-0866","978-1-7281-6212-6","10.1109/IROS45743.2020.9341805","","https://ieeexplore.ieee.org/stamp/stamp.jsp?arnumber=9341805","","Training;Learning systems;Navigation;Reinforcement learning;Robot sensing systems;Collision avoidance;Intelligent robots","","25","","42","IEEE","10 Feb 2021","24 Oct.-24 Jan. 2021","24 Oct.-24 Jan. 2021","IEEE","IEEE Conferences"
"Communication-Efficient Reinforcement Learning in Swarm Robotic Networks for Maze Exploration","E. Latif; W. Song; R. Parasuraman","School of Computing, University of Georgia, Athens, GA, USA; School of Electrical and Computer Engineering, University of Georgia, Athens, GA, USA; School of Computing, University of Georgia, Athens, GA, USA",IEEE INFOCOM 2023 - IEEE Conference on Computer Communications Workshops (INFOCOM WKSHPS),"29 Aug 2023","2023","","","1","6","Smooth coordination within a swarm robotic system is essential for the effective execution of collective robot missions. Having efficient communication is key to the successful coordination of swarm robots. This paper proposes a new communication-efficient decentralized cooperative reinforcement learning algorithm for coordinating swarm robots. It is made efficient by hierarchically building on the use of local information exchanges. We consider a case study application of maze solving through cooperation among a group of robots, where the time and costs are minimized while avoiding inter-robot collisions and path overlaps during exploration. With a solid theoretical basis, we extensively analyze the algorithm with realistic CORE network simulations and evaluate it against state-of-the-art solutions in terms of maze coverage percentage and efficiency under communication-degraded environments. The results demonstrate significantly higher coverage accuracy and efficiency while reducing costs and overlaps even in high packet loss and low communication range scenarios.","2833-0587","978-1-6654-9427-4","10.1109/INFOCOMWKSHPS57453.2023.10226167","","https://ieeexplore.ieee.org/stamp/stamp.jsp?arnumber=10226167","Swarm;Robotic Networks;Path Planning;Reinforcement Learning;Maze Exploration;Communication","Solid modeling;Costs;Robot kinematics;Heuristic algorithms;Conferences;Swarm robotics;Packet loss","","6","","22","IEEE","29 Aug 2023","20-20 May 2023","20-20 May 2023","IEEE","IEEE Conferences"
"Multi-Robot Formation Planning in Maze-Like Environments Consisting of Narrow Passages Using Graph Search","S. -M. Lee; J. -U. Lee","Department of Future Mobility, Kookmin University, Seongbuk-gu, Seoul, Republic of Korea; Seadronix Corporation, Gangnam-gu, Seoul, Republic of Korea",IEEE Access,"19 Nov 2024","2024","12","","167694","167704","This paper presents a formation planning method for a group of mobile robots navigating complex maze-like environments with walls and narrow passages. For a group of robots to move in complex maze-like environments, the robots need to move in a formation that maintains a proper relative position to each other. In addition, the robots need to adapt their formation to safely traverse narrow passages. Our proposed formation planning method, based on a 2D grid map, determines an optimal formation sequence along a given global path to traverse narrow passages while avoiding collisions with walls. Through simulations, we demonstrate that the proposed formation planning method effectively plans an optimal formation sequence in complex environments consisting of multiple narrow passages. To verify that the proposed method can be effectively applied in the real-world, we also conduct experiments in a virtual experimental environment built almost identical to the real-world environment.","2169-3536","","10.1109/ACCESS.2024.3497177","Unmanned Swarm Cyber-Physical Systems (CPS) Research Laboratory Program of Defense Acquisition Program Administration and Agency for Defense Development(grant numbers:UD220005VD); Korea Research Institute for Defense Technology Planning and Advancement (KRIT); Korean Government (DAPA—Defense Acquisition Program Administration) through the Development of Micro-Swarm Robot Autonomous Navigation Technology, in 2022(grant numbers:KRIT-CT-22-006(04)); ","https://ieeexplore.ieee.org/stamp/stamp.jsp?arnumber=10752666","Collision avoidance;formation control;formation planning;obstacle avoidance;maze-like environments;multi-robot","Three-dimensional displays;Navigation;Reinforcement learning;Formation control;Real-time systems;Planning;Indoor environment;Mobile robots;Collision avoidance;Robots","","3","","26","CCBYNCND","13 Nov 2024","2024","","IEEE","IEEE Journals"
"Reinforcement Learning Based Multi-robot Formation Control Under Separation Bearing Orientation Scheme","Z. He; L. Dong; C. Sun; J. Wang","College of Electronics and Information Engineering, Tongji University, Shanghai, China; College of Electronics and Information Engineering, Tongji University, Shanghai, China; College of Electronics and Information Engineering, Tongji University, Shanghai, China; College of Electronics and Information Engineering, Tongji University, Shanghai, China",2020 Chinese Automation Congress (CAC),"29 Jan 2021","2020","","","3792","3797","The multi-robot formation is a promising technology that endows robots with greater flexibility and cooperation capability. This paper aims at solving the separation-bearing-orientation scheme (SBOS) control problem of wheeled mobile robots (WMRs) based on the hybrid architecture of the improved deep deterministic policy gradient (DDPG) algorithm and the classical nonlinear formation control method. In particular, the trick of priority experience replay (PER) is utilized to improve the efficiency and stability of the whole training process. The proposed approach regards the controller gain hyperparameters of the three degrees of freedom in the WMR as the action space and develops the effective reward function to ensure the continuity of the velocity and acceleration while achieving the task. The simulation results of the two scenarios show that the proposed approach is available in performing various WMR-SBOS formation control tasks.","2688-0938","978-1-7281-7687-1","10.1109/CAC51589.2020.9327315","National Natural Science Foundation of China; ","https://ieeexplore.ieee.org/stamp/stamp.jsp?arnumber=9327315","reinforcement learning;formation control;determinitic policy gradient;priority experience replay","Trajectory;Training;Task analysis;Mobile robots;Wheels;Kinematics;Trajectory tracking","","3","","14","IEEE","29 Jan 2021","6-8 Nov. 2020","6-8 Nov. 2020","IEEE","IEEE Conferences"
"PIPO: Policy Optimization with Permutation-Invariant Constraint for Distributed Multi-Robot Navigation","R. Zhang; G. Chen; J. Hou; Z. Li; A. Knoll","Tongji University, Shanghai, China; Tongji University, Shanghai, China; Tongji University, Shanghai, China; University of Science and Technology of China, Hefei, China; Technical University of Munich, Munich, Germany",2022 IEEE International Conference on Multisensor Fusion and Integration for Intelligent Systems (MFI),"13 Oct 2022","2022","","","1","7","For large-scale multi-agent systems (MAS), ensuring the safety and effectiveness of navigation in complicated scenarios is a challenging task. With the agent scale increasing, most existing centralized methods lose their magic for the lack of scalability, and the popular decentralized approaches are hampered by high latency and computing requirements. In this research, we offer PIPO, a novel policy optimization algorithm for decentralized MAS navigation with permutation-invariant constraints. To conduct navigation and avoid un-necessary exploration in the early episodes, we first defined a guide-policy. Then, we introduce the permutation invariant property in decentralized multi-agent systems and leverage the graph convolution network to produce the same output under shuffled observations. Our approach can be easily scaled to an arbitrary number of agents and used in large-scale systems for its decentralized training and execution. We also provide extensive experiments to demonstrate that our PIPO significantly outperforms the baselines of multi-agent reinforcement learning algorithms and other leading methods in variant scenarios.","","978-1-6654-6026-2","10.1109/MFI55806.2022.9913862","National Natural Science Foundation of China; ","https://ieeexplore.ieee.org/stamp/stamp.jsp?arnumber=9913862","","Training;Three-dimensional displays;Navigation;Scalability;Reinforcement learning;Safety;Task analysis","","5","","32","IEEE","13 Oct 2022","20-22 Sept. 2022","20-22 Sept. 2022","IEEE","IEEE Conferences"
"Swarm Robotics for Area Exploration Using Q-Learning","K. M; D. N. S; J. J. S; K. K. S. S; A. V. M","Amrita School of Artificial Intelligence Amrita Vishwa Vidyapeetham, Coimbatore, India; Amrita School of Artificial Intelligence Amrita Vishwa Vidyapeetham, Coimbatore, India; Amrita School of Artificial Intelligence Amrita Vishwa Vidyapeetham, Coimbatore, India; Amrita School of Artificial Intelligence Amrita Vishwa Vidyapeetham, Coimbatore, India; Amrita School of Artificial Intelligence Amrita Vishwa Vidyapeetham, Coimbatore, India",2025 International Conference on Computing for Sustainability and Intelligent Future (COMP-SIF),"28 Apr 2025","2025","","","1","6","Swarm robotics is an approach inspired by natural systems, where tasks are efficiently accomplished by distributing work among multiple agents. One of the key tasks addressed in this work is area exploration. By leveraging decentralized coordination principles and a reinforcement learning technique called Q-learning, this study focuses on overcoming challenges associated with area exploration. A swarm robotics simulation is developed to map unknown environments using Simultaneous Localization and Mapping (SLAM). The TurtleBot3 Burger is initialized in a simulated environment using ROS Noetic and Gazebo. The trained robots aim to collaboratively map unknown environments while efficiently a voiding o bstacles. A c ustom Q- learning algorithm is implemented for obstacle avoidance tasks. By employing GMapping, a SLAM algorithm, the robots gen- erate individual 2D maps of their surroundings and share this information without conflicts. T hese m aps a re t hen m erged as accurately as possible to create a comprehensive map of the environment. Real-time mapping by the robots is visualized in Rviz, demonstrating the potential of swarm systems. This work effectively provides a collaborative map of the environment, con- tributing to advancements in swarm intelligence for cooperative robotic systems.","","979-8-3315-3853-8","10.1109/COMP-SIF65618.2025.10969952","","https://ieeexplore.ieee.org/stamp/stamp.jsp?arnumber=10969952","Swarm robotics;Q-learning;TurtleBot3;SLAM;ROS Noetic;collaborative mapping","Location awareness;Visualization;Simultaneous localization and mapping;Q-learning;Robot kinematics;Simulation;Swarm robotics;Collaboration;Collision avoidance;Sustainable development","","","","20","IEEE","28 Apr 2025","21-22 March 2025","21-22 March 2025","IEEE","IEEE Conferences"
"A Survey on Multi-Robot Coordination in Electromagnetic Adversarial Environment: Challenges and Techniques","Y. Wu; X. Ren; H. Zhou; Y. Wang; X. Yi","Artificial Intelligence Research Center (AIRC), National Innovation Institute of Defense Technology (NIIDT), Beijing, China; Artificial Intelligence Research Center (AIRC), National Innovation Institute of Defense Technology (NIIDT), Beijing, China; Artificial Intelligence Research Center (AIRC), National Innovation Institute of Defense Technology (NIIDT), Beijing, China; Artificial Intelligence Research Center (AIRC), National Innovation Institute of Defense Technology (NIIDT), Beijing, China; Artificial Intelligence Research Center (AIRC), National Innovation Institute of Defense Technology (NIIDT), Beijing, China",IEEE Access,"24 Mar 2020","2020","8","","53484","53497","Wireless communications and networking are playing an important role in coordination and cooperation of multi-robot systems (MRS). However, it is challenging to keep a reliable and stable wireless connection in practical applications. Especially, robots acting in electromagnetic adversarial (EA) environments may encounter more serious situations including scarce spectrum, active interference, adversarial competition, etc. In this survey, we firstly analyze the challenges faced by MRS in EA environments, and provide a categorization according to the “sense-decide-act” robot control procedure. Secondly, enabling techniques for each challenge are introduced. Finally, typical robotics software architectures are introduced, as frameworks for efficient arrangement of the above mentioned enabling techniques.","2169-3536","","10.1109/ACCESS.2020.2981408","National Basic Research Program of China (973 Program)(grant numbers:2017YFB1001900); National Natural Science Foundation of China(grant numbers:61906212,91648204,61601486,61802426); ","https://ieeexplore.ieee.org/stamp/stamp.jsp?arnumber=9039556","Electromagnetic adversarial environment;multi-robot coordination;communication connectivity;survey","Robot kinematics;Robot sensing systems;Task analysis;Jamming;Wireless communication;Feature extraction","","16","","127","CCBY","17 Mar 2020","2020","","IEEE","IEEE Journals"
"NeuronsMAE: A Novel Multi-Agent Reinforcement Learning Environment for Cooperative and Competitive Multi-Robot Tasks","G. Hu; H. Li; S. Liu; Y. Zhu; D. Zhao","School of Artificial Intelligence, University of Chinese Academy of Sciences, Beijing, China; State Key Laboratory of Multimodal Artificial Intelligence Systems Institute of Automation, Chinese Academy of Sciences, Beijing, China; School of Artificial Intelligence, University of Chinese Academy of Sciences, Beijing, China; State Key Laboratory of Multimodal Artificial Intelligence Systems Institute of Automation, Chinese Academy of Sciences, Beijing, China; State Key Laboratory of Multimodal Artificial Intelligence Systems Institute of Automation, Chinese Academy of Sciences, Beijing, China",2023 International Joint Conference on Neural Networks (IJCNN),"2 Aug 2023","2023","","","1","8","Multi-agent reinforcement learning (MARL) has achieved remarkable success in various challenging problems. Meanwhile, more and more benchmarks have emerged and provided some standards to evaluate the algorithms in different fields. On the one hand, the virtual MARL environments lack knowledge of real-world tasks and actuator abilities. On the other hand, the current task-specified multi-robot platform has poor support for the universality of multi-agent reinforcement learning algorithms and lacks support for transferring from simulation to the real environment. Bridging the gap between the virtual MARL environments and the real multi-robot platform becomes the key to promoting the practicability of MARL algorithms. This paper proposes a novel MARL environment for real multi-robot tasks named NeuronsMAE (Neurons Multi-Agent Environment). This environment supports cooperative and competitive multi-robot tasks and is configured with rich parameter interfaces to study the multi-agent policy transfer from simulation to reality. With this platform, we evaluate various popular MARL algorithms and build a new MARL benchmark for multi-robot tasks. We hope that this platform will facilitate the research and application of MARL algorithms for real robot tasks. Information about the benchmark and the open-source code are released at https://github.com/DRL-CASIA/NeuronsMAE.","2161-4407","978-1-6654-8867-9","10.1109/IJCNN54540.2023.10191291","National Natural Science Foundation of China (NSFC)(grant numbers:62103409,62136008); ","https://ieeexplore.ieee.org/stamp/stamp.jsp?arnumber=10191291","multi-agent reinforcement learning;benchamark;multi-robot","Actuators;Codes;Neurons;Reinforcement learning;Benchmark testing;Task analysis;Observability","","9","","35","IEEE","2 Aug 2023","18-23 June 2023","18-23 June 2023","IEEE","IEEE Conferences"
"Automatic design of robot swarms that perform composite missions: an approach based on inverse reinforcement learning","J. Szpirer; D. G. Ramos; M. Birattari","IRIDIA, Université Libre de Bruxelles, Brussels, Belgium; IRIDIA, Université Libre de Bruxelles, Brussels, Belgium; IRIDIA, Université Libre de Bruxelles, Brussels, Belgium",2024 IEEE/RSJ International Conference on Intelligent Robots and Systems (IROS),"25 Dec 2024","2024","","","5791","5798","We investigate the automatic design of robot swarms that perform composite missions—that is, missions specified as the composition of consecutive sub-missions. Automatic design through performance optimization has become a viable and appealing approach to designing robot swarms. First, a user defines a mission by specifying a performance measure: a function indicating to what extent the swarm has attained its goal. An optimization process then generates suitable control software for the robots by maximizing the performance measure. The definition of a performance measure is a challenging task that requires expert input, which hinders the automatic nature of the approach. Recently, inverse reinforcement learning was introduced to minimize the need for human intervention in the automatic design of robot swarms. However, this method was only applied to single-objective missions. In this paper, we extend the method to address composite missions, by formulating and solving the design problem as a multi-objective optimization problem. We conduct simulations with a swarm of twenty e-puck robots that perform twelve composite missions. We compare the performance of the swarm when the robots operate with control software produced manually or using inverse reinforcement learning.","2153-0866","979-8-3503-7770-5","10.1109/IROS58592.2024.10801506","","https://ieeexplore.ieee.org/stamp/stamp.jsp?arnumber=10801506","","Protocols;Atmospheric measurements;Software algorithms;Robot control;Reinforcement learning;Particle measurements;Software;Software measurement;Robots;Optimization","","4","","62","IEEE","25 Dec 2024","14-18 Oct. 2024","14-18 Oct. 2024","IEEE","IEEE Conferences"
"Learning-Based Multi-Robot Formation Control With Obstacle Avoidance","C. Bai; P. Yan; W. Pan; J. Guo","Department of Cognitive Robotics, Delft University of Technology, Delft, CD, The Netherlands; School of Astronautics, Harbin Institute of Technology, Harbin, China; Department of Cognitive Robotics, Delft University of Technology, Delft, CD, The Netherlands; School of Astronautics, Harbin Institute of Technology, Harbin, China",IEEE Transactions on Intelligent Transportation Systems,"10 Aug 2022","2022","23","8","11811","11822","Multi-robot formation control has been intensively studied in recent years. In practical applications, the multi-robot system’s ability to independently change the formation to avoid collision among the robots or with obstacles is critical. In this study, a multi-robot adaptive formation control framework based on deep reinforcement learning is proposed. The framework consists of two layers, namely the execution layer and the decision-making layer. The execution layer enables the robot to approach its target position and avoid collision with other robots and obstacles through a deep network trained by a reinforcement learning method. The decision-making layer organizes all robots into a formation through a new leader–follower configuration and provides target positions to the leader and followers. The leader’s target position is kept unchanged, while the follower’s target position is changed according to the situation it encounters. In addition, to operate more effectively in environments with different levels of complexity, a hybrid switching control strategy is proposed. The simulation results demonstrate that our proposed formation control framework enables the robots to adjust formation independently to pass through obstacle areas and can be generalized to different scenarios with unknown obstacles and varying number of robots.","1558-0016","","10.1109/TITS.2021.3107336","National Natural Science Foundation of China(grant numbers:61973101); ","https://ieeexplore.ieee.org/stamp/stamp.jsp?arnumber=9527169","Multi-robot systems;leader–follower formation control;deep reinforcement learning;collision avoidance;formation adjustment","Collision avoidance;Robots;Robot sensing systems;Decision making;Multi-robot systems;Measurement by laser beam;Laser modes","","106","","34","IEEE","1 Sep 2021","Aug. 2022","","IEEE","IEEE Journals"
"Language-Guided Pattern Formation for Swarm Robotics with Multi-Agent Reinforcement Learning","H. -S. Liu; S. Kuroki; T. Kozuno; W. -F. Sun; C. -Y. Lee","Elsa Lab, National Tsing Hua University, Hsinchu City, Taiwan; OMRON SINIC X Corporation, Tokyo, Japan; OMRON SINIC X Corporation, Tokyo, Japan; NVIDIA AI Technology Center (NVAITC), Santa Clara, CA, USA; Elsa Lab, National Tsing Hua University, Hsinchu City, Taiwan",2024 IEEE/RSJ International Conference on Intelligent Robots and Systems (IROS),"25 Dec 2024","2024","","","8998","9005","This paper explores leveraging the vast knowledge encoded in Large Language Models (LLMs) to tackle pattern formation challenges for swarm robotics systems. A new framework, named LGPF (Language-Guided Pattern Formation), is proposed to address these challenges. The framework breaks down the pattern formation into two key components: pattern synthesis and swarm robotics control. For the former, this study utilizes the exceptional few-shot generalizability of LLMs to translate high-level natural language descriptions into the desired spatial pattern coordinates. This approach allows for overcoming previous limitations in representing and designing complex patterns. The framework further employs a centralized training with decentralized execution (CTDE) based multiagent reinforcement learning (MARL) approach to control the swarm robots in forming the specified pattern while avoiding collisions. The decentralized policies learned with the CTDE-based MARL algorithm consider coordination between robots without direct communication under a partially observable setup. To validate the effectiveness of our framework, we perform extensive experiments in both simulation and real-world environments. These experiments validate LGPF’s effectiveness in accurately and safely forming diverse user-specified patterns.","2153-0866","979-8-3503-7770-5","10.1109/IROS58592.2024.10801665","National Science and Technology Council; ","https://ieeexplore.ieee.org/stamp/stamp.jsp?arnumber=10801665","","Training;Pattern formation;Translation;Navigation;Robot kinematics;Large language models;Swarm robotics;Reinforcement learning;Collision avoidance;Intelligent robots","","4","","43","IEEE","25 Dec 2024","14-18 Oct. 2024","14-18 Oct. 2024","IEEE","IEEE Conferences"
"Enabling Symbiosis in Multi-Robot Systems Through Multi-Agent Reinforcement Learning","X. Niu; N. C. Barajas; D. G. Broo","Department of Information Technology, Cyber-physical Systems Lab, Uppsala University, Uppsala, Sweden; Department of Information Technology, Cyber-physical Systems Lab, Uppsala University, Uppsala, Sweden; Department of Information Technology, Cyber-physical Systems Lab, Uppsala University, Uppsala, Sweden",2025 IEEE 8th International Conference on Industrial Cyber-Physical Systems (ICPS),"30 Jul 2025","2025","","","1","7","Current cyber-physical systems, including multi-robot systems, often fail to interoperate effectively, resulting in suboptimal performance, inefficient resource utilization, and poor resilience. Inspired by natural symbiotic relationships, such as tree-fungi networks, we propose an architecture that integrates ecological symbiosis principles into multi-robot system specifications. Specifically, we incorporate symbiotic principles into multiagent reinforcement learning (MARL) within a centralized training, decentralized execution framework. Comprehensive scenario-based evaluations in a simulated warehouse environment show that our symbiotic MARL framework improves system performance ($10.7\%$) and resource utilization ($13.81\%$) compared to non-symbiotic baselines. Agents dynamically adjust their behavior in response to environmental changes, ensuring continuous task execution, efficient navigation, and balanced energy use. These findings demonstrate that integrating ecological principles into MARL enhances the system's efficiency and performance. The framework's success in promoting sustainable resource usage while maintaining high task performance suggests broader applications across various cyber-physical domains where adaptive coordination is crucial.","2769-3899","979-8-3315-4299-3","10.1109/ICPS65515.2025.11087893","","https://ieeexplore.ieee.org/stamp/stamp.jsp?arnumber=11087893","Multi-robot systems;Multi-agent reinforcement learning;Symbiotic design;Energy management;Sustainability;Biomimicry","Symbiosis;Training;Navigation;System performance;Reinforcement learning;Cyber-physical systems;Multi-robot systems;Resource management;Sustainable development;Resilience","","","","31","IEEE","30 Jul 2025","12-15 May 2025","12-15 May 2025","IEEE","IEEE Conferences"
"Robot Operating System (ROS) Framework for Swarm Drone Flight Controller","R. Mardiyanto; M. N. Hisak; T. Mujiono; H. Suryoatmojo","Departement of Electrical Engineering, Institut Teknologi Sepuluh Nopember, Surabaya, Indonesia; Departement of Electrical Engineering, Institut Teknologi Sepuluh Nopember, Surabaya, Indonesia; Departement of Electrical Engineering, Institut Teknologi Sepuluh Nopember, Surabaya, Indonesia; Departement of Electrical Engineering, Institut Teknologi Sepuluh Nopember, Surabaya, Indonesia",2022 International Seminar on Intelligent Technology and Its Applications (ISITIA),"19 Aug 2022","2022","","","297","303","The ROS Framework for swarm drone flight controller has advantage on simplicity, flexibility, and integrability with the other ROS packages. This paper presents a ROS Framework design for a flight controller with a coordination and positioning capability. This design uses 6 nodes, 3 topics, and 3 messages. Development of the flight controller that has a coordination and positioning capability based on Robot Operating System (ROS). It is designed to control the movement of up to three drones. developed flight controller is designed to control the movement for as many drones as needed. The coordination capability is executed by a Raspberry Pi 3B on each drone and managed by ROS. It has been tested for horizontal and vertical movements. The first and third drone have an average speed difference with the second drone of ± 0,7 m/s and the distance travelled difference average is ± 1 meter when moving horizontally for 3 seconds. The speed difference and distance travelled when moving vertically for 3 seconds is ± 0,2 m/s and ± 0,5 meter.","","978-1-6654-6081-1","10.1109/ISITIA56226.2022.9855356","","https://ieeexplore.ieee.org/stamp/stamp.jsp?arnumber=9855356","Drone;Swarm Drone;Robot Operating System","Meters;Seminars;Operating systems;Drones","","6","","22","IEEE","19 Aug 2022","20-21 July 2022","20-21 July 2022","IEEE","IEEE Conferences"
"Research and Application of Multi-Robot Collaboration Strategies Based on Deep Reinforcement Learning","X. Du","School of Electrical and Electronic Engineering, Faculty of Engineering, University of Sheffield, Sheffield, S10, UK","2025 IEEE 5th International Conference on Electronic Technology, Communication and Information (ICETCI)","24 Jul 2025","2025","","","353","358","With the development of science and technology, multi-robot systems have shown great potential in the fields of intelligent manufacturing and disaster relief due to their efficient collaboration and flexible adaptability. However, realizing efficient collaboration in dynamic and uncertain environments still faces challenges. This study focuses on the application of deep reinforcement learning in multi-robot collaboration, aiming to improve the efficiency and robustness of system collaboration by constructing models, designing collaboration strategies, and implementing simulation experiments. Deep reinforcement learning utilizes the powerful representation capability of deep neural networks to process complex states and action spaces, and facilitates the robots to continuously optimize their collaboration strategies through trial and error. The study proposes a deep Q-network (DQN)-based multi-robot collaboration strategy and optimizes the joint action selection by combining the attention mechanism to improve the decision-making efficiency. The strategy significantly improves the average ball control time and action execution success rate of the multi-robot system as verified by simulation experiments in soccer robot matches, demonstrating the effectiveness of deep reinforcement learning in complex multi-robot collaboration tasks. The study not only enriches the application theory of deep reinforcement learning, but also provides strong support for the intelligence and autonomy of multi-robot systems.","","979-8-3315-3372-4","10.1109/ICETCI64844.2025.11084228","","https://ieeexplore.ieee.org/stamp/stamp.jsp?arnumber=11084228","Deep reinforcement learning;Multi-robot systems;Collaboration strategies;Deep Q-networks","Training;Disasters;Collaboration;Aerospace electronics;Deep reinforcement learning;Robustness;Manufacturing;Multi-robot systems;Robots;Sports","","","","6","IEEE","24 Jul 2025","23-25 May 2025","23-25 May 2025","IEEE","IEEE Conferences"
"Integrated Path Planning and Safety Control for Multi-Robot Systems in Post-Disaster Environments","X. Bu; J. Chu; Q. Yue","School of Automation, Xi’an University of Posts & Telecommunications, Xi’an, China; School of Automation, Xi’an University of Posts & Telecommunications, Xi’an, China; School of Automation, Xi’an University of Posts & Telecommunications, Xi’an, China",2025 China Automation Congress (CAC),"28 Apr 2026","2025","","","6762","6767","Post-disaster multi-robot missions demand the simultaneous fulfillment of intricate temporal objectives and continuous safety guarantees in the presence of dynamic obstacles and unstable terrain. To bridge the gap between high-level task planning and low-level control, we introduce a unified framework that translates Linear Temporal Logic (LTL) specifications into continuous-time safety constraints via Control Barrier Functions (CBFs). From the resulting product automaton, lasso-type reference paths are extracted and tracked using a real-time Quadratic Programming (QP) controller augmented with finite-time barrier functions to ensure collision avoidance. This methodology embeds symbolic task requirements within a continuous-control synthesis paradigm and integrates logical-progression constraints to manage dynamic hazards and inter-robot interactions. Comprehensive validation on the Robotarium MATLAB platform demonstrates marked improvements in safety compliance and mission success rates, effectively unifying discrete task specifications and continuous safety assurance to enable more reliable multi-robot deployments in complex, unstructured environments.","2688-0938","979-8-3315-8967-7","10.1109/CAC67268.2025.11486874","","https://ieeexplore.ieee.org/stamp/stamp.jsp?arnumber=11486874","Post-Disaster Robotics;Multi-Robot Systems;Linear Temporal Logic;Control Barrier Functions;Quadratic Programming;Safety-Critical Control","Feedback;Circuits;Biomimetics;Protocols;Communication systems;Telecommunications;HTTP;Radio access networks;Regional area networks;Logic","","","","14","IEEE","28 Apr 2026","26-28 Sept. 2025","26-28 Sept. 2025","IEEE","IEEE Conferences"
"Multi-Objective Task Allocation and Path Planning in Heterogeneous Multi-Robot Systems Using Hierarchical Framework and Reinforcement Learning","S. H. Lo; R. Chen","Department of Power Mechanical Engineering, National Tsing Hua University, Hsinchu, Taiwan; Department of Power Mechanical Engineering, National Tsing Hua University, Hsinchu, Taiwan",2025 International Conference on Automation Technology (Automation),"18 Feb 2026","2025","","","1","6","This study proposes a multi-objective optimization-based framework for task allocation and path planning to address the challenges faced by multi-robot systems in transport-oriented task environments. The framework considers robot capability heterogeneity and load capacity, aiming to minimize task execution time and overall system energy consumption. A hierarchical training architecture divides the process into two stages: the upper layer uses the NSGA-II algorithm to estimate the cost of task allocation strategies and construct a multi-objective solution space, allowing decision-makers to select suitable solutions based on optimization preferences or practical constraints. The lower layer leverages deep neural networks and reinforcement learning to perform multi-agent learning and generate collisionfree paths. This architecture supports solution selection based on varying optimization priorities, enabling capability-oriented task distribution aligned with system needs. Simulation and experimental results show that the proposed method effectively handles complex scenarios with task dependencies, improves path learning efficiency and task competition rates, and, while maintaining single-objective solution quality, offers flexible, interpretable options—demonstrating strong applicability and scalability in real-world applications.","","978-1-6654-7792-5","10.1109/Automation66991.2025.11389874","Ministry of Science and Technology, Taiwan(grant numbers:NSTC113-2221-E007-086); ","https://ieeexplore.ieee.org/stamp/stamp.jsp?arnumber=11389874","","Training;Automation;Robot kinematics;Scalability;Reinforcement learning;Path planning;Planning;Resource management;Multi-robot systems;Optimization","","","","8","IEEE","18 Feb 2026","28-30 Nov. 2025","28-30 Nov. 2025","IEEE","IEEE Conferences"
"Multi-Robot Cooperative Inspection Planning of Substation Based on Genetic Algorithm and Deep Reinforcement Learning","J. Liu; J. Wang; J. Peng; Y. Hong; T. Shao","Guangzhou Power Supply Bureau, Guangdong Power Grid Company Ltd., CSG, Guangzhou, Guangdong, China; Guangzhou Power Supply Bureau, Guangdong Power Grid Company Ltd., CSG, Guangzhou, Guangdong, China; Guangzhou Power Supply Bureau, Guangdong Power Grid Company Ltd., CSG, Guangzhou, Guangdong, China; Guangzhou Power Supply Bureau, Guangdong Power Grid Company Ltd., CSG, Guangzhou, Guangdong, China; Guangzhou Power Supply Bureau, Guangdong Power Grid Company Ltd., CSG, Guangzhou, Guangdong, China",IEEE Access,"28 Aug 2025","2025","13","","148949","148960","The safe and reliable operation of power systems relies on the intelligent operation and maintenance (O&M) of substations. However, multi-robot collaborative inspection, an essential component of intelligent O&M, faces challenges such as uneven task distribution, inefficient path planning, and underutilized resources. This paper proposes a multi-robot collaborative inspection planning framework that fuses an improved genetic algorithm with deep reinforcement learning. The goal is to achieve a global optimization of substation inspection resources and high-efficiency coordination among the robot systems. First, a three-dimensional intelligent inspection information-sharing system based on the Internet of Things and edge computing is constructed, enabling data interoperability and state perception among heterogeneous inspection devices. Next, a mathematical model for task allocation is established under multiple constraints, such as energy limitations, time windows, and equipment specialization, with a weighted single-objective optimization function integrating energy consumption, time, and reliability. An improved genetic algorithm featuring an adaptive crossover operator and an elite retention strategy is designed to solve the global optimal task allocation scheme. Finally, based on the allocation results, a two-layer deep Q network collaborative path planning method is proposed. Through the design of a reward-penalty mechanism and prioritized experience replay, dynamic obstacle avoidance and cooperative navigation among the robots are achieved. Validation in an actual 500kV intelligent substation environment shows that, compared with traditional single-robot inspection and simple partition-based inspection, the proposed method improves the total inspection time, energy consumption, and equipment utilization by 32.7%, 28.4%, and 41.6%, respectively. The research provides both a theoretical foundation and technical support for the intelligent O&M of power systems and is of great significance for promoting intelligent collaboration among substation inspection robot teams.","2169-3536","","10.1109/ACCESS.2025.3598345","China Southern Power Grid Science and Technology Project Research on Key Technologies for Visual Detection of Live State of Substation Equipment(grant numbers:030100KC23110038,GDKJXM20231123); ","https://ieeexplore.ieee.org/stamp/stamp.jsp?arnumber=11123846","Multi-robot collaboration;improved genetic algorithm;deep reinforcement learning;path planning","Inspection;Substations;Collaboration;Robot kinematics;Resource management;Path planning;Planning;Genetic algorithms;Optimization;Stereo image processing","","1","","26","CCBY","13 Aug 2025","2025","","IEEE","IEEE Journals"
"Post-Disaster Multi-Robot Target Search Based on Improved Distributed Reinforcement Learning","Q. Zhang; Y. Feng; C. Li","School of Control Science and Engineering, Dalian University of Technology, Dalian; School of Control Science and Engineering, Dalian University of Technology, Dalian; School of Control Science and Engineering, Dalian University of Technology, Dalian",2025 44th Chinese Control Conference (CCC),"10 Oct 2025","2025","","","1","6","Post-disaster environments are highly dynamic and complex, with numerous unknown obstacles and flowing interferences such as strong winds and landslides. Moreover, the specific locations of rescue targets are typically unknown. This paper proposes a distributed reinforcement learning strategy network (F-IQN), based on target field strength information for multi-robot multi-target search in unknown environments without prior information on obstacle and target locations. This network utilizes target field strength signals from potential target areas to guide multi-robots through a two-phase target search process: first encouraging robots to reach the search area and then searching for target points based on field strength information. Additionally, a piecewise reward function is designed to divide the target search task into an area arrival phase and a target point search phase, significantly enhancing task completion effectiveness. Furthermore, this paper introduces a dynamic obstacle sensitivity strategy and designs an adaptive algorithm to automatically adjust the sensitivity level to obstacles in the environment, further improving search safety and success rates. Experimental results demonstrate that F-IQN with dynamic obstacle sensitivity outperforms traditional algorithms (such as DQN and DDQN) in search success rate, time efficiency, and energy consumption, especially maintaining superior performance when the search area expands.","1934-1768","978-988-75816-1-1","10.23919/CCC64809.2025.11179572","","https://ieeexplore.ieee.org/stamp/stamp.jsp?arnumber=11179572","Distributional Reinforcement Learning;Post-Disaster Target Search;Implicit Quantile Network (IQN);Multi-Robot Systems","Energy consumption;Landslides;Sensitivity;Heuristic algorithms;Adaptive algorithms;Collaborative robots;Deep reinforcement learning;Safety;Multi-robot systems","","","","17","","10 Oct 2025","28-30 July 2025","28-30 July 2025","IEEE","IEEE Conferences"
"Distributed safe reinforcement learning for multi-robot motion planning","Y. Lu; Y. Guo; G. Zhao; M. Zhu","School of Electrical Engineering and Computer Science, Pennsylvania State University, University Park, PA; School of Aerospace Engineering, Xi’an Jiaotong University, Xi’an, China; School of Electrical Engineering and Computer Science, Pennsylvania State University, University Park, PA; School of Electrical Engineering and Computer Science, Pennsylvania State University, University Park, PA",2021 29th Mediterranean Conference on Control and Automation (MED),"15 Jul 2021","2021","","","1209","1214","This paper studies optimal motion planning of multiple mobile robots with collision avoidance. We develop a distributed reinforcement learning algorithm which ensures suboptimal goal reaching and anytime collision avoidance simultaneously. Theoretical results on the convergence of neural network weights, the uniform and ultimate boundedness of system states of the closed-loop system, and anytime collision avoidance are established. Numerical simulations for single integrator and unicycle robots illustrate the effectiveness of our theoretical results.","2473-3504","978-1-6654-2258-1","10.1109/MED51440.2021.9480176","","https://ieeexplore.ieee.org/stamp/stamp.jsp?arnumber=9480176","Safety;reinforcement learning;motion planning","Simulation;Neural networks;Reinforcement learning;Numerical simulation;Planning;Multi-robot systems;Mobile robots","","5","","21","IEEE","15 Jul 2021","22-25 June 2021","22-25 June 2021","IEEE","IEEE Conferences"
"Multi-robot Collision Avoidance in Non-communication Deep-Sea Environments via Reinforcement Learning","D. Li; Q. Zhang; Y. Ma; S. Miao; X. Li; S. Song","Department of Automation, Tsinghua University; Department of Automation, Tsinghua University; Department of Automation, Tsinghua University; Department of Automation, Tsinghua University; Department of Automation, Tsinghua University; Department of Automation, Tsinghua University",2025 IEEE International Conference on Real-time Computing and Robotics (RCAR),"4 Sep 2025","2025","","","1259","1264","Ensuring effective multi-robot collision avoidance in deep-sea environments presents unique challenges due to the absence of direct communication and the intermittency of positional updates. Existing methods struggle with outdated information, leading to suboptimal decision-making and increased risk of collisions. In this paper, we address these issues by introducing a multi-agent reinforcement learning (MARL)-based framework tailored for multi-robot navigation under intermittent observations. Our approach incorporates a recurrent neural network (RNN)-based module to take advantage of historical information, enabling agents to adapt to dynamic environments despite communication constraints. By leveraging MARL, our method effectively balances safety, efficiency, and path optimality, allowing robots to make informed decisions even with limited sensing updates. Simulations demonstrate that our approach significantly outperforms existing baselines, achieving higher success rates and improved adaptability in high-density, long-interval scenarios.","","979-8-3315-0205-8","10.1109/RCAR65431.2025.11139421","National Natural Science Foundation of China; ","https://ieeexplore.ieee.org/stamp/stamp.jsp?arnumber=11139421","","Adaptation models;Recurrent neural networks;Navigation;Simulation;Reinforcement learning;Robot sensing systems;Real-time systems;Safety;Sensors;Collision avoidance","","","","22","IEEE","4 Sep 2025","1-6 June 2025","1-6 June 2025","IEEE","IEEE Conferences"
"Decentralized Multi-Robot Collision Avoidance in Complex Scenarios With Selective Communication","Y. Zhai; B. Ding; X. Liu; H. Jia; Y. Zhao; J. Luo","School of Computer, National University of Defense Technology, Changsha, China; School of Computer, National University of Defense Technology, Changsha, China; College of Computer Science and Electronic Engineering, Hunan University, Changsha, China; School of Computer, National University of Defense Technology, Changsha, China; School of Computer, National University of Defense Technology, Changsha, China; School of Computer, National University of Defense Technology, Changsha, China",IEEE Robotics and Automation Letters,"9 Sep 2021","2021","6","4","8379","8386","Deep reinforcement learning has been demonstrated to be an effective solution to the multi-robot collision avoidance problem. However, with existing methods, robots typically generate actions only based on local observations, sometimes augmented with global communication. Their performance deteriorates in limited bandwidth environments and complex scenarios with various obstacles and high robot density. We propose SelComm, a selective communication framework to generate cooperative and collision-free actions for robots in multi-robot navigation tasks. Specifically, we develop a decentralized message selector, enabling each robot to calculate relations with other robots using both agent-level information and sensor-level information, and select the most valuable messages to meet the bandwidth limitation. Then we introduce the attentional communication channel for efficient communication. Our experimental evaluations based on various scenarios demonstrate that SelComm learns more cooperative behaviors and outperforms state-of-the-art methods in limited bandwidth environments and complex scenarios.","2377-3766","","10.1109/LRA.2021.3102636","Science and Technology Innovation 2030; New Generation Artificial Intelligence project(grant numbers:2020AAA0104803); Natural Science Foundation of Hunan Province(grant numbers:2020JJ3016); National Defense Science and Technology Innovation Fund of the Chinese Academy of Sciences; ","https://ieeexplore.ieee.org/stamp/stamp.jsp?arnumber=9508156","Collision avoidance;multi-robot systems;reinforcement learning;autonomous vehicle navigation;selective communication","Collision avoidance;Robot sensing systems;Robot kinematics;Navigation;Task analysis;Bandwidth;Reinforcement learning","","28","","24","IEEE","5 Aug 2021","Oct. 2021","","IEEE","IEEE Journals"
"Energy Efficiency Deep Reinforcement Learning for URLLC in 5G Mission-Critical Swarm Robotics","T. M. Ho; K. -K. Nguyen; M. Cheriet","Université du Québec, Montreal, QC, Canada; Université du Québec, Montreal, QC, Canada; Université du Québec, Montreal, QC, Canada",IEEE Transactions on Network and Service Management,"11 Oct 2024","2024","21","5","5018","5032","5G network provides high-rate, ultra-low latency, and high-reliability connections in support of wireless mobile robots with increased agility for factory automation. In this paper, we address the problem of swarm robotics control for mission-critical robotic applications in an automated grid-based warehouse scenario. Our goal is to maximize long-term energy efficiency while meeting the energy consumption constraint of the robots and the ultra-reliable and low latency communication (URLLC) requirements between the central controller and the swarm robotics. The problem of swarm robotics control in the URLLC regime is formulated as a nonconvex optimization problem since the achievable rate and decoding error probability with short blocklength are neither convex nor concave in bandwidth and transmit power. We propose a deep reinforcement learning (DRL) based approach that employs the deep deterministic policy gradient (DDPG) method and convolutional neural network (CNN) to achieve a stationary optimal control policy that consists of a number of continuous and discrete actions. Numerical results show that our proposed multi-agent DDPG algorithm outperforms the baselines in terms of decoding error probability and energy efficiency.","1932-4537","","10.1109/TNSM.2024.3406350","Mitacs, Ciena, and ENCQOR(grant numbers:IT13947); ","https://ieeexplore.ieee.org/stamp/stamp.jsp?arnumber=10540047","5G network;swarm robotics;cloud robotics;industrial automation;deep reinforcement learning","Robots;Robot kinematics;Collision avoidance;Task analysis;Service robots;Swarm robotics;Robot sensing systems","","4","","43","IEEE","27 May 2024","Oct. 2024","","IEEE","IEEE Journals"
"Multi-robot Cooperative Search Method Based on Biological Heuristic Algorithm","F. Yang; S. Li; C. Chen","College of Automation, Nanjing University of Science and Technology, Nanjing, China; College of Automation, Nanjing University of Science and Technology, Nanjing, China; College of Automation, Nanjing University of Science and Technology, Nanjing, China",2021 China Automation Congress (CAC),"14 Mar 2022","2021","","","642","646","The multi-robot search problem is one of the key issues in the research of multi-robot systems. In order to find the target effectively, an improved multi-robot collaborative search method based on Beetle Antennae search (BAS) algorithm is proposed. First, the left and right whiskers in Beetle Antennae search algorithm can correspond to the two robots one by one. According to this feature, the position of this group of robots is continuously updated according to the algorithm, and finally the target search task is completed. On this basis, considering the cooperation between multiple groups of robots, the collaborative method of particle swarm optimization (PSO) algorithm is introduced, and a multi-robot collaborative search method based on the improved beetle algorithm is proposed. Simulation shows that the improved algorithm can be effectively completed for static targets Target search task, and the target search success rate is significantly better than particle swarm optimization algorithm when the number of robots is small.","2688-0938","978-1-6654-2647-3","10.1109/CAC53003.2021.9728673","","https://ieeexplore.ieee.org/stamp/stamp.jsp?arnumber=9728673","Multi-robot;Cooperative Search;BAS;PSO","Heuristic algorithms;Simulation;Biological system modeling;Collaboration;Search problems;Multi-robot systems;Particle swarm optimization","","1","","11","IEEE","14 Mar 2022","22-24 Oct. 2021","22-24 Oct. 2021","IEEE","IEEE Conferences"
"A Swarm of Minimalist Robots Traps a Moving Target Using Optical Interactions","J. Hou; Y. Qiu; Y. Yang; L. Liu","School of Electrical and Control Engineering, Shenyang Jianzhu University, Shenyang, Liaoning, China; School of Electrical and Control Engineering, Shenyang Jianzhu University, Shenyang, Liaoning, China; School of Electrical and Control Engineering, Shenyang Jianzhu University, Shenyang, Liaoning, China; State Key Laboratory of Robotics, Shenyang Institute of Automation, Chinese Academy of Sciences, Shenyang, China","2025 IEEE 15th International Conference on CYBER Technology in Automation, Control, and Intelligent Systems (CYBER)","24 Sep 2025","2025","","","118","123","Swarm robots have significant advantages over single robots, capable of cooperating to complete more challenging tasks. Regarding the problem of trapping dynamic targets by robot swarms in unknown environments, previous methods typically required robots to carry sensors and positioning devices, and to be capable of perceiving the position information of neighbors within a limited range. This paper proposes a trapping method suitable for minimalist robots, which has minimal number of sensor. Specifically, this method can effectively prevent the target from escaping even when robots have no access to relative position information of the target. We introduce “fatness” as a metric to evaluate trapping performance, establish simulation models to analyze the influence of various factors on trapping formation, and conduct physical trapping experiments using Morphobots to validate the effectiveness of the proposed method.","2642-6633","979-8-3315-9109-0","10.1109/CYBER67662.2025.11168353","National Natural Science Foundation of China(grant numbers:62273338); ","https://ieeexplore.ieee.org/stamp/stamp.jsp?arnumber=11168353","","Measurement;Automation;Swarm robotics;Charge carrier processes;Robot sensing systems;Control systems;Optical sensors;Mobile robots;Intelligent systems;Robots","","","","23","IEEE","24 Sep 2025","15-18 July 2025","15-18 July 2025","IEEE","IEEE Conferences"
"Multi Robot Cooperative Control Based on Edge Computing and Multi Agent Reinforcement Learning with Cooperative Planning","H. Yuan; C. Xu; F. Tu; A. Ma; H. Shi; S. Wei; Y. Zhang","State Grid Huzhou Power Supply Company, Huzhou, China; State Grid Huzhou Power Supply Company, Huzhou, China; Zhejiang Electric Power Corporation, Hangzhou, China; State Grid Huzhou Power Supply Company, Huzhou, China; State Grid Huzhou Power Supply Company, Huzhou, China; State Grid Huzhou Power Supply Company, Huzhou, China; State Grid Huzhou Power Supply Company, Huzhou, China",2024 International Conference on Integrated Intelligence and Communication Systems (ICIICS),"5 Feb 2025","2024","","","1","5","In this era, multi-robot systems play vital role in the sector of environmental monitoring, disaster response, and smart manufacturing. Previous researchers have suggested various traditional methods but still there are challenges such as high latency, bandwidth limitations, and single points of failure, making them unsuitable for time-sensitive and large-scale operations. This article is proposed to develop a system for Multi robot Cooperative Control based on edge computing by employing robust methods such as; Hierarchical Inference, dynamic workload distribution, real-time collaboration on multi-agent. Further, the hierarchical Inference is classified into three layers; cloud layer which is designed using Open Artificial Intelligence (AI) DALL-E, fog layer employed for data preprocessing using various techniques such as median filtering for noise filtering and Linear Discriminant Analysis (LDA) for dimensionality reduction and edge layer is designed by incorporating MobileViT technology. Then, the extracted features are allocated with specific task using federated learning technique namely federated averaged (FedAvg). Finally the Multi Agent Reinforcement Learning (MARL) with Cooperative Planning (CP) is imposed for real-time collaboration in multi agent and has resulted with 0.99 Accumulative Coverage Score (ACS) when compared to the existing Large Language Model (LLM).","","979-8-3315-0496-0","10.1109/ICIICS63763.2024.10859967","","https://ieeexplore.ieee.org/stamp/stamp.jsp?arnumber=10859967","cooperative planning;federated learning;linear discriminant analysis;mobilevit technology;multi agent reinforcement learning","Filtering;Noise;Collaboration;Reinforcement learning;Feature extraction;Real-time systems;Planning;Linear discriminant analysis;Robots;Edge computing","","","","15","IEEE","5 Feb 2025","22-23 Nov. 2024","22-23 Nov. 2024","IEEE","IEEE Conferences"
"A Survey of Intelligent Mapless Multi-Robot Systems: Perception, Distributed Planning, and Predictive Cooperation","C. Jia; H. H. Teo; Y. J. King; X. Wen","School of Physics and Electrical Engineering, Weinan Normal University, Weinan, China; Centre for Advanced Engineering Design, Faculty of Engineering, Built Environment and Information Technology, SEGi University, Petaling Jaya, Selangor, Malaysia; Centre for Advanced Engineering Design, Faculty of Engineering, Built Environment and Information Technology, SEGi University, Petaling Jaya, Selangor, Malaysia; School of Physics and Electrical Engineering, Weinan Normal University, Weinan, China",IEEE Access,"30 Mar 2026","2026","14","","45912","45933","Multi-robot systems (MRS) are increasingly deployed in unstructured environments where pre-defined maps are unavailable, requiring advanced autonomy. However, existing research often addresses the intertwined challenges of perception, planning, and coordination in isolation, leading to issues such as limited cross-scene generalization and rigid inter-module coupling. This survey provides a comprehensive and systematic review of recent advances toward intelligent mapless MRS. It focuses on three tightly coupled core technologies: mapless navigation, cooperative optimization, and intent inference with trajectory prediction. The study comparatively analyzes behavior-based, sensor-based, and learning-based navigation strategies; organizes centralized, distributed, and hybrid cooperative planning frameworks; and examines interaction-aware perception, multimodal fusion, and joint prediction–control approaches from a system-level perspective. By synthesizing these threads, the review identifies critical limitations in current methodologies, including insufficient adaptability in highly dynamic environments. To address these gaps, future research should focus on developing tightly coupled perception–decision–communication frameworks. By leveraging bio-inspired neural sensing, distributed receding-horizon optimization, and lightweight deployment, such frameworks aim to achieve scalability, robustness, and real-time adaptability, which are key prerequisites for effective multi-robot coordination in complex real-world scenarios.","2169-3536","","10.1109/ACCESS.2026.3676798","Research Project on Education and Teaching Reform of Weinan Normal University(grant numbers:JG2025022); Shaanxi Provincial Education Science Planning Project through the 14th Five-Year Plan (2025)(grant numbers:SGH25Q527); ","https://ieeexplore.ieee.org/stamp/stamp.jsp?arnumber=11454516","Multi-robot systems;mapless navigation;collaborative planning;trajectory prediction;dynamic environment","Navigation;Robots;Planning;Collision avoidance;Multi-robot systems;Robot kinematics;Optimization;Collaboration;Couplings;Trajectory","","","","141","CCBY","23 Mar 2026","2026","","IEEE","IEEE Journals"
"Optimal Path and Timetable Planning Method for Multi-Robot Optimal Trajectory","C. Zhang; Y. Li; L. Zhou","Center for Robotics, School of Control Science and Engineering, Shandong University, Jinan, Shandong, China; Center for Robotics, School of Control Science and Engineering, Shandong University, Jinan, Shandong, China; Center for Robotics, School of Control Science and Engineering, Shandong University, Jinan, Shandong, China",IEEE Robotics and Automation Letters,"7 Jul 2022","2022","7","3","8130","8137","In an environment with limited space and dense goal configuration, the path of robot team is forced to coincide without much adjustment space, which is a challenge for multi-robot collaborative path planning. In this work, a novel Optimal Path and Timetable Planning (OPTP) method is proposed. The OPTP firstly generates the near-shortest paths for each robot by an RRT*-based planner. Then the timetables for each robot in the path-time space are created by the improved Particle Swarm Optimization (PSO) method. A heuristic bias is added to the PSO optimizer to efficiently mediate the conflict near the goal configuration. The OPTP achieves the near-shortest moving distance of the multi-robot team, as well as the near-optimal navigation makespan in face of complex obstacles, narrow channels, and dense goal configurations. The compared simulations and real-world experiments verify the effectiveness of the OPTP method.","2377-3766","","10.1109/LRA.2022.3187529","National Natural Science Foundation of China(grant numbers:61973191,91948201); ","https://ieeexplore.ieee.org/stamp/stamp.jsp?arnumber=9811348","Multi-robot systems;motion and path planning;collision avoidance","Robots;Collision avoidance;Trajectory;Planning;Robot kinematics;Optimization;Costs","","19","","19","IEEE","30 Jun 2022","July 2022","","IEEE","IEEE Journals"
"Research on Search Algorithm by PSO with Virtual Pheromone and Dynamical Niche for Swarm Robots","H. Inahara; N. Motoi","Graduate School of Maritime Science, Kobe University, Kobe, Japan; Graduate School of Maritime Science, Kobe University, Kobe, Japan",2021 IEEE 30th International Symposium on Industrial Electronics (ISIE),"1 Nov 2021","2021","","","1","6","This paper proposes a search algorithm by using particle swarm optimization (PSO) with virtual pheromone and a dynamical niche for swarm robots. Swarm robots are attracting attention in the disaster area to search for victims. The search algorithm is a combination of global search and local search. PSO with virtual pheromone is one of the unified control rules which achieve global search and local search. By using virtual pheromone, it is possible to recognize the unsearched area. This paper focuses on the global search for efficient search. For the efficient search, it is necessary for swarm robots to be divide into small groups dynamically due to the unresearched area. Therefore, this paper proposes the dynamic niche method by PSO with the virtual pheromone. By using the proposed method, the swarm robots detected the multiple unsearched areas and diatonically are divided them into several groups. From the simulation results, the validity of the proposed method was confirmed.","2163-5145","978-1-7281-9023-5","10.1109/ISIE45552.2021.9576188","JSPS KAKENHI(grant numbers:19K04454); ","https://ieeexplore.ieee.org/stamp/stamp.jsp?arnumber=9576188","Motion control;PSO;Swarm intelligence;Mobile robot","Industrial electronics;Service robots;Heuristic algorithms;Simulation;Swarm robotics;Particle swarm optimization","","","","14","IEEE","1 Nov 2021","20-23 June 2021","20-23 June 2021","IEEE","IEEE Conferences"
"Research on Multi-robot Path Planning Method Based on Improved MADDPG Algorithm","P. Li; S. Jia; Z. Cai","School of Intelligent Science and Engineering, Harbin Engineering University, Harbin, P.R. China; School of Intelligent Science and Engineering, Harbin Engineering University, Harbin, P.R. China; School of Intelligent Science and Engineering, Harbin Engineering University, Harbin, P.R. China",2021 China Automation Congress (CAC),"14 Mar 2022","2021","","","3567","3572","An improved multi-robot path planning method is proposed, aiming at the problems of slow training speed and low success rate of multi-robot path planning algorithm based on Multi-Agent Deep Deterministic Policy Gradient (MADDPG). First of all, a form of experience storage and replay called partitioned experience pool is designed to distinguish positive and negative experience by dividing the state space, and then some experience data are extracted by stratified random sampling. Secondly, in view of the fact that it is easy to ignore the value of different experience samples by using random sampling method, the samples in each experience pool are sorted according to the priority, so as to give priority to learning high quality experience. Thirdly, in order to solve the problem that choosing the experience with high priority will increase the training time, the storage form of the experience pool is changed to binary tree structure. Finally, two kinds of obstacle simulation environments with increasing difficulty are built on the three-dimensional simulation platform named Gazebo, and comparative experiments are set up for the improved algorithm and the original algorithm. Simulation results show that compared with the original algorithm, the training time of improved path planning algorithm is obviously reduced, the success rate in the two simulation environments is increased by 18% and 22% respectively, and the average path length in the two simulation environments is shortened by 12% and 17% respectively. This shows that the introduction of partitioned experience pool and priority experience replay mechanism makes the algorithm learn the optimal strategy faster and more effectively in the two environments established in this paper.","2688-0938","978-1-6654-2647-3","10.1109/CAC53003.2021.9728309","","https://ieeexplore.ieee.org/stamp/stamp.jsp?arnumber=9728309","multi-robot system;path planning;deep reinforcement learning;MADDPG;priority experience replay","Training;Solid modeling;Simulation;Binary trees;Sampling methods;Path planning;Partitioning algorithms","","3","","9","IEEE","14 Mar 2022","22-24 Oct. 2021","22-24 Oct. 2021","IEEE","IEEE Conferences"
"Multi-Robot Real-time Game Strategy Learning based on Deep Reinforcement Learning","K. Deng; Y. Li; S. Lu; Y. Mu; X. Pang; Q. Liu","Department of Control Science and Engineering, Harbin Institute of Technology, Shenzhen, Shenzhen, China; Department of Control Science and Engineering, Harbin Institute of Technology, Shenzhen, Shenzhen, China; Department of Control Science and Engineering, Harbin Institute of Technology, Shenzhen, Shenzhen, China; Department of Control Science and Engineering, Harbin Institute of Technology, Shenzhen, Shenzhen, China; Department of Control Science and Engineering, Harbin Institute of Technology, Shenzhen, Shenzhen, China; Department of Control Science and Engineering, Harbin Institute of Technology, Shenzhen, Shenzhen, China",2022 IEEE International Conference on Robotics and Biomimetics (ROBIO),"18 Jan 2023","2022","","","1192","1197","With the booming development of artificial in-telligence, the autonomous decision-making of robots on the battlefield has become a future trend. In the field of en-tertainment games, some institutions have already attained outstanding results in multi-agent decision-making tasks by using reinforcement learning algorithms. But in the field of robot confrontation game, the robot confrontation strategies are still based on the simple logic of artificial design in most cases, which hinders the further improvement of robot strategies. In this paper, a reinforcement-learning-based multi-robot control method is proposed to improve the strategy performance. We enhanced the reinforcement learning algorithm PPO with the self-play method by easy-to-implement tricks for multi-agent training and improve training efficiency. In simulated experiments based on the rules of the RoboMaster University AI Challenge, we show our method has a much higher winning percentage than traditional approaches like behavior tree.","","978-1-6654-8109-0","10.1109/ROBIO55434.2022.10011827","","https://ieeexplore.ieee.org/stamp/stamp.jsp?arnumber=10011827","","Training;Recurrent neural networks;Decision making;Reinforcement learning;Games;Market research;Real-time systems","","","","27","IEEE","18 Jan 2023","5-9 Dec. 2022","5-9 Dec. 2022","IEEE","IEEE Conferences"
"Graph Neural Network-based Multi-agent Reinforcement Learning for Resilient Distributed Coordination of Multi-Robot Systems","A. Goeckner; Y. Sui; N. Martinet; X. Li; Q. Zhu","Department of Electrical and Computer Engineering, Northwestern University, Evanston, Illinois, USA; Department of Electrical and Computer Engineering, Northwestern University, Evanston, Illinois, USA; Department of Electrical and Computer Engineering, Northwestern University, Evanston, Illinois, USA; Department of Electrical and Computer Engineering, Northwestern University, Evanston, Illinois, USA; Department of Electrical and Computer Engineering, Northwestern University, Evanston, Illinois, USA",2024 IEEE/RSJ International Conference on Intelligent Robots and Systems (IROS),"25 Dec 2024","2024","","","5732","5739","Existing multi-agent coordination techniques are often fragile and vulnerable to anomalies such as agent attrition and communication disturbances, which are quite common in the real-world deployment of systems like field robotics. To better prepare these systems for the real world, we present a graph neural network (GNN)-based multi-agent reinforcement learning (MARL) method for resilient distributed coordination of a multi-robot system. Our method, Multi-Agent Graph Embedding-based Coordination (MAGEC), is trained using multi-agent proximal policy optimization (PPO) and enables distributed coordination around global objectives under agent attrition, partial observability, and limited or disturbed communications. We use a multi-robot patrolling scenario to demonstrate our MAGEC method in a ROS 2-based simulator and then compare its performance with prior coordination approaches. Results demonstrate that MAGEC outperforms existing methods in several experiments involving agent attrition and communication disturbance, and provides competitive results in scenarios without such anomalies.","2153-0866","979-8-3503-7770-5","10.1109/IROS58592.2024.10802510","National Science Foundation; ","https://ieeexplore.ieee.org/stamp/stamp.jsp?arnumber=10802510","","Navigation;Robot kinematics;Vehicle routing;Reinforcement learning;Solids;Graph neural networks;Multi-robot systems;Observability;Optimization;Intelligent robots","","18","","26","IEEE","25 Dec 2024","14-18 Oct. 2024","14-18 Oct. 2024","IEEE","IEEE Conferences"
"Hierarchical Consensus-Based Multi-Agent Reinforcement Learning for Multi-Robot Cooperation Tasks","P. Feng; J. Liang; S. Wang; X. Yu; X. Ji; Y. Chen; K. Zhang; R. Shi; W. Wu","State Key Laboratory of Complex & Critical Software Environment, Beihang University; School of Artificial Intelligence, Beihang University; School of Artificial Intelligence, Beihang University; State Key Laboratory of Complex & Critical Software Environment, Beihang University; State Grid Corporation of China; State Grid Corporation of China; State Key Laboratory of Complex & Critical Software Environment, Beihang University; State Key Laboratory of Complex & Critical Software Environment, Beihang University; State Key Laboratory of Complex & Critical Software Environment, Beihang University",2024 IEEE/RSJ International Conference on Intelligent Robots and Systems (IROS),"25 Dec 2024","2024","","","642","649","In multi-agent reinforcement learning (MARL), the Centralized Training with Decentralized Execution (CTDE) framework is pivotal but struggles due to a gap: global state guidance in training versus reliance on local observations in execution, lacking global signals. Inspired by human societal consensus mechanisms, we introduce the Hierarchical Consensus-based Multi-Agent Reinforcement Learning (HC-MARL) framework to address this limitation. HC-MARL employs contrastive learning to foster a global consensus among agents, enabling cooperative behavior without direct communication. This approach enables agents to form a global consensus from local observations, using it as an additional piece of information to guide collaborative actions during execution. To cater to the dynamic requirements of various tasks, consensus is divided into multiple layers, encompassing both short-term and long-term considerations. Short-term observations prompt the creation of an immediate, low-layer consensus, while long-term observations contribute to the formation of a strategic, high-layer consensus. This process is further refined through an adaptive attention mechanism that dynamically adjusts the influence of each consensus layer. This mechanism optimizes the balance between immediate reactions and strategic planning, tailoring it to the specific demands of the task at hand. Extensive experiments and real-world applications in multi-robot systems showcase our framework’s superior performance, marking significant advancements over baselines.","2153-0866","979-8-3503-7770-5","10.1109/IROS58592.2024.10802212","National Science and Technology Major Project; National Natural Science Foundation of China; State Grid Corporation of China; ","https://ieeexplore.ieee.org/stamp/stamp.jsp?arnumber=10802212","","Training;Hands;Collaboration;Reinforcement learning;Contrastive learning;Strategic planning;Consensus protocol;Multi-robot systems;Standards;Intelligent robots","","19","","31","IEEE","25 Dec 2024","14-18 Oct. 2024","14-18 Oct. 2024","IEEE","IEEE Conferences"
"Adaptive Multi-Robot Exploration for Unknown Environments Using Edge-Weighted Path Planning","F. Baghyari; T. Parsons; J. Seo; B. Kim; M. Kim; H. Lee","Department of Automotive and Mechatronics Engineering, Ontario Tech University, Oshawa, ON, Canada; Department of Automotive and Mechatronics Engineering, Ontario Tech University, Oshawa, ON, Canada; Department of Automotive and Mechatronics Engineering, Ontario Tech University, Oshawa, ON, Canada; Department of Industrial Machinery DX, Korea Institute of Machinery and Materials, Yuseong-gu, Daejeon, Republic of Korea; Department of Industrial Machinery DX, Korea Institute of Machinery and Materials, Yuseong-gu, Daejeon, Republic of Korea; Department of Industrial Machinery DX, Korea Institute of Machinery and Materials, Yuseong-gu, Daejeon, Republic of Korea",IEEE Access,"26 Jun 2025","2025","13","","108127","108140","Efficient multi-robot exploration of unknown environments is critical for numerous applications such as search and rescue, planetary exploration, and environmental monitoring. Existing centralized approaches struggle with scalability, while decentralized methods often incur high computational costs and inefficient task coordination. This study presents a scalable and adaptive multi-robot exploration algorithm that adaptively updates edge weights based on visit counts, reservations, and obstacles to optimize path allocation and minimize redundant scanning. The proposed algorithm ensures 100% area coverage and real-time adaptability, making it robust for exploration in many different unknown environments. The algorithm was validated in both a 2D grid-based simulation and a high-fidelity 3D environment using Isaac Sim with ROS integration. Experimental results demonstrate that the algorithm achieves improved exploration efficiency and adaptability compared to a real-time scheduling method while maintaining computational feasibility. The findings highlight the effectiveness of edge-weighting and reservation-based task allocation strategies for autonomous multi-robot systems in practical exploration scenarios.","2169-3536","","10.1109/ACCESS.2025.3581807","Korea Institute of Machinery and Materials(grant numbers:KIMM,PUR042 02408270003); Basic Research Project of KIMM(grant numbers:NK257C); National Research Foundation of Korea (NRF); Korean government (MSIT)(grant numbers:2020M3C1C1A02086421); ","https://ieeexplore.ieee.org/stamp/stamp.jsp?arnumber=11045397","Autonomous mapping;centralized coordination;exploration;Isaac Sim;multi-robot;path planning;redundant scanning minimization;unknown environment","Robot kinematics;Scalability;Resource management;Real-time systems;Planning;Path planning;Optimization;Clustering algorithms;Simultaneous localization and mapping;Partitioning algorithms","","2","","62","CCBYNCND","20 Jun 2025","2025","","IEEE","IEEE Journals"
"Swarm Control with Particle Filter for Search and Rescue Operations Using Mobile Robots","R. Murakami; H. Yomo; Y. Takizawa","Graduate School of Science and Engineering, Kansai University, Japan; Graduate School of Science and Engineering, Kansai University, Japan; Graduate School of Science and Engineering, Kansai University, Japan",2025 International Conference on Information Networking (ICOIN),"14 May 2025","2025","","","523","528","During search and rescue operations carried out for emergency response or disaster relief, there are many targets requiring rescue operations in a given environment, whose number and locations are unknown. In this paper, we investigate how to control the mobility of swarm of autonomous robots to efficiently search for and approach to targets to execute given tasks. We propose a swarm control algorithm, which includes the search and approach operations based on swarm intelligence, called mobile sensing cluster (MSC), combined with target localization employing particle filter (PF). We design mobility control that takes full advantage of the integrated operations of MSC and localization using PF. With computer simulations, we show that the proposed swarm control reduces the time required for searching targets and for completing their required tasks in comparison to reference schemes.","2996-1580","979-8-3315-0694-0","10.1109/ICOIN63865.2025.10992877","","https://ieeexplore.ieee.org/stamp/stamp.jsp?arnumber=10992877","","Location awareness;Computer simulation;Disasters;Clustering algorithms;Robot sensing systems;Emergency services;Particle filters;Sensors;Mobile robots;Particle swarm optimization","","","","11","IEEE","14 May 2025","15-17 Jan. 2025","15-17 Jan. 2025","IEEE","IEEE Conferences"
"Self-Attention-Based Multi-Robot Collaborative Hunting Strategy","P. Tan; W. Lei; W. Wang; H. Wang; H. Luo","Control and Simulation Center, Harbin Institute of Technology, Harbin, China; North Navigation Control Technology co., LTD., Beijing, China; North Navigation Control Technology co., LTD., Beijing, China; Control and Simulation Center, Harbin Institute of Technology, Harbin, China; Control and Simulation Center, Harbin Institute of Technology, Harbin, China",2026 3rd International Conference on Electronic Engineering and Information Systems (EEISS),"8 Jul 2026","2026","","","1","6","To address the issues of low collaboration efficiency and insufficient prediction of target behavior in multi-robot hunting tasks, this paper proposes a collaborative hunting strategy based on a combination of self-attention mechanism and graph neural network. This method captures the spatial association and motion dependency between the hunter and the target using a Transformer encoder, predicts the target's next action using a self-attention mechanism, and dynamically adjusts the interaction weights between graph network nodes to achieve realtime optimization of the hunting strategy. A hunting simulation environment was built, comprising 20 heterogeneous robots on the red side and 1 fixed-strategy robot on the blue side. Differentiated capture conditions and hierarchical reward functions were designed. Experimental results show that, compared to baseline methods, the algorithm incorporating the self-attention mechanism significantly improves the hunting win rate and reward convergence speed, effectively enhancing the collaborative ability of multi-robot systems in dynamic adversarial environments.","","979-8-3315-6487-2","10.1109/EEiSS69782.2026.11584565","National Natural Science Foundation of China(grant numbers:62503136); China Postdoctoral Science Foundation(grant numbers:2025M774319); Open Research Project of the State Key Laboratory of Industrial Control Technology, China(grant numbers:ICT2025B30); ","https://ieeexplore.ieee.org/stamp/stamp.jsp?arnumber=11584565","Multi-robot hunting;self-attention mechanism;graph neural network;multi-agent reinforcement learning;cooperative strategy","Robots;Modeling;Equations;Timing;Printing;Attention mechanisms;Tagging;Design methodology;Training;Algorithms","","","","16","IEEE","8 Jul 2026","24-26 April 2026","24-26 April 2026","IEEE","IEEE Conferences"
"Benchmarking Communicative Reinforcement Learning Frameworks on Multi-Robot Cooperative Tasks","M. N. Abbas; P. Liston; B. Lee; Y. Qiao","Software Research Institute; Faculty of Business and Hospitality, Technological University of the Shannon, Midlands Midwest Athlone, Ireland; Software Research Institute; Software Research Institute",2023 International Conference on Machine Learning and Applications (ICMLA),"19 Mar 2024","2023","","","988","993","Industry 4.0 warehousing is characterised by autonomous multi-robot collaboration systems (MRSs) along with other technologies such as digital communication capabilities and the Internet of Things. These MRSs need to behave coherently for the efficient completion of the assigned cooperative tasks. Multi-agent reinforcement learning (MARL) frameworks are currently considered state-of-the-art to control the behaviour of autonomous MRSs. These MARL frameworks can be with learnable or predefined communication. Current works lack any worthwhile evaluation of communicative MARL frameworks on multi-robot cooperative tasks. This work empirically evaluates current state-of-the-art seminal learnable communicative MARL frameworks by comparing their performance against non-communicative MARL frameworks on multi-robot coop-erative tasks in the context of Industry 4.0 warehousing with the assumptions of partial observability and reward sparsity. The results demonstrate that communicative MARL frameworks outperform their counterparts by a fair margin in training (average returns between 11 and 6 against 8 and 4 for highest and lowest values respectively) and execution performances (average returns between 1.24 and 0.29 against 0.49 and 0.19 for highest and lowest values respectively). This leads to the conclusion that communicative MARL is better suited to multi-robot cooperative tasks under the above-mentioned assumptions.","1946-0759","979-8-3503-4534-6","10.1109/ICMLA58977.2023.00146","European Regional Development Fund; ","https://ieeexplore.ieee.org/stamp/stamp.jsp?arnumber=10459733","communicative;cooperative;multi-agent reinforcement learning;multi-robots;non-communicative;warehouse","Training;Warehousing;Collaboration;Reinforcement learning;Benchmark testing;Digital communication;Fourth Industrial Revolution","","","","25","IEEE","19 Mar 2024","15-17 Dec. 2023","15-17 Dec. 2023","IEEE","IEEE Conferences"
"Multi-Robot Active Mapping based on Inverse Reinforcement Learning in Unknown Environments","P. -H. Hsieh; K. -Y. Wong","Electrical Engineering Department, National Sun Yat-sen University, Kaohsiung, Taiwan; Electrical Engineering Department, National Sun Yat-sen University, Kaohsiung, Taiwan",2024 International Automatic Control Conference (CACS),"6 Dec 2024","2024","","","1","6","Multi-robot active mapping aims to efficiently explore and construct complete maps of unknown environments using multiple robots. The key to solving this problem lies in frontier-based exploration, which enables more efficient robot movements. Recent approaches have employed Reinforcement Learning (RL) to optimize robot policies for efficient exploration. However, designing a suitable reward function for $R L$ in this context is challenging because it requires balancing multiple objectives, such as rapid exploration, efficient coordination, and complete coverage. To address this challenge, we propose an Inverse Reinforcement Learning (IRL) approach that automatically updates the underlying reward function from expert demonstrations of effective multi-robot mapping. We use the performance of NeuralCoMapping on specific maps as expert demonstrations and take NeuralCoMapping as the RL policy. By learning the potential reward function optimized by these expert demonstrations, we aim to discover a more comprehensive and balanced reward function that captures the key features of efficient multi-robot mapping. The proposed IRL-based approach not only offers a promising direction for automatically learning effective reward functions and policies in complex multi-robot systems but also instills optimism for the future of robotics, reducing the need for manual reward engineering.","2473-7259","979-8-3503-5490-4","10.1109/CACS63404.2024.10773177","National Science and Technology Council; ","https://ieeexplore.ieee.org/stamp/stamp.jsp?arnumber=10773177","","Robot kinematics;Noise;Reinforcement learning;Manuals;Multi-robot systems;Convergence","","","","19","IEEE","6 Dec 2024","31 Oct.-3 Nov. 2024","31 Oct.-3 Nov. 2024","IEEE","IEEE Conferences"
"Particle Swarm Optimization in Swarm Robotics","L. TÜRKLER; L. Ö. AKKAN; T. AKKAN","The Graduate School of Natural and Applied Sciences, Dokuz Eylul University, Izmir, TURKEY; Izmır Vocational School, Dokuz Eylul University, Izmir, TURKEY; Izmır Vocational School, Dokuz Eylul University, Izmir, TURKEY","2020 International Congress on Human-Computer Interaction, Optimization and Robotic Applications (HORA)","30 Jul 2020","2020","","","1","6","In this study, Swarm robots, collective task behaviors, and communication models for motion integrity are examined. Collective Motion, which is one of the taxonomies of Swarm robots, has been defined to be suitable for Swarm robotics, one of the optimization methods based on genetic algorithm, to ensure its behavior. Among these optimization methods, Particle Swarm Optimization is discussed and the difficulties and problems arising from the equation and communication are discussed during the movements of the Swarm robots by moving from the basic equation. In addition, solutions of these problems were studied. And also, in the communication systems that will control the movements of the Swarm robots, a discussion has been made on the communication model that will contribute to the Swarm robotics in the literature. As a result of this study, in order to provide the collective movements of swarm robotics and to create more efficient communication, robots are divided into groups and the Swarm is modeled according to this modeling.","","978-1-7281-9352-6","10.1109/HORA49412.2020.9152861","","https://ieeexplore.ieee.org/stamp/stamp.jsp?arnumber=9152861","PSO;Optimization;Swarm Robotics;Multi;Robotic","Robots;Task analysis;Particle swarm optimization;Mathematical model;Collaboration;Optimization methods","","5","","12","IEEE","30 Jul 2020","26-28 June 2020","26-28 June 2020","IEEE","IEEE Conferences"
"Distributed Gossip-Triggered Control for Robot Swarms With Limited Communication Range","Z. Zhang; X. Zhao; B. Tao; H. Ding","State Key Laboratory of Digital Manufacturing Equipment and Technology, Department of Mechanical Science and Engineering, Huazhong University of Science and Technology, Wuhan, China; State Key Laboratory of Digital Manufacturing Equipment and Technology, Department of Mechanical Science and Engineering, Huazhong University of Science and Technology, Wuhan, China; State Key Laboratory of Digital Manufacturing Equipment and Technology, Department of Mechanical Science and Engineering, Huazhong University of Science and Technology, Wuhan, China; State Key Laboratory of Digital Manufacturing Equipment and Technology, Department of Mechanical Science and Engineering, Huazhong University of Science and Technology, Wuhan, China",IEEE Transactions on Industrial Electronics,"15 Jun 2023","2023","70","12","12511","12521","Robot swarms usually work in uncertain and unstructured environments. It is challenging to control the robot swarm to accomplish multiple tasks in the shortest possible time when the task operation duration is unknown, and the communication network is time varying and possibly disconnected. To this end, a new distributed gossip-triggered control (DGTC) method is proposed. Robots mimic human gossip behavior to disseminate and aggregate local information while triggering decisions to reduce task conflicts and system costs. The swarm dynamics, including discrete decisions and continuous trajectory, are formulated as a giant switched system. On this basis, the system stability and convergence of the DGTC are proved, and a criterion to balance the convergence rate and communication burden is given. More importantly, robot swarms can balance the workload between individuals by self-regulating the number of active agents to match the remaining tasks, thus ensuring a tight schedule without any time knowledge. Simulation results demonstrate the advantages of DGTC in generating tight schedules, and experiments conducted with Mecanum cars validate the effectiveness in dealing with time uncertainties.","1557-9948","","10.1109/TIE.2023.3239876","National Natural Science Foundation of China(grant numbers:62293513,91948301,52275020,52188102); ","https://ieeexplore.ieee.org/stamp/stamp.jsp?arnumber=10034543","Coordination and scheduling;distributed robot systems;gossip-triggered control","Task analysis;Robots;Robot kinematics;Costs;Service robots;Schedules;Decision making","","11","","39","IEEE","31 Jan 2023","Dec. 2023","","IEEE","IEEE Journals"
"MuRoSim – A Fast and Efficient Multi-Robot Simulation for Learning-based Navigation","C. Jestel; K. Rösner; N. Dietz; N. Bach; J. Eßer; J. Finke; O. Urbann","Department of AI and Autonomous Systems, Fraunhofer Institute for Material Flow and Logistics (IML), Dortmund, Germany; Department of AI and Autonomous Systems, Fraunhofer Institute for Material Flow and Logistics (IML), Dortmund, Germany; Department of AI and Autonomous Systems, Fraunhofer Institute for Material Flow and Logistics (IML), Dortmund, Germany; Department of AI and Autonomous Systems, Fraunhofer Institute for Material Flow and Logistics (IML), Dortmund, Germany; Department of AI and Autonomous Systems, Fraunhofer Institute for Material Flow and Logistics (IML), Dortmund, Germany; Department of AI and Autonomous Systems, Fraunhofer Institute for Material Flow and Logistics (IML), Dortmund, Germany; Department of AI and Autonomous Systems, Fraunhofer Institute for Material Flow and Logistics (IML), Dortmund, Germany",2024 IEEE International Conference on Robotics and Automation (ICRA),"8 Aug 2024","2024","","","16881","16887","Multi-robot navigation and dynamic obstacle avoidance are challenging problems in robot learning. Recent advancements in Deep Reinforcement Learning (DRL) have demonstrated great potential in this area. Nonetheless, they often face challenges related to low sample efficiency. To overcome this challenge, some research proposes simulators that incorporate hardware acceleration. Although these simulators improve efficiency, they often lack the flexibility to generate diverse learning scenarios as often needed in multi-robot scenarios, where the different environments have varying numbers of agents.In this paper, we introduce MuRoSim, a multi-robot simulation for lidar-based navigation specifically designed for DRL applications. Due to its high level of abstraction, complete implementation in C++, and rigorous thread pool utilization, MuRoSim achieves high computational performance. We apply MuRoSim for training navigation policies for omnidirectional mobile robots equipped with lidar sensors using DRL. Finally, we conduct extensive Sim-to-Real experiments to confirm the realism of the simulator, by deploying the learned policy for dynamic navigation with up to six robots in numerous of real- world experiments.","","979-8-3503-8457-4","10.1109/ICRA57147.2024.10610375","Ministry of Education; ","https://ieeexplore.ieee.org/stamp/stamp.jsp?arnumber=10610375","","Training;Laser radar;Navigation;Instruction sets;Robot sensing systems;Robot learning;Sensors","","2","","25","IEEE","8 Aug 2024","13-17 May 2024","13-17 May 2024","IEEE","IEEE Conferences"
"A Bi-objective Distributed Optimization Algorithm for Multi-target Encirclement of Multi-robot System with Optimal Formation","X. Meng; Q. Liu; Z. Zhang","School of Mathematics, Southeast University, Nanjing, Jiangsu, China; School of Mathematics, Southeast University, Nanjing, Jiangsu, China; Aviation Equipment Monitoring and Control and Reverse Engineering Laboratory, State Wuhu Machinery Factory, Wuhu, Anhui, China","2023 7th International Conference on Automation, Control and Robots (ICACR)","15 Nov 2023","2023","","","26","30","This paper focuses on the multi-target encirclement of multi-robot system with different optimal formations. Two objective functions are considered: the distance between robot’s target and initial positions, and the distance between robot’s target position and the containment target’s position. Furthermore, an equality constraint is introduced to achieve a specific formation. Based on the above considerations, the multi-target encirclement problem is transformed into a bi-objective optimization problem, which is further converted into a single-objective optimization problem by employing weighted sum method. Subsequently, a distributed optimization algorithm with a fixed step size is designed based on projection operator. By adjusting the weights of objective functions, the containment effectiveness of multirobot system can be controlled. Additionally, the influence of objective functions’ weights on the containment performance of the multi-robot system and the effectiveness of the proposed algorithm are discussed by two simulation examples.","","979-8-3503-0288-2","10.1109/ICACR59381.2023.10314641","","https://ieeexplore.ieee.org/stamp/stamp.jsp?arnumber=10314641","multi-robot system;bi-objective optimization;distributed optimization;fixed step size;multi-target encirclement","Automation;Linear programming;Control systems;Multi-robot systems;Optimization;Robots","","1","","40","IEEE","15 Nov 2023","4-6 Aug. 2023","4-6 Aug. 2023","IEEE","IEEE Conferences"
"Prompt Optimization Through Reinforcement Learning for Generative Language Model Code Synthesis in Multi-Robot Systems","K. Kannan; J. Bae","Department of Mechanical and Aerospace Engineering, Michigan Technological University, Houghton, MI, USA; Department of Mechanical and Aerospace Engineering, Department of Applied Computing, Michigan Technological University, Houghton, MI, USA",IEEE Robotics and Automation Letters,"8 Jun 2026","2026","11","7","8520","8527","In multi-robot systems (MRS) operating across various applications, real-time task allocation and path planning pose significant challenges, often requiring extensive human intervention under extreme time constraints. This paper introduces a novel framework that leverages Reinforcement Learning (RL) to automate and optimize the code generation process for MRS. Our approach trains an RL agent to dynamically generate optimized prompts for a Large Language Model (LLM). By refining prompt structures, templates, and parameters, the RL agent guides the LLM to produce efficient, feasible, and directly executable code for complex task allocation and path-planning problems. We demonstrate that the generated solutions are both complete and high-performing. The proposed method is evaluated on a sample case of search-and-rescue scenarios, using GPT-4.1 as the LLM, and demonstrates significant performance improvements over previous work that used manual prompt optimization for similar applications. This work represents a significant step towards autonomous multi-robot coordination in time-critical dynamic environments, reducing human workload and improving mission efficacy.","2377-3766","","10.1109/LRA.2026.3699266","","https://ieeexplore.ieee.org/stamp/stamp.jsp?arnumber=11543274","Reinforcement learning;multi-robot systems;large language models;search and rescue robots","Optimization;Large language models;Modeling;Codes;Robots;Timing;Algorithms;Resource management;Complexity theory;Testing","","","","27","IEEE","1 Jun 2026","July 2026","","IEEE","IEEE Journals"
"Online Multi-Robot Coverage Path Planning in Dynamic Environments Through Pheromone-Based Reinforcement Learning","K. Champagnie; B. Chen; F. Arvin; J. Hu","Department of Computer Science, University College London, London, UK.; Department of Electrical and Electronic Engineering, University College London, London, UK; Department of Computer Science, Durham University, Durham, UK; Department of Computer Science, Durham University, Durham, UK",2024 IEEE 20th International Conference on Automation Science and Engineering (CASE),"23 Oct 2024","2024","","","1000","1005","Two promising approaches to coverage path planning are reward-based and pheromone-based methods. Reward-based methods allow heuristics to be learned automatically, often yielding a superior performance to hand-crafted rules. On the other hand, pheromone-based methods leverage stimgergy to achieve superior generalization and adaptation in unknown or nonstationary environments. To obtain the best of both worlds, we introduce Greedy Entropy Maximization (GEM), a hybrid approach that aims to maximize the entropy of a pheromone deposited by a swarm of homogeneous ant-like agents. We begin by establishing a sharp upper-bound on achievable entropy and show that this corresponds to optimal dynamic coverage path planning. Next, we demonstrate that GEM closely approaches this upper-bound despite depriving agents of typical necessities such as memory and explicit communication. Finally, we show that GEM can be executed asynchronously in constant-time through distillation into a shallow neural network, making our approach highly scalable.","2161-8089","979-8-3503-5851-3","10.1109/CASE59546.2024.10711550","","https://ieeexplore.ieee.org/stamp/stamp.jsp?arnumber=10711550","","Computer aided software engineering;Automation;Neural networks;Reinforcement learning;Path planning;Entropy","","4","","24","IEEE","23 Oct 2024","28 Aug.-1 Sept. 2024","28 Aug.-1 Sept. 2024","IEEE","IEEE Conferences"
"Deep Reinforcement Learning based Multi-Robot Search for Mobile Targets","S. Ye; Y. Li; H. Liu","School of Data Science and Engineering, Guangdong Polytechnic Normal University, Guangzhou, China; School of Data Science and Engineering, Guangdong Polytechnic Normal University, Guangzhou, China; Department of Computer Science, The Hang Seng University of Hong Kong, Hong Kong, China","2025 21st International Conference on Mobility, Sensing and Networking (MSN)","15 Jan 2026","2025","","","30","37","Multi-robot search for mobile targets in unknown environments is a fundamental problem with critical applications in disaster response, environmental monitoring, and security inspection. Traditional search strategies often suffer from limited scalability, local-optima traps, and redundant exploration due to centralized control and heuristic rules. To address these challenges, we propose a reinforcement learning (RL) based framework for mobile-target search with three key features. First, it is fully decentralized, enabling robots to operate autonomously and adapt to dynamic team changes. Second, robots make decisions using a local time-saturated grayscale map, which encodes recent exploration history and reduces RL state complexity, while RL optimizes long-term global exploration efficiency. Third, a lightweight encounter-based coordination mechanism prevents redundant searches that reduce efficiency. Simulation results show that our method significantly improves target discovery rates, coverage efficiency, and average search time compared with representative baselines.","2994-3523","979-8-3315-6180-2","10.1109/MSN69125.2025.00013","","https://ieeexplore.ieee.org/stamp/stamp.jsp?arnumber=11327855","mobile target;multi-robot search;deep reinforcement learning;robot coordination","Robot kinematics;Simulation;Scalability;Gray-scale;Robot sensing systems;Search problems;Deep reinforcement learning;Sensors;Security;Centralized control","","","","26","IEEE","15 Jan 2026","3-6 Dec. 2025","3-6 Dec. 2025","IEEE","IEEE Conferences"
"Application of Supervisory Control to Arbitration for Multi-Robot Systems with Learning Robots","T. Yamasaki; T. Ushio","Faculty of Science and Engineering, Setsunan University, Osaka, Japan; Faculty of Science and Technology, Nanzan University, Nagoya, Japan",2024 IEEE 13th Global Conference on Consumer Electronics (GCCE),"28 Nov 2024","2024","","","490","491","This paper considers a multi-robot system with learning robots. Each robot has its own task and learns an optimal controller that achieves the task. Constraints such as safety are given for the entire system. We propose an arbitration mechanism with supervision. We use supervisory control theory for discrete event systems to always satisfy the constraints. Then the arbitrator commands the action for each robot based on the state action values within the legal actions given by the supervisor. By introducing the supervisor and the arbitrator, it is possible to reduce the complexities that arise in the learning of entire multi-robot systems. We demonstrate the usefulness of the proposed method by computer simulation.","2693-0854","979-8-3503-5507-9","10.1109/GCCE62371.2024.10760511","","https://ieeexplore.ieee.org/stamp/stamp.jsp?arnumber=10760511","reinforcement learning;supervisory control;arbitrator;multi-robot systems","Law;Computer simulation;Supervisory control;Safety;Discrete-event systems;Complexity theory;Multi-robot systems;Robots;Consumer electronics","","","","4","IEEE","28 Nov 2024","29 Oct.-1 Nov. 2024","29 Oct.-1 Nov. 2024","IEEE","IEEE Conferences"
"Mixed Reality Environment and High-Dimensional Continuification Control for Swarm Robotics","G. Carlo Maffettone; L. Liguori; E. Palermo; M. Di Bernardo; M. Porfiri","Modeling and Engineering Risk and Complexity Program, Scuola Superiore Meridionale, Naples, Italy; Center for Urban Science and Progress, Tandon School of Engineering, New York University, New York, NY, USA; Department of Mechanical and Aerospace Engineering, University of Rome La Sapienza, Rome, Italy; Modeling and Engineering Risk and Complexity Program, Scuola Superiore Meridionale, Naples, Italy; Department of Biomedical Engineering, Department of Mechanical and Aerospace Engineering, Center for Urban Science and Progress, Tandon School of Engineering, New York University, New York, NY, USA",IEEE Transactions on Control Systems Technology,"25 Oct 2024","2024","32","6","2484","2491","Many new methodologies for the control of large-scale multiagent systems are based on macroscopic representations of the system dynamics, in the form of continuum approximations of large ensembles. These techniques, developed in the limit case of an infinite number of agents, are usually validated only through numerical simulations. Here, we introduce a mixed reality setup for testing swarm robotics techniques, focusing on the macroscopic collective motion of robotic swarms. This hybrid apparatus combines real differential drive robots and virtual agents to create a heterogeneous swarm of tunable size. We also extend continuification-based control methods for swarms to higher dimensions and experimentally assess their validity in the new platform. Our study demonstrates the effectiveness of the platform for conducting large-scale swarm robotics experiments, and it contributes new theoretical insights into control algorithms exploiting continuification approaches.","1558-0865","","10.1109/TCST.2024.3430128","Italian Ministry of University and Research (MUR) Performing the Activities of the Project Progetti di Rilevante Interesse Nazionale (PRIN) 2022 “Machine-Learning Based Control of Complex Multi-Agent Systems for Search and Rescue Operations in Natural Disasters (MENTOR)”; National Science Foundation(grant numbers:CMMI-1932187); ","https://ieeexplore.ieee.org/stamp/stamp.jsp?arnumber=10614946","Autonomous robots;mobile robotics;partial differential equations (PDEs)","Mobile robots;Robot kinematics;Mixed reality;Wheels;Multi-agent systems;Autonomous robots;Partial differential equations;Multi-agent systems;Particle swarm optimization","","12","","42","CCBY","30 Jul 2024","Nov. 2024","","IEEE","IEEE Journals"
"Deep Reinforcement Learning for Decentralized Multi-Robot Exploration With Macro Actions","A. H. Tan; F. P. Bejarano; Y. Zhu; R. Ren; G. Nejat","Autonomous Systems and Biomechatronics Laboratory (ASBLab), Department of Mechanical and Industrial Engineering, University of Toronto, Toronto, ON, Canada; Autonomous Systems and Biomechatronics Laboratory (ASBLab), Department of Mechanical and Industrial Engineering, University of Toronto, Toronto, ON, Canada; Autonomous Systems and Biomechatronics Laboratory (ASBLab), Department of Mechanical and Industrial Engineering, University of Toronto, Toronto, ON, Canada; Autonomous Systems and Biomechatronics Laboratory (ASBLab), Department of Mechanical and Industrial Engineering, University of Toronto, Toronto, ON, Canada; Autonomous Systems and Biomechatronics Laboratory (ASBLab), Department of Mechanical and Industrial Engineering, University of Toronto, Toronto, ON, Canada",IEEE Robotics and Automation Letters,"8 Dec 2022","2023","8","1","272","279","Cooperative multi-robot teams need to be able to explore cluttered and unstructured environments while dealing with communication dropouts that prevent them from exchanging local information to maintain team coordination. Therefore, robots need to consider high-level teammate intentions during action selection. In this letter, we present the first Macro Action Decentralized Exploration Network (MADE-Net) using multi-agent deep reinforcement learning (DRL) to address the challenges of communication dropouts during multi-robot exploration in unseen, unstructured, and cluttered environments. Simulated robot team exploration experiments were conducted and compared against classical and DRL methods where MADE-Net outperformed all benchmark methods in terms of computation time, total travel distance, number of local interactions between robots, and exploration rate across various degrees of communication dropouts. A scalability study in 3D environments showed a decrease in exploration time with MADE-Net with increasing team and environment sizes. The experiments presented highlight the effectiveness and robustness of our method.","2377-3766","","10.1109/LRA.2022.3224667","Natural Sciences and Engineering Research Council of Canada; NSERC Collaborative Research and Development; Canada Research Chairs; ","https://ieeexplore.ieee.org/stamp/stamp.jsp?arnumber=9963690","Autonomous Agents;deep learning for robotics and automation;search and rescue robots","Robots;Robot kinematics;Robot sensing systems;Task analysis;Training;Sensors;Reinforcement learning","","51","","40","IEEE","24 Nov 2022","Jan. 2023","","IEEE","IEEE Journals"
"Analysis of Swarm Robotics Cooperative Control Strategy from the Patent Perspective","X. Fang; H. Xu; B. Chen; K. Fang; G. Li; Z. Mao; L. Zheng; J. Jiang","College of Mechanical and Electrical Engineering, Quzhou College of Technology, Quzhou, China; General Manager's Office, Zhejiang Jinzhe Industrial Equipment Co., Ltd., Quzhou, China; General Manager's Office, Quzhou Feirui Special Ceramics Co., Ltd., Quzhou, China; College of Mechanical and Electrical Engineering, Quzhou College of Technology, Quzhou, China; R & D Department, Quzhou Hixee Electronic Technology Co., Ltd., Quzhou, China; General Manager's Office, State Grid Zhejiang Electric Power Co., Ltd., Quzhou, China; Agency Department, Runping & Partners, Beijing, China; College of Mechanical and Electrical Engineering, Quzhou College of Technology, Quzhou, China",2022 International Symposium on Intelligent Robotics and Systems (ISoIRS),"2 Aug 2023","2022","","","159","164","This paper aims to explore the swarm robotics cooperative control strategy development status and predict the future development trend. Taking swarm robotics cooperative control strategy as the research object, the research method of patent analysis is applied to study patent portfolio strategy from data analysis of the technology development trend, regional distribution, applicant distribution, high value patent. Through visual diagram to show innovation and research and development situation in this field. The results indicated that China got the maximum number of applications and the United States got the second. The number of high-value patents is relatively small, and the patent portfolio strategy needs to be further improved. This paper predicts that the future development direction of this technology mainly focuses on two technical directions: swarm intelligence and self-organizing collaborative strategy.","","978-1-6654-5521-3","10.1109/ISoIRS57349.2022.00039","","https://ieeexplore.ieee.org/stamp/stamp.jsp?arnumber=10196728","Swarm robotics;Cooperative control;Patent portfolio strategy;Swarm intelligence;Multirobot systems","Patents;Technological innovation;Scalability;Swarm robotics;Collaboration;Market research;Particle swarm optimization","","1","","18","IEEE","2 Aug 2023","14-16 Oct. 2022","14-16 Oct. 2022","IEEE","IEEE Conferences"
"Evolutionary-based Coordination of Multi-Robot Systems with Dynamic Constraints","V. Shah; M. Heeter; J. Vallarino; P. Sherman; L. Bramblett; N. Bezzo","Department of Systems & Information Engineering, University of Virginia, Charlottesville, Virginia; Department of Systems & Information Engineering, University of Virginia, Charlottesville, Virginia; Department of Systems & Information Engineering, University of Virginia, Charlottesville, Virginia; Department of Electrical & Computer Engineering, University of Virginia, Charlottesville, Virginia; Department of Systems & Information Engineering, University of Virginia, Charlottesville, Virginia; Department of Systems & Information Engineering, University of Virginia, Charlottesville, Virginia",2024 Systems and Information Engineering Design Symposium (SIEDS),"21 May 2024","2024","","","7","12","Large-scale manufacturing facilities and power plants comprise numerous subsystems that require consistent monitoring and inspection to ensure reliable and secure operations. The use of multiple robotic systems is an expanding, robust, and cost-effective solution for such operations. To enable automated infrastructure monitoring, there are many challenges, such as path planning and task allocation for multiple robots and dynamic constraints. We formulate such challenges as a multiple Traveling Salesman Problem (mTSP) and propose an efficient task assignment solution that uses an evolutionary algorithm considering priority, energy, and time constraints. Our solution incorporates: a digital twin of a monitored environment, A* and artificial potential field methods for path planning and navigation, and human-in-the- loop prioritization. We validate the proposed method with state- of-the-art simulations in Gazebo/ROS for unmanned ground vehicles (UGVs) in cluttered environments.","2994-3531","979-8-3503-8514-4","10.1109/SIEDS61124.2024.10534736","Siemens; ","https://ieeexplore.ieee.org/stamp/stamp.jsp?arnumber=10534736","multiple traveling salesman problem;human- in-the-loop;digital twin;unmanned vehicles","Robot kinematics;Traveling salesman problems;Path planning;Production facilities;Time factors;Resource management;Reliability","","1","","9","IEEE","21 May 2024","3-3 May 2024","3-3 May 2024","IEEE","IEEE Conferences"
"Decision Making for Multi-Robot Fixture Planning Using Multi-Agent Reinforcement Learning","E. Canzini; M. Auledas-Noguera; S. Pope; A. Tiwari","Department of Automatic Control and Systems Engineering, The University of Sheffield, Sheffield, U.K.; Department of Automatic Control and Systems Engineering, The University of Sheffield, Sheffield, U.K.; Department of Automatic Control and Systems Engineering, The University of Sheffield, Sheffield, U.K.; Department of Automatic Control and Systems Engineering, The University of Sheffield, Sheffield, U.K.",IEEE Transactions on Automation Science and Engineering,"7 Mar 2025","2025","22","","5578","5589","Within the realm of flexible manufacturing, fixture layout planning allows manufacturers to rapidly deploy optimal fixturing plans that can reduce surface deformation that leads to crack propagation in components during manufacturing tasks. The role of fixture layout planning has evolved from being performed by experienced engineers to computational methods due to the number of possible configurations for components. Current optimisation methods commonly fall into sub-optimal positions due to the existence of local optima, with data-driven machine learning techniques relying on costly to collect labelled training data. In this paper, we present a framework for multi-agent reinforcement learning with team decision theory to find optimal fixturing plans for manufacturing tasks. We demonstrate our approach on two representative aerospace components with complex geometries across a set of drilling tasks, illustrating the capabilities of our method; we will compare this against state of the art methods to showcase our method’s improvement at finding optimal fixturing plans with 3 times the improvement in deformation control within tolerance bounds. Note to Practitioners—Fixture layout planning is one of the most fundamental manufacturing tasks that must be carried out before production cycles can begin, to ensure that deformation is within tolerances to avoid crack propagation and component damage. However, reliance on humans to generate these plans has led to sub-optimal solutions, leading to manufacturers incurring losses and wanting to explore analytical methods for fixture planning. In this vein, there may be the temptation to find a single solution that can be applied to all problems regardless of complexity. However, in the age of flexible manufacturing, the benefits of building tailored solutions within a framework - referred to as “freedom within a framework” - become more apparent. This paper outlines the framework for multi-agent reinforcement learning for fixture layout planning, and demonstrates the capabilities of this framework to outperform current state of the art methods with a simple algorithm through extensive experiments on representative aerospace components. We provide code implementations of our work on GitHub (Multi-Agent Fixture Planner on GitHub).","1558-3783","","10.1109/TASE.2024.3424677","UK Research and Innovation (UKRI) Engineering and Physical Sciences Research Council (EPSRC) Made Smarter Innovation-Research Centre for Connected Factories(grant numbers:EP/V062123/1); RAEng/Airbus Research Chairs and Senior Research Fellowships Scheme(grant numbers:RCSRF1718/5/41); EPSRC Industrial Cooperative Awards in Science and Engineering (ICASE) Award with Airbus UK; The University of Sheffield and Airbus UK Assembly Technologies; Airbus/RAEng Research Chair in Digitization for Manufacturing at The University of Sheffield; ","https://ieeexplore.ieee.org/stamp/stamp.jsp?arnumber=10597641","Multi-agent systems;reinforcement learning;aerospace manufacturing;fixture planning;robotic fixturing","Fixtures;Planning;Task analysis;Manufacturing;Reinforcement learning;Robots;Layout","","8","","33","IEEE","15 Jul 2024","2025","","IEEE","IEEE Journals"
"From Agents to Robots: A Training and Evaluation Platform for Multi-robot Reinforcement Learning","Z. Liang; J. Cao; S. Jiang; D. Saxena; R. Cao; H. Xu","Department of Computing, The Hong Kong Polytechnic University, Hong Kong SAR; Department of Computing, The Hong Kong Polytechnic University, Hong Kong SAR; Department of Computing, The Hong Kong Polytechnic University, Hong Kong SAR; Department of Computing, The Hong Kong Polytechnic University, Hong Kong SAR; Department of Computing, The Hong Kong Polytechnic University, Hong Kong SAR; Department of Computing, The Hong Kong Polytechnic University, Hong Kong SAR",2024 IEEE 30th International Conference on Parallel and Distributed Systems (ICPADS),"28 Nov 2024","2024","","","593","600","Multi-robot reinforcement learning (MRRL) is a promising approach to solving cooperation problems and has been widely adopted in many applications. In the past decades, researchers have proposed various approaches to improve the efficiency of MRRL. However, most of them are trained and evaluated only in simulated environments with simple interaction scenarios. The problem of how these methods perform in the real-world environment with complex interaction scenarios remains unsolved. To meet this emergent need, we introduce a scalable multi-robot reinforcement learning platform (SMART) for training and evaluation. Specifically, SMART consists of two components: 1) a simulation environment with an uncertainty-aware social agent model that provides a variety of complex interaction scenarios for training and 2) a real-world multi-robot system for realistic performance evaluation. To evaluate the generalizability of MRRL baselines, we introduce a novel generalization metric that takes into account their performance across changes in the environment as well as the policies of other agents. Furthermore, we conduct a case study on the multi-vehicle cooperative lane change and summarize the unique challenges of MRRL, which are rarely considered previously. Finally, we open-source the simulation environments, associated benchmark tasks, and state-of-the-art baselines to encourage and empower MRRL research. Our code is available at https://github.com/Blackmamba-xuan/MRST.","2690-5965","979-8-3315-1596-6","10.1109/ICPADS63350.2024.00083","","https://ieeexplore.ieee.org/stamp/stamp.jsp?arnumber=10763906","Multi-robot Reinforcement Learning;Multi-Robot System;Multi-robot Simulator","Training;Performance evaluation;Codes;Reinforcement learning;Benchmark testing;Multi-robot systems;Robots;Faces;Autonomous vehicles","","1","","24","IEEE","28 Nov 2024","10-14 Oct. 2024","10-14 Oct. 2024","IEEE","IEEE Conferences"
"Multi-Robot Reliable Navigation in Uncertain Topological Environments With Graph Attention Networks","Z. Yu; H. Guo; C. -M. Chew; A. H. Adiwahono; J. Chan; B. W. T. Shong; W. -Y. Yau","Institute for Infocomm Research, Agency for Science, Technology and Research (A*STAR), Singapore; College of Computer Science, Sichuan University, Chengdu, China; College of Design and Engineering, National University of Singapore (NUS), Singapore; Institute for Infocomm Research, Agency for Science, Technology and Research (A*STAR), Singapore; Institute for Infocomm Research, Agency for Science, Technology and Research (A*STAR), Singapore; Institute for Infocomm Research, Agency for Science, Technology and Research (A*STAR), Singapore; Institute for Infocomm Research, Agency for Science, Technology and Research (A*STAR), Singapore",IEEE Robotics and Automation Letters,"14 Apr 2025","2025","10","5","5082","5089","This letter studies the multi-robot reliable navigation problem in uncertain topological networks, which aims at maximizing the robot team's on-time arrival probabilities in the face of road network uncertainties. The uncertainty in these networks stems from the unknown edge traversability, which is only revealed to the robot upon its arrival at the edge's starting node. Existing approaches often struggle to adapt to real-time network topology changes, making them unsuitable for varying topological environments. To address the challenge, we reformulate the problem into a Partially Observable Markov Decision Process (POMDP) framework and introduce the Dynamic Adaptive Graph Embedding method to capture the evolving nature of the navigation task. We further enhance each robot's policy learning process by integrating deep reinforcement learning with Graph Attention Networks (GATs), leveraging self-attention to focus on critical graph features. The proposed approach, namely Multi-robot Adaptive Navigation via Graph Attention-based Reinforcement learning (MANGAR) employs the generalized policy gradient algorithm to optimize the robots' real-time decision-making process iteratively. We compare the performance of MANGAR with state-of-the-art reliable navigation algorithms as well as Canadian traveller problem solutions in a range of canonical transportation networks, demonstrating improved adaptability and performance in uncertain topological networks. Additionally, real-world experiments with two robots navigating within a self-constructed indoor environment with uncertain topological structures demonstrate MANGAR's practicality.","2377-3766","","10.1109/LRA.2025.3557751","Robotics Horizontal Technology Coordinating Office; Agency for Science, Technology and Research(grant numbers:C221518004); Science Fund for Creative Research Groups of Sichuan Province; Natural Science Foundation(grant numbers:2024NSFTD0035); ","https://ieeexplore.ieee.org/stamp/stamp.jsp?arnumber=10948339","Multi-robot systems;uncertain topological transportation network;graph attention networks","Robots;Navigation;Robot kinematics;Real-time systems;Uncertainty;Heuristic algorithms;Vectors;Transportation;Costs;Roads","","","","37","IEEE","3 Apr 2025","May 2025","","IEEE","IEEE Journals"
"An Area Coverage Method in Unknown Environment Using a Self-Organized Robot Swarm","Y. Wang; F. Zhang; S. Yuan; Y. Yang","School of Electrical and Control Engineering, Shenyang Jianzhu University, Shenyang, Liaoning, China; School of Electrical and Control Engineering, Shenyang Jianzhu University, Shenyang, Liaoning, China; School of Computer Science and Engineering and School of Electrical and Control Engineering, Shenyang Jianzhu University, Shenyang, Liaoning, China; State Key Laboratory of Robotics, Shenyang Institute of Automation, Chinese Academy of Sciences, Shenyang, China","2025 IEEE 15th International Conference on CYBER Technology in Automation, Control, and Intelligent Systems (CYBER)","24 Sep 2025","2025","","","24","29","Area coverage is a classical problem in the applications of swarm robots. Traditional methods rely on global environment modeling or dense sensor data, which is difficult to operate in extreme environments. Minimalist robots with limited capabilities of communication and perception may play an important role. This paper proposes a lightweight self-organizing coverage method based on local awareness and autonomous state switching. By constructing a distributed cooperative coverage framework, the robots in the proposed method make decisions only based on the states of neighboring robots and local environment information. The proposed method established self-organized state transition mechanism to effectively reduce the dependence on explicit communication. Experimental results further demonstrated that the proposed method can achieve global coverage in maze environments with different topological complexity. The research results provide coverage solutions, which do not require prior modeling of the environment and are low requirements of communication. It is thus suitable for tasks in weak information environments, such as nature disaster and underground pipe networks.","2642-6633","979-8-3315-9109-0","10.1109/CYBER67662.2025.11168356","National Natural Science Foundation of China(grant numbers:62273338); ","https://ieeexplore.ieee.org/stamp/stamp.jsp?arnumber=11168356","","Disasters;Scalability;Pipelines;Swarm robotics;Switches;Robot sensing systems;Stability analysis;Complexity theory;Sustainable development;Signal resolution","","","","29","IEEE","24 Sep 2025","15-18 July 2025","15-18 July 2025","IEEE","IEEE Conferences"
"MARBLER: An Open Platform for Standardized Evaluation of Multi-Robot Reinforcement Learning Algorithms","R. J. Torbati; S. Lohiya; S. Singh; M. S. Nigam; H. Ravichandar",NA; NA; NA; NA; NA,2023 International Symposium on Multi-Robot and Multi-Agent Systems (MRS),"5 Feb 2024","2023","","","57","63","Multi-Agent Reinforcement Learning (MARL) has enjoyed significant recent progress thanks, in part, to the integration of deep learning techniques for modeling interactions in complex environments. This is naturally starting to benefit multi-robot systems (MRS) in the form of multi-robot RL (MRRL). However, existing infrastructure to train and evaluate policies predominantly focus on the challenges of coordinating virtual agents, and ignore characteristics important to robotic systems. Few platforms support realistic robot dynamics, and fewer still can evaluate Sim2Real performance of learned behavior. To address these issues, we contribute MARBLER: Multi-Agent RL Benchmark and Learning Environment for the Robotarium. MARBLER offers a robust and comprehensive evaluation platform for MRRL by marrying Georgia Tech’s Robotarium (which enables rapid deployment on physical MRS) and OpenAI’s Gym interface (which facilitates standardized use of modern learning algorithms). MARBLER offers a highly controllable environment with realistic dynamics, including barrier certificate-based obstacle avoidance. It allows anyone across the world to train and deploy MRRL algorithms on a physical testbed with reproducibility. Further, we introduce five novel scenarios inspired by common challenges in MRS and provide support for new custom scenarios. Finally, we use MARBLER to evaluate popular MARL algorithms and provide insights into their suitability for MRRL. In summary, MARBLER can be a valuable tool to the MRS research community by facilitating comprehensive and standardized evaluation of learning algorithms on realistic simulations and physical hardware. Links to our open-source framework and videos of real-world experiments can be found at https: //shubhlohiya.github.io/MARBLER/.","","979-8-3503-7076-8","10.1109/MRS60187.2023.10416792","Arm; ","https://ieeexplore.ieee.org/stamp/stamp.jsp?arnumber=10416792","","Systematics;Heuristic algorithms;Robot kinematics;Reinforcement learning;Benchmark testing;Safety;Videos","","4","","33","IEEE","5 Feb 2024","4-5 Dec. 2023","4-5 Dec. 2023","IEEE","IEEE Conferences"
"Optimized Motion Planning in Mobile Robots Using an Enhanced Bi-objective Salp Swarm Algorithm","S. Gupta; S. Gupta; B. V. Kumar; V. Kant; A. Kumar; S. Bharany","Department of Robotics and Control Engineering, School of Electronics and Control Engieening, Lovely Professional University, Phagwara, India; Department of Chemistry, School of Chemical Engineering and Physical Sciences, Lovely Professional University, Phagwara, India; Computer Science and Artificial Intelligence, SR University, Warangal, Telangana, India; Chitkara University Institute of Engineering and Technology, Chitkara University, Rajpura; Department of Computer Science and Engineering, Lovely Professional University, Phagwara, Punjab, India; Chitkara University Institute of Engineering and Technology, Chitkara University, Rajpura, India",2025 4th OPJU International Technology Conference (OTCON) on Smart Computing for Innovation and Advancement in Industry 5.0,"14 Jul 2025","2025","","","1","6","This research presents an improved bi-objective Salp Swarm Algorithm (SSA) for efficient motion planning of mobile robots in complex and dynamic environments. The study presents the critical challenges of optimizing path length and obstacle avoidance, ensuring both efficiency and safety in navigation. The enhanced SSA integrates adaptive step-size mechanisms for better convergence, a diversity-preserving approach to generate high-quality Pareto fronts, and a virtual force field-based obstacle avoidance strategy for real-time adaptability. Extensive simulations were conducted in static and dynamic environments, where the algorithm was benchmarked against leading optimization methods, including NSGA-II, MOPSO, and the standard SSA. Results demonstrate that the improved SSA outperforms its counterparts in achieving shorter paths, higher obstacle clearance, and computational efficiency, while maintaining a well-distributed set of non-dominated solutions. The applicability of the improved SSA spans various domains such as autonomous navigation in healthcare, logistics, agriculture, and defense, where dynamic and cluttered environments are prevalent. This study not only advances the capabilities of bio-inspired optimization in robotics but also highlights the potential of hybrid swarm intelligence techniques for addressing multi-objective challenges. While the proposed SSA demonstrates promising results, the study also identifies areas for future exploration, such as adaptive parameter tuning and integration with machine learning models. Overall, the improved bi-objective SSA establishes itself as a robust and efficient motion planning tool, paving the way for smarter and safer autonomous systems. This work contributes to both theoretical advancements in multi-objective optimization and practical applications in autonomous robotics, offering a reliable solution for complex motion planning problems.","","979-8-3315-3536-0","10.1109/OTCON65728.2025.11070616","","https://ieeexplore.ieee.org/stamp/stamp.jsp?arnumber=11070616","Salp Swarm Algorithm;motion planning;mobile robots;multi-objective algorithms","Adaptation models;Heuristic algorithms;Dynamics;Robot sensing systems;Planning;Safety;Mobile robots;Collision avoidance;Tuning;Standards","","","","20","IEEE","14 Jul 2025","9-11 April 2025","9-11 April 2025","IEEE","IEEE Conferences"
"Heterogeneous Graph Attention Networks for Multi-Robot Task Allocation","Y. Hu; D. Liu; J. Li; T. Wu","College of Intelligence Science and Technology, National University of Defense Technology, Changsha, China; College of Intelligence Science and Technology, National University of Defense Technology, Changsha, China; College of Intelligence Science and Technology, National University of Defense Technology, Changsha, China; College of Intelligence Science and Technology, National University of Defense Technology, Changsha, China",2025 International Conference on Intelligent Robotics and Automatic Control (IRAC),"16 Feb 2026","2025","","","207","213","Multi-Robot task allocation (MRTA) in complex terrain environments requires a comprehensive integration of task deadlines, robot capabilities, and spatial constraints imposed by the environment. Existing reinforcement learning approaches have effectively addressed MRTA by considering task deadlines and robot capability limitations. This paper further incorporates environmental obstacles as explicit spatial constraints reconstructed from the environment and proposes a reinforcement learning strategy based on a heterogeneous graph Markov decision process. The proposed approach utilizes a neural architecture referred to as the Heterogeneous Graph Neural Network Attention-Based Model (HGNNAM), which adopts an encoder-decoder structure: (1) Heterogeneous Graph Neural Network Encoder, which integrates robot states, task attributes, and accurate path distances computed from environmental maps through a hierarchical message-passing mechanism; (2) Multi-Head Attention Decoder, which enables real-time decision-making guided by dynamically updated task masks, facilitating context-aware action selection. Experimental results demonstrate that the method consistently achieves robust task allocation performance in intricate maze-like environments and exhibits strong adaptability to previously unseen environments and diverse task types. Future work will further explore collaborative decision-making mechanisms for heterogeneous robot teams and varied task specifications.","","979-8-3315-9244-8","10.1109/IRAC67707.2025.11381124","","https://ieeexplore.ieee.org/stamp/stamp.jsp?arnumber=11381124","multi-robot task allocation;heterogeneous graph;reinforcement learning;graph neural network","Technological innovation;Heuristic algorithms;Markov decision processes;Decision making;Reinforcement learning;Graph neural networks;Real-time systems;Decoding;Resource management;Robots","","","","19","IEEE","16 Feb 2026","28-30 Nov. 2025","28-30 Nov. 2025","IEEE","IEEE Conferences"
"Multi-robot Information Sampling Using Deep Mean Field Reinforcement Learning","T. Said; J. Wolbert; S. Khodadadeh; A. Dutta; O. P. Kreidl; L. Bölöni; S. Roy","University of North Florida, USA; University of North Florida, USA; University of Central Florida, USA; University of North Florida, USA; University of North Florida, USA; University of Central Florida, USA; University of North Florida, USA","2021 IEEE International Conference on Systems, Man, and Cybernetics (SMC)","6 Jan 2022","2021","","","1215","1220","We study the problem of information sampling of an ambient phenomenon using a group of mobile robots. Autonomous robots are being deployed for various applications such as precision agriculture, search-and-rescue, among others. These robots are usually equipped with sensors and tasked with collecting maximal information for further data processing and decision making. The studied problem is proved to be NP-Hard in the literature. To solve the stated problem approximately, we employ a multi-agent deep reinforcement learning framework and use the concepts of mean field games to potentially scale the solution to larger multi-robot systems. Simulation results show that our presented technique easily scales to 10 robots in a 19 × 19 grid environment, while consistently sampling useful information.","2577-1655","978-1-6654-4207-7","10.1109/SMC52423.2021.9658795","National Science Foundation; ","https://ieeexplore.ieee.org/stamp/stamp.jsp?arnumber=9658795","","Simulation;Decision making;Reinforcement learning;Games;Sensor phenomena and characterization;Robot sensing systems;Data processing","","8","","19","IEEE","6 Jan 2022","17-20 Oct. 2021","17-20 Oct. 2021","IEEE","IEEE Conferences"
"Autonomous and Adaptive Role Selection for Multi-Robot Collaborative Area Search Based on Deep Reinforcement Learning","L. Zhu; J. Cheng; H. Zhang; Z. Cui; W. Zhang; Y. Liu","Institute of Artificial Intelligence and Robotics, Xi’an Jiaotong University, Xi’an, China; School of Control Science and Engineering, Shandong University, Jinan, Shandong, China; School of Control Science and Engineering, Shandong University, Jinan, Shandong, China; School of Electronics and Control Engineering, Chang’an University, Xi’an, China; School of Control Science and Engineering, Shandong University, Jinan, Shandong, China; Institute of Artificial Intelligence and Robotics, Xi’an Jiaotong University, Xi’an, China",IEEE Transactions on Automation Science and Engineering,"23 Jun 2025","2025","22","","16728","16740","In the tasks of multi-robot collaborative area search, we propose the unified approach for simultaneous mapping for sensing more targets (exploration) while searching and locating the targets (coverage). Specifically, we implement a hierarchical multi-agent reinforcement learning algorithm to decouple task planning from task execution. The role concept is integrated into the upper-level task planning for role selection, which enables robots to learn the role based on the state status from the upper-view. Besides, an intelligent role switching mechanism enables the role selection module to function between two timesteps, promoting both exploration and coverage interchangeably. Then, the primitive policy learns how to plan based on their assigned roles and local observation for sub-task execution. The well-designed experiments show the scalability and generalization of our method compared with state-of-the-art approaches in scenes with varying complexity and numbers of robots. Our code is released at https://github.com/linaug/Role_selection Note to Practitioners—In the realm of area search tasks, the collaboration among multiple robots in a multi-robot system brings about a reduction in labor costs and an enhancement in task completion efficiency. Recognizing this, the development of an intelligent multi-robot collaborative decision-making algorithm becomes crucial-especially within complex and diverse environments, ensuring better adaptability to various real-world scenarios. This paper introduces a hierarchical framework designed for the simultaneous mapping and searching of targets in multi-robot area search tasks. The upper-level role selection framework employs adaptive role learning through deep reinforcement learning, while the low-level primitive policy focuses on planning actions based on the designated roles. As a result, the proposed approach exhibits notable advantages in terms of both the percentage and efficiency of task completion, particularly evident in well-designed scenes with varying complexities. We believe this framework holds significant potential for real-world applications, addressing challenges in multi-robot collaboration across diverse environments.","1558-3783","","10.1109/TASE.2025.3579736","National Natural Science Joint Foundation of China(grant numbers:U23A20339); National Natural Science Foundation of China(grant numbers:62350083); National Key Laboratory of Human-Machine Hybrid Augmented Intelligence, Xi’an Jiaotong University(grant numbers:HMHAI-202409); Natural Science Foundation of Shaanxi Province(grant numbers:2023-JC-QN-0778); ","https://ieeexplore.ieee.org/stamp/stamp.jsp?arnumber=11036770","Deep reinforcement learning;area search;collaborative decision-making;multi-robot systems","Robot kinematics;Planning;Robot sensing systems;Training;Collaboration;Decision making;Search problems;Automation;Switches;Complexity theory","","4","","43","IEEE","16 Jun 2025","2025","","IEEE","IEEE Journals"
"Dynamic Elliptical Shaping Control for Swarm Robots","S. T. Hart; J. Kamenetsky; C. A. Kitts","Department of Mechanical Engineering, Santa Clara University, Santa Clara, CA, USA; Department of Mechanical Engineering, Santa Clara University, Santa Clara, CA, USA; Department of Mechanical Engineering, Santa Clara University, Santa Clara, CA, USA",IEEE Access,"24 Feb 2023","2023","11","","17454","17470","Solving the robotic swarm coverage problem for an elliptical area has various applications for exploring novel environments. Solutions for this problem should cover a specified ellipse and seamlessly adapt to changing numbers of robots. Previous solutions used techniques such as formation control, vector fields, and neural networks. While these techniques were successful, they all lacked one or more of the three key tenants of swarm elliptical attraction: complete coverage of an ellipse with commandable parameters, simplicity for scaling in the number of robots, and adaptive sizing. Additionally, no previous work presented guidelines for ensuring that the swarms could successfully and safely converge to the commanded ellipse without collisions. In contrast, this work presents a novel swarm elliptical attraction behavior with all three key tenants with guidelines for ellipse and swarm parameter selection. First, a new Lyapunov stable elliptical attraction behavior for Reactive Particle Swarms is presented. The behavior commands robots to cover the entire ellipse area for a specific semimajor axis, eccentricity, and orientation. Additionally, dynamic interagent spacing naturally ensures coverage for different numbers of robots. Second, the work presents a novel adaptive sizing algorithm that varies the ellipse’s semimajor axis based on the swarm state. The adaptive sizing algorithm specifies the eccentricity and orientation using time-varying functions. Third, guidelines for selecting the number of robots, commanded ellipse area, obstacle avoidance distance, and robot communication range that allow for successful aggregation to the commanded ellipse are presented. All three of the results are verified using simulation and hardware-in-the-loop trials.","2169-3536","","10.1109/ACCESS.2023.3244911","","https://ieeexplore.ieee.org/stamp/stamp.jsp?arnumber=10044108","Coverage problem;elliptical aggregation;shape control;swarm robotics","Shape;Behavioral sciences;Collision avoidance;Guidelines;Computer architecture;Particle swarm optimization;Transmission line matrix methods","","2","","26","CCBY","14 Feb 2023","2023","","IEEE","IEEE Journals"
"A Mixed-Reality-Augmented Deep Reinforcement Learning Approach for Multi-Robot Safe Motion Generation in Human–Robot Collaborative Manufacturing Cells","C. Li; Y. Yin; H. Ye; P. Zheng; S. K. Gupta","Department of Industrial and Systems Engineering, The Hong Kong Polytechnic University, Hong Kong, SAR, China; Department of Industrial and Systems Engineering, The Hong Kong Polytechnic University, Hong Kong, SAR, China; Center for Advanced Manufacturing, University of Southern California, Los Angeles, CA, USA; Department of Industrial and Systems Engineering, The Hong Kong Polytechnic University, Hong Kong, SAR, China; Center for Advanced Manufacturing, University of Southern California, Los Angeles, CA, USA",IEEE Transactions on Automation Science and Engineering,"23 Sep 2025","2025","22","","21033","21046","Augmenting capabilities of human operators with multi-robot cells offers substantial advantages for increasing productivity in manufacturing applications. This synergy effectively combines the strengths of both robots and humans, maximizing operational efficiency and leveraging human capabilities. However, achieving these benefits requires real-time, reactive coordination of multi-robot motion generation in response to human motion. Current approaches face significant challenges, particularly in dealing with uncertainties in human motions. To address these issues, this paper introduces the Deep Reinforcement Learning (DRL) approach for end-to-end safe motion generation in human multi-robot collaborative workspaces. First, the DRL approach is augmented by adopting mixed-reality (MR) features to facilitate efficient state perception and representation of tasks, humans, robots, and scenes for enabling effective learning motion generation policy. Moreover, to better promote high-dimensional action generation of the multi-robot systems involving human, an advanced DRL approach is developed. The approach leverages memory-enhanced representation learning, intrinsic reward-guided exploration, and action space pruning to better address the motion generation challenges. Empirical testing demonstrates the effectiveness of the proposed system, with experiments showing high success rates across tasks with varying team sizes and difficulty levels, thereby demonstrating applicability in human-robot collaborative manufacturing tasks. Note to Practitioners—The work reported in this paper is expected to be useful in applications requiring complex multi-robot motion generation within human-robot collaborative manufacturing cells, particularly in scenarios where the number and layout of robots may change, for example, low-volume high-mix manufacturing cells. Challenges in HRC robot motion generation are often compounded by the uncertainties associated with human worker movements and the interactions among robots in the cells. The proposed DRL-based motion policy leverages MR-assisted features to enhance state extraction capabilities and incorporates algorithmic modules to improve representation learning and exploration capabilities, thereby enhancing reactive motion generation for safe collaboration. The system demonstrates high success rates across tasks of varying complexities and team sizes. Owing to the flexible policy generation settings and the generalization capabilities of the perception approach, this approach is applicable to a variety of robotic cells and other close-proximity human-robot/machine collaborative motion generation scenarios with minimal tuning.","1558-3783","","10.1109/TASE.2025.3605990","National Natural Science Foundation of China(grant numbers:52422514); Guangdong-Hong Kong Technology Cooperation Funding Scheme through the Innovation and Technology Commission (ITC)(grant numbers:GHX/075/22GD); General Research Fund(grant numbers:PolyU15210222,PolyU15206723); Collaborative Research Fund from the Research Grants Council (RGC), Hong Kong(grant numbers:C6044-23GF); ","https://ieeexplore.ieee.org/stamp/stamp.jsp?arnumber=11151561","Human-multi-robot collaboration;mixed reality;deep reinforcement learning;safe motion generation;smart manufacturing","Robots;Robot kinematics;Collaboration;Manufacturing;Virtual reality;Collision avoidance;Robot motion;Monitoring;Space exploration;Real-time systems","","5","","48","IEEE","4 Sep 2025","2025","","IEEE","IEEE Journals"
"Multi-Robot Flocking Control Using Multi-Agent Twin Delayed Deep Deterministic Policy Gradient","M. S. Youssef; N. Adel Hassan; A. El-Badawy","Mechatronics Engineering Department, German University in Cairo, Cairo, Egypt; Mechatronics Engineering Department, German University in Cairo, Cairo, Egypt; Mechatronics Engineering Department, German University in Cairo, Cairo, Egypt","2022 19th International Conference on Electrical Engineering, Computing Science and Automatic Control (CCE)","15 Dec 2022","2022","","","1","5","This paper proposes the use of Multi-Agent Twin Delayed Deep Deterministic Policy Gradient (MATD3) to resolve the issues accompanied with Multi-Agent Deep Deterministic Policy Gradient (MADDPG) such as the overestimation bias of a centralized critic when used to solve the multi-robot flocking control problem. A temporal difference error prioritized replay buffer is used alongside to achieve the most efficient learning process. In order to allow the robots to maintain a flock throughout a complex environment, an appropriate reward function was constructed, taking into consideration the following parameters: reaching the goal, maintaining a distance between the agents to ensure a stable connection while avoiding collision between one another, obstacle avoidance, and moving in a specific formation. Results of both algorithms are then compared to test the performance of the MATD3.","2642-3766","978-1-6654-5508-4","10.1109/CCE56709.2022.9975963","","https://ieeexplore.ieee.org/stamp/stamp.jsp?arnumber=9975963","","Electrical engineering computing;Collision avoidance;Robots","","5","","15","IEEE","15 Dec 2022","9-11 Nov. 2022","9-11 Nov. 2022","IEEE","IEEE Conferences"
"TaskExp: Enhancing Generalization of Multi-Robot Exploration with Multi-Task Pre-Training","S. Zhu; Y. Zhao; Y. Xu; A. Chen; J. Chen; J. Xu","College of Control Science and Engineering, Zhejiang University, Hangzhou, China; College of Control Science and Engineering, Zhejiang University, Hangzhou, China; College of Control Science and Engineering, Zhejiang University, Hangzhou, China; College of Control Science and Engineering, Zhejiang University, Hangzhou, China; College of Control Science and Engineering, Zhejiang University, Hangzhou, China; College of Control Science and Engineering, Zhejiang University, Hangzhou, China",2025 IEEE International Conference on Robotics and Automation (ICRA),"2 Sep 2025","2025","","","6559","6565","We aim to develop a general multi-agent reinforcement learning (MARL) policy that enables a group of robots to efficiently explore large-scale, unknown environments with random pose initialization. Existing MARL-based multi-robot exploration methods face challenges in reliably mapping observations to actions in large-scale scenarios and lack of zero-shot generalization to unknown environments. To this end, we propose a generic multi-task pre-training algorithm (termed TaskExp) to enhance the generalization of learning-based policies. In particular, we design a decision-related task to guide the policy to focus on valuable subspaces of the action space, improving the reliability of policy mapping. Moreover, two perception-related tasks-Location Estimation and Map Prediction-are designed to enhance the zero-shot capability of the policy by guiding it to extract general invariant features from unknown environments. With TaskExp pre-training, our policy significantly outperforms state-of-the-art planning-based methods in large-scale scenarios and demonstrates strong zero-shot performance in unseen environments. Furthermore, TaskExp can also be easily integrated to improve the existing learning-based multi-robot exploration methods.","","979-8-3315-4139-2","10.1109/ICRA55743.2025.11128456","","https://ieeexplore.ieee.org/stamp/stamp.jsp?arnumber=11128456","","Estimation;Reinforcement learning;Inspection;Prediction algorithms;Multitasking;Feature extraction;Reliability engineering;Production facilities;Robots;Faces","","","","34","IEEE","2 Sep 2025","19-23 May 2025","19-23 May 2025","IEEE","IEEE Conferences"
"Swarm Robots Modelling","W. Rączka; D. Marszalik","Department of Process Control, AGH University of Krakow, Krakow, Poland; Department of Process Control, AGH University of Krakow, Krakow, Poland",2024 25th International Carpathian Control Conference (ICCC),"1 Jul 2024","2024","","","1","6","A swarm, a herd, or a school is a phenomenon observed in nature that has inspired researchers of these formations-creations that naturally demonstrate cooperation and self-organisation but also specific adaptability to the changing environment. Mathematical models of swarms try to describe them in various ways, often inspired by biology and the fact that a swarm is a collection of a number of individuals who communicate and cooperate to achieve a common goal. However, this purpose is often not visible, as is the case with swarms of birds in autumn. The collective behaviour of a swarm is based on fundamental principles such as local interaction, dynamic adaptation and self-organisation. The article presents an approach to swarm modelling. The swarm is modelled not as a modelling object but as the result of built-in mechanisms operating in a single individual agent. The article presents a mathematical model of an agent; many agents create a swarm. The mechanisms built into a single agent are described, and the simulation results are presented.","","979-8-3503-5070-8","10.1109/ICCC62069.2024.10569667","","https://ieeexplore.ieee.org/stamp/stamp.jsp?arnumber=10569667","swarm;robots;model","Adaptation models;Three-dimensional displays;Simulation;Swarm robotics;Aerospace electronics;Birds;Mathematical models","","","","9","IEEE","1 Jul 2024","22-24 May 2024","22-24 May 2024","IEEE","IEEE Conferences"
"Multi-Robot Informative Path Planning from Regression with Sparse Gaussian Processes","K. Jakkala; S. Akella","Department of Computer Science, University of North Carolina at Charlotte, Charlotte, NC, USA; Department of Computer Science, University of North Carolina at Charlotte, Charlotte, NC, USA",2024 IEEE International Conference on Robotics and Automation (ICRA),"8 Aug 2024","2024","","","12382","12388","This paper addresses multi-robot informative path planning (IPP) for environmental monitoring. The problem involves determining informative regions in the environment that should be visited by robots to gather the most information about the environment. We propose an efficient sparse Gaussian process-based approach that uses gradient descent to optimize paths in continuous environments. Our approach efficiently scales to both spatially and spatio-temporally correlated environments. Moreover, our approach can simultaneously optimize the informative paths while accounting for routing constraints, such as a distance budget and limits on the robot’s velocity and acceleration. Our approach can be used for IPP with both discrete and continuous sensing robots, with point and non-point field-of-view sensing shapes, and for both single and multi-robot IPP. We demonstrate that the proposed approach is fast and accurate on real-world data.","","979-8-3503-8457-4","10.1109/ICRA57147.2024.10610484","","https://ieeexplore.ieee.org/stamp/stamp.jsp?arnumber=10610484","","Accuracy;Shape;Gaussian processes;Robot sensing systems;Routing;Path planning;Sensors","","16","","38","IEEE","8 Aug 2024","13-17 May 2024","13-17 May 2024","IEEE","IEEE Conferences"
"Federated Reinforcement Learning and Deep Q-Network: Improving Fault Tolerance and Energy Consumption in Swarm Robotics for Mine Prospection Missions","A. Hafid; R. Hocine; L. Guezouli; H. Moumen","Computer Science Department, LAMIE Laboratory, University of Batna 2, Batna, Algeria; Computer Science Department, LAMIE Laboratory, University of Batna 2, Batna, Algeria; Computer Science Department, LAMIE Laboratory, University of Batna 2, Batna, Algeria; Computer Science Department, LAMIE Laboratory, University of Batna 2, Batna, Algeria",IEEE Access,"10 Nov 2025","2025","13","","189926","189958","This article focuses on improving fault tolerance and optimizing energy consumption in the context of a mining prospection mission conducted by a swarm of autonomous robots. Two major contributions are proposed. The first aims to reduce communication between robots in order to increase the system’s robustness in the presence of failures. The second focuses on minimizing the trajectory of a deminer robot to reduce overall energy consumption. To address these goals, two reinforcement learning-based algorithms are proposed: Deep Q-Network (DQN) and Federated Reinforcement Learning (FRL), both derived from the Q-learning algorithm. Simulation results examining the impact of the exploration rate  $\alpha $  on the number of detected mines show that, with 10 autonomous robots of the same architecture and 30 randomly placed mines over 30 experiments, the FRL algorithm provides better fault tolerance and ensures that the main prospection mission is accomplished even in the presence of some robotic failures or errors. Furthermore, a second series of 60 experiments involving the integration of the deminer robot, focused on optimizing energy consumption, demonstrates that the DQN algorithm is more effective in reducing energy usage, due to improved a better optimization of unnecessary deminer movements, while successfully resolving deadlock situations that the latter may encounter. These findings open the door to the development of a hybrid algorithm combining the strengths of DQN and FRL to ensure both system robustness and minimal energy consumption.","2169-3536","","10.1109/ACCESS.2025.3626283","","https://ieeexplore.ieee.org/stamp/stamp.jsp?arnumber=11218905","Fault tolerance;energy consumption;Q-learning;DQN;FRL;AIMS;mine prospecting;avoidance obstacles;interlock;path planning","Robots;Robot kinematics;Swarm robotics;Energy consumption;Fault tolerance;Fault tolerant systems;Autonomous robots;Trajectory;Navigation;Robustness","","1","","81","CCBY","27 Oct 2025","2025","","IEEE","IEEE Journals"
"Parameter Identification of Collaborative Robot Based on Improved Artificial Fish Swarm Algorithm","Y. Liu; Z. Hou; H. Wang; J. Liang; G. Yang; Y. Zhang; Z. Xu; W. Wang","University of Chinese Academy of Sciences; Guangzhou Institute of Advanced Technology; China University of Geosciences, Wuhan; Guangzhou Institute of Advanced Technology; Guangzhou Institute of Advanced Technology; University of Chinese Academy of Sciences; Guangzhou Institute of Advanced Technology; Guangzhou Institute of Advanced Technology",2020 International Conference on High Performance Big Data and Intelligent Systems (HPBD&IS),"1 Jul 2020","2020","","","1","7","In order to achieve precise control of collaborative robots, it is necessary to obtain an accurate model for the robot. Identification of dynamic parameters is one of the important ways to obtain accurate models. To identity the dynamic parameters. This paper proposes an identification method based on an improved artificial fish swarm algorithm. First, to describe the joint friction more effectively, a friction model with compensation is introduced. The dynamic model of the robot employs the Lagrangian method, and the model is appropriately transformed to determine the minimum inertia parameter set. A 6 degree-of-freedom robot is simplified using the connected assembly method, then the minimum inertial parameter set is reorganized. Second, the joint trajectory is designed with the Fourier series as the basic function form of the trajectory, the condition number of the observation matrix is used as the objective function, then using the improved artificial fish swarm algorithm to optimize the excitation trajectory. Finally, we use MATLAB for simulation, and a 6 degree-of-freedom collaborative robot independently developed by the institute. The results show that the predicted joint torque obtained from the identification was highly matched with the actual torque, which proved the effectiveness of the proposed method.","","978-1-7281-6512-7","10.1109/HPBDIS49115.2020.9130566","","https://ieeexplore.ieee.org/stamp/stamp.jsp?arnumber=9130566","dynamic model;parameter identification;parameter recombination;connected combination method;improved artificial fish swarm algorithm","Torque;Parameter estimation;Heuristic algorithms;Friction;Collaboration;Fish;Prediction algorithms","","7","","27","IEEE","1 Jul 2020","23-23 May 2020","23-23 May 2020","IEEE","IEEE Conferences"
"A Noise-Resistant Mixed-Discrete Particle Swarm Optimization Algorithm for the Automatic Design of Robotic Controllers","C. Baumann; A. Martinoli","Distributed Intelligent Systems and Algorithms Laboratory, School of Architecture, Civil and Environmental Engineering, Ecole Polytechnique Fédérale de Lausanne (EPFL), Switzerland; Distributed Intelligent Systems and Algorithms Laboratory, School of Architecture, Civil and Environmental Engineering, Ecole Polytechnique Fédérale de Lausanne (EPFL), Switzerland",2022 IEEE Congress on Evolutionary Computation (CEC),"6 Sep 2022","2022","","","1","9","The automatic design of well-performing robotic controllers is still an unsolved problem due to the inherently large parameter space and noisy, often hard-to-define performance metrics, especially when sequential tasks need to be accomplished. Distal control architectures, which combine pre-coded basic behaviors into a (probabilistic) finite state machine offer a promising solution to this problem. In this paper, we enhance a Mixed-Discrete Particle Swarm Optimization (MDPSO) algorithm with an Optimal Computing Budget Allocation (OCBA) scheme to automatically synthesize distal control architectures. We benchmark MDPSO-OCBA's performance against the original MDPSO as well as the Iterated F-Race (IRACE) and the Mesh Adaptive Direct Search (MADS) algorithms on both a benchmark function with different noise levels and design problems of distal control architectures. More specifically, we evaluate the algorithms using high-fidelity simulations in three increasingly challenging scenarios involving parallel and sequential tasks. Additionally, the best performing controller generated in simulation by each optimization algorithm is compared with a manually designed solution and validated with physical experiments. The analysis on the benchmark function with different noise levels demonstrates MDPSO-OCBA's high robustness to noise. The comparison on the robotic control design problems shows that, without any meta-parameter tuning, MDPSO-OCBA is able to generate the best performing control architectures overall, closely followed by IRACE. They significantly outperform MADS for the more complex and noisier scenarios, resulting in competitive controllers in comparison to the manually designed one.","","978-1-6654-6708-7","10.1109/CEC55065.2022.9870229","","https://ieeexplore.ieee.org/stamp/stamp.jsp?arnumber=9870229","","Adaptation models;Computer architecture;Benchmark testing;Noise measurement;Resource management;Particle swarm optimization;Task analysis","","1","","27","IEEE","6 Sep 2022","18-23 July 2022","18-23 July 2022","IEEE","IEEE Conferences"
"MAMBPO: Sample-efficient multi-robot reinforcement learning using learned world models","D. Willemsen; M. Coppola; G. C. H. E. de Croon","MAVLab, Control & Operations Department, Faculty of Aerospace Engineering, Delft University of Technology, Delft, The Netherlands; MAVLab, Control & Operations Department, Faculty of Aerospace Engineering, Delft University of Technology, Delft, The Netherlands; MAVLab, Control & Operations Department, Faculty of Aerospace Engineering, Delft University of Technology, Delft, The Netherlands",2021 IEEE/RSJ International Conference on Intelligent Robots and Systems (IROS),"16 Dec 2021","2021","","","5635","5640","Multi-robot systems can benefit from reinforcement learning (RL) algorithms that learn behaviours in a small number of trials, a property known as sample efficiency. This research thus investigates the use of learned world models to improve sample efficiency. We present a novel multi-agent model-based RL algorithm: Multi-Agent Model-Based Policy Optimization (MAMBPO), utilizing the Centralized Learning for Decentralized Execution (CLDE) framework. CLDE algorithms allow a group of agents to act in a fully decentralized manner after training. This is a desirable property for many systems comprising of multiple robots. MAMBPO uses a learned world model to improve sample efficiency compared to model-free Multi-Agent Soft Actor-Critic (MASAC). We demonstrate this on two simulated multi-robot tasks, where MAMBPO achieves a similar performance to MASAC, but requires far fewer samples to do so. Through this, we take an important step towards making real-life learning for multi-robot systems possible.","2153-0866","978-1-6654-1714-3","10.1109/IROS51168.2021.9635836","","https://ieeexplore.ieee.org/stamp/stamp.jsp?arnumber=9635836","","Training;Reinforcement learning;Multi-robot systems;Task analysis;Optimization;Intelligent robots","","20","","17","IEEE","16 Dec 2021","27 Sept.-1 Oct. 2021","27 Sept.-1 Oct. 2021","IEEE","IEEE Conferences"
"Multi-Robot Motion Planning: A Learning-Based Artificial Potential Field Solution","D. Zhang; G. Zhu; Q. Zhang","School of Aeronautics and Astronautics, Sun Yat-sen University, Shenzhen, P. R. China; School of Aeronautics and Astronautics, Sun Yat-sen University, Shenzhen, P. R. China; School of Aeronautics and Astronautics, Sun Yat-sen University, Shenzhen, P. R. China",2023 2nd Conference on Fully Actuated System Theory and Applications (CFASTA),"12 Sep 2023","2023","","","233","238","Motion planning is a crucial aspect of robot autonomy as it involves identifying a feasible motion path to a destination while taking into consideration various constraints, such as input, safety, and performance constraints, without violating either system or environment boundaries. This becomes particularly challenging when multiple robots run without communication, which compromises their real-time efficiency, safety, and performance. In this paper, we present a learning-based potential field algorithm that incorporates deep reinforcement learning into an artificial potential field (APF). Specifically, we introduce an observation embedding mechanism that pre-processes dynamic information about the environment and develop a soft wall-following rule to improve trajectory smoothness. Our method, while belonging to reactive planning, implicitly encodes environmental properties. Additionally, our approach can scale up to any number of robots and has demonstrated superior performance compared to APF and RL through numerical simulations. Finally, experiments are conducted to highlight the effectiveness of our proposed method.","","979-8-3503-3216-2","10.1109/CFASTA57821.2023.10243195","Nature; ","https://ieeexplore.ieee.org/stamp/stamp.jsp?arnumber=10243195","Motion planning;collision avoidance;reinforcement learning;artificial potential field","Deep learning;Heuristic algorithms;Dynamics;Reinforcement learning;Numerical simulation;Robot sensing systems;Real-time systems","","3","","19","IEEE","12 Sep 2023","14-16 July 2023","14-16 July 2023","IEEE","IEEE Conferences"
"D3G: Learning Multi-robot Coordination from Demonstrations","Y. Zhou; W. Jin; X. Wang","Department of Electrical and Computer Engineering, George Mason University; Department of Electrical and Computer Engineering, George Mason University; School for Engineering of Matter, Transport, and Energy, Arizona State University",2024 IEEE/RSJ International Conference on Intelligent Robots and Systems (IROS),"25 Dec 2024","2024","","","8898","8904","This paper develops a new Distributed approach for solving the inverse problem of a Differentiable Dynamic Game (D3G), which enables robots to learn multi-robot coordination from given demonstrations. We formulate multi-robot coordination as the Nash equilibrium of a parameterized dynamic game, where the behavior of each robot is dictated by an objective function that also depends on the behavior of its neighboring robots. The coordination thus can be adapted by tuning the parameters of the objective and the local dynamics of each robot. The proposed algorithm enables each robot to automatically tune such parameters in a distributed and coordinated fashion — only using the data of its neighbors without global information. Its key novelty is the development of a distributed solver for a diff-KKT condition that can enhance scalability and reduce the computational load for gradient computation. We test the proposed algorithm in simulation with heterogeneous robots given different task configurations. The results demonstrate its effectiveness and generalizability for learning multi-robot coordination from demonstrations.","2153-0866","979-8-3503-7770-5","10.1109/IROS58592.2024.10801743","Arm; ","https://ieeexplore.ieee.org/stamp/stamp.jsp?arnumber=10801743","","Inverse problems;Robot kinematics;Scalability;Heuristic algorithms;Games;Nash equilibrium;Linear programming;Robots;Tuning;Intelligent robots","","2","","34","IEEE","25 Dec 2024","14-18 Oct. 2024","14-18 Oct. 2024","IEEE","IEEE Conferences"
"Efficient Global Trajectory Planning for Multi-robot System with Affinely Deformable Formation","H. Sha; Y. Cui; W. Lu; D. Zhang; C. Wang; J. Wu; R. Xiong; Y. Wang","The State Key Laboratory of Industrial Control and Technology, Zhejiang University, Hangzhou, P.R. China; The State Key Laboratory of Industrial Control and Technology, Zhejiang University, Hangzhou, P.R. China; The State Key Laboratory of Industrial Control and Technology, Zhejiang University, Hangzhou, P.R. China; The State Key Laboratory of Industrial Control and Technology, Zhejiang University, Hangzhou, P.R. China; The School of Control Science and Engineering, Shandong University, Jinan, P.R.China; The State Key Laboratory of Industrial Control and Technology, Zhejiang University, Hangzhou, P.R. China; The State Key Laboratory of Industrial Control and Technology, Zhejiang University, Hangzhou, P.R. China; The State Key Laboratory of Industrial Control and Technology, Zhejiang University, Hangzhou, P.R. China",2024 IEEE/RSJ International Conference on Intelligent Robots and Systems (IROS),"25 Dec 2024","2024","","","14148","14155","Global trajectory planning is crucial for long-range formation navigation tasks of multi-robot systems in efficiency improvement and energy saving, whose main challenges are the joint space constraints of the whole team and the long-range deployment. To overcome the above difficulties, we reformulate the original problem into an affine formation planning problem in parameter space. Further, we propose a front-end & back-end framework for global trajectory planning of Multi-Robot Systems (MRS) with affinely deformable formation. For the front-end, an RL-steering affine formation RRT* method is designed to search a global formation-level trajectory in affine parameter space, combining the efficient BVP-solving capability of RL and the global guidance and generalizing ability of RRT*. For the back-end, we propose a formationlevel affine parameter trajectory optimization method to refine the front-end trajectory, and further transform it into peragent trajectories for execution. Extensive benchmarks and ablation experiments in simulation show the effectiveness of our framework for the global trajectory generation of a multiUAV system with affinely deformable formation. The appendix can be seen here3.","2153-0866","979-8-3503-7770-5","10.1109/IROS58592.2024.10802518","Nature; ","https://ieeexplore.ieee.org/stamp/stamp.jsp?arnumber=10802518","","Trajectory planning;Navigation;Energy conservation;Transforms;Benchmark testing;Planning;Multi-robot systems;Trajectory optimization;Intelligent robots","","1","","25","IEEE","25 Dec 2024","14-18 Oct. 2024","14-18 Oct. 2024","IEEE","IEEE Conferences"
"Show me What you want: Inverse Reinforcement Learning to Automatically Design Robot Swarms by Demonstration","I. Gharbi; J. Kuckling; D. G. Ramos; M. Birattari","IRIDIA, Université libre de Bruxelles, Brussels, Belgium; IRIDIA, Université libre de Bruxelles, Brussels, Belgium; IRIDIA, Université libre de Bruxelles, Brussels, Belgium; IRIDIA, Université libre de Bruxelles, Brussels, Belgium",2023 IEEE International Conference on Robotics and Automation (ICRA),"4 Jul 2023","2023","","","5063","5070","Automatic design is a promising approach to generating control software for robot swarms. So far, automatic design has relied on mission-specific objective functions to specify the desired collective behavior. In this paper, we explore the possibility to specify the desired collective behavior via demonstrations. We develop Demo-Cho, an automatic design method that combines inverse reinforcement learning with automatic modular design of control software for robot swarms. We show that, only on the basis of demonstrations and without the need to be provided with an explicit objective function, Demo-Cho successfully generated control software to perform four missions. We present results obtained in simulation and with physical robots.","","979-8-3503-2365-8","10.1109/ICRA48891.2023.10160947","European Research Council(grant numbers:681872); ","https://ieeexplore.ieee.org/stamp/stamp.jsp?arnumber=10160947","","Measurement;Learning systems;Protocols;Automation;Design methodology;Reinforcement learning;Linear programming","","13","","55","IEEE","4 Jul 2023","29 May-2 June 2023","29 May-2 June 2023","IEEE","IEEE Conferences"
"Hierarchical Perception-Improving for Decentralized Multi-Robot Motion Planning in Complex Scenarios","Y. Jia; Y. Song; B. Xiong; J. Cheng; W. Zhang; S. X. Yang; S. Kwong","School of Mechanical, Electrical and Information Engineering, Shandong University, Weihai, China; School of Mechanical, Electrical and Information Engineering, Shandong University, Weihai, China; Computer Science Department and the International Max Plank Research School for Intelligent Systems, University of Stuttgart, Stuttgart, Germany; School of Control Science and Engineering, Shandong University, Jinan, China; School of Control Science and Engineering, Shandong University, Jinan, China; Advanced Robotics and Intelligent Systems Laboratory, University of Guelph, Guelph, ON, Canada; Department of Computing and Decision Science, Lingnan University, Hong Kong, SAR, China",IEEE Transactions on Intelligent Transportation Systems,"2 Jul 2024","2024","25","7","6486","6500","Multi-robot cooperative navigation is an important task, which has been widely studied in many fields like logistics, transportation, and disaster rescue. However, most of the existing methods either require some strong assumptions or are validated in simple scenarios, which greatly hinders their implementation in the real world. In this paper, more complex environments are considered in which robots can only acquire local observations from their own sensors and have only limited communication capabilities for mapless collaborative navigation. To address this challenging task, we propose a hierarchical framework, by fusing both Sensor-wise and Agent-wise features for Perception-Improving (SAPI), which can adaptively integrate features from different information sources to improve perception capabilities. Specifically, to facilitate scene understanding, we assign prior knowledge to the visual coder to generate efficient embeddings. For effective feature representation, an attention-based sensor fusion network is designed to fuse sensor-level information of visual and LiDAR sensors, while graph convolution with multi-head attention mechanism is applied to aggregate agent-level information from an arbitrary number of neighbors. In addition, reinforcement learning is used to optimize the policy, where a novel compound reward function is introduced to guide training. Extensive experiments demonstrate that our method has excellent generalization ability in different scenarios and scalability for large-scale systems.","1558-0016","","10.1109/TITS.2023.3344518","National Natural Science Foundation of China(grant numbers:61973184,62103236); ","https://ieeexplore.ieee.org/stamp/stamp.jsp?arnumber=10379540","Multi-robot systems;deep reinforcement learning;feature fusion;collision avoidance","Robot sensing systems;Robot kinematics;Navigation;Collision avoidance;Visualization;Multi-robot systems;Deep reinforcement learning","","19","","52","IEEE","2 Jan 2024","July 2024","","IEEE","IEEE Journals"
"Learning Robot Swarm Tactics over Complex Adversarial Environments","A. Behjat; H. Manjunatha; P. K. Kumar; A. Jani; L. Collins; P. Ghassemi; J. Distefano; D. Doermann; K. Dantu; E. Esfahani; S. Chowdhury","Department of Mechanical and Aerospace Engineering, University at Buffalo, Buffalo, NY, USA; Department of Mechanical and Aerospace Engineering, University at Buffalo, Buffalo, NY, USA; Department of Mechanical and Aerospace Engineering, University at Buffalo, Buffalo, NY, USA; Department of Mechanical and Aerospace Engineering, University at Buffalo, Buffalo, NY, USA; Department of Mechanical and Aerospace Engineering, University at Buffalo, Buffalo, NY, USA; Department of Mechanical and Aerospace Engineering, University at Buffalo, Buffalo, NY, USA; Department of Mechanical and Aerospace Engineering, University at Buffalo, Buffalo, NY, USA; Department of Computer Science and Engineering, University at Buffalo, Buffalo, NY, USA; Department of Computer Science and Engineering, University at Buffalo, Buffalo, NY, USA; Department of Mechanical and Aerospace Engineering, University at Buffalo, Buffalo, NY, USA; Department of Mechanical and Aerospace Engineering, University at Buffalo, Buffalo, NY, USA",2021 International Symposium on Multi-Robot and Multi-Agent Systems (MRS),"7 Dec 2021","2021","","","83","91","To accomplish complex swarm robotic missions in the real world, one needs to plan and execute a combination of single robot behaviors, group primitives such as task allocation, path planning, and formation control, and mission-specific objectives such as target search and group coverage. Most such missions are designed manually by teams of robotics experts. Recent work in automated approaches to learning swarm behavior has been limited to individual primitives with sparse work on learning complete missions. This paper presents a systematic approach to learn tactical mission-specific policies that compose primitives in a swarm to accomplish the mission efficiently using neural networks with special input and output encoding. To learn swarm tactics in an adversarial environment, we employ a combination of 1) map-to-graph abstraction, 2) input/output encoding via Pareto filtering of points of interest and clustering of robots, and 3) learning via neuroevolution and policy gradient approaches. We illustrate this combination as critical to providing tractable learning, especially given the computational cost of simulating swarm missions of this scale and complexity. Successful mission completion outcomes are demonstrated with up to 60 robots. In addition, a close match in the performance statistics in training and testing scenarios shows the potential generalizability of the proposed framework.","","978-1-6654-2926-9","10.1109/MRS50823.2021.9620707","DARPA(grant numbers:HR00111920030); NSF(grant numbers:IIS-1927462); ","https://ieeexplore.ieee.org/stamp/stamp.jsp?arnumber=9620707","","Training;Systematics;Filtering;Urban areas;Swarm robotics;Encoding;Task analysis","","10","","37","IEEE","7 Dec 2021","4-5 Nov. 2021","4-5 Nov. 2021","IEEE","IEEE Conferences"
"Target Search and Cost-Optimal Navigation in Unknown Environments for Multi-Robot Systems","G. Pan; C. Deng; S. Fan; Y. Xie; C. Shang; S. Hui; Q. -Y. Fan","College of Automation, Nanjing University of Posts and Telecommunications, Nanjing, China; Institute of Advanced Technology for Carbon Neutrality, Nanjing University of Posts and Telecommunications, Nanjing, China; College of Automation, Nanjing University of Posts and Telecommunications, Nanjing, China; College of Automation, Nanjing University of Posts and Telecommunications, Nanjing, China; College of Automation, Nanjing University of Posts and Telecommunications, Nanjing, China; College of Automation, Nanjing University of Posts and Telecommunications, Nanjing, China; School of Automation, Northwestern Polytechnical University, Xi'an, China",IEEE Transactions on Vehicular Technology,"","2026","PP","99","1","12","This paper investigates the target search and cost-optimal navigation problem for multi-robot systems (MRSs) in unknown environments to achieve efficient exploration, accurate recognition, and safe navigation. Different from the existing works on target search and path planning, this paper addresses target search and cost-optimal navigation for MRSs in completely unknown environments with persistently missing target signals. To overcome the challenges of the considered problem, a hierarchical control framework is developed for MRSs, which consists of real-time exploration and recognition, target allocation based on unknown region cost, and a deep reinforcement learning (DRL)-based navigation algorithm. Specifically, a dynamic Voronoi-based exploration strategy is integrated with a You Only Look Once (YOLO)-based RGB-D perception module to enable fast detection and localization of potential targets. Then, an unknown region hazard coefficient is designed based on obstacle density, and real-time target allocation is achieved through the Hungarian algorithm. Based on this allocation, a global-local collaborative planning strategy is adopted for global path generation and effective dynamic obstacle avoidance, which integrates an improved Dijkstra algorithm with a DRL-based method. Finally, the effectiveness of the proposed approach is validated through simulations and real-world experiments.","1939-9359","","10.1109/TVT.2026.3705965","","https://ieeexplore.ieee.org/stamp/stamp.jsp?arnumber=11573663","Multi-robot systems;unknown environments;target search;hazard coefficient;optimal navigation","Robots;Costing;Costs;Navigation;Timing;Algorithms;Modeling;Real-time systems;Matrices;Path planning","","","","","IEEE","22 Jun 2026","","","IEEE","IEEE Early Access Articles"
"MARVEL: Multi-Agent Reinforcement Learning for Constrained Field-of-View Multi-Robot Exploration in Large-Scale Environments","J. Chiun; S. Zhang; Y. Wang; Y. Cao; G. Sartoretti","Department of Mechanical Engineering, College of Design and Engineering, National University of Singapore; Department of Mechanical Engineering, College of Design and Engineering, National University of Singapore; Department of Mechanical Engineering, College of Design and Engineering, National University of Singapore; Department of Mechanical Engineering, College of Design and Engineering, National University of Singapore; Department of Mechanical Engineering, College of Design and Engineering, National University of Singapore",2025 IEEE International Conference on Robotics and Automation (ICRA),"2 Sep 2025","2025","","","11392","11398","In multi-robot exploration, a team of mobile robot is tasked with efficiently mapping an unknown environments. While most exploration planners assume omnidirectional sensors like LiDAR, this is impractical for small robots such as drones, where lightweight, directional sensors like cameras may be the only option due to payload constraints. These sensors have a constrained field-of-view (FoV), which adds complexity to the exploration problem, requiring not only optimal robot positioning but also sensor orientation during movement. In this work, we propose MARVEL, a neural framework that leverages graph attention networks, together with novel frontiers and orientation features fusion technique, to develop a collaborative, decentralized policy using multi-agent reinforcement learning (MARL) for robots with constrained FoV. To handle the large action space of viewpoints planning, we further introduce a novel information-driven action pruning strategy. MARVEL improves multi-robot coordination and decision-making in challenging large-scale indoor environments, while adapting to various team sizes and sensor configurations (i.e., FoV and sensor range) without additional training. Our extensive evaluation shows that MARVEL's learned policies exhibit effective coordinated behaviors, outperforming state-of-the-art exploration planners across multiple metrics. We experimentally demonstrate MARVEL's generalizability in large-scale environments, of up to 90 m by 90 m, and validate its practical applicability through successful deployment on a team of real drone hardware.","","979-8-3315-4139-2","10.1109/ICRA55743.2025.11127700","NUS(grant numbers:TL/FS/2022/01); ","https://ieeexplore.ieee.org/stamp/stamp.jsp?arnumber=11127700","","Training;Three-dimensional displays;Robot kinematics;Robot vision systems;Reinforcement learning;Reliability engineering;Sensors;Planning;Complexity theory;Drones","","7","","36","IEEE","2 Sep 2025","19-23 May 2025","19-23 May 2025","IEEE","IEEE Conferences"
"Social-Learning Coordination of Collaborative Multi-Robot Systems Achieves Resilient Production in a Smart Factory","Z. Nie; K. -C. Chen; K. Jin Kim","Department of Electrical Engineering, University of South Florida, Tampa, FL, USA; Department of Electrical Engineering, College of Engineering, University of South Florida, Tampa, FL, USA; MERL, Cambridge, MA, USA",IEEE Transactions on Automation Science and Engineering,"7 Mar 2025","2025","22","","6009","6023","This paper presents a novel resilient production problem in a multi-robot system (MRS) driven smart factory that suffers diverse degradation of accuracy among heterogeneous robots. The inevitable degradation in production robots’ accuracy undermines desirable productivity and efficiency. Although traditional maintenance and calibration strategies can be employed, they fail to support the continuity, flexibility and agility required in smart factories. Instead of pursuing accurate task execution relative to a consistent global reference, we formulate an innovative MRS coordination strategy, where a collaborative MRS autonomously pursues relative accuracy against accuracy degradation toward resilient operation. This new coordination strategy introduces challenges including adapting to time-dynamic production flows, difficulties in observing production robots’ accuracy, and the absence of a comprehensive architecture of resilient MRS in a smart factory. We propose a computational approach with social learning and AI to overcome these challenges. A cyber-physical MRS model is proposed, in which the physical domain represents the time-dynamic production flows, while the cyber domain forms a partially connected wireless network to automate the collection of data regarding production flows, accuracy degradation, and peer robot measurements. Social learning based on such data is employed to collaboratively estimate accuracy and AI decision-making, thereby enabling adaptive coordinated task execution against accuracy degradation. We further investigated a group decision-based predictive maintenance against point failures caused by accuracy degradation. Computational experiments demonstrate that the proposed approach improves the effective rate and mean-time-to-fail performances against accuracy degradation and point failures in a scalable manner. Note to Practitioners—The practical problem motivating our work revolves around resilient production, which is affected by diverse accuracy degradations among heterogeneous robots. This issue is particularly relevant for implementing smart factories with multi-robot systems (MRS), including production and transportation robots. We propose a cyber-physical multi-robot system (CPMRS) to comprehend the dynamics of MRS-driven smart factories, aiming to facilitate productivity, efficiency, and resilience through MRS coordination, as opposed to accurate production task execution achieved by frequent maintenance and calibration, which sacrifices the flexibility and agility of smart factories. CPMRS allows the autonomous collection and exchange of information about production flows, accuracy degradations, and peer robot measurements with limited wireless communications. CPMRS further enables computational solutions with social learning and reinforcement learning for robots as well as group-decision-based predictive maintenance. It facilitates autonomous coordinated task execution and resilient production. Computational experiments demonstrate a 124 percent improvement in the mean time to failure (MTTF) and a 317.27 percent improvement with predictive maintenance. As in our proposal to general manufacturing, further research may be adapted to specific manufacturing scenarios. This research can benefit broader applications, such as smart logistics, warehouses, and even smart cities, where similar collective actions among multiple robots or agents are required.","1558-3783","","10.1109/TASE.2024.3435443","Florida Center for Cybersecurity, University of South Florida; ","https://ieeexplore.ieee.org/stamp/stamp.jsp?arnumber=10623436","Multi-robot system (MRS);multiagent system (MAS);smart factory;Industry 4.0;multi-robot coordination;social learning;resilient production;point failure detection","Production;Robots;Robot kinematics;Accuracy;Task analysis;Degradation;Smart manufacturing","","9","","45","IEEE","5 Aug 2024","2025","","IEEE","IEEE Journals"
"Game-Based Social Learning Particle Swarm Optimizer for Inverse Kinematics of Robotic Arms","K. Hu; Z. Ma; S. Zou; J. Li; J. Zhang","School of Automation, Beijing Institute of Technology, Beijing, China; School of Automation, Beijing Institute of Technology, Beijing, China; School of Automation, Beijing Institute of Technology, Beijing, China; School of Automation, Beijing Institute of Technology, Beijing, China; School of Automation, Beijing Institute of Technology, Beijing, China",IEEE Robotics and Automation Letters,"4 Jun 2025","2025","10","7","7078","7085","Robot inverse kinematics is the foundation of robotics and an indispensable part of robot development and applications. The inverse kinematics of a robotic arm involves its specific configuration, the non-convex coupling relationships between joints, and the presence of multiple solutions, among other factors. Existing works usually focus on the robotic arm as a whole, emphasizing the pose accuracy of the robot's end-effector, without considering the individuality of each joint. In this letter, the inverse kinematics problem of robotic arms is formulated as a non-convex optimization problem, with the goal of optimizing the contribution of each joint. Game theory is rigorously introduced to convert the optimization problem into a joint game Nash equilibrium (NE) problem. A generalized Lagrange method is used to handle coupling constraints by introducing additional penalty terms into the objective function. We propose a game-based social learning particle swarm optimization (GSLPSO) algorithm that combines NE strategy and social learning mechanism to enhance the problem-solving process. The proposed GSLPSO is compared with existing relevant algorithms and verified on a real-world robotic arm AUBO i16, which proves the superiority and practicality of the proposed algorithm.","2377-3766","","10.1109/LRA.2025.3573627","National Natural Science Foundation of China(grant numbers:62373051); National Natural Science Foundation of China(grant numbers:U22A2048); Fundamental Research Funds for the Central Universities(grant numbers:2024YCXY020); ","https://ieeexplore.ieee.org/stamp/stamp.jsp?arnumber=11015254","Kinematics;Al-based methods;optimization;game theory","Robots;Games;Optimization;End effectors;Kinematics;Arms;Particle swarm optimization;Learning systems;Heuristic algorithms;Linear programming","","2","","28","IEEE","26 May 2025","July 2025","","IEEE","IEEE Journals"
"Reinforcement Learning Driven Multi-Robot Exploration via Explicit Communication and Density-Based Frontier Search","G. Calzolari; V. Sumathy; C. Kanellakis; G. Nikolakopoulos","Department of Computer Science, Electrical and Space Engineering, Robotics and AI Group, Luleå University of Technology, Sweden; Department of Computer Science, Electrical and Space Engineering, Robotics and AI Group, Luleå University of Technology, Sweden; Department of Computer Science, Electrical and Space Engineering, Robotics and AI Group, Luleå University of Technology, Sweden; Department of Computer Science, Electrical and Space Engineering, Robotics and AI Group, Luleå University of Technology, Sweden",2025 IEEE International Conference on Robotics and Automation (ICRA),"2 Sep 2025","2025","","","11406","11412","Collaborative multi-agent exploration of unknown environments is crucial for search and rescue operations. Effective real-world deployment must address challenges such as limited inter-agent communication and static and dynamic obstacles. This paper introduces a novel decentralized collaborative framework based on Reinforcement Learning to enhance multi-agent exploration in unknown environments. Our approach enables agents to decide their next action using an agent-centered field-of-view occupancy grid, and features extracted from A* algorithm-based trajectories to frontiers in the reconstructed global map. Furthermore, we propose a constrained communication scheme that enables agents to share their environmental knowledge efficiently, minimizing exploration redundancy. The decentralized nature of our framework ensures that each agent operates autonomously, while contributing to a collective exploration mission. Extensive simulations in Gymnasium and real-world experiments demonstrate the robustness and effectiveness of our system, while all the results highlight the benefits of combining autonomous exploration with inter-agent map sharing, advancing the development of scalable and resilient robotic exploration systems.","","979-8-3315-4139-2","10.1109/ICRA55743.2025.11128566","","https://ieeexplore.ieee.org/stamp/stamp.jsp?arnumber=11128566","","Navigation;Heuristic algorithms;Redundancy;Collaboration;Reinforcement learning;Robot sensing systems;Feature extraction;Robustness;Trajectory","","2","","25","IEEE","2 Sep 2025","19-23 May 2025","19-23 May 2025","IEEE","IEEE Conferences"
"Heterogeneous Multi-robot Task Allocation and Scheduling via Reinforcement Learning","W. Dai; U. Rai; J. Chiun; Y. Cao; G. Sartoretti","Department of Mechanical Engineering, College of Design and Engineering, National University of Singapore, Singapore; International Institute of Information Technology Hyderabad (IIIT), Hyderabad, India; Department of Mechanical Engineering, College of Design and Engineering, National University of Singapore, Singapore; Department of Mechanical Engineering, College of Design and Engineering, National University of Singapore, Singapore; Department of Mechanical Engineering, College of Design and Engineering, National University of Singapore, Singapore",IEEE Robotics and Automation Letters,"6 Feb 2025","2025","10","3","2654","2661","Many multi-robot applications require allocating a team of heterogeneous agents (robots) with different abilities to cooperatively complete a given set of spatially distributed tasks as quickly as possible. We focus on tasks that can only be initiated when all required agents are present otherwise arrived agents would be waiting idly. Agents need to not only execute a sequence of tasks by dynamically forming and disbanding teams to satisfy/match diverse ability requirements of each task but also account for the schedules of other agents to minimize unnecessary idle time. Conventional methods, such as mix-integer programming generally require centralized scheduling and a long optimization time, which limits their potential for real-world applications. In this work, we propose a reinforcement learning framework to train a decentralized policy applicable to heterogeneous agents. To address the challenge of complex cooperation learning, we further introduce a constrained flashforward mechanism to guide/constrain the agents' exploration and help them make better predictions. Through an attention mechanism that reasons about both short-term cooperation and long-term scheduling dependency, agents learn to reactively choose their next tasks (and subsequent coalitions) to avoid wasting abilities and to shorten the overall task completion time (makespan). We compare our method with State-of-the-Art heuristic and mixed-integer programming methods, demonstrating its generalization ability and showing it closely matches or outperforms these baselines while remaining at least two orders of magnitude faster.","2377-3766","","10.1109/LRA.2025.3534682","Temasek Laboratories(grant numbers:TL/FS/2022/01); ","https://ieeexplore.ieee.org/stamp/stamp.jsp?arnumber=10854527","Planning, scheduling and coordination;multi-robot systems;reinforcement learning","Robots;Robot kinematics;Robot sensing systems;System recovery;Resource management;Schedules;Training;Vectors;Reinforcement learning;Search problems","","36","","37","IEEE","27 Jan 2025","March 2025","","IEEE","IEEE Journals"
"Initial Task Allocation in Multi-Human Multi-Robot Teams: An Attention-Enhanced Hierarchical Reinforcement Learning Approach","R. Wang; D. Zhao; A. Gupte; B. -C. Min","SMART Laboratory, Department of Computer and Information Technology, Purdue University, West Lafayette, IN, USA; College of Mechanical and Electrical Engineering, Beijing University of Chemical Technology, Beijing, China; SMART Laboratory, Department of Computer and Information Technology, Purdue University, West Lafayette, IN, USA; SMART Laboratory, Department of Computer and Information Technology, Purdue University, West Lafayette, IN, USA",IEEE Robotics and Automation Letters,"1 Mar 2024","2024","9","4","3451","3458","Multi-human multi-robot teams (MH-MR) obtain tremendous potential in tackling intricate and massive missions by merging distinct strengths and expertise of individual members. The inherent heterogeneity of these teams necessitates advanced initial task allocation (ITA) methods that align tasks with the intrinsic capabilities of team members from the outset. While existing reinforcement learning approaches show encouraging results, they might fall short in addressing the nuances of long-horizon ITA problems, particularly in settings with large-scale MH-MR teams or multifaceted tasks. To bridge this gap, we propose an attention-enhanced hierarchical reinforcement learning approach that decomposes the complex ITA problem into structured sub-problems, facilitating more efficient allocations. To bolster sub-policy learning, we introduce a hierarchical cross-attribute attention (HCA) mechanism, encouraging each sub-policy within the hierarchy to discern and leverage the specific nuances in the state space that are crucial for its respective decision-making phase. Through an extensive environmental surveillance case study, we demonstrate the benefits of our model and the HCA inside.","2377-3766","","10.1109/LRA.2024.3366414","National Science Foundation(grant numbers:IIS-1846221); ","https://ieeexplore.ieee.org/stamp/stamp.jsp?arnumber=10436714","Human-robot teaming;human-robot collaboration;design and human factors","Task analysis;Resource management;Decision making;Reinforcement learning;Human factors;Robot sensing systems;Hafnium","","21","","22","IEEE","15 Feb 2024","April 2024","","IEEE","IEEE Journals"
"Learning Routing Policy With Spatial Awareness: A Distance-Based Attention Mechanism for Multi-Robot Routing With Time Windows in Multi-Product Delivery","S. Qu; G. Hu","School of Electrical and Electronic Engineering, Nanyang Technological University, Singapore; School of Electrical and Electronic Engineering, Nanyang Technological University, Singapore",IEEE Robotics and Automation Letters,"26 Sep 2025","2025","10","11","11451","11458","Deep Reinforcement Learning (DRL) approaches with Attention Mechanism have shown efficiency and effectiveness for combinatorial optimization problem, such as routing problem for autonomous vehicles (VRP). However, the real-world routing problems often involve intricate constraints and multiple objectives, introducing substantial complexity. Current attention mechanism uniformly treats all the points within service region, neglecting the relative spatial relationship among points, which results in unguided exploration within the large solution space of multi-objective routing problem, leading to a potential distraction dilemma where model struggles to effectively balance multiple objectives. To address this issue, we propose a Distance-Based Attention Mechanism (DBAM) that enhances spatial awareness by incorporating relative spatial relationship information into attention-based model, and implement this model to study a new multi-objective VRP variant: the Capacitated Vehicle Routing Problem with soft Time Windows for Multi-kind products delivery tasks (MKVRPsTW), in which the DRL model is trained to plan routes for a fleet of autonomous vehicles to serve customers with multi-kind products demands, while minimizing the total length, time window violation and balancing route lengths among vehicles. Experimental results reveal that DBAM outperforms the original attention-based DRL methods, graph-based DRL methods, and traditional baselines. Additionally, fine-tuning experiments for balance-oriented objectives further substantiates DBAM's flexibility and stability for quick adaptation.","2377-3766","","10.1109/LRA.2025.3611118","National Research Foundation Singapore; NRF Medium Sized Centre scheme; ","https://ieeexplore.ieee.org/stamp/stamp.jsp?arnumber=11168269","Planning scheduling and coordination;logistics;multi-robot systems;spatial awareness;attention","Routing;Adaptation models;Costs;Attention mechanisms;Training;Reinforcement learning;Encoding;Decoding;Vehicle routing;Vehicle dynamics","","1","","31","IEEE","17 Sep 2025","Nov. 2025","","IEEE","IEEE Journals"
"ArenaSim: A High-Performance Simulation Platform for Multi-Robot Self-Play Learning","Y. Ke; S. Li; Z. Li; H. Li; Y. Liu; Y. He","Shenzhen International Graduate School, Tsinghua University, Shenzhen, China; Shenzhen International Graduate School, Tsinghua University, Shenzhen, China; Shenzhen International Graduate School, Tsinghua University, Shenzhen, China; State Key Laboratory of Multimodal Artificial Intelligence Systems, Institute of Automation, Chinese Academy of Sciences, Beijing, China; Department of Electronic Engineering, Tsinghua University, Beijing, China; Department of Electronic Engineering, Tsinghua University, Beijing, China",IEEE Robotics and Automation Letters,"24 Apr 2025","2025","10","6","5497","5504","In this letter, we introduce ArenaSim, a novel simulation platform designed for realistic and efficient self-play learning in multi-robot cooperative-competitive games. Compared to previous simulation platforms designed for the same task, we achieve fine-grained simulation of the robots with rotatable gimbals and roller-independent mecanum wheels in ArenaSim and validate its fidelity through real-world experiments. To inspire further exploration of this simulation platform, we design a hierarchical structure to address the cooperative-competitive game. The hierarchical structure is composed of a high-level strategy that generates macro actions such as moving and shooting, and a low-level controller that translates these macro actions into precise motion control. Furthermore, we evaluate several self-play algorithms in ArenaSim and present a benchmark. The experiments show that the multi-robot cooperative-competitive game is still challenging for self-play learning. We hope that ArenaSim can further inspire research on self-play learning and multi-robot cooperative-competitive games.","2377-3766","","10.1109/LRA.2025.3557224","National Natural Science Foundation of China(grant numbers:62293545,62425117,62206155); China Postdoctoral Science Foundation(grant numbers:2024T170497); China Postdoctoral Innovation Talents Support Program(grant numbers:BX20230184); ","https://ieeexplore.ieee.org/stamp/stamp.jsp?arnumber=10947320","Multi-robot systems;reinforcement learning;cooperating robots","Games;Robots;Training;Mobile robots;Wheels;Parallel processing;Reinforcement learning;Artificial intelligence;Sports;Friction","","","","38","IEEE","2 Apr 2025","June 2025","","IEEE","IEEE Journals"
"Novel Approach for Design of Autonomous Multi-Robot Networks with Efficient Deployment and Obstacle Avoidance in Unknown Environments","R. Premalatha; A. Vanathi; A. K. Selvam; V. Vakucherla; S. A. Shifani; R. Kamalakannan","Department of ECE, Sathyabama Institute of Science and Technology, Chennai; Department of ECE, Rajalakshmi Institute of Technology, Chennai; Department of Electrical and Electronics Engineering, Sona College of Technology, Salem; Department of Mechanical Engineering, Annamacharya University, Rajampet, Andhra Pradesh; Department of ECE, Saveetha School of Engineering, Saveetha Institute of Medical and Technical Sciences (SIMATS) Saveetha University, Chennai, India; Department of Electronics Engineering (VLSI Design & Technology), S.A. Engineering College, Chennai",2026 International Conference on Electronic Systems and Intelligent Computing (ICESIC),"5 May 2026","2026","","","775","779","An Autonomous Multi-Robot (AMR) system is a network of robots that are connected through ad hoc networks and thus collaborate for different tasks such as exploration and search/rescue. A model named the Autonomous Multi-Robot Energy-efficient Deployment and Docking Optimisation (AMREDO) has been developed which combines several modules such as multi-robot network deployment, LiDAR pre-processing, hybrid docking control, and SNN-based navigation. Through a weighted utility function, the components of the model command navigation, network formation, and docking in complex environments, thereby increasing the efficiency of operations. They minimize the noise in LiDAR scans. The hybrid docking control method integrates visual perception and LiDAR alignment for staging docking phases based on a Finite State Machine (FSM) architecture. The visual PID controller helps the drone in its movements through detection and alignment, whereas the SNN-based Navigation module changes the sensor inputs into spiking neural signals for enhanced decision-making. The evaluation of the method is a precision & recall graph of 0.98, a precision of 1.00, a recall of $0.03, \mathrm{~F} 1$-score graph of 0.88.","","979-8-3195-2017-3","10.1109/ICESIC67389.2026.11496603","","https://ieeexplore.ieee.org/stamp/stamp.jsp?arnumber=11496603","Autonomous Multi-Robot (AMR) network;Multi-Robot Energy-efficient Deployment;LiDAR pre-processing;hybrid docking control and SNN-based Navigation","Antenna arrays;Dielectric resonator antennas;Antennas;Feedback;Circuits;Contacts;Very large scale integration;Circuits and systems;Communication systems;Internet of Things","","","","17","IEEE","5 May 2026","13-14 March 2026","13-14 March 2026","IEEE","IEEE Conferences"
"Advancing Multi-Robot Task Allocation: A Comprehensive Review of Emerging Trends and Challenges","S. I. D. Bakhat; I. Ullah; X. Bai; W. Zhang; J. Li; S. S. Ge","College of Mechatronics and Control Engineering, Shenzhen University, Shenzhen, China; Department of Computer Engineering, Gachon University, Seongnam, Republic of Korea; National Engineering Laboratory for Big Data System Computing Technology, Shenzhen University, Shenzhen, China; Department of Automation, Shanghai Jiao Tong University, Shanghai, China; College of Computer Science and Software Engineering, Shenzhen University, Shenzhen, China; Department of Electrical and Computer Engineering, National University of Singapore, Singapore",IEEE Internet of Things Journal,"","2026","PP","99","1","1","This survey advances understanding of Multi-Robot Task Allocation (MRTA), a foundational problem in robotics for optimizing fleet performance across diverse scenarios. We propose a unified formulation that integrates taxonomies and equation-level templates, capturing core variants such as instantaneous/time-extended allocation (IA/TA), single/multi-robot tasks (SR/MR), and single/multi-task robots (ST/MT), and extending to stochastic and human-aware scenarios. Surveying algorithmic landscapes, we cover optimization-based techniques, market/auction heuristics, and learning innovations (Deep Reinforcement Learning (DRL)/Multi-Agent Reinforcement Learning (MARL) with centralized training, decentralized execution, and attention encoders), emphasizing post-2021 hybrids for dynamic environments. We provide in-depth analyses of challenges such as scalability in swarms, real-time decision-making under uncertainty, communication robustness, and safety, supported by comparative tables and practitioner cheat sheets. Unlike prior work, our review prioritizes progress metrics, limitations, and deployment selection criteria. Looking forward, we propose directions in AI-augmented MRTA (e.g., LLM-driven orchestration, edge-enabled verification), federated learning for decentralization, and human-aware ethics, offering a strategic roadmap for scalable, intelligent multi-robot coordination with societal and industrial impact.","2327-4662","","10.1109/JIOT.2026.3699696","Shenzhen Natural Science Fund through the Stable Support Plan Program(grant numbers:20220809175803001); Natural Science Foundation of Guangdong Province(grant numbers:2024A1515011204); Open Fund of National Engineering Laboratory for Big Data System Computing Technology(grant numbers:SZU-BDSC-OF2024-15); National Natural Science Foundation of China(grant numbers:62003217,62373255); ","https://ieeexplore.ieee.org/stamp/stamp.jsp?arnumber=11550126","Multi-Robot Task Allocation;Auctions/CBBA;Mixed-Integer Optimization;Metaheuristics;Deep/Multi-Agent Reinforcement Learning;Communication-Constrained Coordination","Robots;Modeling;Timing;Optimization;Resource management;Learning (artificial intelligence);Windows;Limiting;Internet of Things;Costing","","","","","IEEE","3 Jun 2026","","","IEEE","IEEE Early Access Articles"
"Multi-Robot Persistent Environmental Monitoring Based on Constraint-Driven Execution of Learned Robot Tasks","G. Notomista; C. Pacchierotti; P. R. Giordano","CNRS, Univ Rennes, Inria, IRISA, Rennes, France; CNRS, Univ Rennes, Inria, IRISA, Rennes, France; CNRS, Univ Rennes, Inria, IRISA, Rennes, France",2022 International Conference on Robotics and Automation (ICRA),"12 Jul 2022","2022","","","6853","6859","This paper considers a multi-robot team tasked with monitoring an environmental field of interest over long time horizons. The approach is based on a control-theoretic measure of the information collected by the robots, namely a norm of the constructability Gramian. This measure is leveraged in order to learn a distributed multi-robot control policy using the reinforcement learning paradigm. The learned policy is then combined with energy constraints using the constraint-driven control framework in order to achieve persistent environmental monitoring. The proposed approach is tested in a simulated multi-robot persistent environmental monitoring scenario where a team of robots with limited availability of energy is to be controlled in a coordinated fashion in order to estimate the concentration of a gas diffusing in the environment.","","978-1-7281-9681-7","10.1109/ICRA46639.2022.9811673","ANR(grant numbers:ANR-20-CHIA-0017); ","https://ieeexplore.ieee.org/stamp/stamp.jsp?arnumber=9811673","","Automation;Robot kinematics;Estimation;Reinforcement learning;Control theory;Batteries;Environmental monitoring","","14","","27","IEEE","12 Jul 2022","23-27 May 2022","23-27 May 2022","IEEE","IEEE Conferences"
"An Intention-Guided Reinforcement Learning Approach With Dirichlet Energy Constraint for Heterogeneous Multi-Robot Cooperation","H. Zhang; Y. Jia; Z. Sun; Y. Song; B. Pang; X. Yuan; R. Song; S. X. Yang","School of Mechanical, Electrical and Information Engineering, Shandong University, Weihai, China; Department of Mechanical and Aerospace Engineering, The Hong Kong University of Science and Technology, Hong Kong, SAR, China; School of Mechanical, Electrical and Information Engineering, Shandong University, Weihai, China; School of Mechanical, Electrical and Information Engineering, Shandong University, Weihai, China; School of Mechanical, Electrical and Information Engineering, Shandong University, Weihai, China; School of Mechanical, Electrical and Information Engineering, Shandong University, Weihai, China; School of Control Science and Engineering, Shandong University, Jinan, China; Advanced Robotics and Intelligent Systems Laboratory, University of Guelph, Guelph, ON, Canada",IEEE Robotics and Automation Letters,"17 Dec 2025","2026","11","2","1450","1457","Multi-robot systems have demonstrated significant potential in accomplishing complex tasks, such as cooperative pursuit, search-and-rescue operations. The emergence of heterogeneous robots with diverse capabilities and characteristics shows superior adaptability compared with homogeneous teams. However, in practical applications, global information is typically inaccessible, and composite teams must contend with partial observability and coordination difficulties. To address the issue in heterogeneous multi-robot systems, we propose a novel Intention-Guided reinforcement learning approach with Dirichlet Energy constraint (IGDE). Specifically, an intention-guided module is designed to derive long-horizon strategies based solely on local observations, enabling foresighted decision-making. In addition, a Dirichlet energy constraint is incorporated into the communication process to enhance the diversity of environmental cognition among different classes of robots. Heterogeneous robots perform class-aware actions driven by distinct cognitive representations, thereby enhancing cooperative efficiency. Notably, our approach alleviates the need of prior knowledge and heterogeneity modeling. Extensive comparative experiments and ablation studies verify the effectiveness of the proposed framework. Additionally, real-world deployment is conducted to demonstrate the practicality.","2377-3766","","10.1109/LRA.2025.3643304","Shandong Natural Science Foundation of Shandong(grant numbers:ZR2024MF031); Technological Innovation Guidance Program of Shandong Province(grant numbers:YDZX2024090); National Natural Science Foundation of China(grant numbers:62203266,62373225); National Natural Science Joint Foundation of China(grant numbers:U2013204); ","https://ieeexplore.ieee.org/stamp/stamp.jsp?arnumber=11297784","Multi-robot systems;reinforcement learning;distributed robot systems","Robots;Robot kinematics;Multi-robot systems;Reinforcement learning;Observability;Training;Collaboration;Trajectory;Decision making;Robot sensing systems","","","","26","IEEE","11 Dec 2025","Feb. 2026","","IEEE","IEEE Journals"
"Differentiable Function-Based Control for Multi-Robot Systems in Pursuit-Evasion Games","Z. Zhang; L. Zhang; X. Guo","The School of Marine Science and Technology, Northwestern Polytechnical University, Xi’an, China; The School of Automation, Northwestern Polytechnical University, Xi’an, China; The School of Marine Science and Technology, Northwestern Polytechnical University, Xi’an, China",2025 International Conference on Advanced Robotics and Mechatronics (ICARM),"22 Dec 2025","2025","","","628","633","This paper investigates pursuit-evasion games in the context of multi-player differential games, focusing on the problem of N pursuers versus M evaders. By employing differentiable distance approximation functions, strategies for both pursuers and evaders are derived. Differentiable approximation functions are utilized to approximate the performance index functions for both sides. Evasion and pursuit strategies are formulated based on these approximations, and a control method is proposed to enable the robots to execute the strategies accurately. Simulation results demonstrate the effectiveness of the proposed strategies, showing that all evaders are eventually captured by the pursuers.","2993-4990","979-8-3315-0307-9","10.1109/ICARM65671.2025.11293496","Key Research and Development Program of Shaanxi(grant numbers:2024GX-YBXM-291,52471349,U21B2047); ","https://ieeexplore.ieee.org/stamp/stamp.jsp?arnumber=11293496","","Mechatronics;Reviews;Simulation;Focusing;Games;Differential games;Performance analysis;Trajectory;Multi-robot systems;Robots","","","","19","IEEE","22 Dec 2025","1-3 Aug. 2025","1-3 Aug. 2025","IEEE","IEEE Conferences"
"Double-Layer Multi-robot Path Planner based on Deep Multiple Dueling Network Agent","M. Zhao; Q. Wu; W. Zhao; R. Lin","School of Mechanical and Electrical Engineering, Soochow University, Jiangsu Prov, China; School of Mechanical and Electrical Engineering, Soochow University, Jiangsu Prov, China; School of Mechanical and Electrical Engineering, Soochow University, Jiangsu Prov, China; School of Mechanical and Electrical Engineering, Soochow University, Jiangsu Prov, China",2023 IEEE International Conference on Robotics and Biomimetics (ROBIO),"22 Dec 2023","2023","","","1","8","With its advantages of high efficiency and robustness, the multiple robots system has better application prospects in dynamic and complex environments, such as smart factories. However, when the number of robots increases, it is critical to efficiently coordinate congestion and jams among robots. To address this problem, we design the Double-Layer Multi-robot Path Planner to coordinate the robot conflicts. In the Collaboration Layer, we propose a Deep Multiple Dueling Network Agent( DMDNA) for node distribution based on the idea of forward node distribution to coordinate the path conflict problem of multiple robots. In DMDNA, we design the Multiple Dueling Network(MDN) model based on the DDQN network structure to address the high dimensional discrete action space problem in multiple robots. In addition, to overcome the characteristics of discrete and sparse rewards of reinforcement learning, we add the Hindsight Experience Replay(HER) experience replay strategy in the training of DMDNA. The experience of primary sequences is cut and reused to improve the utilization of samples. In the Motion Layer, we propose the Adaptive-DWA(A-DWA) algorithm, which adds the Target Function. According to the Target Function, the forward simulation time and weight of the evaluation function can be dynamically changed to improve the efficiency of local path planning and dynamic obstacle avoidance. The final experimental results show that the Double-Layer Multi-robot Path Planner based on DMDNA has better success rate and time cost than traditional reinforcement learning methods in solving multi-robot path planning problems. Relevant experimental code: https://github.com/WILL-ZHAO-1/DMDNACODE.git.","","979-8-3503-2570-6","10.1109/ROBIO58561.2023.10354839","National Natural Science Foundation of China; ","https://ieeexplore.ieee.org/stamp/stamp.jsp?arnumber=10354839","","Training;Costs;Robot kinematics;Heuristic algorithms;Dynamics;Reinforcement learning;Path planning","","","","18","IEEE","22 Dec 2023","4-9 Dec. 2023","4-9 Dec. 2023","IEEE","IEEE Conferences"
"A Detailed Review of Swarm Robotics and its Significance","S. Rooban; M. Javaraiu; I. T. J. S; P. P. Sagar","Department of Electronics and Communication Engineering, Koneru Lakshmaiah Education Foundation, Guntur, Andhra Pradesh, INDIA; Department of Electronics and Communication Engineering, Koneru Lakshmaiah Education Foundation, Guntur, Andhra Pradesh, INDIA; Department of Computer Science and Engineering, Koneru Lakshmaiah Education Foundation, Guntur, Andhra Pradesh, INDIA; Department of Electronics and Communication Engineering, Koneru Lakshmaiah Education Foundation, Guntur, Andhra Pradesh, INDIA",2022 International Conference on Sustainable Computing and Data Communication Systems (ICSCDS),"27 Apr 2022","2022","","","797","802","Swarm robots are a group of macro robots which are controlled by an actual leader or virtual leader from that group. When the world is moving into the nano technology, its mandatory to upgrade our robotic system into the nano or mini robotic systems. But the nano robots are limited with performing the complex task. To overcome this limitations, group of nano robots are operated in such a way to perform the complex operations. The main discussion in this paper is a small overview on the swarm robotics. Present situations researchers are facing multiple problems and some of them are found some solutions but mostly swarm robotics are having more problems which are needs to be addressed. The main predicament in swarm robotics is that swarm control and unavailability of coordinated algorithm for a particular application. This paper helps the researchers to understand effectively about the swarm robotics.","","978-1-6654-7884-7","10.1109/ICSCDS53736.2022.9760883","","https://ieeexplore.ieee.org/stamp/stamp.jsp?arnumber=9760883","Swarm robotics;Beetle swarm optimization algorithm;Behavior and controls of swarm robotics;Nano robots;Robotic technology","Robot kinematics;Computational modeling;Swarm robotics;Data models;Classification algorithms;Data communication;Particle swarm optimization","","11","","36","IEEE","27 Apr 2022","7-9 April 2022","7-9 April 2022","IEEE","IEEE Conferences"
"Learning Policies for Dynamic Coalition Formation in Multi-Robot Task Allocation","L. C. D. Bezerra; A. M. G. d. Santos; S. Park","Division of Computer, Electrical and Mathematical Sciences and Engineering (CEMSE), King Abdullah University of Science and Technology (KAUST), Thuwal, Kingdom of Saudi Arabia; Department of Electrical Engineering, Federal University of Sergipe (UFS), São Cristóvão, Sergipe, Brazil; Division of Computer, Electrical and Mathematical Sciences and Engineering (CEMSE), King Abdullah University of Science and Technology (KAUST), Thuwal, Kingdom of Saudi Arabia",IEEE Robotics and Automation Letters,"1 Aug 2025","2025","10","9","9216","9223","We propose a decentralized, learning-based framework for dynamic coalition formation in Multi-Robot Task Allocation (MRTA). Our approach extends MAPPO by integrating spatial action maps, robot motion planning, intention sharing, and task allocation revision to enable effective and adaptive coalition formation. Extensive simulation studies confirm the effectiveness of our model, enabling each robot to rely solely on local information to learn timely revisions of task selections and form coalitions with other robots to complete collaborative tasks. The results also highlight the proposed framework's ability to handle large robot populations and adapt to scenarios with diverse task sets.","2377-3766","","10.1109/LRA.2025.3592080","King Abdullah University of Science and Technology; ","https://ieeexplore.ieee.org/stamp/stamp.jsp?arnumber=11091462","Multi-robot systems;cooperating robots;reinforcement learning","Robot kinematics;Robot sensing systems;Resource management;Training;Planning;Sensors;STEM;Observability;Heuristic algorithms;Dynamics","","9","","40","IEEE","23 Jul 2025","Sept. 2025","","IEEE","IEEE Journals"
"Destination-to-Chutes Task Mapping Optimization for Multi-Robot Coordination in Robotic Sorting Systems","Y. Zhang; A. O. G. Barbosa; F. Pecora; J. Li","Robotics Institute, Carnegie Mellon University; Amazon Robotics; Amazon Robotics; Robotics Institute, Carnegie Mellon University",2025 IEEE International Symposium on Multi-Robot and Multi-Agent Systems (MRS),"28 Jan 2026","2025","","","1","7","We study optimizing a destination-to-chutes task mapping to improve throughput in Robotic Sorting Systems (RSS), where a team of robots sort packages on a sortation floor by transporting them from induct workstations to eject chutes based on their shipping destinations (e.g. Los Angeles or Pittsburgh). The destination-to-chutes task mapping is used to determine which chutes a robot can drop its package. Finding a high-quality task mapping is challenging because of the complexity of a real-world RSS. First, optimizing task mapping is interdependent with robot target assignment and path planning. Second, chutes will be CLOSED for a period of time once they receive sufficient packages to allow for downstream processing. Third, task mapping quality directly impacts the downstream processing, as scattered chutes for the same destination increase package handling time. In this paper, we first formally define task mappings and the problem of Task Mapping Optimization (TMO). We then present a simulator of RSS to evaluate task mappings. We then present a simple TMO method based on the Evolutionary Algorithm and Mixed Integer Linear Programming, demonstrating the advantage of our optimized task mappings over the greedily generated ones in various RSS setups with different map sizes, numbers of chutes, and destinations. Finally, we use Quality Diversity algorithms to analyze the throughput of a diverse set of task mappings. Our code is available online at https://github.com/lunjohnzhang/tmo_public.","","979-8-3315-9359-9","10.1109/MRS66243.2025.11357255","National Science Foundation(grant numbers:2441629); ","https://ieeexplore.ieee.org/stamp/stamp.jsp?arnumber=11357255","","Robot kinematics;Evolutionary computation;Throughput;Path planning;Workstations;Mixed integer linear programming;Optimization;Floors;Sorting;Multi-agent systems","","","","42","IEEE","28 Jan 2026","4-5 Dec. 2025","4-5 Dec. 2025","IEEE","IEEE Conferences"
"Task-priority Intermediated Hierarchical Distributed Policies: Reinforcement Learning of Adaptive Multi-robot Cooperative Transport","Y. Naito; T. Jimbo; T. Odashima; T. Matsubara","R-Frontier Division, Frontier Research Center, Toyota Motor Corporation, Aichi, Japan; Toyota Central R&D LABS., Inc., Aichi, Japan; R-Frontier Division, Frontier Research Center, Toyota Motor Corporation, Aichi, Japan; Graduate School of Information Science, Nara Institute of Science and Technology (NAIST), Nara, Japan",2025 IEEE/SICE International Symposium on System Integration (SII),"12 Feb 2025","2025","","","1556","1562","Multi-robot cooperative transport is crucial in logistics, housekeeping, and disaster response. However, it poses significant challenges in environments where objects of various weights are mixed and the number of robots and objects varies. This paper presents Task-priority Intermediated Hierarchical Distributed Policies (TIHDP), a multi-agent Reinforcement Learning (RL) framework that addresses these challenges through a hierarchical policy structure. TIHDP consists of three layers: task allocation policy (higher layer), dynamic task priority (intermediate layer), and robot control policy (lower layer). Whereas the dynamic task priority layer can manipulate the priority of any object to be transported by receiving global object information and communicating with other robots, the task allocation and robot control policies are restricted by local observations/actions so that they are not affected by changes in the number of objects and robots. Through simulations and real-robot demonstrations, TIHDP shows promising adaptability and performance of the learned multi-robot cooperative transport, even in environments with varying numbers of robots and objects.","2474-2325","979-8-3315-3161-4","10.1109/SII59315.2025.10870944","","https://ieeexplore.ieee.org/stamp/stamp.jsp?arnumber=10870944","","Adaptation models;Adaptive systems;Disasters;Robot control;Reinforcement learning;System integration;Dynamic scheduling;Resource management;Manipulator dynamics;Logistics","","1","","18","IEEE","12 Feb 2025","21-24 Jan. 2025","21-24 Jan. 2025","IEEE","IEEE Conferences"
"Control of swarm robotics in Webots with PSO","L. TÜRKLER; T. Akkan; L. Ö. AKKAN","The Graduate School of Natural and Applied Sciences, Dokuz Eylul University, Izmir, TURKEY; Izmir Vocational School, Dokuz Eylul University, Izmir, TURKEY; Izmir Vocational School, Dokuz Eylul University, Izmir, TURKEY","2021 3rd International Congress on Human-Computer Interaction, Optimization and Robotic Applications (HORA)","25 Jun 2021","2021","","","1","6","In this study, robot movements were created in Webots simulation environment with Particle Swarm optimization algorithm to implement collective task behaviors in swarm robots. In addition to the basic PSO equation, the physical conditions necessary for the robots' movements to reach the desired point are discussed. For this study, the simulator environment was preferred instead of the real world. In the meantime, by introducing the existing simulator programs, information about the Webots simulation program was given and the working architectures were introduced.","","978-1-6654-4058-5","10.1109/HORA52670.2021.9461388","","https://ieeexplore.ieee.org/stamp/stamp.jsp?arnumber=9461388","PSO;optimization;Swarm Robotics;Webots;Simulator","Human computer interaction;Swarm robotics;Mathematical model;Task analysis;Particle swarm optimization;Robots;Optimization","","4","","12","IEEE","25 Jun 2021","11-13 June 2021","11-13 June 2021","IEEE","IEEE Conferences"
"Demo: Towards 6G-Enabled Multi-Robot Process Orchestration in Complex Logistics Environments","J. Freytag; I. F. Priyanta; R. Ahlbäumer; S. Kauffmann; J. Emmerich","IoT and Embedded Systems Fraunhofer-Institute for Material Flow and Logistics, Dortmund, Germany; Chair of Materials Handling and Warehousing, Technical University of Dortmund, Dortmund, Germany; IoT and Embedded Systems Fraunhofer-Institute for Material Flow and Logistics, Dortmund, Germany; IoT and Embedded Systems Fraunhofer-Institute for Material Flow and Logistics, Dortmund, Germany; IoT and Embedded Systems Fraunhofer-Institute for Material Flow and Logistics, Dortmund, Germany",2025 IEEE 50th Conference on Local Computer Networks (LCN),"15 Sep 2025","2025","","","1","4","Autonomous mobile robots increasingly rely on sensor-rich perception and compute-intensive processing, posing challenges for energy efficiency and latency in dynamic environments. In this work, we present a Kubernetes-based implementation of the Human-Enhanced Robot Orchestration (HERO) framework, enabling context-aware, real-time robot process orchestration across cloud-edge nodes. Computation-intensive processes such as visual and LiDAR Simultaneous Localization and Mapping (SLAM), radar-based collision avoidance with 6G-driven Joint-Communication and Sensing (JCAS) functionalities, and environment segmentation, are deployed dynamically based on environmental information, resource availability, network quality, and battery status of the robot systems. The framework is based on a microservice architecture that offers dynamic and adaptive workload placement and live migration of robotic containers across a 5G campus network. In this work, we demonstrate and evaluate the framework by comparing it to other process orchestration strategies. Our evaluation shows that the implemented framework offers longer process times without interruptions while maintaining efficiency in network usage and energy consumption. This is a first step towards enabling seamless dynamic and adaptive multi-robot process orchestration, exemplifying the future of cloud-native, AI-driven mobile networks and underlining its potential for intelligent fleet coordination and energy-efficient robot process execution.","2832-1421","979-8-3315-3703-6","10.1109/LCN65610.2025.11146333","","https://ieeexplore.ieee.org/stamp/stamp.jsp?arnumber=11146333","Robotic Process Orchestration;Context-Aware Offloading;Kubernetes;ROS;Multi-Robot Systems","6G mobile communication;Cloud computing;Adaptive systems;Simultaneous localization and mapping;Runtime;Robot kinematics;Energy efficiency;Collision avoidance;Robots;Edge computing","","","","11","IEEE","15 Sep 2025","13-16 Oct. 2025","13-16 Oct. 2025","IEEE","IEEE Conferences"
"Emulating Human-Like Cognition for Heterogeneous Multi-Robot Exploration in Unknown Hazardous Environments","Z. Zhao; Z. Liu; H. Wang","School of Automation and Intelligent Sensing, Shanghai Jiao Tong University Shanghai Key Laboratory of Navigation and Location Based Services, Shanghai, China; School of Automation and Intelligent Sensing, Shanghai Jiao Tong University Shanghai Key Laboratory of Navigation and Location Based Services, Shanghai, China; School of Automation and Intelligent Sensing, Shanghai Jiao Tong University Shanghai Key Laboratory of Navigation and Location Based Services, Shanghai, China",2026 14th International Conference on Intelligent Control and Information Processing (ICICIP),"10 Mar 2026","2026","","","411","420","Autonomous exploration in hazardous and partially unknown environments presents critical challenges for multi-robot systems, including limited communication, environmental uncertainty, and the need for both fast reactive responses and long-term strategic planning. Inspired by the dual-system theory of human cognition, we propose a heterogeneous hierarchical multi-robot exploration framework that integrates a fast reactive system (expendable robots) with a slow deliberative system (local pivotal robot and a global brain robot). The global brain robot performs global reasoning, frontier detection, and optimal goal assignment, while local pivotal robots mediate task allocation and local coordination, and expendable robots execute real-time navigation and sensing. The system incorporates self-organizing communication and adaptive role reassignment, enabling resilience under partial network failures and dynamic hazards. Extensive simulations in structured and randomly generated environments demonstrate that our framework outperforms traditional centralized approaches in task success, coverage, and exploration efficiency, validating the effectiveness of combining cognitive-inspired hierarchy with self-organization for autonomous multi-robot exploration. Real-world experiments demonstrate our practical effectiveness and applicability.","2835-9577","979-8-3315-9520-3","10.1109/ICICIP67436.2026.11417619","","https://ieeexplore.ieee.org/stamp/stamp.jsp?arnumber=11417619","","Uncertainty;Three-dimensional displays;Robot kinematics;Voting;Strategic planning;Robot sensing systems;Cognition;Hazards;Sensors;Resilience","","","","26","IEEE","10 Mar 2026","21-24 Feb. 2026","21-24 Feb. 2026","IEEE","IEEE Conferences"
"An Optimised Robot Swarm Flocking with Genetic Algorithm","M. Bahaidarah; O. Marjanovic; F. Rekabi-Bana; F. Arvin","Department of Electrical & Electronic Engineering, The University of Manchester, Manchester, UK; Department of Electrical & Electronic Engineering, The University of Manchester, Manchester, UK; Department of Computer Science, Durham University, Durham, UK; Department of Computer Science, Durham University, Durham, UK",2023 IEEE International Conference on Mechatronics and Automation (ICMA),"22 Aug 2023","2023","","","1823","1828","Collective motion (CM) is a behaviour frequently seen in social animals, such as bird flocks and fish schools. The CM in swarm robotics could be achieved via virtual forces between the robots that coordinate the movements of the swarm. Traditionally, the control parameters of the CM model are fine-tuned empirically to achieve a coordinated movement of robots in a swarm, which is a challenging task and only works for a specific scenario. To address this, the genetic algorithm optimisation method is employed to identify the optimal values for enhancing CM performance and ensuring perfect alignment within the swarm. This paper focuses on two primary objectives to attain superior CM behaviour while conserving energy: i) minimising the virtual forces exerted among the robots and ii) maximising the alignment of the swarm’s headings. The simulation results showed a significant improvement compared to the state-of-the-art CM mechanism. Furthermore, the optimised parameters provide stability to the swarm, enabling it to maintain its structural integrity throughout the simulation.","2152-744X","979-8-3503-2084-8","10.1109/ICMA57826.2023.10216067","","https://ieeexplore.ieee.org/stamp/stamp.jsp?arnumber=10216067","Swarm Robotics;Collective Motion;optimisation;Flocking;Genetic Algorithm","Shape;Robot kinematics;Simulation;Force;Optimization methods;Swarm robotics;Stability analysis","","8","","27","IEEE","22 Aug 2023","6-9 Aug. 2023","6-9 Aug. 2023","IEEE","IEEE Conferences"
"SMC-Searcher: Signal Mediated Coordination for Decentralized Multi-Robot Adversarial Moving Target Search","Q. Peng; H. Guo; B. Li; C. -Y. Wen; Y. Jin","Department of Aeronautical and Aviation Engineering, Hong Kong Polytechnic University, Hong Kong; College of Computer Science, Sichuan University (SCU), Chengdu, China; School of Engineering, University of Newcastle, Callaghan, NSW, Australia; Department of Aeronautical and Aviation Engineering, Hong Kong Polytechnic University, Hong Kong; School of Engineering, Westlake University, Hangzhou, China",IEEE Transactions on Emerging Topics in Computational Intelligence,"24 Sep 2025","2025","9","5","3399","3412","This paper investigates the multi-robot adversarial search (MuRAS) problem, which requires coordinating a team of mobile robots to search for one adversarially moving target in discrete environments. One unique challenge that MuRAS poses to the multi-robot search community in comparison to the canonical multi-robot efficient search (MuRES) problem is that the target adapts its motion model to avoid being detected by the robot team, rendering the environment non-stationary and degrading the performance of most MuRES solutions. In this paper, we first formulate MuRAS as a minimax optimization problem, i.e., the zero sum game, and then propose an algorithm, namely SMC-Searcher, a signal mediated coordination method for decentralized adversarial moving target search. SMC-Searcher enhances the canonical multi-robot search strategy by injecting a global coordination signal that prompts different and thus diversified search strategies for each robot. We demonstrate that SMC-Searcher achieves the best performance, in terms of the target's expected capture time when compared to existing multi-robot search strategies, with a simple yet illustrative example, and further compare its performance with state-of-the-art multi-robot search strategies in two canonical multi-robot search environments, namely OFFICE and MUSEUM. Additionally, SMC-Searcher is integrated into a real multi-robot system for moving target search in a self-constructed indoor environment.","2471-285X","","10.1109/TETCI.2025.3526263","Research Center for Unmanned Autonomous Systems, Hong Kong Polytechnic University, Hong Kong, SAR, China(grant numbers:CE55,CE0F); ","https://ieeexplore.ieee.org/stamp/stamp.jsp?arnumber=10844510","Cross entropy regularization;diversified search strategy;multi-robot adversarial search;signal mediated coordination;SMC-Searcher","Robot kinematics;Search problems;Training;Reinforcement learning;Multi-robot systems;Heuristic algorithms;Game theory;Dynamics;Mobile robots;Algorithm design and analysis","","1","","35","IEEE","17 Jan 2025","Oct. 2025","","IEEE","IEEE Journals"
"Decentralized Function Approximated Q-Learning in Multi-Robot Systems For Predator Avoidance","R. Konda; H. M. La; J. Zhang","Department of Mechanical Engineering, University of Nevada, Reno, USA; Department of Computer Science and Engineering, University of Nevada, Reno, USA; Department of Mechanical Engineering, University of Nevada, Reno, USA",IEEE Robotics and Automation Letters,"14 Aug 2020","2020","5","4","6342","6349","The nature-inspired behavior of collective motion is found to be an optimal solution in swarming systems for predator avoidance and survival. In this work, we propose a two-level control architecture for multi-robot systems (MRS), which leverages the advantages of flocking control and function approximated reinforcement learning for predator avoidance task. Reinforcement learning in multi-agent systems has gained a tremendous amount of interest in recent few years. Computationally intensive architectures such as deep reinforcement learning and actor-critic approaches have been extensively developed and have proved to be extremely efficient. The proposed approach, comprising of cooperative function approximated Q-learning, is applied such that it ensures formation maintenance in MRS while predator avoidance. A consensus filter is incorporated into the control architecture, to sense predators in close vicinity in a distributed and cooperative fashion to ensure consensus on states among the robots in the system. The proposed approach is proved to be convergent and results in superior performance in unexplored states and reduced number of variables. Simulation results confirm the effectiveness of the proposed approach over existing methods. We expect that the proposed approach can be conveniently applied to many other areas with little modifications, such as fire-fighting robots, surveillance and patrolling robots.","2377-3766","","10.1109/LRA.2020.3013920","National Science Foundation(grant numbers:NSF-CAREER: 1846513,NSF-PFI-TT: 1919127); U.S. Department of Transportation; Office of the Assistant Secretary for Research and Technology(grant numbers:69A3551747126); INSPIRE University Transportation Center; ","https://ieeexplore.ieee.org/stamp/stamp.jsp?arnumber=9157980","Multi-robot systems;obstacle avoidance;reinforcement learning","Robot sensing systems;Robot kinematics;Learning (artificial intelligence);Computer architecture;Approximation algorithms;Multi-robot systems","","28","","38","IEEE","4 Aug 2020","Oct. 2020","","IEEE","IEEE Journals"
"Transferability in the Automatic Off-Line Design of Robot Swarms: From Sim-to-Real to Embodiment and Design-Method Transfer Across Different Platforms","M. Kegeleirs; D. G. Ramos; K. Hasselmann; L. Garattoni; G. Francesca; M. Birattari","IRIDIA, Université libre de Bruxelles, Brussels, Belgium; IRIDIA, Université libre de Bruxelles, Brussels, Belgium; Royal Military Academy, Brussels, Belgium; Toyota Motor Europe, Brussels, Belgium; Toyota Motor Europe, Brussels, Belgium; IRIDIA, Université libre de Bruxelles, Brussels, Belgium",IEEE Robotics and Automation Letters,"9 Feb 2024","2024","9","3","2758","2765","Automatic off-line design is an attractive approach to implementing robot swarms. In this approach, a designer specifies a mission to be accomplished by the swarm, and an optimization process generates suitable control software for the individual robots through computer-based simulations. Most relevant literature has focused on effectively transferring control software from simulation to physical robots. Here, we investigate 1)whether the design methods that generate control software are transferable across robot platforms and 2)whether control software generated via such methods is itself transferable.  We experiment with two ground mobile platforms with equivalent functional capabilities. Our measure of transferability is based on the performance drop observed when control software and/or design methods are ported from one platform to another. Results indicate that, while the control software generated via automatic design is possibly transferable, better performance can be achieved when a transferable method is directly applied to the new platform.","2377-3766","","10.1109/LRA.2024.3360013","Belgium's Wallonia-Brussels Federation; ARC Advanced project GbO-Guaranteed by Optimization; Belgian Fonds de la Recherche Scientifique—FNRS; Colombian Ministry of Science, Technology and Innovation—Minciencias; ","https://ieeexplore.ieee.org/stamp/stamp.jsp?arnumber=10416330","Automatic design;swarm robotics;transferability;methods and tools for robot system design;evolutionary robotics","Software;Robot sensing systems;Design methodology;Behavioral sciences;Swarm robotics;Reinforcement learning;Optimization","","10","","46","IEEE","29 Jan 2024","March 2024","","IEEE","IEEE Journals"
"Reinforced Potential Field for Multi-Robot Motion Planning in Cluttered Environments","D. Zhang; X. Zhang; Z. Zhang; B. Zhu; Q. Zhang","School of Aeronautics and Astronautics, Sun Yatsen University, Shenzhen, P.R. China; School of Aeronautics and Astronautics, Sun Yatsen University, Shenzhen, P.R. China; School of Aeronautics and Astronautics, Sun Yatsen University, Shenzhen, P.R. China; School of Aeronautics and Astronautics, Sun Yatsen University, Shenzhen, P.R. China; School of Aeronautics and Astronautics, Sun Yatsen University, Shenzhen, P.R. China",2023 IEEE/RSJ International Conference on Intelligent Robots and Systems (IROS),"13 Dec 2023","2023","","","699","704","Motion planning is challenging for multiple robots in cluttered environments without communication, especially in view of real-time efficiency, motion safety, distributed computation, and trajectory optimality, etc. In this paper, a reinforced potential field method is developed for distributed multi-robot motion planning, which is a synthesized design of reinforcement learning and artificial potential fields. An observation embedding with a self-attention mechanism is presented to model the robot-robot and robot-environment interactions. A soft wall-following rule is developed to improve the trajectory smoothness. Our method belongs to reactive planning, but environment properties are implicitly encoded. The total amount of robots in our method can be scaled up to any number. The performance improvement over a vanilla APF and RL method has been demonstrated via numerical simulations. Experiments are also performed using quadrotors to further illustrate the competence of our method.","2153-0866","978-1-6654-9190-7","10.1109/IROS55552.2023.10342416","National Nature Science Foundation of China(grant numbers:62103451); Shenzhen Science and Technology Program(grant numbers:JCYJ20220530145209021); Ministry of Education of China(grant numbers:2021ZYA02017); ","https://ieeexplore.ieee.org/stamp/stamp.jsp?arnumber=10342416","","Heuristic algorithms;Dynamics;Reinforcement learning;Numerical simulation;Robot sensing systems;Real-time systems;Planning","","5","","25","IEEE","13 Dec 2023","1-5 Oct. 2023","1-5 Oct. 2023","IEEE","IEEE Conferences"
"Quantum-Inspired approaches to Multi-robot Scheduling and Control using QAOA and VQE","R. S; J. M; M. S; B. A. Kumar; S. Balaji K; L. M","Dept of Computer Science and Engineering Karpagam College of Engineering, Coimbatore, India; Dept of Information Technology, Karpagam College of Engineering, Coimbatore, India; Dept of Information Science and Engineering, Bangalore Institute of Technology, Bangalore, India; Dept of Computer Science and Engineering, CVR College of Engineering, Hyderabad, India; Dept of Computer Science and Design, Karpagam College of Engineering, Coimbatore, India; Dept of Computer Science and Design, Karpagam College of Engineering, Coimbatore, India","2026 8th International Conference on Devices, Circuits, and Systems (ICDCS)","12 May 2026","2026","","","1","6","Quantum computation injection into robot automation opens up new avenues for boosting multi-robot complicated task scheduling and real-time adaptive control. Conventional optimization methods barely keep up with the challenges of scalability and efficiency in dynamic environments, thus becoming one of the bottlenecks for successful robotic coordination. This paper puts forward two leading quantum algorithms, Quantum Approximate Optimization Algorithm (QAOA) and Variational Quantum Eigen solver (VQE), as a remedy to these shortcomings. Through the use of quantum parallelism and hybrid quantum-classical architectures, the intended solution is to elevate task assignment effectiveness and interactive response capacity in multi-robotic systems. Among other things, the proposed work aims at setting up a quantum inspired optimization model to schedule a task, an adaptive and real-time decision-support control framework, and the experimental demonstration of the algorithm's capability to handle complexity and high volume in robotic environments. Computer-based simulations alongside actual experiments, as a matter of fact, will be able to outperform regular optimizations, hence proving the transformative potentials of quantum algorithms on robotic automation.","2644-1802","979-8-3195-0595-8","10.1109/ICDCS68853.2026.11510830","","https://ieeexplore.ieee.org/stamp/stamp.jsp?arnumber=11510830","Quantum Computing;Quantum Approximate Optimization Algorithm (QAOA);Variational Quantum Eigen solver (VQE);Multi-Robot Task Scheduling;Real-Time Adaptive Control;Robotic Automation;Quantum-Classical Hybrid Framework;Task Allocation;Optimization Algorithms","Optimization;Algorithms;Real-time systems;Timing;Schedules;Scheduling;Robots;Adaptive control;Printing;Modeling","","","","20","IEEE","12 May 2026","27-28 March 2026","27-28 March 2026","IEEE","IEEE Conferences"
"Decentralized swarm robotics exploration using Levy flight and short-term memory","A. Dutceac; I. -C. Vizitiu","Department of Electronic Systems and Military Equipment, Military Technical Academy, Bucharest, Romania; The Academy of Romanian Scientists, Military Technical Academy, Bucharest, Romania",2026 16th International Conference on Communications (COMM),"10 Jul 2026","2026","","","218","223","Efficient autonomous exploration in GPSdenied and unknown environments remains a major challenge for multi-robot systems, particularly when decentralized coordination, collision avoidance, and coverage efficiency must be achieved simultaneously. This paper proposes a fully distributed exploration strategy that combines Lévy-flight stochastic navigation with local repulsion mechanisms, short-term motion memory and a scoring-based selection process for direction. To mitigate stagnation effects caused by repeated local movements, each robot monitors its last turning points and, when local clustering is detected, evaluates multiple candidate headings using a score function that balances escape from previously explored regions and neighbor density minimization. The proposed approach is evaluated through different simulations in constrained indoor-like environments and compared against Levy Flight and hybrid Lévy-PSO method. Results demonstrate that the proposed strategy consistently achieves better coverage growth and reduced search times for increasing numbers of targets. These findings confirm the suitability of the proposed model for scalable and decentralized swarm exploration in complex, GPS-denied environments.","1938-1883","979-8-3195-0655-9","10.1109/COMM70054.2026.11591388","","https://ieeexplore.ieee.org/stamp/stamp.jsp?arnumber=11591388","swarm robotics;decentralized exploration;Levy flight;area coverage","Robots;Equations;Printing;Simulation;Modeling;Timing;Conferences;Memory;Algorithms;Distance measurement","","","","16","IEEE","10 Jul 2026","28-29 May 2026","28-29 May 2026","IEEE","IEEE Conferences"
"Collaborative Multi-Robot Search and Rescue: Planning, Coordination, Perception, and Active Vision","J. P. Queralta; J. Taipalmaa; B. Can Pullinen; V. K. Sarker; T. Nguyen Gia; H. Tenhunen; M. Gabbouj; J. Raitoharju; T. Westerlund","Turku Intelligent Embedded and Robotic Systems, University of Turku, Turku, Finland; Department of Computing Sciences, Tampere University, Tampere, Finland; Department of Computing Sciences, Tampere University, Tampere, Finland; Turku Intelligent Embedded and Robotic Systems, University of Turku, Turku, Finland; Turku Intelligent Embedded and Robotic Systems, University of Turku, Turku, Finland; Turku Intelligent Embedded and Robotic Systems, University of Turku, Turku, Finland; Department of Computing Sciences, Tampere University, Tampere, Finland; Department of Computing Sciences, Tampere University, Tampere, Finland; Turku Intelligent Embedded and Robotic Systems, University of Turku, Turku, Finland",IEEE Access,"27 Oct 2020","2020","8","","191617","191643","Search and rescue (SAR) operations can take significant advantage from supporting autonomous or teleoperated robots and multi-robot systems. These can aid in mapping and situational assessment, monitoring and surveillance, establishing communication networks, or searching for victims. This paper provides a review of multi-robot systems supporting SAR operations, with system-level considerations and focusing on the algorithmic perspectives for multi-robot coordination and perception. This is, to the best of our knowledge, the first survey paper to cover (i) heterogeneous SAR robots in different environments, (ii) active perception in multi-robot systems, while (iii) giving two complementary points of view from the multi-agent perception and control perspectives. We also discuss the most significant open research questions: shared autonomy, sim-to-real transferability of existing methods, awareness of victims' conditions, coordination and interoperability in heterogeneous multi-robot systems, and active perception. The different topics in the survey are put in the context of the different challenges and constraints that various types of robots (ground, aerial, surface, or underwater) encounter in different SAR environments (maritime, urban, wilderness, or other post-disaster scenarios). The objective of this survey is to serve as an entry point to the various aspects of multi-robot SAR systems to researchers in both the machine learning and control fields by giving a global overview of the main approaches being taken in the SAR robotics area.","2169-3536","","10.1109/ACCESS.2020.3030190","Academy of Finland’s AutoSOS Project(grant numbers:328755); ","https://ieeexplore.ieee.org/stamp/stamp.jsp?arnumber=9220149","Robotics;search and rescue (SAR);multi-robot systems (MRS);machine learning (ML);deep learning (DL);active perception;active vision;multi-agent perception;autonomous robots","Robot kinematics;Multi-robot systems;Collaboration;Robot sensing systems;Planning","","476","","248","CCBY","12 Oct 2020","2020","","IEEE","IEEE Journals"
"A Decentralized Hybrid Method for Goal Assignment in Multi-Robot Exploration","B. Tong; Q. Liu; C. Dai","Science and Techonology on Information Systems Engineering Laboratory, National University of Defense Technology, Changsha, Hunan, China; Science and Techonology on Information Systems Engineering Laboratory, National University of Defense Technology, Changsha, Hunan, China; Science and Techonology on Information Systems Engineering Laboratory, National University of Defense Technology, Changsha, Hunan, China","2020 IEEE International Conference on Information Technology,Big Data and Artificial Intelligence (ICIBA)","14 Dec 2020","2020","1","","238","253","Many multi-robot exploration (MRE) methods generate navigation goals so that the robots can observe unknown areas. The assignment of the goals to the robots greatly affects the exploration efficiency. This paper addresses the open-path multi-depot multiple traveling salesmen problem (OP-MmTSP) derived from multi-robot goal assignment (MGA) by presenting a decentralized method: the consensus-based decentralized discrete particle swarm optimization (CD-DPSO) algorithm. CDDPSO is a fully decentralized algorithm that assigns the computational tasks of a population-based metaheuristic algorithm to individual robots and enables them to collaborate. First, a discrete particle swarm optimization (DPSO) algorithm is proposed to resolve the OP-MmTSP. Second, the velocity update formula of DPSO is revised, inspired by the idea of the discrete time consensus algorithm that the particle swarms of all robots converge to the same solution via local communication. Finally, a variable neighborhood descent (VND) method consisting of two local search heuristics designed for min-max OP-MmTSP is adopted to improve the selected particles, which makes the CDDPSO a hybrid method that benefits from global search and local search. We applied two well-known auction-based task allocation algorithms to min-max OP-MmTSP and compared them to CDDPSO via numerical experiments. CDDPSO as a hybrid approach can usually find a better solution.","","978-1-7281-5224-0","10.1109/ICIBA50161.2020.9276497","","https://ieeexplore.ieee.org/stamp/stamp.jsp?arnumber=9276497","multi-robot exploration;open-path traveling salesman problem;discrete particle swarm optimization;consensus algorithm","Robots;Task analysis;Search problems;Robot kinematics;Particle swarm optimization;Heuristic algorithms;Consensus algorithm","","2","","47","IEEE","14 Dec 2020","6-8 Nov. 2020","6-8 Nov. 2020","IEEE","IEEE Conferences"
"Efficient Heuristic Algorithm for Precedence-Constrained Multi-Robot Task Assignment","X. Bai; B. Li; F. Liu; L. Qiu; G. Cao","College of Mechanical and Control Engineering, Shenzhen University, Shenzhen, China; College of Mechanical and Control Engineering, Shenzhen University, Shenzhen, China; College of Mechanical and Vehicle Engineering, Chongqing University, Chongqing, China; College of Mechanical and Control Engineering, Shenzhen University, Shenzhen, China; College of Mechanical and Control Engineering, Shenzhen University, Shenzhen, China",2024 43rd Chinese Control Conference (CCC),"17 Sep 2024","2024","","","4504","4509","Due to the widespread application of multi-robot systems, the efficient task assignment for a team of robots has become particularly critical for performing complex tasks. This paper studies the task assignment problem for multiple robots to visit a group of target locations with precedence constraints, which determine the order/sequence in which certain target locations need to be visited before others. A marginal-cost-based heuristic algorithm is developed to minimize the time for the robots to visit the last target location. The algorithm first uses a timestamp strategy to update the anticipated visiting time of each assigned target and the corresponding earliest time that each successor target can be visited under the precedence constraints. Then, it utilizes the topological sorting technique andthe marginal-cost-based mechanism to insert the feasible target that induces the minimum marginal cost into the robots’ current routes. Numerical simulations demonstrate the effectiveness of the proposed algorithm compared with the popular greedy algorithm and the existing simple iterative auction algorithm.","1934-1768","978-9-8875-8158-1","10.23919/CCC63176.2024.10661715","National Natural Science Foundation of China; Natural Science Foundation of Guangdong Province; ","https://ieeexplore.ieee.org/stamp/stamp.jsp?arnumber=10661715","Multi-robot task assignment;Precedence constraints;Heuristic algorithm;Marginal cost","Greedy algorithms;Costs;Heuristic algorithms;Numerical simulation;Iterative algorithms;Multi-robot systems;Robots","","2","","31","","17 Sep 2024","28-31 July 2024","28-31 July 2024","IEEE","IEEE Conferences"
"Max-Plus Approach Based Intelligent Coordinated Transmission for Robot Swarms","S. Zhong; Z. Zheng","Faculty of Electrical Engineering and Computer Science, Ningbo University, Ningbo, China; Faculty of Electrical Engineering and Computer Science, Ningbo University, Ningbo, China",IEEE Access,"11 Feb 2020","2020","8","","27524","27531","Communication is vital to complete tasks coordinately for robot swarms. In this paper, we investigate massive MIMO enabled robot swarms. Specifically, for the robot swarms, the transceiver beamforming not only needs to maximize the rate, but also has to restrict the interference on other receivers. Therefore, the transceiver design of robots is critical to optimize the sum-rate performance under the restriction of the interference on the a specific robot. Currently, only exhaustive search is able to provide the optimal solution for the problem, whereas its complexity is unacceptable. In this paper, to address the intractable issue, based on the max-plus approach, we consider each transmitter or receiver as an independent decision agent, and all robots coordinately choose the optimal joint beam combination by max-plus algorithm. In the multi-agent framework, each agent learns the policy of choosing analog beam by reinforcement learning (RL). Furthermore, to improve the learning efficiency of RL and reduce the transmission latency, we exploit the efficient ELM network to replace the deep network of deep RL, and propose a ELM-based RL method to conduct the transmission between robots in robot swarm. Analysis and simulation results reveal that, the proposed method is able to achieve a near-optimal sum-rate performance, while the complexity is acceptable.","2169-3536","","10.1109/ACCESS.2019.2963039","","https://ieeexplore.ieee.org/stamp/stamp.jsp?arnumber=8945321","Robot swarms;multi-agent decision;hybrid precoding;reinforcement learning;extreme learning machine","Robot kinematics;Interference;Receivers;Transmitters;Radio frequency;Massive MIMO","","","","26","CCBY","30 Dec 2019","2020","","IEEE","IEEE Journals"
"Multi-Robot Learning Dynamic Obstacle Avoidance in Formation With Information-Directed Exploration","J. Cao; Y. Wang; Y. Liu; X. Ni","Institute of Cyber Systems and Control, Zhejiang University, Hangzhou, China; Interdisciplinary Center for Social Sciences (ICSS), Zhejiang University, Hangzhou, China; Institute of Cyber Systems and Control, Zhejiang University, Hangzhou, China; Beijing Electro-mechanical Engineering Institute, Beijing, China",IEEE Transactions on Emerging Topics in Computational Intelligence,"29 Nov 2022","2022","6","6","1357","1367","This paper presents an algorithm that generates distributed collision-free velocities for multi-robot while maintain formation as much as possible. The adaptive formation problem is cast as a sequential decision-making problem, which is solved using reinforcement learning that trains several distributed policies to avoid dynamic obstacles on the top of consensus velocities. We construct the policy with Bayesian Linear Regression based on a neural network (called BNL) to compute the state-action value uncertainty efficiently for sequential decision making. The information-directed sampling is applied in our BNL policy to achieve efficient exploration. By further combining the distributional reinforcement learning, we can estimate the intrinsic uncertainty of the state-action value globally and more accurately. For continuous control tasks, efficient exploration can be achieved by optimizing a policy with the sampled action value function from a BNL model. Through our experiments in some contextual Bandit and sequential decision-making tasks, we show that exploration with the BNL model has improved efficiency in both computation and training samples. By augmenting the consensus velocities with our BNL policy, experiments on Multi-Robot navigation demonstrate that adaptive formation is achieved.","2471-285X","","10.1109/TETCI.2021.3127925","National Natural Science Foundation of China(grant numbers:62088101); ","https://ieeexplore.ieee.org/stamp/stamp.jsp?arnumber=9628154","Multi-Robot formation;dynamic obstacle avoidance;reinforcement learning;exploration","Robots;Collision avoidance;Uncertainty;Neural networks;Robot kinematics;Bayes methods;Reinforcement learning","","15","","52","IEEE","30 Nov 2021","Dec. 2022","","IEEE","IEEE Journals"
"Swarm Robots Search for Multiple Targets","Q. Tang; F. Yu; Z. Xu; P. Eberhard","Laboratory of Robotics and Multibody System, School of Mechanical Engineering, Tongji University, Shanghai, China; Laboratory of Robotics and Multibody System, School of Mechanical Engineering, Tongji University, Shanghai, China; Laboratory of Robotics and Multibody System, School of Mechanical Engineering, Tongji University, Shanghai, China; Institute of Engineering and Computational Mechanics, University of Stuttgart, Stuttgart, Germany",IEEE Access,"27 May 2020","2020","8","","92814","92826","This paper addresses the challenge of swarm robots search for multiple targets simultaneously. Techniques are investigated gradually and a systematic scheme which is based on mechanical particle swarm optimization and artificial potential field is eventually developed. The innovative extension makes the bio-inspired particle swarm optimization first endowed with the robots' mechanical properties which reduces the control expense and is already beyond the conventional application scope of this algorithm. The scheme closely considers the practical applications of real robots thus uses the differences, for example, signal frequencies, between the targets for organizing corresponding sub-robot groups aiming at different targets. Those robot groups which move towards non-aimed targets are applied with penalties thus an unimodal objective function for each robot group is built. Meanwhile, the developed method contains the ability for obstacle avoidance based on the module-switching strategy according to their priorities. The methods for controlling the group size and make balance of the search convergence and diversity are investigated, too. Rich simulations and experiments with real robots have been performed to verify this work. Promising results show the effectiveness and robustness of the proposed search method.","2169-3536","","10.1109/ACCESS.2020.2994151","Projects of National Natural Science Foundation of China(grant numbers:61603277,61873192,61733001); Key Pre-Research Project of the 13th-Five-Year-Plan on Common Technology(grant numbers:41412050101); Key Pre-Research Project of the 13th-Five-Year-Plan on Field Fund(grant numbers:61403120407); Fundamental Research Funds for the Central Universities; Key Basic Research Project(grant numbers:15JC1403300); International Joint Project Between Shanghai of China and Baden-Württemberg of Germany within Shanghai Science and Technology Innovation Plan(grant numbers:19510711100); China Academy of Space Technology and Launch Vehicle Technology; ","https://ieeexplore.ieee.org/stamp/stamp.jsp?arnumber=9091812","Swarm robotics;multiple targets;mechanical particle swarm optimization;synthesized dynamic neighborhood;artificial potential field;multibody system","Robot kinematics;Task analysis;Robot sensing systems;Particle swarm optimization;Resource management;Search problems","","20","","51","CCBY","13 May 2020","2020","","IEEE","IEEE Journals"
"Robust Motion Planning for Multi-Robot Systems Against Position Deception Attacks","W. Tang; Y. Zhou; Y. Liu; Z. Ding; J. Liu","Shanghai Key Laboratory of Trustworthy Computing, East China Normal University, Shanghai, China; Shanghai Key Laboratory of Trustworthy Computing, East China Normal University, Shanghai, China; School of Computer Science and Engineering, Nanyang Technological University, 50 Nanyang Ave, Singapore; School of Computer Science and Technology, Zhejiang Sci-Tech University, Hangzhou, China; Shanghai Key Laboratory of Trustworthy Computing, East China Normal University, Shanghai, China",IEEE Transactions on Information Forensics and Security,"3 Jan 2024","2024","19","","2157","2170","Deep reinforcement learning (DRL) is widely applied in motion planning for multi-robot systems as DRL leverages the offline training process to improve the real-time computation efficiency. In DRL-based methods, the DRL models compute an action for a robot based on the states of its surrounding obstacles, including other robots in the system. They always assume that the number of obstacles is fixed and the obtained obstacles’ states are reliable. However, in the real world, a multi-robot system may suffer from various attacks, such as remote control attacks and network attacks, that cause wrong positions of the surrounding obstacles received by a robot. In this paper, we propose a robust motion planning method DAE-Crit-LSTM, integrating a denoising autoencoder (DAE) with DRL models, to mitigate such position deception attacks in environments with a different number of obstacles. DAE-Crit-LSTM shows the following two advantages. First, DAE-Crit-LSTM can be applied in benign and attacked scenarios and thus does not require any detector. It learns an encoder and a decoder to approximate the accurate positions of the obstacles, no matter under attack or not. Second, DAE-Crit-LSTM applies an LSTM (Long Short-Term Memory)-based DRL model to deal with a variable number of obstacles in the environment. It is worth noting that DAE-Crit-LSTM is method-agnostic and can be easily implemented in state-of-the-art motion planning methods. Comprehensive experiments show that DAE-Crit-LSTM can mitigate position deception attacks and guarantee safe motion. We also demonstrate the effectiveness and generalization of DAE-Crit-LSTM.","1556-6021","","10.1109/TIFS.2023.3346647","National Key Research and Development Program of China(grant numbers:2022YFC3302600); National Natural Science Foundation of China(grant numbers:61972150,62132014); Fundamental Research Funds for Central Universities of China; Zhejiang Provincial Key Research and Development Program of China(grant numbers:2022C01045); Academic Research Fund Tier 2 by the Ministry of Education in Singapore(grant numbers:MOE-T2EP20120-0004); National Research Foundation, Singapore; Defence Science Organisation (DSO) National Laboratories under the AI Singapore Program (AISG)(grant numbers:AISG2-GC-2023-008); National Research Foundation (NRF) Investigatorship(grant numbers:NRF-NRFI06-2020-0001); ","https://ieeexplore.ieee.org/stamp/stamp.jsp?arnumber=10373093","Deep reinforcement learning;denoising autoencoder;motion planning;multi-robot systems;position deception attacks","Planning;Collision avoidance;Multi-robot systems;Robot sensing systems;Sensors;Detectors;Computational modeling","","13","","53","IEEE","25 Dec 2023","2024","","IEEE","IEEE Journals"
"Safe Learning for Multi-Robot Mapless Exploration","W. Liu; H. Niu; K. Wu; W. Pan; Z. Ji; R. Skilton","Remote Applications in Challenging Environments (RACE), United Kingdom Atomic Energy Authority, Culham, U.K.; Remote Applications in Challenging Environments (RACE), United Kingdom Atomic Energy Authority, Culham, U.K.; Lakeside Labs GmbH, Klagenfurt, Austria; Department of Computer Science, The University of Manchester, Manchester, U.K.; School of Engineering, Cardiff University, Cardiff, U.K.; Remote Applications in Challenging Environments (RACE), United Kingdom Atomic Energy Authority, Culham, U.K.",IEEE Transactions on Vehicular Technology,"21 Nov 2025","2025","74","11","16947","16961","When using deep reinforcement learning (DRL) to perform multi-robot exploration in unknown environments, the training model may produce actions that lead to unpredictable system behaviors due to the complexity and unpredictability of the surroundings. Therefore, ensuring safe exploration with DRL becomes critical. To tackle this issue, we propose a multi-agent framework that utilizes the formation scheme based on intermediate estimator compensation (IEC) to address the uncertainties introduced by DRL to ensure safe exploration. The convergence of the proposed scheme is verified via the Lyapunov method in the presence of tracking errors. An actor-critic-based DRL method is proposed for each mobile robot to deal with collision avoidance tasks. To enhance the efficiency of obtaining the DRL training model, a consensus-based training policy is introduced. The proposed safe learning framework successfully addresses uncertainties introduced by DRL while ensuring mapless exploration in both simulations and real-world experiments.","1939-9359","","10.1109/TVT.2025.3581872","EPSRC Energy Programme(grant numbers:EP/W006839/1); ","https://ieeexplore.ieee.org/stamp/stamp.jsp?arnumber=11071543","Multi-robot exploration;deep reinforcement learning;intermediate estimator compensation;formation;collision avoidance;Lyapunov methods","Collision avoidance;Robots;Uncertainty;Safety;Training;Mobile robots;Multi-agent systems;Heuristic algorithms;Decision making;Optimization","","4","","53","CCBY","4 Jul 2025","Nov. 2025","","IEEE","IEEE Journals"
"Advancements and Challenges of Information Integration in Swarm Robotics","T. J. Ding; C. Chao Kang; W. Han; M. Ariannejad; L. Y. Kang; C. Khai Ren","S. of Electrical Eng. & A.I, Xiamen University Malaysia, Selangor, Malaysia; S. of Electrical Eng. & A.I, Xiamen University Malaysia, Selangor, Malaysia; S. of Electrical Eng. & A.I, Xiamen University Malaysia, Selangor, Malaysia; S. of Electrical Eng. & A.I, Xiamen University Malaysia, Selangor, Malaysia; S. of Energy and Chemical Eng., Xiamen University Malaysia, Selangor, Malaysia; S. of Electrical Eng. & A.I, Xiamen University Malaysia, Selangor, Malaysia","2023 IEEE International Conference on Cybernetics and Intelligent Systems (CIS) and IEEE Conference on Robotics, Automation and Mechatronics (RAM)","1 Jan 2024","2023","","","89","95","Collaborative control methods employed in swarm robotic systems often deal with bulks of information from the local interactions among agents and between the agents and the environment. The efficiency of overall information integration between decentralized and distributed agents can show major impacts on the collective behaviour of the swarm. It is crucial to establish an approach that bridges an existing gap present between realistic swarm robotic system and real-world enforcements. Therefore, this review paper vividly captures the challenges faced in control and information integration mechanisms within swarm robotic systems, and how recent developments enable tangible benefits to multiple industries as a whole. A comprehensive overview on the current advancements and challenges faced in effective sharing of important information via Pheromonal Communication is also presented. Besides, this paper also discusses the recent advancements pertaining to the information integration systems in one of the major swarm robotic system applications, namely the Autonomous Underwater Vehicles. Forthcoming promising applications with good potential to surpass the recent dilemmas were also explored and analyzed at the end of this paper, with discussions on possible gaps to close in order to enable further enhancements on the efficiency of information integration in swarm robotic systems.","2326-8239","979-8-3503-0308-7","10.1109/CIS-RAM55796.2023.10370011","","https://ieeexplore.ieee.org/stamp/stamp.jsp?arnumber=10370011","swarm robotics;swarm intelligence;robotics","Industries;Mechatronics;Swarm robotics;Random access memory;Real-time systems;Reliability;Task analysis","","11","","51","IEEE","1 Jan 2024","9-12 June 2023","9-12 June 2023","IEEE","IEEE Conferences"
"Voice- and Text-Based Tasking for Swarm Robotics: A Leader-Centric Coordination Framework","Q. U. A. Z. Z. Mirza; R. Kanwal; H. Ashraf; N. Jhanjhi; A. Reza","School of Computer Science, Taylor's University, Subang Jaya, Malaysia; School of Computer Science, Taylor's University, Subang Jaya, Malaysia; School of Computer Science, Taylor's University, Subang Jaya, Malaysia; School of Computer Science, Taylor's University, Subang Jaya, Malaysia; Department of Computer Science, Nusa Putra University, Sukabumi, Indonesia","2026 IEEE 2nd International Conference on Secure IoT, Assured and Trusted Computing (SATC)","5 Jun 2026","2026","","","1","15","Natural language interfaces provide a promising future of simplifying human-swarm interaction by enabling the operator to make high-level commands without the use of lowlevel code or special control panels. Nevertheless, the implementation of multi-robot systems with linguistic communications will pose the difficulties in understanding the commands, real-time dispersing, and reliability of executing tasks simultaneously. In this paper, we give a leaderfollower swarm control architecture where a single leader robot is able to receive spoken or textual instructions and broadcast structured tasks to a group of follower robots via a simple messaging protocol. The system was simulated and tested in Webots with a four-robot system configuration with natural language parsing and pursuit-based and a particle swarm optimization (PSO) search behavior. The experimental data show that the quality of interpretation of the commands can always be high when it concerns the typical operation instructions, whereas the leader-swarm command propagation can have a latency of sub-seconds. The results show that battlefield navigation, formation and search testing can be carried out reliably by swarm agents with minimum positional drift and with stable acknowledgment reporting and this can prove that commands issued in a natural language can be commanded directly to swarm architectures with minimal effect on swarm coordination performance. The presented system supports the viability of the humanswarm-teaming concept and provides it with a basis in the scalable natural-language-powered robots of the future.","","979-8-3315-6184-0","10.1109/SATC69565.2026.11542234","","https://ieeexplore.ieee.org/stamp/stamp.jsp?arnumber=11542234","NLP;Communication;HSC;Swarm Root;Robot","Modeling;Natural language processing;Robots;Feedback;Printing;Natural languages;Timing;Ontologies;Large language models;Real-time systems","","","","44","IEEE","5 Jun 2026","24-26 March 2026","24-26 March 2026","IEEE","IEEE Conferences"
"Universal 2-Dimensional Terrain Marking for Autonomous Robot Swarms","A. R. Cheraghi; A. Abdelgalil; K. Graffi","Technology of Social Networks, Heinrich Heine University, Düsseldorf, Germany; Technology of Social Networks, Heinrich Heine University, Düsseldorf, Germany; Honda Research Institute Europe GmbH, Offenbach am Main, Germany",2020 5th Asia-Pacific Conference on Intelligent Robot Systems (ACIRS),"10 Aug 2020","2020","","","24","32","This research introduces the design and implementation of a universal systematic 2-dimensional terrain marking and coverage solution. Real world applications such as lawn mowing, mine detection, chemical spill clean-up, and humanitarian search and rescue missions can be automated by employing swarms of autonomous mobile robots to complete the task. In most of these real world applications, efficiency is of utmost importance especially when human lives are involved. The solution proposed builds up on two graph traversal algorithms; Depth First Search (DFS) and Breadth First Search (BFS), where the algorithms are adapted and modified to be utilized for coverage of 2-dimensional isometric grid-like representations of terrains. The solution is developed so that each robot in the swarm would be fully capable of covering and marking any terrain by itself. The efficiency of the solution is optimized by increasing the swarm size, as robots benefit from data sharing in their path planning and self organization within the terrain. Communication between robots enable them to perform on a higher level by benefiting from the collaborative distributed behavior of the swarm as a whole. The communication between particles is decentralized and is carried out at a local level with no need for a central guidance mechanism. Robot abilities in this research are limited, where a robot can see and move only to locations that are adjacent to its current location. A simulation based evaluation is conducted in this research to assess the robots' area coverage and marking performance. The results show that the simulated robot swarm systems are suited for efficient flat area coverage, allowing for redundancy in data collection, and tolerating individual robot errors and shortcomings as the number of robots becomes more abundant.","","978-1-7281-9818-7","10.1109/ACIRS49895.2020.9162613","","https://ieeexplore.ieee.org/stamp/stamp.jsp?arnumber=9162613","Robot;Swarms;Marking;Searching","Task analysis;Robot kinematics;Robot sensing systems;Navigation;Particle swarm optimization;Robustness","","6","","24","IEEE","10 Aug 2020","17-19 July 2020","17-19 July 2020","IEEE","IEEE Conferences"
"ICCO: Learning an Instruction-conditioned Coordinator for Language-guided Task-aligned Multi-robot Control","Y. Yano; K. Shibata; M. Kokshoorn; T. Matsubara","Division of Information Science, Graduate School of Science and Technology, Nara Institute of Science and Technology (NAIST), Nara, Japan; Division of Information Science, Graduate School of Science and Technology, Nara Institute of Science and Technology (NAIST), Nara, Japan; Division of Information Science, Graduate School of Science and Technology, Nara Institute of Science and Technology (NAIST), Nara, Japan; Division of Information Science, Graduate School of Science and Technology, Nara Institute of Science and Technology (NAIST), Nara, Japan",2025 IEEE/RSJ International Conference on Intelligent Robots and Systems (IROS),"27 Nov 2025","2025","","","18700","18707","Recent advances in Large Language Models (LLMs) have permitted the development of language-guided multi-robot systems, which allow robots to execute tasks based on natural language instructions. However, achieving effective coordination in distributed multi-agent environments remains challenging due to (1) misalignment between instructions and task requirements and (2) inconsistency in robot behaviors when they independently interpret ambiguous instructions. To address these challenges, we propose Instruction-Conditioned Coordinator (ICCO), a Multi-Agent Reinforcement Learning (MARL) framework designed to enhance coordination in language-guided multi-robot systems. ICCO consists of a Coordinator agent and multiple Local Agents, where the Coordinator generates Task-Aligned and Consistent Instructions (TACI) by integrating language instructions with environmental states, ensuring task alignment and behavioral consistency. The Coordinator and Local Agents are jointly trained to optimize a reward function that balances task efficiency and instruction following. A Consistency Enhancement Term is added to the learning objective to maximize mutual information between instructions and robot behaviors, further improving coordination. Simulation and real-world experiments validate the effectiveness of ICCO in achieving language-guided task-aligned multi-robot control. The demonstration can be found at https://yanoyoshiki.github.io/ICCO/.","2153-0866","979-8-3315-4393-8","10.1109/IROS60139.2025.11247312","","https://ieeexplore.ieee.org/stamp/stamp.jsp?arnumber=11247312","","Robot kinematics;Large language models;Natural languages;Reinforcement learning;Multi-robot systems;Prompt engineering;Mutual information;Intelligent robots","","1","","34","IEEE","27 Nov 2025","19-25 Oct. 2025","19-25 Oct. 2025","IEEE","IEEE Conferences"
"Learning Multi-Robot Decentralized Macro-Action-Based Policies via a Centralized Q-Net","Y. Xiao; J. Hoffman; T. Xia; C. Amato","Khoury College of Computer Sciences, Northeastern University, Boston, MA, USA; Khoury College of Computer Sciences, Northeastern University, Boston, MA, USA; Khoury College of Computer Sciences, Northeastern University, Boston, MA, USA; Khoury College of Computer Sciences, Northeastern University, Boston, MA, USA",2020 IEEE International Conference on Robotics and Automation (ICRA),"15 Sep 2020","2020","","","10695","10701","In many real-world multi-robot tasks, high-quality solutions often require a team of robots to perform asynchronous actions under decentralized control. Decentralized multi-agent reinforcement learning methods have difficulty learning decentralized policies because of the environment appearing to be non-stationary due to other agents also learning at the same time. In this paper, we address this challenge by proposing a macro-action-based decentralized multi-agent double deep recurrent Q-net (MacDec-MADDRQN) which trains each decentralized Q-net using a centralized Q-net for action selection. A generalized version of MacDec-MADDRQN with two separate training environments, called Parallel-MacDec-MADDRQN, is also presented to leverage either centralized or decentralized exploration. The advantages and the practical nature of our methods are demonstrated by achieving near-centralized results in simulation and having real robots accomplish a warehouse tool delivery task in an efficient way.","2577-087X","978-1-7281-7395-5","10.1109/ICRA40945.2020.9196684","","https://ieeexplore.ieee.org/stamp/stamp.jsp?arnumber=9196684","","Robot kinematics;Training;Tools;Task analysis;Machine learning;History","","20","","26","IEEE","15 Sep 2020","31 May-31 Aug. 2020","31 May-31 Aug. 2020","IEEE","IEEE Conferences"
"With Whom to Communicate: Learning Efficient Communication for Multi-Robot Collision Avoidance","Á. Serra-Gómez; B. Brito; H. Zhu; J. J. Chung; J. Alonso-Mora","Department of Cognitive Robotics, Delft University of Technology; Department of Cognitive Robotics, Delft University of Technology; Department of Cognitive Robotics, Delft University of Technology; Autonomous Systems Lab, ETH Zurich; Department of Cognitive Robotics, Delft University of Technology",2020 IEEE/RSJ International Conference on Intelligent Robots and Systems (IROS),"10 Feb 2021","2020","","","11770","11776","Decentralized multi-robot systems typically perform coordinated motion planning by constantly broadcasting their intentions as a means to cope with the lack of a central system coordinating the efforts of all robots. Especially in complex dynamic environments, the coordination boost allowed by communication is critical to avoid collisions between cooperating robots. However, the risk of collision between a pair of robots fluctuates through their motion and communication is not always needed. Additionally, constant communication makes much of the still valuable information shared in previous time steps redundant. This paper presents an efficient communication method that solves the problem of ""when"" and with ""whom"" to communicate in multi-robot collision avoidance scenarios. In this approach, every robot learns to reason about other robots' states and considers the risk of future collisions before asking for the trajectory plans of other robots. We evaluate and verify the proposed communication strategy in simulation with four quadrotors and compare it with three baseline strategies: non-communicating, broadcasting and a distance-based method broadcasting information with quadrotors within a predefined distance.","2153-0866","978-1-7281-6212-6","10.1109/IROS45743.2020.9341762","Office of Naval Research; ","https://ieeexplore.ieee.org/stamp/stamp.jsp?arnumber=9341762","","Robot kinematics;Simulation;Broadcasting;Trajectory;Collision avoidance;Task analysis;Robots","","18","","30","IEEE","10 Feb 2021","24 Oct.-24 Jan. 2021","24 Oct.-24 Jan. 2021","IEEE","IEEE Conferences"
"Multi-Objective Rule System Based Control Model with Tunable Parameters for Swarm Robotic Control in Confined Environment","Y. Wang; L. Xing; J. Wang; T. Xie; L. Chen","Beijing Institute of Advanced Studies, College of Advanced Interdisciplinary Studies, National University of Defense Technology, Beijing, China; Key Laboratory of Collaborative Intelligence Systems, Ministry of Education, Xidian University, Xi'an, China; Beijing Institute of Advanced Studies, College of Advanced Interdisciplinary Studies, National University of Defense Technology, Beijing, China; Beijing Institute of Advanced Studies, College of Advanced Interdisciplinary Studies, National University of Defense Technology, Beijing, China; Beijing Institute of Advanced Studies, College of Advanced Interdisciplinary Studies, National University of Defense Technology, Beijing, China",Complex System Modeling and Simulation,"8 May 2024","2024","4","1","33","49","Enhancing the adaptability of Unmanned Aerial Vehicle (UAV) swarm control models to cope with different complex working scenarios is an important issue in this research field. To achieve this goal, control model with tunable parameters is a widely adopted approach. In this article, an improved UAV swarm control model with tunable parameters namely Multi-Objective O-Flocking (MO O-Flocking) is proposed. The MO O-Flocking model is a combination of a multi rule control system and a virtual-physical-law based control model with tunable parameters. To achieve multi-objective parameter tuning, a multi-objective parameter tuning method namely Improved Strength Pareto Evolutionary Algorithm 2 (ISPEA2) is designed. Simulation experiment scenarios include six target orientation scenarios with different kinds of objectives. Experimental results show that both the ISPEA2 algorithm and MO O-Flocking control model have good performance in their experiment scenarios.","2097-3705","","10.23919/CSMS.2023.0022","","https://ieeexplore.ieee.org/stamp/stamp.jsp?arnumber=10525674","swarm robotics;flocking model;parameter tuning;multi-objective optimization;heuristics","Adaptation models;Heuristic algorithms;Swarm robotics;Autonomous aerial vehicles;Control systems;Maintenance;Collision avoidance","","4","","38","","8 May 2024","March 2024","","TUP","TUP Journals"
"DDPG-Based Pursuit-Evasion Games of Scale-Variable Multi-Robot Systems Using Zero-Padding*","T. Zhao; X. Guo; H. Yang; W. Yan; R. Cui","School of Marine Science and Technology, Northwestern Polytechnical University, Xi'an, China; School of Marine Science and Technology, Northwestern Polytechnical University, Xi'an, China; School of Marine Science and Technology, Northwestern Polytechnical University, Xi'an, China; School of Marine Science and Technology, Northwestern Polytechnical University, Xi'an, China; School of Marine Science and Technology, Northwestern Polytechnical University, Xi'an, China",2025 International Conference on Advanced Robotics and Mechatronics (ICARM),"22 Dec 2025","2025","","","912","917","In this article, we focus on pursuit-evasion games of scale-variable multi-robot systems using Deep Deterministic Policy Gradient (DDPG) algorithm. There are some pursuers incoming or exiting pursuit-evasion games, leading to scale-variable issue. To address the variable scale, zero-padding is used in construct critic and actor neural networks (NNs), which can deal with variable input dimensions. A new reward is defined according to requirements of pursuit-evasion games, which can train critic and actor NNs to make the total reward gradually converges in DDPG algorithm. To verify the performance of the proposed method, numerical results are provided and analyzed.","2993-4990","979-8-3315-0307-9","10.1109/ICARM65671.2025.11293584","","https://ieeexplore.ieee.org/stamp/stamp.jsp?arnumber=11293584","","Mechatronics;Games;Artificial neural networks;Multi-robot systems;Robots","","","","18","IEEE","22 Dec 2025","1-3 Aug. 2025","1-3 Aug. 2025","IEEE","IEEE Conferences"
"Employment of Task Scheduling based on Water Wave Optimization in Multi Robot System","D. A. Amer; G. Attiya; I. Zeidan; A. A. Nasr","Computer and System Engineering Dept., Faculty of Engineering, Zagazig University, Egypt; Computer Science and Engineering Dept., Faculty of Electronic Engineering, Menoufia University, Egypt; Computer and System Engineering Dept., Faculty of Engineering, Zagazig University, Egypt; Faculty of computers and information, Tanta University, Egypt",2021 International Conference on Electronic Engineering (ICEEM),"15 Jul 2021","2021","","","1","6","The task allocation problem in a multi-robot system (MRS) may be characterized as the problem of assigning a set of tasks to a group of robots in order to improve some performance parameters. However, when many requests are received simultaneously by a robot, the current scheduling approaches may make unreasonable decisions, delaying the execution of some requests and so affecting the system performance. This paper addresses this issue and proposes a new scheduling mechanism for task allocation in MRS. The presented approach implements a universal allocation depend on Water Wave Optimization (WWO) algorithm with the Genetic Algorithm (WWO_GA). The result of this approach is compared with the conventional Water Wave Optimization (WWO) and the Particle Swarm Optimization (PSO) algorithms. Simulation results prove that the introduced approach enhances the performance of the multi-robot system in terms of total traveled distance and computation time.","","978-1-6654-1842-3","10.1109/ICEEM52022.2021.9480617","","https://ieeexplore.ieee.org/stamp/stamp.jsp?arnumber=9480617","Task Allocation;Multi-Robot System;Water Wave Optimization;Genetic Algorithm","Processor scheduling;System performance;Simulation;Path planning;Resource management;Multi-robot systems;Task analysis","","2","","16","IEEE","15 Jul 2021","3-4 July 2021","3-4 July 2021","IEEE","IEEE Conferences"
"Automatically designing robot swarms in environments populated by other robots: an experiment in robot shepherding","D. G. Ramos; M. Birattari","IRIDIA, Université Libre de Bruxelles; IRIDIA, Université Libre de Bruxelles",2024 IEEE International Conference on Robotics and Automation (ICRA),"8 Aug 2024","2024","","","12240","12247","Automatic design is a promising approach to realizing robot swarms. Given a mission to be performed by the swarm, an automatic method produces the required control software for the individual robots. Automatic design has concentrated on missions that a swarm can execute independently, interacting only with a static environment and without the involvement of other active entities. In this paper, we investigate the design of robot swarms that perform their mission by interacting with other robots that populate their environment. We frame our research within robot shepherding: the problem of using a small group of robots—the shepherds— to coordinate a relatively larger group—the sheep. In our study, the group of shepherds is the swarm that is automatically designed, and the sheep are pre-programmed robots that populate its environment. We use automatic modular design and neuroevolution to produce the control software for the swarm of shepherds to coordinate the sheep. We show that automatic design can leverage mission-specific interaction strategies to enable an effective coordination between the two groups.","","979-8-3503-8457-4","10.1109/ICRA57147.2024.10611309","European Research Council; ","https://ieeexplore.ieee.org/stamp/stamp.jsp?arnumber=10611309","","Robot kinematics;Automata;Organizations;Computer architecture;Artificial neural networks;Robot sensing systems;Software","","3","","59","IEEE","8 Aug 2024","13-17 May 2024","13-17 May 2024","IEEE","IEEE Conferences"
"Dynamic Subgoal Based Path Formation and Task Allocation: A NeuroFleets Approach to Scalable Swarm Robotics","R. Peter; L. Ratnabala; E. Y. Andrew Charles; D. Tsetserukou","NeuroFleets (PVT) LTD, Jaffna, Sri Lanka; Intelligent Space Robotics Laboratory, Skolkovo Institute of Science and Technology, Moscow, Russia; Department of Computer Science, University of Jaffna, Jaffna, Sri Lanka; Intelligent Space Robotics Laboratory, Skolkovo Institute of Science and Technology, Moscow, Russia","2024 IEEE International Conference on Systems, Man, and Cybernetics (SMC)","20 Jan 2025","2024","","","878","883","This paper addresses the challenges of exploration and navigation in unknown environments from the perspective of evolutionary swarm robotics. A key focus is on path formation, which is essential for enabling cooperative swarm robots to navigate effectively. We designed the task allocation and path formation process based on a finite state machine, ensuring systematic decision-making and efficient state transitions. The approach is decentralized, allowing each robot to make decisions independently based on local information, which enhances scalability and robustness. We present a novel subgoal-based path formation method that establishes paths between locations by leveraging visually connected subgoals. Simulation experiments conducted in the Argos simulator show that this method successfully forms paths in the majority of trials. However, inter-collision (traffic) among numerous robots during path formation can negatively impact performance. To address this issue, we propose a task allocation strategy that uses local communication protocols and light signal-based communication to manage robot deployment. This strategy assesses the distance between points and determines the optimal number of robots needed for the path formation task, thereby reducing unnecessary exploration and traffic congestion. The performance of both the subgoal-based path formation method and the task allocation strategy is evaluated by comparing the path length, time, and resource usage against the A * algorithm. Simulation results demonstrate the effectiveness of our approach, highlighting its scalability, robustness, and fault tolerance.","","978-1-6654-1020-5","10.1109/SMC54092.2024.10831071","","https://ieeexplore.ieee.org/stamp/stamp.jsp?arnumber=10831071","Swarm;Path formation;Task allocation;Argos;Exploration;Navigation;Subgoal;Finite state machine","Systematics;Protocols;Navigation;Scalability;Simulation;Heuristic algorithms;Swarm robotics;Robustness;Resource management;Traffic congestion","","3","","21","IEEE","20 Jan 2025","6-10 Oct. 2024","6-10 Oct. 2024","IEEE","IEEE Conferences"
"Heterogeneous Robot Swarms with an Attention Mechanism for Dynamic Target Tracking","Z. Zhou; B. Chen; C. Ouyang; X. Dong; S. Liu; L. Hu; Y. Xie; Z. Zhao; Z. Gan","Academy for Engineering and Technology, Fudan University, Shanghai, China; Academy for Engineering and Technology, Fudan University, Shanghai, China; Academy for Engineering and Technology, Fudan University, Shanghai, China; Academy for Engineering and Technology, Fudan University, Shanghai, China; Academy for Engineering and Technology, Fudan University, Shanghai, China; Academy for Engineering and Technology, Fudan University, Shanghai, China; Academy for Engineering and Technology, Fudan University, Shanghai, China; Academy for Engineering and Technology, Fudan University, Shanghai, China; Academy for Engineering and Technology, Fudan University, Shanghai, China","2024 IEEE International Conference on Systems, Man, and Cybernetics (SMC)","20 Jan 2025","2024","","","4464","4471","Multirobot collaboration offers significant potential for diverse applications, including tracking and surveillance. In this paper, we introduce an attention mechanism tailored for heterogeneous robot swarms characterized by varied sensing ranges. This mechanism effectively utilizes the swarm's intrinsic characteristics, enabling rapid information transmission and ensuring consistent collective responses to external stimuli. Additionally, we introduce a pigeon-inspired navigation strategy that effectively replaces the traditional obstacle repulsion term by preventing the swarm from becoming trapped in local min-ima and reducing oscillatory behaviors. To validate the efficacy of our algorithm, we have developed an autonomously designed PlusBot swarm platform, which consists of agile vibration-driven miniature robots. Each of them is equipped with its own computing and communication system and is capable of precise closed-loop motion control. This setup meets the requirements for conducting heterogeneous swarm movement experiments in indoor environments. Through comprehensive numerical simulations and real-world experiments, our method has demonstrated exceptional precision and adaptability in tracking dynamic targets. The comparative analysis under-scores the superiority of our approach, particularly in minimizing swarm collisions and ensuring safe navigation in dynamic target-tracking scenarios involving obstacles.","","978-1-6654-1020-5","10.1109/SMC54092.2024.10831972","","https://ieeexplore.ieee.org/stamp/stamp.jsp?arnumber=10831972","","Attention mechanisms;Target tracking;Navigation;Surveillance;Information processing;Vision sensors;Robot sensing systems;Numerical simulation;Multi-robot systems;Collision avoidance","","","","27","IEEE","20 Jan 2025","6-10 Oct. 2024","6-10 Oct. 2024","IEEE","IEEE Conferences"
"Learning to Coordinate for a Worker-Station Multi-Robot System in Planar Coverage Tasks","J. Tang; Y. Gao; T. L. Lam","School of Science and Engineering, The Chinese University of Hong Kong, Shenzhen, China; Shenzhen Institute of Artificial Intelligence and Robotics for Society, Shenzhen, Guang Dong, China; School of Science and Engineering, The Chinese University of Hong Kong, Shenzhen, China",IEEE Robotics and Automation Letters,"31 Oct 2022","2022","7","4","12315","12322","For massive large-scale tasks, a multi-robot system (MRS) can effectively improve efficiency by utilizing each robot's different capabilities, mobility, and functionality. In this letter, we focus on the multi-robot coverage path planning (mCPP) problem in large-scale planar areas with random dynamic interferers in the environment, where the robots have limited resources. We introduce a worker-station MRS consisting of multiple workers with limited resources for actual work, and one station with enough resources for resource replenishment. We aim to solve the mCPP problem for the worker-station MRS by formulating it as a fully cooperative multi-agent reinforcement learning problem. Then we propose an end-to-end decentralized online planning method, which simultaneously solves coverage planning for workers and rendezvous planning for station. Our method manages to reduce the influence of random dynamic interferers on planning, while the robots can avoid collisions with them. We conduct simulation and real robot experiments, and the comparison results show that our method has competitive performance in solving the mCPP problem for worker-station MRS in metric of task finish time.","2377-3766","","10.1109/LRA.2022.3214446","National Key R&D Program of China(grant numbers:2020YFB1313300); Shenzhen Institute of Artificial Intelligence and Robotics for Society(grant numbers:AC01202101103); ","https://ieeexplore.ieee.org/stamp/stamp.jsp?arnumber=9918029","Multi-robot systems;planning;scheduling and coordination;reinforcement learning","Robots;Planning;Collision avoidance;Robot kinematics;Task analysis;Multi-robot systems;Synchronization","","10","","33","IEEE","13 Oct 2022","Oct. 2022","","IEEE","IEEE Journals"
"Hybrid Coordination Framework for Centralized Task Allocation and Execution in Heterogeneous Multi-Robot Systems","G. Varghese T.; S. Kochuvila; N. Kumar; R. R. V. Prasad","Department of Electronics and Communication Engineering, Amrita School of Engineering, Amrita Vishwa Vidyapeetham, Bengaluru, India; Department of Electronics and Communication Engineering, Amrita School of Engineering, Amrita Vishwa Vidyapeetham, Bengaluru, India; Department of Electronics and Communication Engineering, Amrita School of Engineering, Amrita Vishwa Vidyapeetham, Bengaluru, India; Department of Electrical Engineering, Mathematics, and Computer Science, TU Delft, Delft, The Netherlands",IEEE Access,"28 Apr 2026","2026","14","","61573","61595","Multi-robot coordination has emerged as a critical enabler for efficient warehouse logistics, yet existing approaches struggle to balance solution quality, computational efficiency, and real-time adaptability in heterogeneous robot environments. This paper presents a novel centralized coordination architecture that integrates a hybrid optimization algorithm combining the shapley value clustering algorithm (SVCA) with the non-dominated sorting genetic algorithm II (NSGA-II) for multi-robot task allocation (MRTA). The proposed system addresses the complex challenge of allocating logistics tasks to heterogeneous mobile robots with varying payload capacities, energy consumption rates, and task deadline while simultaneously optimizing multiple conflicting objectives including makespan, energy consumption, deadline adherence, and workload balance. Unlike traditional static scheduling methods, the proposed system includes dynamic task reallocation capabilities that enable robots to autonomously detect and execute pending tasks nearby upon completion, be it with intelligent battery management that triggers autonomous recharging when energy thresholds are reached. Implemented using robot operating system 2 (ROS2) Humble and validated in Gazebo simulation environments with warehouse scenarios involve five heterogeneous robots and multiple logistics tasks. Experimental results show that, with the hybrid algorithm, 100% task allocation can be achieved with an average allocation time of 0.122 seconds, significantly outperforming state-of-the-art methods including island model genetic algorithm (IMGA), SVCA, particle swarm optimization (PSO), genetic algorithm (GA), and standalone NSGA-II executions. The system effectively manages complex logistics operations to automate the warehouse within the simulated environment, while maintaining required constraint.","2169-3536","","10.1109/ACCESS.2026.3680629","","https://ieeexplore.ieee.org/stamp/stamp.jsp?arnumber=11474490","Multi-robot system (MRS);multi-robot task allocation (MRTA);gazebo;heterogeneous robots;non-dominated sorting genetic algorithm-II (NSGA-II);robot operating system (ROS2);RViz;shapley value clustering algorithm (SVCA);task allocation","Payloads;Military aircraft;Space technology;Feeds;Broadcasting;Radio broadcasting;Frequency modulation;Broadcast technology;Circuits;Feedback","","","","40","CCBY","3 Apr 2026","2026","","IEEE","IEEE Journals"
"Meta-Reinforcement Learning Based Cooperative Surface Inspection of 3D Uncertain Structures using Multi-robot Systems","J. Chen; Y. Gao; J. Hu; F. Deng; T. L. Lam",Shenzhen Institute of Artificial Intelligence and Robotics for Society; Shenzhen Institute of Artificial Intelligence and Robotics for Society; Shenzhen Institute of Artificial Intelligence and Robotics for Society; Shenzhen Institute of Artificial Intelligence and Robotics for Society; Shenzhen Institute of Artificial Intelligence and Robotics for Society,2024 IEEE International Conference on Robotics and Automation (ICRA),"8 Aug 2024","2024","","","7201","7207","This paper presents a decentralized cooperative motion planning approach for surface inspection of 3D structures which includes uncertainties like size, number, shape, position, using multi-robot systems (MRS). Given that most of existing works mainly focus on surface inspection of single and fully known 3D structures, our motivation is two-fold: first, 3D structures separately distributed in 3D environments are complex, therefore the use of MRS intuitively can facilitate an inspection by fully taking advantage of sensors with different capabilities. Second, performing the aforementioned tasks when considering uncertainties is a complicated and time-consuming process because we need to explore, figure out the size and shape of 3D structures and then plan surface-inspection path. To overcome these challenges, we present a meta-learning approach that provides a decentralized planner for each robot to improve the exploration and surface inspection capabilities. The experimental results demonstrate our method can outperform other methods by approximately 10.5%-27% on success rate and 70%-75% on inspection speed.","","979-8-3503-8457-4","10.1109/ICRA57147.2024.10610420","","https://ieeexplore.ieee.org/stamp/stamp.jsp?arnumber=10610420","","Three-dimensional displays;Uncertainty;Shape;Inspection;Sensors;Multi-robot systems;Task analysis","","3","","25","IEEE","8 Aug 2024","13-17 May 2024","13-17 May 2024","IEEE","IEEE Conferences"
"Bio-inspired Decentralized Multi-robot Exploration in Unknown Environments","J. Wang; B. Guo; K. Zhao; S. Liu; Z. Yu","School of Computer Science, Northwestern Polytechnical University, Xi’an, China; School of Computer Science, Northwestern Polytechnical University, Xi’an, China; School of Software, Northwestern Polytechnical University, Xi’an, China; School of Computer Science, Northwestern Polytechnical University, Xi’an, China; School of Computer Science, Northwestern Polytechnical University, Xi’an, China",2023 IEEE 20th International Conference on Mobile Ad Hoc and Smart Systems (MASS),"1 Nov 2023","2023","","","204","210","Multi-robot collaborative exploration is a fundamental precondition for a wide range of robot applications. However, in situations where physical communication networks cannot be deployed, existing methods encounter great challenge since collaboration mostly relies on the communication among robots. In this paper, a decentralized exploration approach for multi-robot systems is proposed to achieve efficient collaboration in communication-limited scenarios. Particularly, we present a novel multi-agent reinforcement learning approach called Multi-Agent Proximal Policy Optimization-Pheromone Interaction Mechanism (MAPPO-PIM) to realize self-adaptive and self-organized exploration. Inspired by nature swarms, we model the release and act process of pheromone and apply it into the motion of robots, which naturally forms an implicit interaction network based on the traces of pheromone. Moreover, we introduce the pheromone feedback into the reward shaping, which can be used to indirectly guide robots to explore different unknown areas without the requirements for explicit communication. We compare the performances of the proposed algorithm with several baseline exploration methods, and the experiment results indicate that our work obtains up to 45% collaboration improvement and 19% execution time reduction.","2155-6814","979-8-3503-2433-4","10.1109/MASS58611.2023.00032","National Science Fund for Distinguished Young Scholars; National Natural Science Foundation of China; ","https://ieeexplore.ieee.org/stamp/stamp.jsp?arnumber=10298444","Collaborative exploration;pheromone mechanism;multi-agent reinforcement learning;communication","Collaboration;Reinforcement learning;Multi-robot systems;Communication networks;Robots;Multi-agent systems","","3","","34","IEEE","1 Nov 2023","25-27 Sept. 2023","25-27 Sept. 2023","IEEE","IEEE Conferences"
"FLSTM: Enhancing FRL in Swarm Robotics through Sequential Decision-Making for Optimal Energy and Robustness : The Second International Conference on Innovative and Intelligent Information Technologies (IC3IT’26)","A. Hafid; R. Hocine; L. Guezouli; H. Moumen","Computer Science Department, Faculty of Mathematics and Computer Science, Laboratory (LAMIE), University of Chahid Mostafa BENBOULAID Batna2, Algeria; Computer Science Department, Faculty of Sciences and Technology Computer Systems, University of Chahid Mostafa BENBOULAID Batna2, Algeria; SC-MI Departement, Faculty of Mathematics and Computer Science, Laboratory (LAMIE), University of Chahid Mostafa BENBOULAID Batna2, Algeria; Computer Science Department, Faculty of Sciences and Technology Computer Systems, Laboratory (LAMIE), University of Chahid Mostafa BENBOULAID Batna2, Algeria",2025 2nd International Conference on Innovative and Intelligent Information Technologies (IC3IT),"22 Jun 2026","2026","","","1","6","The deployment of robot swarms for critical tasks such as mine detection in complex and hazardous environments presents a dual challenge: maximizing exploration coverage while ensuring energy efficiency and operational robustness. Conventional Federated Reinforcement Learning (FRL) approaches, while effective for distributed learning, often struggle with the sequential nature of exploration and the Partial Observability of the environment. This paper introduces FLSTM, a novel framework that enhances FRL in Swarm Robotics by integrating Long Short-Term Memory (LSTM) networks within the deep Q-learning architecture of each agent, creating a Distributed Recurrent Q-Network (DRQN). This architectural modification enables agents to perform Sequential Decision-Making, allowing them to leverage historical observation sequences to mitigate the partial observability problem. We evaluate the FLSTM framework in a high-fidelity simulation environment featuring heterogeneous terrain, obstacles, and agent failures (lifespan limits and malfunctions). Our results demonstrate that the sequential memory, coupled with a multi-objective reward function prioritizing path cost, significantly improves overall swarm performance. Specifically, the FLSTM framework achieves a superior mine detection time distribution and exhibits enhanced energy efficiency by learning optimal, low-cost navigation policies. Furthermore, the FRL aggregation maintains the swarm’s robustness against individual agent failures.","","979-8-3315-7100-9","10.1109/IC3IT69043.2026.11567553","","https://ieeexplore.ieee.org/stamp/stamp.jsp?arnumber=11567553","LSTM;FRL;FLSTM;Swarm Robotics;Explo- ration;Energy Efficient;Mine detection","Robots;Long short term memory;Modeling;Printing;Signal detection;Architecture;Computer architecture;Federated learning;Energy;Algorithms","","","","20","IEEE","22 Jun 2026","26-28 March 2026","26-28 March 2026","IEEE","IEEE Conferences"
"Hybrid Multiverse-based Parallel Computing Framework for Task Scheduling in Swarm Robotics","M. Mokhtari; D. Scalais; J. Famaey","University of Antwerp -IDLab, Imec, Belgium; University of Antwerp, Belgium; University of Antwerp -IDLab, Imec, Belgium","2025 Computing, Communications and IoT Applications (ComComAp)","29 Jan 2026","2025","","","24","29","Energy-aware task scheduling in large robotic swarms is challenging due to computational complexity, communication overhead, and limited onboard energy. Traditional centralized schedulers struggle to scale, while fully distributed approaches often lack global coordination. To address this, we propose a hybrid scheduling framework in which a central coordinator performs global task allocation using a Multi-Verse Optimizer (MVO), and the swarm itself participates in parallel local schedule refinement. After receiving their assigned task subsets, individual robots refine execution order using Particle Swarm Optimization (PSO) or Genetic Algorithms (GA), allowing computation to be distributed across the swarm rather than concentrated at the center. This significantly reduces central processing demand by offloading while adapting task execution to local energy conditions. The framework is implemented in a ROS±Docker environment with explicit energy-aware scheduling. Experimental results show that the approach reduces scheduling computation time by up to 250% and lowers mission makespan by 5±7% compared to six state-of-the-art methods, while improving overall energy efficiency and coordination. These findings demonstrate that combining centralized global insight with distributed parallel refinement enables scalable and energy-efficient swarm task scheduling suitable for large-scale deployments.","","979-8-3315-9143-4","10.1109/ComComAp68359.2025.11353167","Horizon Europe; ","https://ieeexplore.ieee.org/stamp/stamp.jsp?arnumber=11353167","","Schedules;Processor scheduling;Robot kinematics;Swarm robotics;Energy efficiency;Scheduling;Computational efficiency;Resource management;Particle swarm optimization;Genetic algorithms","","","","20","IEEE","29 Jan 2026","14-17 Dec. 2025","14-17 Dec. 2025","IEEE","IEEE Conferences"
"A Multi-Robot Task Allocation Method Based on Graph Attention Network and Unsupervised Learning","Z. Wu; Z. Li; D. Zhu; Q. Liao; W. Yao","School of Astronautics, Harbin Institute of Technology, Harbin, China; Beijing Electro-Mechanical Engineering Institute, Beijing, China; Chengdu CHG Robots & Intelligent Equipment Institute Co., Ltd, Chengdu, China; Chengdu CHG Robots & Intelligent Equipment Institute Co., Ltd, Chengdu, China; School of Astronautics, Harbin Institute of Technology, Harbin, China",2024 IEEE International Conference on Unmanned Systems (ICUS),"22 Jan 2025","2024","","","1222","1227","The task allocation for multiple robots is a critical component in the coordination of unmanned clusters. The existing heuristic algorithms are hard to achieve satisfactory results in large-scale problems, and reinforcement learning-based methods face challenges in ensuring the rationality of reward design. This paper introduces a model based on multi-head attention and graph neural networks to address the schedule-dependent multi-robot task allocation problem, trained using unsupervised learning techniques. This model can be trained with varying numbers of robots and tasks without necessitating changes to its structure or parameters. In the experiment of this paper, the model is trained under two different conditions, and the performance is evaluated across six different problem scales. Comparing the proposed model against greedy algorithms and genetic algorithms, the results demonstrate that the proposed model has sianiflcant advantages in overall performance.","2771-7372","979-8-3503-8418-5","10.1109/ICUS61736.2024.10840067","National Natural Science Foundation of China(grant numbers:U23A20346,62473109); ","https://ieeexplore.ieee.org/stamp/stamp.jsp?arnumber=10840067","multi-robot systems;task allocation;graph attention network;unsupervised learning","Greedy algorithms;Robot kinematics;Heuristic algorithms;Computational modeling;Reinforcement learning;Graph neural networks;Resource management;Unsupervised learning;Faces;Genetic algorithms","","7","","18","IEEE","22 Jan 2025","18-20 Oct. 2024","18-20 Oct. 2024","IEEE","IEEE Conferences"
"Current Algorithms, Communication Methods and Designs for Underwater Swarm Robotics: A Review","J. Connor; B. Champion; M. A. Joordens","School of Engineering, Deakin University, Geelong, VIC, Australia; School of Engineering, Deakin University, Geelong, VIC, Australia; School of Engineering, Deakin University, Geelong, VIC, Australia",IEEE Sensors Journal,"4 Dec 2020","2021","21","1","153","169","As technology advances, the places we have been able to explore have drastically increased. However, the advancements in the underwater realm have staggered behind both the exploration of surface and air domains. This is due in part to the challenges that arise when placing a robot in water. One current shift has seen the use of a swarm of robots that are cheaper and are of a lower quality, that work together to accomplish a common goal, as opposed to using a single expensive robot. Swarm robotics benefits from being more tolerant of catastrophic failure and can cover large areas in smaller time frames. However, unlike other advancements in technology, underwater swarm robotics have struggled to compete with its counterparts on the surface and in the air. This is mainly due to the problems with communication underwater, the hazardous environment, the cost and difficulties with construction of underwater robots. This article conducts a literature review into the current state of underwater swarm robotics; it covers the design of the underwater robots, the methods used by the individual robot to perceive their environment, how they can localize to said environment, the methods of communication available underwater, centralized and decentralized control, the basis of swarm algorithms, the behaviors that are exhibited when a swarm works collectively and how swarms have been applied underwater.","1558-1748","","10.1109/JSEN.2020.3013265","","https://ieeexplore.ieee.org/stamp/stamp.jsp?arnumber=9153840","Swarm algorithms;swarm behaviors;swarm robotics;underwater robotics;underwater communication","Fish;Propellers;Unmanned underwater vehicles;Robot sensing systems","","95","","194","IEEE","31 Jul 2020","1 Jan.1, 2021","","IEEE","IEEE Journals"
"Hybrid Heuristic-Evolutionary Optimization with Dynamic Multi-Path Routing for Multi-Robot Logistics in Constrained Environments","R. Silva; D. F. Gomes; V. H. Pinto; G. Gonçalves; G. Teixeira","SYSTEC ARISE, Faculdade de Engenharia, Universidade do Porto, Porto, Portugal; SYSTEC ARISE, Faculdade de Engenharia, Universidade do Porto, Porto, Portugal; SYSTEC ARISE, Faculdade de Engenharia, Universidade do Porto, Porto, Portugal; SYSTEC ARISE, Faculdade de Engenharia, Universidade do Porto, Porto, Portugal; Flowbotic Mobile Systems SA, Coimbra, Portugal",2026 IEEE International Conference on Autonomous Robot Systems and Competitions (ICARSC),"20 May 2026","2026","","","182","189","This paper presents a hybrid heuristic-evolutionary architecture for multi-robot logistics scheduling that separates the roles of solution construction (heuristic initialization) and robustness validation (evolutionary search). The system integrates: (1) k-shortest paths route optimization with multi-criteria evaluation, (2) dynamic rerouting for real-time disruption handling, (3) a persistent path viability cache for efficient constraint checking, (4) warehouse capacity management with timeline tracking, and (5) automated hyperparameter tuning via Optuna. Experimental results across 8 scenarios demonstrate 100% solution viability, ultra-fast convergence arising from heuristic initialization (generation 0 in 75% of cases, average 0.38 generations), route overhead of 5.5% in multi-path networks (13.1% average, 21.6% in topologically constrained linear networks), and ∼ 14% runtime reduction via persistent caching (range 10–22%). An ablation study isolates the contribution of each component: disabling the viability cache is the sole configuration that reduces viability below 100% (to 87.5%), confirming that the cache is the system’s most critical constraint-enforcement mechanism. The system demonstrates strong performance for small-to-medium warehouse zones and manufacturing cells (2–3 robots, 12–14 nodes), with architectural properties suggesting scaling potential requiring further validation.","2573-9387","979-8-3195-1711-1","10.1109/ICARSC70216.2026.11523247","","https://ieeexplore.ieee.org/stamp/stamp.jsp?arnumber=11523247","Genetic Algorithm;Multi-Robot Systems;Dynamic Routing;Path Planning;Logistics Optimization;Automated Hyperparameter Tuning;Disruption Management;Constraint Management","Robots;Timing;Optimization;Printing;Convergence;Gallium;Warehousing;Genetic algorithms;Schedules;Tuning","","","","23","IEEE","20 May 2026","22-23 April 2026","22-23 April 2026","IEEE","IEEE Conferences"
"Game-Theoretical Approach to Multi-Robot Task Allocation Using a Bio-Inspired Optimization Strategy","S. Chen; T. X. Lin; F. Zhang","School of Electrical and Computer Engineering, Georgia Institute of Technology, Atlanta, GA, USA; School of Electrical and Computer Engineering, Georgia Institute of Technology, Atlanta, GA, USA; School of Electrical and Computer Engineering, Georgia Institute of Technology, Atlanta, GA, USA",2023 IEEE/RSJ International Conference on Intelligent Robots and Systems (IROS),"13 Dec 2023","2023","","","5388","5393","This paper introduces a game-theoretical approach to the multi-robot task allocation problem, where each robot is considered as self-interested and cannot share its personal utility functions. We consider the case where each robot can execute multiple tasks and each task requires only one robot. For real-world applications with mobile robots, we design a utility function that includes both assignment conflict penalties and path-dependent execution cost. For a robot to maximize its own utility, it needs to select a subset of conflict-free tasks that minimizes its total travel distance. Our approaches utilize a consensus communication scheme to share robots' task selection and the Speeding-Up and Slowing-Down (SUSD) strategy to search in a combinatorial action (task selection) space for a subset of tasks that can achieve a higher utility at each iteration. The SUSD strategy can perform a gradient-like search without calculating the derivatives, which allows robots to improve upon their current task selections. Simulation results show that robots using the proposed algorithms can successfully find Nash equilibria for effective coordination.","2153-0866","978-1-6654-9190-7","10.1109/IROS55552.2023.10341947","ONR(grant numbers:N00014-19-1-2556,N00014-19-1-2266); AFOSR(grant numbers:FA9550-19-1-0283); NSF(grant numbers:CNS-1828678,S&AS-1849228,CNS-2016582,GCR-1934836); NOAA(grant numbers:NA16NOS0120028); ","https://ieeexplore.ieee.org/stamp/stamp.jsp?arnumber=10341947","","Robot kinematics;Simulation;Nash equilibrium;Space exploration;Resource management;Mobile robots;Task analysis","","8","","22","IEEE","13 Dec 2023","1-5 Oct. 2023","1-5 Oct. 2023","IEEE","IEEE Conferences"
"Coordination Frameworks for IoT-Driven Swarm Robotics Communication","A. K. Agrawal; J. Kumar; A. Kumar; Anumeha; A. R. Yadav","Department of Electronics and Communication, National Institute of Technology Jamshedpur, Jamshedpur, India; Department of Electronics and Communication, National Institute of Technology Jamshedpur, Jamshedpur, India; Department of Electrical Engineering, Delhi Technological University, Delhi, India; Department of Electronics and Communication, Government Women?s Polytechnic Jamshedpur, Jamshedpur, India; Department of Electronics and Instrumentation Engineering, Institute of Technology, Nirma University, Ahmedabad, India",2025 International Conference on Machine Learning and Autonomous Systems (ICMLAS),"25 Apr 2025","2025","","","1865","1871","The Internet of Things (IoT) has revolutionized global device interconnectivity, fostering seamless data exchange through expansive sensing networks. Similarly, swarm robotics emulates the collective behaviors observed in nature, such as bird flocks and ant colonies, aiming to adapt these principles for practical use. This paper explores the dynamics of robotic swarms operating under a centralized network model using master-slave communication. Two implementation approaches are examined: direct, small-scale interactions utilizing device MAC addresses and large-scale connectivity facilitated by an IoT-based cloud server. Our experiments employ the NodeMCU ESP8266 platform, which utilizes the IEEE 802.11 Wi-Fi standard for data handling and transfer. For cloud-based communication, we utilize the ThingSpeak server to manage data flow. This study evaluates the strengths and limitations of these approaches in fostering swarm behavior, aiming to derive strategies for enhancing the performance and coordination of swarm robotic systems.","","979-8-3315-0574-5","10.1109/ICMLAS64557.2025.10968795","","https://ieeexplore.ieee.org/stamp/stamp.jsp?arnumber=10968795","Centralized Communication;Collaborative Robotics;Internet of Things (IoT);Swarm Robotics;Device Interconnectivity","Cloud computing;Robot kinematics;Swarm robotics;Robot sensing systems;Main-secondary;Topology;Internet of Things;Servers;Wireless fidelity;Standards","","","","18","IEEE","25 Apr 2025","10-12 March 2025","10-12 March 2025","IEEE","IEEE Conferences"
"Can a Single Human Supervise a Swarm of 100 Heterogeneous Robots?","J. A. Adams; J. Hamell; P. Walker","Collaborative Robotics and Intelligent Systems Institute, Oregon State University, Corvallis, OR, USA; SIFT, LLC, Minneapolis, MN, USA; SIFT, LLC, Minneapolis, MN, USA",IEEE Transactions on Field Robotics,"6 Jan 2025","2025","2","","46","80","An open research question has been whether a single human can supervise a true heterogeneous swarm of robots completing tasks in real-world environments. A general concern is whether or not the human’s workload will be taxed to the breaking point. The Defense Advanced Research Projects Agency’s (DARPA) OFFensive Swarm-Enabled Tactics (OFFSET) program’s field exercises (FXs) that occurred at U.S. Army urban training sites provided the opportunity to understand the impact of achieving such swarm deployments. The Command and Control Of Aggregate Swarm Tactics (CCAST) integrator team’s swarm commander (SC) uses the heterogeneous robot swarm to conduct relevant missions. During the final OFFSET program FX, the team collected objective and subjective metrics related to the SC’s human performance. A multi-dimensional workload algorithm that estimates overall workload based on five components of workload was used to analyze the results. While the SC’s workload estimates did cross the overload threshold frequently, the SC was able to successfully complete the missions, often under challenging operational conditions. The presented results demonstrate that a single human can deploy a swarm of 100 heterogeneous robots to conduct real-world missions.","2997-1101","","10.1109/TFR.2024.3502316","Defense Advanced Research Projects Agency (DARPA); ","https://ieeexplore.ieee.org/stamp/stamp.jsp?arnumber=10757435","Defense Advanced Research Projects Agency (DARPA) OFFensive Swarm-Enabled Tactics (OFFSET);human-swarm interaction;multi-dimensional workload","Cameras;Autonomous aerial vehicles;Robot vision systems;Robot kinematics;Payloads;Navigation;Universal Serial Bus;US Department of Defense;Human-robot interaction;Particle swarm optimization;Autonomous robots;Command and control systems;Human factors","","4","","48","IEEE","19 Nov 2024","2025","","IEEE","IEEE Journals"
"STAR: Swarm Technology for Aerial Robotics Research","J. Chiun; Y. R. Tan; Y. Cao; J. Tan; G. Sartoretti","College of Design and Engineering, National University of Singapore, Singapore; College of Design and Engineering, National University of Singapore, Singapore; College of Design and Engineering, National University of Singapore, Singapore; College of Design and Engineering, National University of Singapore, Singapore; College of Design and Engineering, National University of Singapore, Singapore","2024 24th International Conference on Control, Automation and Systems (ICCAS)","9 Dec 2024","2024","","","141","146","In recent years, the field of aerial robotics has witnessed significant progress, finding applications in diverse domains, including post-disaster search and rescue operations. Despite these strides, the prohibitive acquisition costs associated with deploying physical multi-UAV systems have posed challenges, impeding their widespread utilization in research endeavors. To overcome these challenges, we present STAR (Swarm Technology for Aerial Robotics Research), a framework developed explicitly to improve the accessibility of aerial swarm research experiments. Our framework introduces a swarm architecture based on the Crazyflie, a low-cost, open-source, palm-sized aerial platform, well suited for experimental swarm algorithms. To augment cost-effectiveness and mitigate the limitations of employing low-cost robots in experiments, we propose a landmark-based localization module leveraging fiducial markers. This module, also serving as a target detection module, enhances the adaptability and versatility of the framework. Additionally, collision and obstacle avoidance are implemented through velocity obstacles. The presented work strives to bridge the gap between theoretical advances and tangible implementations, thus fostering progress in the field.","2642-3901","978-89-93215-38-0","10.23919/ICCAS63016.2024.10773308","","https://ieeexplore.ieee.org/stamp/stamp.jsp?arnumber=10773308","Aerial Robotics;Micro UAV;Landmark Localization;Robotic Application","Location awareness;System performance;Stars;Swarm robotics;Object detection;Motion capture;Peer-to-peer computing;Maintenance;Collision avoidance;Robots","","3","","15","","9 Dec 2024","29 Oct.-1 Nov. 2024","29 Oct.-1 Nov. 2024","IEEE","IEEE Conferences"
"FedPPO: Federated Proximal Policy Optimization for Multi-Robot Collision Avoidance","X. An; Z. Du; Y. Lin; J. Wu; J. Chen; A. Shan; X. Li; M. Lin","Graduate School of Informatics and Engineering, The University of Electro-Communications, Chofu, Tokyo, Japan; Graduate School of Informatics and Engineering, The University of Electro-Communications, Chofu, Tokyo, Japan; Graduate School of Informatics and Engineering, The University of Electro-Communications, Chofu, Tokyo, Japan; Graduate School of Informatics and Engineering, The University of Electro-Communications, Chofu, Tokyo, Japan; Department of Information Science and Technology, Baotou Teachers' College, Baotou, China; Department of Information Science and Technology, Baotou Teachers' College, Baotou, China; Graduate School of Informatics and Engineering, The University of Electro-Communications, Chofu, Tokyo, Japan; Inner Mongolia Electronic Information Vocational Technical College, Hohhot, Inner Mongolia, Autonomous Region, P. R. China",2025 International Conference on Meta-Networking (MEET),"21 Jan 2026","2025","","","1","8","Multi-robot collision avoidance in decentralized manner is a challenging task which avoids collision with other robots and obstacles only based on its own observations. Recently, multi-agent reinforcement learning-based centralized training with decentralized execution has been widely used to train shared policy to reduce training cost. However, applying shared policies may limit the applicability in heterogeneous multi-robot systems. In this paper, we propose federated proximal policy algorithm (FedPPO) to share experience among robots with privacy preservation, which can be applied in heterogeneous robots. Each robot has its own policy and can upload the model parameter to server after several local training iterations. The server aggregates the model parameter to share experience. It is a capable solution addressing the low sampling efficiency of independent policy methods and the limited applicability of shared policy methods. The algorithms are trained on the irsim simulator. The experimental result shows that the proposed method has good sampling efficiency, and it can be used in heterogeneous multi-robot collision avoidance task.","","979-8-3315-7785-8","10.1109/MEET67398.2025.11335899","","https://ieeexplore.ieee.org/stamp/stamp.jsp?arnumber=11335899","Federated Reinforcement Learning;Proximal Policy Optimization;Multi-Agent Reinforcement Learning;Multi-Robot Collision Avoidance","Training;Privacy;Costs;Aggregates;Reinforcement learning;Servers;Multi-robot systems;Collision avoidance;Robots;Optimization","","","","14","IEEE","21 Jan 2026","24-26 Oct. 2025","24-26 Oct. 2025","IEEE","IEEE Conferences"
"Cooperation and Coordination Principles for Icy Moon Exploration with Autonomous Multi Robot Systems","A. M. J. Skulimowski","Decision Science Lab, AGH University, Kraków, Poland",2025 IEEE Aerospace Conference,"14 Jul 2025","2025","","","1","12","This paper presents research motivated by a higher-than-ever level of multidimensional autonomy of planetary su-rface exploration beyond the Mars orbit required from robotic systems. Obviously, this is due to the long time duration requi-red to establish communication with the nearest human opera-tor and the expected high complexity of astrobiological explo-ration of moons hosting a subsurface ocean (“Icy Moons”). First, we present a summary of challenges and bottlenecks related to the autonomous exploration of Icy Moons. Next, we characterize the software requirements necessary for the reliable deployment of teams of autonomous planetary surface robots. This ensures higher exploration robustness compared to the standard systems using single units. Third, we address the need for new concepts for multi-level robot decision and learning autonomy as well as novel approaches to anticipatory coordination and cooperative phenomena in robot teams. Specifically, we propose an application of anticipatory robotics principles in planning the cooperation of deep space intelligent exploratory robots with autonomous decision making capabi-lities and knowledge sharing of other robots' decision algorithms. This latter knowledge sharing is essential in situations where communication is limited during the execution of a sha-red task to predict future actions of the robotics system. Cooperating robot formations are modeled as evolving antici-patory networks, driven by discrete event systems with virtual supervisors. The computational homogeneity among the robots allows each of them to periodically act as a coordinator and issuing commands to other robots while integrating their anti-cipated positions and activities. The above principles have been validated in experiments with inspection and harvesting robot teams. We will also propose new solutions to travel path plan-ning for multiple exploratory rovers based on an additive transformation of probabilistic risk superposition on path segments. As an illustrative example, we present a multicriteria coordination problem involving a team of robots planning non-dominated paths and collaborating in an anticipatory network. Finally, we assess planned deep space missions to identify pro-mising applications for coordinated anticipatory robot teams.","2996-2358","979-8-3503-5597-0","10.1109/AERO63441.2025.11068694","","https://ieeexplore.ieee.org/stamp/stamp.jsp?arnumber=11068694","","Robot kinematics;Moon;Software;Robustness;Space exploration;Software reliability;Planning;Artificial intelligence;Deep-space communications;Surface treatment","","3","","29","IEEE","14 Jul 2025","1-8 March 2025","1-8 March 2025","IEEE","IEEE Conferences"
"Towards Flexible Manufacturing: Motion Generation Concept for Coupled Multi-Robot Systems","Y. Tang; W. Shen; I. Mamaev; B. Hein","Karlsruhe University of Applied Sciences; Robotics Lab (IAR - IPR), Karlsruhe Institute of Technology (KIT), Institute for Anthropomatics and Robotics - Intelligent Process Automation, Karlsruhe, Germany; Karlsruhe University of Applied Sciences; Karlsruhe University of Applied Sciences",2023 IEEE 19th International Conference on Automation Science and Engineering (CASE),"28 Sep 2023","2023","","","1","7","This paper presents a motion generation concept with stiffness and path constraints for multi-robot systems in a flexible manufacturing context. An optimization approach using closed-form inverse kinematics solutions is proposed to maximize the Cartesian stiffness, simultaneously preserving the continuity of the joints' movement. We also present an efficient trajectory generation approach combining Particle Swarm Optimization (PSO) and Online Trajectory Generation (OTG) methods. For the sake of synchronization, we assume a 14 Degrees of Freedom (DOF) closed-chain kinematics for the trajectory generation of the dual-robot system. We evaluate the proposed approach on a mock-up of the sheet metal bending task using two coupled Franka Emika robots. The results show that the proposed method increases the stiffness of the robot, as it can apply three times the force compared to benchmark methods before reaching the joint torque limit in the single robot experiments. Furthermore, two physically coupled Panda robots can generate a force of up to 732 N with joint torque limits set to 10%.","2161-8089","979-8-3503-2069-5","10.1109/CASE56687.2023.10260365","","https://ieeexplore.ieee.org/stamp/stamp.jsp?arnumber=10260365","","Torque;Force;Kinematics;Trajectory;Manufacturing;Multi-robot systems;Synchronization","","2","","29","IEEE","28 Sep 2023","26-30 Aug. 2023","26-30 Aug. 2023","IEEE","IEEE Conferences"
"Heterogeneous Multi-Robot Person-Following in Constrained Environments","O. A. Miller; J. M. Gregory; C. Reardon","Department of Computer Science, University of Denver; DEVCOM Army Research Laboratory; Department of Computer Science, University of Denver",2024 IEEE International Symposium on Safety Security Rescue Robotics (SSRR),"3 Dec 2024","2024","","","136","141","There are many reasons for a robot to track a moving person, from security monitoring to providing social assistance. In this work, we consider the problem of autonomously tracking a moving person through an altitude-constrained environment using mobile robotic platforms. This problem presents several challenges. Because we are constrained to low altitudes, such as in indoor environments or below the roof or treeline in an outdoor environment, in order to maintain sensor tracking the platforms must strongly consider obstacles and occlusion. Because we consider the robot's maximum speed to be constrained to the same order of magnitude as the target, the robots must make timely and correct navigation decisions to maintain track. We examine solutions to these challenges using a robot team consisting of a slower, more-capable ground robot and a faster, less-capable micro aerial vehicle. Three methods for robot navigation decision-making are evaluated: a heuristic-based predictive goal search algorithm, a multi-agent reinforcement learning method, and a baseline closed-loop method. While the heuristic method proved the most reliable, completing all nine paths and reaching targets nearly twice as fast as RL, we were still able to demonstrate a successful MARL-based solution. These findings reveal both the potential and limitations of RL, demonstrating the promise of heterogeneous multi-robot systems for person-following in unpredictable settings.","2475-8426","979-8-3315-1095-4","10.1109/SSRR62954.2024.10770001","","https://ieeexplore.ieee.org/stamp/stamp.jsp?arnumber=10770001","","Training;Adaptation models;Solid modeling;Target tracking;Three-dimensional displays;Navigation;Heuristic algorithms;Robot sensing systems;Security;Vehicle dynamics","","2","","10","IEEE","3 Dec 2024","12-14 Nov. 2024","12-14 Nov. 2024","IEEE","IEEE Conferences"
"Multi-Robot Motion Planning From Vision and Language Using Heat-Inspired Diffusion","J. Chae; J. Chang; S. Yeom; Y. Kim; J. Choi","Department of Artificial Intelligence, Yonsei University, Seoul, South Korea; School of Mechanical Engineering, Yonsei University, Seoul, South Korea; School of Mechanical Engineering, Yonsei University, Seoul, South Korea; School of Mechanical Engineering, Yonsei University, Seoul, South Korea; Department of Artificial Intelligence, Yonsei University, Seoul, South Korea",IEEE Robotics and Automation Letters,"27 Apr 2026","2026","11","6","7118","7125","Diffusion models have recently emerged as powerful tools for robot motion planning by capturing the multi-modal distribution of feasible trajectories. However, their extension to multi-robot settings with flexible, language-conditioned task specifications remains limited. Furthermore, current diffusion-based approaches incur high computational cost during inference and struggle with generalization because they require explicit construction of environment representations and lack mechanisms for reasoning about geometric reachability. To address these limitations, we present Language-conditioned Heat-inspired Diffusion (LHD), an end-to-end vision-based framework that generates language-conditioned, collision-free trajectories. LHD integrates semantic priors from CLIP, a vision-language model (VLM), with a collision-avoiding diffusion kernel serving as a physical inductive bias that enables the planner to interpret language commands strictly within the reachable workspace. This naturally handles out-of-distribution (OOD) scenarios—in terms of reachability—by guiding robots toward accessible alternatives that match the semantic intent, while eliminating the need for explicit obstacle information at inference time. Extensive evaluations on diverse real-world-inspired maps, along with real-robot experiments, show that LHD consistently outperforms prior diffusion-based planners in success rate, while reducing planning latency.","2377-3766","","10.1109/LRA.2026.3685932","National Research Foundation of Korea; Korea government(grant numbers:RS-2024-00344732); Korea Institute of Science and Technology; Institutional Program; ","https://ieeexplore.ieee.org/stamp/stamp.jsp?arnumber=11488547","Multi-robot systems;diffusion models;motion and path planning;collision avoidance","Feeds;Central Processing Unit;Filtering;Biomimetics;Filters;MIMICs;Millimeter wave integrated circuits;Monolithic integrated circuits;Electronic circuits;Feedback control","","","","33","IEEE","20 Apr 2026","June 2026","","IEEE","IEEE Journals"
"GIPD: Global Intent Prediction and Decomposition of Cooperative Multi-Robot System in Non-Communication Environments","Y. Zhao; Z. Liu; H. Wei; K. Wang; H. Wang; D. Zhai; K. Jin; H. Shao","School of Automation and Intelligent Sensing, Shanghai Jiao Tong University, and the Key Laboratory of System Control and Information Processing, Ministry of Education of China, Shanghai, China; School of Automation and Intelligent Sensing, Shanghai Jiao Tong University, and the Key Laboratory of System Control and Information Processing, Ministry of Education of China, Shanghai, China; School of Automation and Intelligent Sensing, Shanghai Jiao Tong University, and the Key Laboratory of System Control and Information Processing, Ministry of Education of China, Shanghai, China; School of Automation and Intelligent Sensing, Shanghai Jiao Tong University, and the Key Laboratory of System Control and Information Processing, Ministry of Education of China, Shanghai, China; China State Shipbuilding Corporation 726th Research Institude, Shanghai, China; China State Shipbuilding Corporation 726th Research Institude, Shanghai, China; School of Automation and Intelligent Sensing, Shanghai Jiao Tong University, and the Key Laboratory of System Control and Information Processing, Ministry of Education of China, Shanghai, China; School of Automation and Intelligent Sensing, Shanghai Jiao Tong University, and the Key Laboratory of System Control and Information Processing, Ministry of Education of China, Shanghai, China",2025 IEEE/RSJ International Conference on Intelligent Robots and Systems (IROS),"27 Nov 2025","2025","","","11277","11282","In complex multi-robot application scenarios, particularly in dynamically adversarial, hazardous, or disaster environments, traditional cooperation paradigms face significant challenges due to unreliable or absent communication links. Achieving efficient cooperation in the absence of communication has become a key bottleneck limiting the performance of multirobot systems. In this paper, we propose a Global Intent Prediction and Decomposition (GIPD) framework that enables robots to perform cooperative behavior without relying on communication. Each robot independently infers a globally consistent intent based solely on its local observations, ensuring implicit alignment across the system. Given the inferred global intent, robots autonomously determine their responsibilities and select the most appropriate tasks. They then base their local decision-making on the global intent, selected tasks, and individual observations, thereby facilitating effective execution and cooperation. We validate our approach using the MPE and SMAC benchmarks. Additionally, real-world experiments involving multiple ships demonstrate the effectiveness and practical applicability of the proposed GIPD method.","2153-0866","979-8-3315-4393-8","10.1109/IROS60139.2025.11247120","","https://ieeexplore.ieee.org/stamp/stamp.jsp?arnumber=11247120","","Limiting;Disasters;Decision making;Benchmark testing;Multi-robot systems;Marine vehicles;Intelligent robots;Faces","","","","25","IEEE","27 Nov 2025","19-25 Oct. 2025","19-25 Oct. 2025","IEEE","IEEE Conferences"
"Novel Implementation of Multi-Robot Space Exploration Utilizing Coordinated Multi-Robot Exploration and Frequency Modified Whale Optimization Algorithm","F. Gul; I. Mir; W. Rahiman; T. U. Islam","Department of Electrical Engineering, Air University, Aerospace and Aviation Campus Kamra, Attock, Pakistan; Department of Avionics Engineering, Air University, Aerospace and Aviation Campus Kamra, Attock, Pakistan; School of Electrical and Electronics Engineering, Universiti Sains Malaysia, Nibong Tebal, Malaysia; Aerospace Department, Air University, Aerospace and Aviation Campus Kamra, Attock, Pakistan",IEEE Access,"9 Feb 2021","2021","9","","22774","22787","Multi-robot space exploration involves building a finite map utilizing a cluster of robots in an obstacle cluttered environment. The uncertainties are minimized by assigning tasks among robots and computing the optimum action. Such optimal trajectories are traditionally obtained utilizing deterministic or metaheuristic techniques, with each having peculiar limitations. Recently, limited work with the sub-optimal result has been done utilizing frameworks that utilize a blend of both techniques. This paper proposes a novel framework which involves the integration of deterministic Coordinated Multi-Robot Exploration (CME) and metaheuristic frequency modified Whale Optimization Algorithm (WOA) techniques, to perform search exploration that imitates the predatory behavior of whales. The frequency is dynamically adjusted utilizing a statistical objective function to tune exploitation and exploration operators. The proposed framework involves a) determination of the cost and utility functional values around individual group members utilizing deterministic CME technique, b) search space exploration to optimize and improve the overall solution utilizing frequency modified whale metaheuristic approach. The effectiveness of the proposed Frequency Modified Hybrid Whale Optimization Algorithm (FMH-WOA) is ascertained by training the multi-robotic framework in different complexity environmental conditions. The results efficacy is then demonstrated by comparing the results of the proposed methodology with those achieved from three other contemporary optimization techniques namely CME-WOA, CME-GWO, and CME-SineCosine.","2169-3536","","10.1109/ACCESS.2021.3055852","","https://ieeexplore.ieee.org/stamp/stamp.jsp?arnumber=9343330","Multi robotic path planning;coordinated multi-robot exploration (CME);metaheuristic;whale optimization algorithm (WOA);hybridization;CME-WOA;CME-GWO;CME-SineCosine","Robots;Robot kinematics;Optimization;Space exploration;Robot sensing systems;Whales;Task analysis","","74","","71","CCBY","1 Feb 2021","2021","","IEEE","IEEE Journals"
"Intelligent Swarm Robotics for Disaster Response and Obstacle Avoidance","S. R B; S. S. T B; D. Gururaj","Department of Electronics And Comunication Enginnering, Rajalakshmi Engineering College, Chennai, India; Department of Electronics And Comunication Enginnering, Rajalakshmi Engineering College, Chennai, India; Department of Electronics And Comunication Enginnering, Rajalakshmi Engineering College, Chennai, India",2025 5th International Conference on Pervasive Computing and Social Networking (ICPCSN),"19 Jun 2025","2025","","","892","897","Swarm robotics relying on collective behaviour in biological systems like ant colonies, flocks of birds, and schooling fish poses a fault tolerant way to address hard problems under certainty in decentralized manners. Develop and function a swarm robotics system that comprises a multi-sensor and camera module commanded by an ESP32 microcontroller. The core capabilities are detection of humans and avoiding obstacles to perform efficient navigation through unfamiliar terrains. An internet-based website interface facilitates distant viewing and advanced planning through provision of real-time details in a comfortable format. A peer-to-peer low-latency communication provided by ESP-NOW creates a strong mesh network. LoRa integration allows the reliable longer-range transfer of data while retaining the low latency ESP-NOW peer-to-peer communication which extends the overall operational range. The combination of these layers guarantees robust inter-robot coordination, low power consumption, and reliable data transfer over various terrains. In the swarm mode, every ESP32 acts as an edge computing node processing light-weight machine learning models for onboard human detection. Eliminating centralized processing enables every robot to compute visual and sensor data locally and update the web server with information detected. This method is optimally suitable for search-and-rescue and autonomous operations.","","979-8-3315-3519-3","10.1109/ICPCSN65854.2025.11035980","","https://ieeexplore.ieee.org/stamp/stamp.jsp?arnumber=11035980","Swarm robotics;Obstacle avoidance;ESPNOW;LoRa;Edge Computing;Human Detection;Rescue operation","Visualization;Social networking (online);Robot vision systems;Swarm robotics;LoRa;Web servers;Peer-to-peer computing;Low latency communication;Collision avoidance;Edge computing","","","","20","IEEE","19 Jun 2025","14-16 May 2025","14-16 May 2025","IEEE","IEEE Conferences"
"Planning and Integration of a Multi-Robot Adaptive Charging Network for Voltage Regulation via Unscented Kalman Filter-Based Deep Reinforcement Learning","S. An; J. Qiu; J. Lin; X. Sun; B. Liu; Z. Yuan","School of Electrical and Computer Engineering, The University of Sydney, Sydney, Australia; School of Electrical and Computer Engineering, The University of Sydney, Sydney, Australia; School of Electrical and Computer Engineering, The University of Sydney, Sydney, Australia; School of Electrical Engineering, Shandong University, Jinan, China; School of Electrical and Computer Engineering, The University of Sydney, Sydney, Australia; School of Electrical and Computer Engineering, The University of Sydney, Sydney, Australia",IEEE Transactions on Smart Grid,"23 Dec 2025","2026","17","1","518","536","High levels of electric vehicle (EV) penetration and load uncertainty pose significant challenges to traditional voltage regulation in distribution systems (DS), particularly concerning voltage drops. This study investigates the potential of a dual-service mode (V2V/V2G) for mobile charging using multiple charging robots, cooperating with conventional DS voltage regulation methods to enhance performance. Specifically, we propose a multi-robot adaptive charging network (MRACN) embedded in a three-level voltage regulation framework to address voltage violations. At the low level, we introduce a voltage security rule-based dispatch strategy for MRACN to mitigate EV-induced voltage drops. At the mid-level, we optimize day-ahead scheduling of on-load tap changers and capacitor banks via optimal power flow for long-term voltage regulation. At the high level, we employ an unscented Kalman filter-based deep reinforcement learning (UKF-DRL) approach to integrate MRACN into DSs for real-time voltage control. Experimental results demonstrate that MRACN effectively reduces voltage violations and enhances the flexibility of conventional voltage control systems. Moreover, the UKF-DRL method accelerates DRL training by nearly an order of magnitude compared to full AC power-flow solutions, with the overwhelming majority of state estimates deviating by no more than 2%.","1949-3061","","10.1109/TSG.2025.3618899","ARC Research Hub(grant numbers:IH180100020); ARC Training Centre(grant numbers:IC200100023); ARC Linkage Project(grant numbers:LP200100056,LP240200586); ARC Discovery Project(grant numbers:DP220103881); ","https://ieeexplore.ieee.org/stamp/stamp.jsp?arnumber=11195829","Intelligent robot;intermittent power device planning and integration;voltage regulation;deep learning;smart grid","Voltage control;Vehicle-to-grid;Real-time systems;Security;Reactive power;Costs;Planning;Optimization;Electric vehicle charging;Scheduling","","1","","46","IEEE","7 Oct 2025","Jan. 2026","","IEEE","IEEE Journals"
"Communication-Efficient Multi-Robot Exploration Using Coverage-Biased Distributed Q-Learning","E. Latif; R. Parasuraman","School of Computing, University of Georgia, Athens, GA, USA; School of Computing, University of Georgia, Athens, GA, USA",IEEE Robotics and Automation Letters,"5 Feb 2024","2024","9","3","2622","2629","Frontier exploration and reinforcement learning have historically been used to solve the problem of enabling many mobile robots to autonomously and cooperatively explore complex surroundings. These methods need to keep an internal global map for navigation, but they do not consider the high costs of communication and information sharing between robots. This study offers CQLite, a novel distributed Q-learning technique that minimizes data communication between robots while achieving rapid convergence and thorough coverage in multi-robot exploration. The proposed CQLite method uses ad hoc map merging, and selectively shares updated Q-values at recently identified frontiers to reduce communication costs significantly. The theoretical analysis of CQLite's convergence and efficiency and extensive numerical verification on simulated indoor maps utilizing several robots demonstrate the method's novelty. With over 2× reductions in computation and communication alongside improved mapping performance, CQLite outperformed cutting-edge multi-robot exploration techniques like Rapidly-exploring Random Trees and Deep Reinforcement Learning.","2377-3766","","10.1109/LRA.2024.3358095","","https://ieeexplore.ieee.org/stamp/stamp.jsp?arnumber=10413563","Multi-robot systems;cooperating robots","Q-learning;Merging;Optimization;Planning;Navigation;Costs;Multi-robot systems","","16","","26","IEEE","24 Jan 2024","March 2024","","IEEE","IEEE Journals"
"Swarm-Based Task Scheduling Algorithm for Real-Time Industrial Robotic IoT Control Systems","R. C. Gurung; M. K. Yahya-Imam","School of AI computing and Multimedia, Lincoln University College, Malaysia; School of AI computing and Multimedia, Lincoln University College, Malaysia",2025 International Conference on Intelligent Innovations in Engineering and Technology (ICIIET),"19 Feb 2026","2025","","","1","6","Industrial robotic IoT systems are increasingly deployed in smart manufacturing for high-precision and real-time operations. Still, their efficiency is often hindered by dynamic task loads, resource constraints, and strict timing requirements. Existing scheduling algorithms struggle to adapt to rapidly changing industrial environments, resulting in delays, idle resources, and reduced throughput. To address these challenges, this paper introduces a Hybrid Bio-Inspired Swarm Task Scheduler (HBSTS), a novel method combining adaptive particle swarm optimization (APSO) with a dynamic pheromone-based task allocation strategy specifically designed for real-time robotic IoT systems. The APSO component predicts optimal task sequences based on historical and real-time execution data. At the same time, the pheromone-inspired mechanism dynamically adjusts task assignments among robotic agents, accounting for priorities, execution times, and inter-device communication delays. This dual-layer approach allows the system to continuously learn and self-optimize under fluctuating workloads, making it more resilient than traditional static or single-layer swarm algorithms. Extensive simulations on industrial IoT testbeds demonstrate that HBSTS improves task throughput by 32%, reduces latency by 21%, and enhances overall resource utilization compared to conventional priority-based and standard swarm scheduling methods. The results confirm that integrating predictive optimization with adaptive, pheromone-driven task allocation provides a scalable, highly responsive solution for real-time industrial robotics. In conclusion, HBSTS delivers a unique, intelligent, and adaptive framework for task scheduling in complex IoT-enabled industrial environments, enabling faster, more efficient, and reliable automation. The proposed HBSTS achieved high performance, with task throughput increasing from 7 to 12 tasks, latency reduced to 9–17 seconds, resource utilization of 82–86%, and efficiency of 72–79%.","","979-8-3315-9103-8","10.1109/ICIIET65921.2025.11378637","","https://ieeexplore.ieee.org/stamp/stamp.jsp?arnumber=11378637","Real-time scheduling;Hybrid swarm optimization;Industrial IoT;Robotics task allocation;Adaptive optimization","Job shop scheduling;Service robots;Scheduling algorithms;Throughput;Dynamic scheduling;Real-time systems;Delays;Resource management;Optimization;Industrial Internet of Things","","","","16","IEEE","19 Feb 2026","4-6 Dec. 2025","4-6 Dec. 2025","IEEE","IEEE Conferences"
"Multi-Robot Gas Sources Localization and Mapping Using Adaptive Voronoi-PSO and Bayesian Inference","Y. A. Prabowo; B. R. Trilaksono; E. M. I. Hidayat; B. Yuliarto","Bandung Institute of Technology, Bandung, Indonesia; Bandung Institute of Technology, Bandung, Indonesia; Bandung Institute of Technology, Bandung, Indonesia; Bandung Institute of Technology, Bandung, Indonesia",IEEE Access,"7 Dec 2023","2023","11","","135738","135752","Gas sources localization (GSL) and gas distribution mapping (GDM) are vital when hazardous gas leaks occur, as finding the sources and mapping the contaminant are crucial for containment and prevention. This paper addresses the challenge of simultaneous GSL and GDM through a multi-robot coordination algorithm in a large area. Bayesian inference methods are employed to estimate areas with the highest gas concentration. The robots are directed towards the most probable locations of the highest gas concentration. Even after locating all the gas sources, the robot group focuses on mapping the more contaminated areas. Voronoi tessellation is utilized to partition the working area among the robots. The Particle Swarm Optimization (PSO) method is employed, allowing one robot to share the current highest probability of the gas source’s location to others. The weighting constant of the PSO method is eliminated, enabling GSL and GDM to be performed in an adaptive manner. The proposed method is referred to as “adaptive Voronoi-PSO”. The method is evaluated in both free-space and cluttered environments. Monte Carlo simulation is suitable for free-space environments as it rapidly generates gas distribution. Evaluating the method in cluttered environments is more challenging, requiring complex simulations to generate the gas distribution. Overall, the adaptive Voronoi-PSO method offers more advantages than solely using Voronoi or non-adaptive Voronoi-PSO methods. Its only drawback is observed in cluttered environments. Nevertheless, the adaptive Voronoi-PSO method remains advantageous as it eliminates the need to select a weighting constant, which is a challenging task in practice.","2169-3536","","10.1109/ACCESS.2023.3336560","Indonesian Ministry of Research and Technology/National Agency for Research and Innovation and Indonesian Ministry of Education and Culture under World Class University (WCU) Program Managed by Institut Teknologi Bandung; ","https://ieeexplore.ieee.org/stamp/stamp.jsp?arnumber=10328611","Gas sources localization;gas distribution mapping;multi-robot coordination","Robot kinematics;Genetic algorithms;Bayes methods;Location awareness;Task analysis;Estimation;Position measurement;Gases;Multi-robot systems","","5","","25","CCBYNCND","23 Nov 2023","2023","","IEEE","IEEE Journals"
"Multi-Robot Path Planning With Boolean Specification Tasks Under Motion Uncertainties","Z. Zhang; Z. He; N. Ran; M. Reniers",NA; NA; NA; NA,2024 IEEE/RSJ International Conference on Intelligent Robots and Systems (IROS),"25 Dec 2024","2024","","","3433","3438","This paper studies the path planning problem of multi-robot systems under motion uncertainties with high-level tasks that are expressed as Boolean specifications. The specification imposes logical constraints on robot trajectories and final states. First, a global Markov decision process model of the multi-robot system is constructed to provide its current state. In order to tackle the state explosion problem, at each stage, we construct a local Markov decision process for every individual agent in sequence to compute the local optimal movement strategy and update the global Markov decision process accordingly (i.e., compute locally and update globally). Next, we propose a heuristic reward function design method that provides different rewards for visiting different task points by introducing the estimated distance to complete the global task. Finally, a series of numerical experiments are conducted to demonstrate the computational efficiency and scalability of our developed approach.","2153-0866","979-8-3503-7770-5","10.1109/IROS58592.2024.10801558","","https://ieeexplore.ieee.org/stamp/stamp.jsp?arnumber=10801558","Discrete event systems;Markov decision process;Multi-robot system;High-level task;Reinforcement learning","Uncertainty;Markov decision processes;Scalability;Design methodology;Computational modeling;Explosions;Trajectory;Multi-robot systems;Iterative methods;Intelligent robots","","1","","18","IEEE","25 Dec 2024","14-18 Oct. 2024","14-18 Oct. 2024","IEEE","IEEE Conferences"
"A Modular Training Approach for Multi-Robot Cooperative Search in Dynamic Environments","Y. Dasgaonkar; R. S. Sharma; R. N. Samant","Centre for Artificial Intelligence and Robotics, Indian Institute of technology, Mandi, India; Centre for Artificial Intelligence and Robotics, Indian Institute of technology, Mandi, India; Nvidia Graphics Private Limited, Mumbai, Maharashtra, India",2024 Tenth Indian Control Conference (ICC),"21 Feb 2025","2024","","","285","290","In a multi-robot system, two or more robots are trained to cooperate in their actions to complete a given task faster and with a higher probability of success than in a single-robot system. State-Of-The-Art (SOTA) cooperative multi-robot training methods are of two types: (a) Algorithmic: Greedy, Genetic, and (b) Machine Learning (ML): Regression, Reinforcement Learning (RL), Deep RL (DRL), and Inverse RL (IRL). Existing literature shows they perform well when the environmental conditions are well-known and static, for instance, in a car body part assembling task. To test the performance of the SOTA under dynamic conditions, we simulate a 3D fire disaster environment in a real-world urban city building with humans trapped inside it. We model the fire dynamics such that the intensity and spread rate of fire, smoke, and blocked paths increase non-linearly. The trapped humans have a high risk of losing their lives if not searched within a deadline. We state this problem as the Multi-robot Cooperative Search in Dynamic Environments (MCSDE) problem. When we applied the SOTA approaches to train multi-robots to search for human lives in this simulated environment, they failed to search for all human lives within a deadline and lacked computational efficiency. To address the issue of multi-robot training in MCSDE, we present a modular training approach. In this approach, we train each robot locally based on their local perceptions. Our efforts in this research are to uncover these perceptions' geometric locality properties. When fused with another robot's perception, each perception reveals the true behaviour of the environment's dynamic. Each robot becomes self-aware of global dynamics by training from its local perceptions. The proposed modular approach requires just one-fourth of the computation than the RL or DL-based training approaches and performs far superior to the algorithmic approaches.","","979-8-3315-1721-2","10.1109/ICC64753.2024.10883732","","https://ieeexplore.ieee.org/stamp/stamp.jsp?arnumber=10883732","multi-robot;search and rescue;collaborative task planning;Simulation;robot programming;robot control","Training;Three-dimensional displays;Heuristic algorithms;Disasters;Urban areas;Thermal sensors;Search problems;Robot sensing systems;Multi-robot systems;Self-aware","","","","14","IEEE","21 Feb 2025","9-11 Dec. 2024","9-11 Dec. 2024","IEEE","IEEE Conferences"
"Quantum-Behaved Multi-Robot Plume Source Localization with Formation Maintenance and Obstacle Avoidance","R. -G. Li; H. -N. Wu","School of Automation Science and Electrical Engineering, Beihang University, Beijing, China; School of Automation Science and Electrical Engineering, Beihang University, Beijing, China",2021 36th Youth Academic Annual Conference of Chinese Association of Automation (YAC),"26 Jul 2021","2021","","","610","615","In combination with optimization theory and swarm evolution mechanisms, this paper addresses a plume source localization issue based on multiple mobile robots equipped with sensors. First of all, we offer the plume modeling process and analyze some internal characteristics about its source. Secondly, an adaptive weight is introduced into quantum particle swarm optimization (QPSO) algorithm, which makes quantum-behaved optimization (QBO) algorithm be proposed as a swarm search scheme for robots. Subsequently, based on the attractive/repulsive field theory, a collision avoidance strategy with formation maintenance and obstacle elusion is provided for robots on the move. Finally, we offer the analysis for the developed policy, such as the global convergence and computational complexity.","","978-1-6654-3712-7","10.1109/YAC53711.2021.9486582","Research and Development; National Natural Science Foundation of China; ","https://ieeexplore.ieee.org/stamp/stamp.jsp?arnumber=9486582","Plume source localization;multiple robots;quantum-behaved optimization (QBO) algorithm;collision avoidance;performance analysis","Location awareness;Analytical models;Maintenance engineering;Sensor phenomena and characterization;Robot sensing systems;Path planning;Collision avoidance","","2","","14","IEEE","26 Jul 2021","28-30 May 2021","28-30 May 2021","IEEE","IEEE Conferences"
"Learning from Demonstration Framework for Multi-Robot Systems Using Interaction Keypoints and Soft Actor-Critic Methods","V. L. N. Venkatesh; B. -C. Min","Department of Computer and Information Technology, SMART Lab, Purdue University, West Lafayette, IN, USA; Department of Computer and Information Technology, SMART Lab, Purdue University, West Lafayette, IN, USA",2024 IEEE/RSJ International Conference on Intelligent Robots and Systems (IROS),"25 Dec 2024","2024","","","10754","10761","Learning from Demonstration (LfD) is a promising approach to enable Multi-Robot Systems (MRS) to acquire complex skills and behaviors. However, the intricate interactions and coordination challenges in MRS pose significant hurdles for effective LfD. In this paper, we present a novel LfD framework specifically designed for MRS, which leverages visual demonstrations to capture and learn from robot-robot and robot-object interactions. Our framework introduces the concept of Interaction Keypoints (IKs) to transform the visual demonstrations into a representation that facilitates the inference of various skills necessary for the task. The robots then execute the task using sensorimotor actions and reinforcement learning (RL) policies when required. A key feature of our approach is the ability to handle unseen contact-based skills that emerge during the demonstration. In such cases, RL is employed to learn the skill using a classifier-based reward function, eliminating the need for manual reward engineering and ensuring adaptability to environmental changes. We evaluate our framework across a range of mobile robot tasks, covering both behavior-based and contact-based domains. The results demonstrate the effectiveness of our approach in enabling robots to learn complex multi-robot tasks and behaviors from visual demonstrations.","2153-0866","979-8-3503-7770-5","10.1109/IROS58592.2024.10802324","National Science Foundation; ","https://ieeexplore.ieee.org/stamp/stamp.jsp?arnumber=10802324","","Visualization;Robot kinematics;Scalability;Transforms;Reinforcement learning;Manuals;Robot sensing systems;Robot learning;Multi-robot systems;Mobile robots","","","","26","IEEE","25 Dec 2024","14-18 Oct. 2024","14-18 Oct. 2024","IEEE","IEEE Conferences"
"Adaptive Memetic Algorithm with Dual-Level Local Search for Cooperative Route Planning of Multi-Robot Surveillance Systems","H. Cheng; J. Yi; W. Xia; H. Pu; J. Luo","State Key Laboratory of Mechanical Transmission for Advanced Equipment, Chongqing University, Chongqing, China; State Key Laboratory of Mechanical Transmission for Advanced Equipment, Chongqing University, Chongqing, China; Department of Electronics, Information and Bioengineering, Politecnico di Milano, Milano, Italy; State Key Laboratory of Mechanical Transmission for Advanced Equipment, Chongqing University, Chongqing, China; State Key Laboratory of Mechanical Transmission for Advanced Equipment, Chongqing University, Chongqing, China",Complex System Modeling and Simulation,"15 Jul 2024","2024","4","2","210","221","The heightened autonomy and robust adaptability inherent in a multi-robot system have proven pivotal in disaster search and rescue, agricultural irrigation, and environmental monitoring. This study addresses the coordination of multiple robots for the surveillance of various key target positions within an area. This involves the allocation of target positions among robots and the concurrent planning of routes for each robot. To tackle these challenges, we formulate a unified optimization model addressing both target allocation and route planning. Subsequently, we introduce an adaptive memetic algorithm featuring dual-level local search strategies. This algorithm operates independently among and within robots to effectively solve the optimization problem associated with surveillance. The proposed method's efficacy is substantiated through comparative numerical experiments and simulated experiments involving diverse scales of robot teams and different target positions.","2097-3705","","10.23919/CSMS.2024.0006","National Natural Science Foundation of China(grant numbers:52105244); Chongqing for Returned Overseas Scholars(grant numbers:cx2023085); ","https://ieeexplore.ieee.org/stamp/stamp.jsp?arnumber=10598213","multi-robot system;surveillance;memetic algorithm","Memetics;Surveillance;Robot kinematics;Optimization models;Search problems;Path planning;Encoding","","8","","30","","15 Jul 2024","June 2024","","TUP","TUP Journals"
"Learning Augmented, Multi-Robot Long-Horizon Navigation in Partially Mapped Environments","A. Khanal; G. J. Stein","Department of Computer Science, George Mason University, Fairfax, VA, USA; Department of Computer Science, George Mason University, Fairfax, VA, USA",2023 IEEE International Conference on Robotics and Automation (ICRA),"4 Jul 2023","2023","","","10167","10173","We present a novel approach for efficient and reliable goal-directed long-horizon navigation for a multi-robot team in a structured, unknown environment by predicting statistics of unknown space. Building on recent work in learning-augmented model based planning under uncertainty, we introduce a high-level state and action abstraction that lets us approximate the challenging Dec-POMDP into a tractable stochastic MDP. Our Multi-Robot Learning over Subgoals Planner (MR-LSP) guides agents towards coordinated exploration of regions more likely to reach the unseen goal. We demonstrate improvement in cost against other multi-robot strategies; in simulated office-like environments, we show that our approach saves 13.29% (2 robot) and 4.6% (3 robot) average cost versus standard non-learned optimistic planning and a learning-informed baseline.","","979-8-3503-2365-8","10.1109/ICRA48891.2023.10161476","","https://ieeexplore.ieee.org/stamp/stamp.jsp?arnumber=10161476","","Costs;Uncertainty;Navigation;Robot kinematics;Buildings;Stochastic processes;Planning","","3","","34","IEEE","4 Jul 2023","29 May-2 June 2023","29 May-2 June 2023","IEEE","IEEE Conferences"
"Socially Networked Multi-Robot System of Time-Sensitive Multi-Link Access in a Smart Factory","Z. Nie; K. -C. Chen; Y. Alanezi","Department of Electrical Engineering, University of South Florida, Tampa, Florida, United States; Department of Electrical Engineering, University of South Florida, Tampa, Florida, United States; Department of Electrical Engineering, University of South Florida, Tampa, Florida, United States",ICC 2023 - IEEE International Conference on Communications,"23 Oct 2023","2023","","","4918","4923","Smart factories driven by multi-robot systems (MRS) or multi-agent systems (MAS) integrate edge computing, mobile computing, and wireless communications for exceptionally dynamic, flexible, productive, and resource-efficient manufacturing. With real-time multi-robot task allocation assigning tasks to MRS, MRS executes tasks collaboratively to realize the objectives of smart factories. Ultra-low latency and reliable wireless communication enable such collaborative MRSs in an efficient and resilient manner. On top of time-sensitive multi-link wireless access, this paper takes advantage of social network properties to explore the topology control and channel/resource allocation for the transportation MRS of autonomous mobile robots (AMRs) in a smart factory. To satisfy the minimal latency through proactive communication, adaptive channel allocation occurs concurrently with the formation of social communities based on the robot's geometric trajectories. Computational experiments demonstrate that the proposed methodology delivers a more balanced collision rate and a substantial increase in the average channel access rate compared to what traditional static channel allocation offers.","1938-1883","978-1-5386-7462-8","10.1109/ICC45041.2023.10278719","Florida Center for Cybersecurity (Cyber Florida); ","https://ieeexplore.ieee.org/stamp/stamp.jsp?arnumber=10278719","smart factory;multi-robot system;multi-agent system;social network;community;multi-link operation;WLAN","Wireless communication;Social networking (online);Network topology;Transportation;Channel allocation;Topology;Resource management","","5","","29","IEEE","23 Oct 2023","28 May-1 June 2023","28 May-1 June 2023","IEEE","IEEE Conferences"
"Multi-Station Multi-Robot Welding System Planning and Scheduling Based on STNSGA-D: An Industrial Case Study","Y. Wang; X. Wang; S. Chen; X. Gu","Key Laboratory of Smart Manufacturing in Energy Chemical Process, Ministry of Education, East China University of Science and Technology, Shanghai, China; Key Laboratory of Smart Manufacturing in Energy Chemical Process, Ministry of Education, East China University of Science and Technology, Shanghai, China; Key Laboratory of Smart Manufacturing in Energy Chemical Process, Ministry of Education, East China University of Science and Technology, Shanghai, China; Key Laboratory of Smart Manufacturing in Energy Chemical Process, Ministry of Education, East China University of Science and Technology, Shanghai, China",IEEE Transactions on Automation Science and Engineering,"15 Oct 2024","2024","21","4","7465","7479","Automatic welding system is ideally suited for high-volume production of modern manufacturing. The optimization of workpiece mass manufacturing processes on assembly welding lines is a significant practice in the automotive industry to improve production efficiency. Considering the highly coupled characteristics of multiple sub-problems (including task allocation, robot assignment, welding sequence planning, and dual-function robot scheduling) as well as numerous constraints for workpieces and production line configuration, a new unified optimization model for multi-station multi-robot welding system planning and scheduling (MSMRWS-PS) is established. The objectives are to simultaneously minimize the completion time of single workpiece, the completion time difference between adjacent workpieces and the path length of robot movement. After modeling, a multi-objective evolutionary algorithm based on similarity taboo non-dominated sorting rule and individual population density (STNSGA-D) is proposed. A two-layer encoding method is designed to decompose the coupled problem of welding task allocation and welding sequence planning. In cooperation with the two-layer encoding, an encoding scheme combining dominant coding and hidden coding are devised for robot assignment and dual-function robot scheduling. Finally, STNSGA-D is compared with four state-of-the-art multi-objective evolutionary algorithms (MOEAs) on a set of workpiece test instances. The experimental results show that the comprehensive performance of STNSGA-D is superior to the comparison algorithms. The model and solution proposed in this paper can improve the efficiency of mass production in factories, and has important practical significance for optimizing the high-coupling welding systems. Note to Practitioners—This work is motivated by the actual industrial scene of a welding system for assembling, welding and transferring workpieces. Specifically, it pertains to an assembly welding line comprising assembly welding stations, transfer station, unloading station, stationary welding machines and robots. Notably, this line incorporates two dual-function robots that can independently carry out welding and transfer operations, owing to its special configuration. It possesses the ability to weld one workpiece while clamping another. To coordinate the welding and transfer tasks, reduce the waiting time of robots, and enhance the production efficiency, it is imperative to schedule the operations of the dual-function robots. In addition, the reachable space of both dual-function robots encompasses the same station, which means that one of the robots can weld independently, or both robots can weld cooperatively. As a result, the scheduling of dual-function robots must be conducted concurrently with the robot assignment for station. It is also necessary to assign the welding task for stations and plan the welding sequence for robots. These optimization problems are highly coupled to each other, and considering only one of the sub-problem cannot optimize the entire production line. Hence, we present a comprehensive MSMRWS-S-PS model which ignores collisions and propose a corresponding algorithm tailored to effectively optimize the welding system.","1558-3783","","10.1109/TASE.2023.3343449","National Natural Science Foundation of China(grant numbers:61973120,62076095); ","https://ieeexplore.ieee.org/stamp/stamp.jsp?arnumber=10366183","Robotic welding;dual-function robot;robot coordination;task planning;multi-objective optimization","Robots;Welding;Robot kinematics;Service robots;Production;Job shop scheduling;Task analysis","","17","","56","IEEE","19 Dec 2023","Oct. 2024","","IEEE","IEEE Journals"
"H2GNN: Hierarchical-Hops Graph Neural Networks for Multi-Robot Exploration in Unknown Environments","H. Zhang; J. Cheng; L. Zhang; Y. Li; W. Zhang","School of Control Science and Engineering, Shandong University, Jinan, China; School of Control Science and Engineering, Shandong University, Jinan, China; School of Control Science and Engineering, Shandong University, Jinan, China; School of Control Science and Engineering, Shandong University, Jinan, China; School of Control Science and Engineering, Shandong University, Jinan, China",IEEE Robotics and Automation Letters,"10 Feb 2022","2022","7","2","3435","3442","Multi-robot coarse-to-fine exploration in unknown environments makes great sense in many application fields like search and rescue. For different stages of the task, robots need to extract information from the environment discriminately, which can improve their decision-making capability. To this end, we present the Hierarchical-Hops Graph Neural Networks (H2GNN) to enable robots to targetedly integrate the key information of the graph-represented environment, which distinguishes the importance of information from different hops around robots based on the multi-head attention mechanism. And in order to improve the efficiency of cooperation, we utilize multi-agent reinforcement learning (MARL) to help robots to learn collaborative strategies implicitly. We conduct experiments to verify our proposed method in a simulation environment, and the experimental results demonstrate that the H2GNN significantly improves the multi-robot exploration performance in unknown environments.","2377-3766","","10.1109/LRA.2022.3146912","National Key Research and Development Plan of China(grant numbers:2018AAA0102504); National Natural Science Foundation of China(grant numbers:U1913204,61991411); Natural Science Foundation of Shandong Province(grant numbers:ZR2020JQ29); National Natural Science Foundation of China(grant numbers:62103236); ","https://ieeexplore.ieee.org/stamp/stamp.jsp?arnumber=9697333","Autonomous exploration;graph neural networks;multi-robot system","Robots;Robot kinematics;Task analysis;Feature extraction;Data mining;Robot sensing systems;Multi-robot systems","","53","","36","IEEE","31 Jan 2022","April 2022","","IEEE","IEEE Journals"
"Game-theoretic Utility Tree for Multi-Robot Cooperative Pursuit Strategy","Q. Yang; R. Parasuraman",NA; NA,ISR Europe 2022; 54th International Symposium on Robotics,"19 Aug 2022","2022","","","1","7","Underlying relationships among multiagent systems (MAS) in hazardous scenarios can be represented as game-theoretic models. In adversarial environments, the adversaries can be intentional or unintentional based on their needs and motivations. Agents will adopt suitable decision-making strategies to maximize their current needs and minimize their expected costs. This paper proposes and extends the new hierarchical network-based model, termed Game-theoretic Utility Tree (GUT), to arrive at a cooperative pursuit strategy to catch an evader in the Pursuit-Evasion game domain. We verify and demonstrate the performance of the proposed method using the Robotarium platform compared to the conventional constant bearing (CB) and pure pursuit (PP) strategies. The experiments demonstrated the effectiveness of the GUT, and the performances validated that the GUT could effectively organize cooperation strategies, helping the group with fewer advantages achieve higher performance.","","978-3-8007-5891-3","","","https://ieeexplore.ieee.org/stamp/stamp.jsp?arnumber=9861828","","","","1","","","","19 Aug 2022","20-21 June 2022","20-21 June 2022","VDE","VDE Conferences"
"High-Precision Dynamics Modeling of Robots Integrating Swarm Intelligence Algorithms","P. Tianchen; W. Taohan; H. Tianjiao","Central Academy Shanghai Electric Group Co., Ltd, Shanghai, China; Central Academy Shanghai Electric Group Co., Ltd, Shanghai, China; Central Academy Shanghai Electric Group Co., Ltd, Shanghai, China",2025 9th International Conference on Robotics and Automation Sciences (ICRAS),"19 Aug 2025","2025","","","1","7","To address the challenge of identifying robotic dy namics parameters, a high-precision dynamics modeling method integrating swarm intelligence algorithm is proposed. First, a joint dynamics model of the robot is developed. Then, an improved algorithm based on the modified humpback whale optimization algorithm (MWOA) is employed, combining Bernoulli chaotic mapping with an adaptive tuning evolutionary algorithm to optimize the excitation trajectory. This approach enables the synchronized identification of both the robot's joints and base. Experimental results demonstrate that the proposed method significantly improves the accuracy of robotic dynamics parameter identification, thus achieving precision force control of the robot.","2694-3506","979-8-3503-9249-4","10.1109/ICRAS65818.2025.11108942","","https://ieeexplore.ieee.org/stamp/stamp.jsp?arnumber=11108942","robot;dynamic parameter identification;nonlinear optimization;MWOA","Adaptation models;Parameter estimation;Chaotic mapping;Accuracy;Heuristic algorithms;Dynamics;Trajectory;Particle swarm optimization;Force control;Robots","","","","16","IEEE","19 Aug 2025","27-29 June 2025","27-29 June 2025","IEEE","IEEE Conferences"
"SPACE: 3D Spatial Co-Operation and Exploration Framework for Robust Mapping and Coverage With Multi-Robot Systems","S. K. Ghanta; R. Parasuraman","School of Computing, University of Georgia, Athens, GA, USA; School of Computing, University of Georgia, Athens, GA, USA",IEEE Robotics and Automation Letters,"6 Nov 2025","2025","10","12","13074","13081","In indoor environments, multi-robot visual (RGB-D) mapping and exploration hold immense potential for application in domains such as domestic service and logistics, where deploying multiple robots in the same environment can significantly enhance efficiency. However, there are two primary challenges: (1) the “ghosting trail” effect, which occurs when inter-robot views overlap, producing temporally inconsistent, duplicated surfaces that degrade point-cloud reconstruction accuracy, and (2) the oversight of visual reconstructions in selecting the most effective frontiers for exploration. Given these challenges are interrelated, we address them together by proposing a new semi-distributed framework (SPACE) for spatial cooperation in indoor environments that enables enhanced coverage and 3D mapping. SPACE leverages geometric techniques, including “mutual awareness” and a “dynamic robot filter,” to overcome spatial mapping constraints. Additionally, we introduce a novel spatial frontier detection system and map merger, integrated with an adaptive frontier assigner for optimal coverage balancing the exploration and reconstruction objectives. In extensive ROS-Gazebo simulations and real-world experiments, SPACE demonstrated superior performance over state-of-the-art approaches in both exploration and mapping metrics, demonstrating significant mitigation of the ghosting effects by multiple magnitudes.","2377-3766","","10.1109/LRA.2025.3627118","Army Research Laboratory through DCIST Cooperative Agreement(grant numbers:W911NF-17-2-0181); ","https://ieeexplore.ieee.org/stamp/stamp.jsp?arnumber=11222879","3D reconstruction;cooperation;coverage;exploration;mapping;multi-robot systems","Robot kinematics;Visualization;Three-dimensional displays;Observers;Simultaneous localization and mapping;Odometry;Location awareness;Corporate acquisitions;Robot vision systems","","","","28","IEEE","30 Oct 2025","Dec. 2025","","IEEE","IEEE Journals"
"Enabling Multi-Robot Collaboration from Single-Human Guidance","Z. Ji; L. Zhang; P. Sajda; B. Chen",Duke University; Duke University; Columbia University; Duke University,2025 IEEE International Conference on Robotics and Automation (ICRA),"2 Sep 2025","2025","","","4272","4279","Learning collaborative behaviors is essential for multi-agent systems. Traditionally, multi-agent reinforcement learning solves this implicitly through a joint reward and centralized observations, assuming collaborative behavior will emerge. Other studies propose to learn from demonstrations of a group of collaborative experts. Instead, we propose an efficient and explicit way of learning collaborative behaviors in multi-agent systems by leveraging expertise from only a single human. Our insight is that humans can naturally take on various roles in a team. We show that agents can effectively learn to collaborate by allowing a human operator to dynamically switch between controlling agents for a short period and incorporating a human-like theory-of-mind model of teammates. Our experiments showed that our method improves the success rate of a challenging collaborative hide-and-seek task by up to 58% with only 40 minutes of single-human guidance. We further demonstrate our findings transfer to the real world by conducting multi-robot experiments.","","979-8-3315-4139-2","10.1109/ICRA55743.2025.11127982","","https://ieeexplore.ieee.org/stamp/stamp.jsp?arnumber=11127982","","Collaboration;Switches;Reinforcement learning;Control systems;Behavioral sciences;Robotics and automation;Multi-agent systems","","1","","40","IEEE","2 Sep 2025","19-23 May 2025","19-23 May 2025","IEEE","IEEE Conferences"
"Inverse Submodular Maximization with Application to Human-in-the-Loop Multi-Robot Multi-Objective Coverage Control","G. Shi; G. S. Sukhatme","University of Southern California, Los Angeles, LA, USA; University of Southern California, Los Angeles, LA, USA",2024 IEEE/RSJ International Conference on Intelligent Robots and Systems (IROS),"25 Dec 2024","2024","","","8921","8928","We consider a new type of inverse combinatorial optimization, Inverse Submodular Maximization (ISM), for human-in-the-loop multi-robot coordination. Forward combinatorial optimization - solving a combinatorial problem given the reward (cost)-related parameters - is widely used in multi-robot coordination. In the standard pipeline, the reward (cost)-related parameters are designed offline by domain experts. These parameters are utilized for coordinating robots online. What if non-expert human supervisors desire to change these parameters during task execution to adapt to some new requirements? We are interested in the case where human supervisors can suggest what actions to take, and the robots need to change these internal parameters accordingly. We study such problems from the perspective of inverse combinatorial optimization, i.e., the process of finding parameters given solutions to the problem. Specifically, we propose a new formulation for ISM, in which we aim to find a new set of parameters that minimally deviate from the current parameters while causing a greedy algorithm to output actions which are the same as those desired by the human supervisors. We show that such problems can be formulated as a Mixed Integer Quadratic Program (MIQP) which is intractable for existing solvers when the problem size is large. We propose a new Branch & Bound algorithm to solve such problems. In numerical simulations, we demonstrate how to use ISM in multi-robot multi-objective coverage control, and we show that the proposed algorithm provides significant advantages in running time and peak memory usage compared to directly using an existing solver.","2153-0866","979-8-3503-7770-5","10.1109/IROS58592.2024.10801908","","https://ieeexplore.ieee.org/stamp/stamp.jsp?arnumber=10801908","","Greedy algorithms;Robot kinematics;Pipelines;Numerical simulation;Human in the loop;Optimization;Standards;Intelligent robots","","2","","34","IEEE","25 Dec 2024","14-18 Oct. 2024","14-18 Oct. 2024","IEEE","IEEE Conferences"
"Intermittent Rendezvous Plans with Mixed Integer Linear Program for Large-Scale Multi-Robot Exploration","A. R. da Silva; L. Chaimowicz","VeRLab, Universidade Federal de Minas Gerais, Brazil; VeRLab, Universidade Federal de Minas Gerais, Brazil",2025 IEEE International Conference on Advanced Robotics (ICAR),"21 Jan 2026","2025","","","147","154","Multi-Robot Exploration (MRE) systems with communication constraints have proven efficient in accomplishing a variety of tasks, including search-and-rescue, stealth, and military operations. While some works focus on opportunistic approaches for efficiency, others concentrate on pre-planned trajectories or scheduling for increased interpretability. However, scheduling usually requires knowledge of the environment beforehand, which prevents its deployment in several domains due to related uncertainties (e.g., underwater exploration). In our previous work, we proposed an intermittent communications framework for MRE under communication constraints that uses scheduled rendezvous events to mitigate such limitations. However, the system was unable to generate optimal plans and had no mechanisms to follow the plan considering realistic trajectories, which is not suited for real-world deployments. In this work, we further investigate the problem by formulating the Multi-Robot Exploration with Communication Constraints and Intermittent Connectivity (MRE-CCIC) problem. We propose a Mixed-Integer Linear Program (MILP) formulation to generate rendezvous plans and a policy to follow them based on the Rendezvous Tracking for Unknown Scenarios (RTUS) mechanism. The RTUS is a simple rule to allow robots to follow the assigned plan, considering unknown conditions. Finally, we evaluated our method in a large-scale environment configured in Gazebo simulations. The results suggest that our method can follow the plan promptly and accomplish the task efficiently. We provide an open-source implementation of both the MILP plan generator and the large-scale MRE-CCIC.","2572-6919","979-8-3315-7809-1","10.1109/ICAR65334.2025.11338679","EMI; ","https://ieeexplore.ieee.org/stamp/stamp.jsp?arnumber=11338679","","Military communication;Uncertainty;Generators;Trajectory;Robots","","1","","21","IEEE","21 Jan 2026","2-5 Dec. 2025","2-5 Dec. 2025","IEEE","IEEE Conferences"
"Onboard Mission Replanning for Adaptive Cooperative Multi-Robot Systems","E. Kwan; R. Qureshi; L. Fletcher; C. Laganier; V. Nockles; R. Walters","The Alan Turing Institute, London, U.K.; Department of Aerospace Engineering, Auburn University, Auburn, USA; The Alan Turing Institute, London, U.K.; The Alan Turing Institute, London, U.K.; The Alan Turing Institute, London, U.K.; The Alan Turing Institute, London, U.K.",IEEE Robotics and Automation Letters,"12 Nov 2025","2025","10","12","13225","13232","Cooperative autonomous robotic systems have significant potential for executing complex multi-task missions across space, air, ground, and maritime domains. But they commonly operate in remote, dynamic and hazardous environments, requiring rapid in-mission adaptation without relying on fragile or slow communication links to centralized compute. Fast, on-board replanning algorithms are therefore essential to enhance resilience for these systems, but do not yet exist. Reinforcement Learning (RL) shows strong promise for efficiently solving mission planning tasks formulated as Travelling Salesperson Problems (TSPs), but existing methods: 1) are unsuitable for replanning, where agents do not start at a single location; 2) do not allow cooperation between agents; 3) are unable to model tasks with variable durations; or 4) lack practical considerations for on-board deployment. Here we address this gap by defining the Cooperative Mission Replanning Problem as a novel adaptation of multiple TSP, and develop a new encoder/decoder-based RL model to solve it effectively and efficiently. Using a simple example of cooperative drones, we show our replanner consistently (90% of the time) maintains performance within 10% of the state-of-the-art LKH3 heuristic solver, whilst running 85–370 times faster on a Raspberry Pi. This work paves the way for increased resilience in autonomous multi-agent systems.","2377-3766","","10.1109/LRA.2025.3627093","Mathematics and Research for Transformation (SMART) Scholarship-for-Service Program; OUSD/R&E; National Defense Education Program; Alan Turing Institute's Defence and National Security Programme; Defence Science and Technology Laboratory; Baskerville Tier 2 HPC; Engineering and Physical Sciences Research Council; UK Research and Innovation; Advanced Research Computing, University of Birmingham(grant numbers:EP/T022221/1,EP/W032244/1); ","https://ieeexplore.ieee.org/stamp/stamp.jsp?arnumber=11222773","Path planning for multiple mobile robots or agents;task planning;multi-robot systems;AI and machine learning in manufacturing and logistics systems;aerial systems: perception and autonomy","Costs;Planning;Adaptation models;Decoding;Resilience;Reinforcement learning;Multi-robot systems;Drones;Context modeling","","1","","41","CCBYNCND","30 Oct 2025","Dec. 2025","","IEEE","IEEE Journals"
"Optimizing Parameters of Self-Organizing Model for Swarm Robots via Evolutionary Algorithms","Z. Zheng; Y. Li; X. Lei; X. Peng","Shcool of Marine Science and Technology, Northwestern Polytechnical University, Xi’an, P. R. China; Shcool of Marine Science and Technology, Northwestern Polytechnical University, Xi’an, P. R. China; School of Information and Control Engineering, Xi’an University of Architecture and Technology, Xi’an, P. R. China; Shcool of Marine Science and Technology, Northwestern Polytechnical University, Xi’an, P. R. China",2021 IEEE Congress on Evolutionary Computation (CEC),"9 Aug 2021","2021","","","1751","1758","A swarm of robots is a typical self-organizing system. Parameters of self-organizing model can regulate the interaction among the individuals to achieve the desired collective motion. Thus, it makes sense to optimize the parameters for better performance in self-organization. The evolutionary algorithm (EA) is one promising heuristic optimization algorithm. However, quantitative evaluation of a self-organizing model is still an open scientific question. In this paper, we proposed three metrics for collective motion from the perspective of grouping, polarization and spatial distribution of group. Then, we designed the fitness function with the proposed metrics to bridge the gap between EA and parameter tuning of self-organizing model. In the experimental study, we optimized two kinds of self-organizing models using the differential evolution algorithm (DE) and validated the effectiveness in simulation. Moreover, we validated the optimized parameters on a swarm of physical robots. The experimental results show that the proposed metrics are effective to quantitatively evaluate the self-organizing model so that the DE performs well for the automatic parameter tuning of controlling swarm robots.","","978-1-7281-8393-0","10.1109/CEC45853.2021.9504922","National Science Foundation; ","https://ieeexplore.ieee.org/stamp/stamp.jsp?arnumber=9504922","swarm intelligence;evolutionary algorithm;swarm robots","Measurement;Graphical models;Computational modeling;Swarm robotics;Evolutionary computation;Trajectory;Robots","","1","","27","IEEE","9 Aug 2021","28 June-1 July 2021","28 June-1 July 2021","IEEE","IEEE Conferences"
"IAOM: An Intention-Aware Optimization Model With GNN-Based Policy Learning for Dynamic Multi-Robot Cooperative Task Allocation","Q. Long; L. Liang","School of Integrated Circuits, Beijing University of Posts and Telecommunications, Beijing, China; School of Integrated Circuits, Beijing University of Posts and Telecommunications, Beijing, China",IEEE Robotics and Automation Letters,"19 Jun 2026","2026","11","8","9120","9127","This paper studies dynamic multi-robot cooperative task allocation in multi-stage scout-rescue missions with unknown and evolving task demands. We propose IAOM, an Intention-Aware Optimization Model that encodes each robotś decision state–target task, role, and planner-derived ETA–as an intention vector and organizes robots and tasks into an execution-aware intention graph capturing residual demand and active commitments. A GAT-PPO policy is learned on this graph and coupled to a hybrid A* based motion layer, so that allocation, coalition formation, and congestion handling are optimized within a single framework. We evaluate IAOM on grid based urban rescue benchmarks with multiple map sizes and resource density regimes against optimization-, heuristic-, and learning-based baselines. Under abundant and normal resources, IAOM consistently reduces mission makespan and average completion time relative to the best baseline, achieving up to about 20% shorter makespan and about 50% lower completion time with comparable load balance. Under tight resources where robots barely meet total demand, gains are smaller and all methods are largely bounded by resource scarcity, but IAOM remains competitive. This paper was recommended for publication by Editor M. Ani Hsieh upon evaluation of the Associate Editor and Reviewers’ comments.","2377-3766","","10.1109/LRA.2026.3703220","","https://ieeexplore.ieee.org/stamp/stamp.jsp?arnumber=11560910","Multi-robot systems;graph neural networks;multi-robot task allocation;reinforcement learning","Robots;Optimization;Modeling;Resource management;Timing;Loading;Learning (artificial intelligence);Costing;Costs;Training","","","","26","IEEE","12 Jun 2026","Aug. 2026","","IEEE","IEEE Journals"
"Hierarchical Perception Spatio-Temporal Network for Distributed Multi-Robot Collision Avoidance","C. Zhou; S. Sun; K. Liu; C. Zhang; J. Chen; X. Zhao; M. Tan","State Key Laboratory of Multimodal Artificial Intelligence Systems, Institute of Automation, Chinese Academy of Sciences, Beijing, China; State Key Laboratory of Multimodal Artificial Intelligence Systems, Institute of Automation, Chinese Academy of Sciences, Beijing, China; State Key Laboratory of Multimodal Artificial Intelligence Systems, Institute of Automation, Chinese Academy of Sciences, Beijing, China; State Key Laboratory of Multimodal Artificial Intelligence Systems, Institute of Automation, Chinese Academy of Sciences, Beijing, China; School of Computer Science and Technology, Beijing Institute of Technology, Beijing, China; State Key Laboratory of Multimodal Artificial Intelligence Systems, Institute of Automation, Chinese Academy of Sciences, Beijing, China; School of Artificial Intelligence, University of Chinese Academy of Sciences, Beijing, China",IEEE Transactions on Automation Science and Engineering,"17 Jun 2026","2026","23","","11083","11095","Multi-robot collision avoidance in complex environments poses a significant challenge, as robots must not only avoid collisions with obstacles but also with other robots. However, most existing methods only use neighbor robot states or raw sensor data as input, which is difficult to deal with scenarios containing both unknown obstacles and neighbor robots. To address this problem, we propose a novel hierarchical perception spatio-temporal network (HPSTN) to capture the spatio-temporal features of the environment from both the sensor level and the agent level. At the agent level, we use the reciprocal velocity obstacle (RVO) to represent the neighbor robot information. At the sensor level, we propose a geometric representation method called lidar obstacle (LO) to describe the lidar-detected occluded sectors, and use it to represent the collision-relevant information of obstacles, so as to achieve a compact and informative observation representation unified with RVO. The robot’s ego state and the above two types of observation information are encoded and fused through spatial and temporal encoders of the HPSTN, enabling the robot to perceive the surroundings more comprehensively and adaptively focus on more important information in complex environments. Extensive simulation experiments with various scenarios demonstrate that our approach outperforms several state-of-the-art methods in terms of safety and efficiency. Furthermore, we also conduct physical experiments with multiple differential-drive robots to validate the effectiveness of our approach in real-world scenarios. Note to Practitioners—Collision avoidance is a core problem in multi-robot systems, and it is critical for robots to accomplish various tasks in complex environments, such as avoiding obstacles in warehouses and avoiding pedestrians in crowd scenarios. This paper proposes a novel hierarchical perception spatio-temporal network (HPSTN) for distributed multi-robot collision avoidance in environments containing both unknown obstacles and neighbor robots. A traditional model called reciprocal velocity obstacle (RVO) is used to represent the neighbor robot information at the agent level, while a geometric representation method based on lidar occluded sectors called lidar obstacle (LO) is proposed to represent the obstacle information at the sensor level. The HPSTN is designed to encode and adaptively fuse the above two types of information with the robot’s ego state in both spatial and temporal dimensions, enabling the robot to perceive the surroundings more comprehensively and adaptively focus on more important information in complex environments. Simulation and physical experiments demonstrate the effectiveness of our approach, making it suitable for practical applications in multi-robot systems.","1558-3783","","10.1109/TASE.2026.3702740","National Natural Science Foundation of China(grant numbers:62203438); Science and Technology Project of Beijing(grant numbers:Z231100007123008); ","https://ieeexplore.ieee.org/stamp/stamp.jsp?arnumber=11558460","Collision avoidance;multi-robot systems;deep reinforcement learning","Robots;Collision avoidance;Image sensors;Timing;Distance measurement;Laser radar;Navigation;Vectors;Automation;Trajectory","","","","33","IEEE","11 Jun 2026","2026","","IEEE","IEEE Journals"
"CoCoL: A Communication Efficient Decentralized Collaborative Learning Method for Multi-Robot Systems","J. Huang; Y. Huang; Y. Zhao; W. Meng; J. Xu","College of Control Science and Engineering, Zhejiang University, Hangzhou, China; Division of Decision and Control Systems, KTH Royal Institute of Technology, Stockholm, Sweden; College of Control Science and Engineering, Zhejiang University, Hangzhou, China; College of Control Science and Engineering, Zhejiang University, Hangzhou, China; College of Control Science and Engineering, Zhejiang University, Hangzhou, China",2025 IEEE/RSJ International Conference on Intelligent Robots and Systems (IROS),"27 Nov 2025","2025","","","6219","6226","Collaborative learning enhances the performance and adaptability of multi-robot systems in complex tasks but faces significant challenges due to high communication overhead and data heterogeneity inherent in multi-robot tasks. To this end, we propose CoCoL, a Communication efficient decentralized Collaborative Learning method tailored for multi-robot systems with heterogeneous local datasets. Leveraging a mirror descent framework, CoCoL achieves remarkable communication efficiency with approximate Newton-type updates by capturing the similarity between objective functions of robots, and reduces computational costs through inexact sub-problem solutions. Furthermore, the integration of a gradient tracking scheme ensures its robustness against data heterogeneity. Experimental results on three representative multi-robot collaborative learning tasks show that the proposed CoCoL can significantly reduce both the number of communication rounds and total bandwidth consumption while maintaining state-of-the-art accuracy. These benefits are particularly evident in challenging scenarios involving non-IID (non-independent and identically distributed) data distribution, streaming data, and time-varying network topologies.","2153-0866","979-8-3315-4393-8","10.1109/IROS60139.2025.11246767","","https://ieeexplore.ieee.org/stamp/stamp.jsp?arnumber=11246767","","Accuracy;Simultaneous localization and mapping;Quantization (signal);Federated learning;Network topology;Distributed databases;Bandwidth;Robustness;Multi-robot systems;Mirrors","","","","44","IEEE","27 Nov 2025","19-25 Oct. 2025","19-25 Oct. 2025","IEEE","IEEE Conferences"
"A game theoretical approach to self-assembly in swarm robotics","T. Iwase; A. Beynier; N. Bredeche; N. Maudet","Toyota Motor Europe NV/SA, Zaventem, Belgium; Laboratoire d’Informatique de Paris 6 (LIP6), Sorbonne Université, CNRS, Paris, France; Institut des Systèmes Intelligents et de Robotique (ISIR) Sorbonne Université, CNRS, Paris, France; Laboratoire d’Informatique de Paris 6 (LIP6), Sorbonne Université, CNRS, Paris, France",2020 IEEE/WIC/ACM International Joint Conference on Web Intelligence and Intelligent Agent Technology (WI-IAT),"24 Jun 2021","2020","","","90","97","This paper focuses on coordination mechanisms for large multi-agent systems (MAS) where the agents have limited ability in sensing and computation. To address this problem, we propose an approach inspired by mean field games where each agent can compute wonderful life utility without simulating the behavior of other agents. This provides a scalable solution that enables a cooperative MAS to make rational decisions and to achieve a local optimum of the global objective. We also provide a general method to enable the self-organization of agents into groups when the set of subtasks is not given. Experimental results on a formation problem show that the division of groups emerges successfully, and our method achieves higher efficiency than classic reinforcement learning.","","978-1-6654-1924-6","10.1109/WIIAT50758.2020.00017","","https://ieeexplore.ieee.org/stamp/stamp.jsp?arnumber=9457789","Cooperative multi-agent systems;Collective intelligence;Mean field games","Self-assembly;Shape;Swarm robotics;Games;Reinforcement learning;Robot sensing systems;Sensors","","1","","35","IEEE","24 Jun 2021","14-17 Dec. 2020","14-17 Dec. 2020","IEEE","IEEE Conferences"
"Leader–Follower Cooperative Transportation of a Circular Object by Swarm Robots Based on Local Information","Y. Fukao; T. Endo; F. Matsuno","Department of Mechanical Engineering and Science, Kyoto University, Kyoto, Japan; Department of Mechanical Engineering, Nagaoka University of Technology, Niigata, Japan; Department of Electronics and Information Systems Engineering, Osaka Institute of Technology, Osaka, Japan",IEEE Access,"10 Apr 2026","2026","14","","52927","52946","This paper presents a leader-follower control method in which swarm robots, consisting of multiple autonomous and distributed units, cooperate to transport a circular object. Unlike previous approaches that require all robots to possess global information about the object and the goal or to communicate with one another, our method requires only a single leader robot to possess global knowledge and uses no inter-robot communication. Each follower robot operates in a fully distributed manner, autonomously determining its motion based solely on local information obtained within its sensing range. The followers contribute to the transportation task by pushing the object toward the leader while preserving the connectivity of the group. As a result, even robots with limited capabilities can collectively perform the transportation task based on local information. The method is structured into five phases. A mathematical analysis is provided to demonstrate that each phase achieves its intended purpose, ensuring that the object’s velocity vector successfully aligns with the direction toward the leader. The effectiveness of the proposed approach is validated through both dynamic simulations and real-world robotic experiments, which confirm that the object is successfully moved toward the leader.","2169-3536","","10.1109/ACCESS.2026.3680665","Mori Manufacturing Research and Technology Foundation and Japan Science and Technology Agency (JST), Moonshot Research and Development(grant numbers:JPMJMS223B); ","https://ieeexplore.ieee.org/stamp/stamp.jsp?arnumber=11474473","Cooperative transportation;leader-follower;local sensing;swarm robotics","Radio broadcasting;Frequency modulation;Contacts;Circuits and systems;Communication systems;IP networks;Event detection;Wireless Access in Vehicular Environments;Computer networks;Telecommunications","","","","34","CCBY","3 Apr 2026","2026","","IEEE","IEEE Journals"
"A Blockchain Framework for Equitable and Secure Task Allocation in Robot Swarms","H. Zhao; A. Pacheco; G. Beltrame; X. Liu; M. Dorigo; G. Dudek","School of Computer Science, McGill University, Montréal, QC, Canada; IRIDIA, Université libre de Bruxelles, Brussels, Belgium; MIST Lab, École Polytechnique de Montréal, Montréal, QC, Canada; School of Computer Science, McGill University, Montréal, QC, Canada; IRIDIA, Université libre de Bruxelles, Brussels, Belgium; School of Computer Science, McGill University, Montréal, QC, Canada",IEEE Robotics and Automation Letters,"12 Sep 2025","2025","10","10","10862","10869","Recent studies demonstrate the potential of blockchain to enable robots in a swarm to achieve secure consensus about the environment, particularly when robots are homogeneous and perform identical tasks. Typically, robots receive rewards for their contributions to consensus achievement, but no studies have yet targeted heterogeneous swarms, in which the robots have distinct physical capabilities suited to different tasks. We present a novel framework that leverages domain knowledge to decompose the swarm mission into a hierarchy of tasks within smart contracts. This allows the robots to reach a consensus about both the environment and the action plan, allocating tasks among robots with diverse capabilities to improve their performance while maintaining security against faults and malicious behaviors. We refer to this concept as equitable and secure task allocation. Validated in Simultaneous Localization and Mapping missions, our approach not only achieves equitable task allocation among robots with varying capabilities, improving mapping accuracy and efficiency, but also shows resilience against malicious attacks.","2377-3766","","10.1109/LRA.2025.3606349","NSERC Canadian Robotics Network; Bilateral Cooperation Québec–Brussels-Capital Region; ","https://ieeexplore.ieee.org/stamp/stamp.jsp?arnumber=11150749","Swarm robotics;failure detection and recovery;reinforcement learning;robust/adaptive control","Robots;Robot kinematics;Smart contracts;Blockchains;Proposals;Resource management;Resilience;Accuracy;Swarm robotics;Nickel","","1","","49","IEEE","4 Sep 2025","Oct. 2025","","IEEE","IEEE Journals"
"Graph-Based Decentralized Task Allocation for Multi-Robot Target Localization","J. Peng; H. Viswanath; A. Bera","Department of Computer Science, Purdue University, West Lafayette, IN, USA; Department of Computer Science, Purdue University, West Lafayette, IN, USA; Department of Computer Science, Purdue University, West Lafayette, IN, USA",IEEE Robotics and Automation Letters,"17 Oct 2024","2024","9","11","10676","10683","We introduce a new graph neural operator-based approach for task allocation in a system of heterogeneous robots composed of Unmanned Ground Vehicles (UGVs) and Unmanned Aerial Vehicles (UAVs). The proposed model, GATAR, or Graph Attention Task AllocatoR aggregates information from neighbors in the multi-robot system, with the aim of achieving globally optimal target localization. Being decentralized, our method is highly robust and adaptable to situations where the number of robots and the number of tasks may change over time. We also propose a heterogeneity-aware preprocessing technique to model the heterogeneity of the system. The experimental results demonstrate the effectiveness and scalability of the proposed approach in a range of simulated scenarios generated by varying the number of UGVs and UAVs and the number and location of the targets. We show that a single model can handle a heterogeneous robot team with a number of robots ranging between 2 and 12 while outperforming the baseline architectures.","2377-3766","","10.1109/LRA.2024.3475013","","https://ieeexplore.ieee.org/stamp/stamp.jsp?arnumber=10706007","Machine learning for robot control;deep learning methods;constrained motion planning","Predictive models;Robot sensing systems;Resource management;Computational modeling;Autonomous aerial vehicles;Scalability;Robustness;Robot localization;Geometry","","11","","55","IEEE","4 Oct 2024","Nov. 2024","","IEEE","IEEE Journals"
"Dynamic Collaborative Planning Mechanism for Multi-Robot Arms: A Graph Attention Network Based Approach","J. Zhao","ShenZhen MSU-BIT University, Shenzhen, China","2026 7th International Seminar on Artificial Intelligence, Networking and Information Technology (AINIT)","16 Jun 2026","2026","","","274","278","This paper addresses the low coordination efficiency problem faced by multi-robot arm collaborative tasks when dealing with dynamic obstacles and real-time path conflicts. We propose a dynamic collaborative planning mechanism based on Graph Attention Network and apply it in simulation environments. The mechanism first employs a pre-trained Graph Attention Network to encode the robot arm state graph and extract spatiotemporal interaction features. Subsequently, a Transformer model processes task sequences to generate collaborative embeddings. A dynamic fusion layer is then designed, using task embeddings as queries to dynamically adjust the attention weight distribution of robot arm paths, thereby overcoming the insufficient real-time adaptability of traditional static planning methods. Next, multi-head self-attention mechanisms and policy optimization networks are utilized for joint representation learning. Finally, an actor-critic framework outputs coordinated action sequences. During model training, the Proximal Policy Optimization algorithm is combined with behavior cloning auxiliary loss to enhance convergence speed and robustness. Experimental results demonstrate that the proposed method significantly outperforms baseline approaches in success rate, completion time, and collision avoidance performance, validating its effectiveness in complex dynamic environments.","","979-8-3195-4377-6","10.1109/AINIT70033.2026.11558045","","https://ieeexplore.ieee.org/stamp/stamp.jsp?arnumber=11558045","Multi-robot arms;Graph Attention Network;Transformer;Proximal Policy Optimization;Dynamic planning","Timing;Optimization;Arm;Transformers;Robots;Cloning;Modeling;Printing;Planning;Real-time systems","","","","13","IEEE","16 Jun 2026","15-17 May 2026","15-17 May 2026","IEEE","IEEE Conferences"
"Mixed-Reality Based Multi-Agent Robotics Framework for Artificial Swarm Intelligence Experiments","D. Karunarathna; N. Jaliyagoda; G. Jayalath; J. Alawatugoda; R. Ragel; I. Nawinne","Department of Computer Engineering, Faculty of Engineering, University of Peradeniya, Peradeniya, Sri Lanka; Department of Computer Engineering, Faculty of Engineering, University of Peradeniya, Peradeniya, Sri Lanka; Department of Computer Engineering, Faculty of Engineering, University of Peradeniya, Peradeniya, Sri Lanka; Research and Innovation Centers Division, Faculty of Resilience, Rabdan Academy, Abu Dhabi, United Arab Emirates; Department of Computer Engineering, Faculty of Engineering, University of Peradeniya, Peradeniya, Sri Lanka; Department of Computer Engineering, Faculty of Engineering, University of Peradeniya, Peradeniya, Sri Lanka",IEEE Access,"3 Oct 2023","2023","11","","105718","105733","The term “Swarm intelligence” outlines a broad scope, which is generally defined as the collective behaviour of many individuals towards a certain task, each operating autonomously in a decentralised manner. Swarms are inspired by the type of biological behaviours of animals and this technology involves decentralised local control and communication, which ensures the problem-solving process is more efficient through modification and infusion into swarm robotic technology. Swarm robotics related experiments and applications are relatively expensive compared to other types of robotics experiments. The most common solution is to use computer based virtual simulations and accordingly, this study introduces a reliable and cost-effective hybrid solution using Mixed Reality (MR) technologies to perform swarm experiments on real robots and virtually deployed robots simultaneously. MR bridges the gap between the virtual and physical realms through Augmented Reality (AR) and Augmented Virtuality (AV) and addressing the weaknesses of simulators and providing a more accurate representation of real-world performance. This approach provides a platform for researchers to explore swarm robotics with enhanced realism and interactivity and conduct experiments that mimic real-world conditions. To validate this method we conducted experiments with both physical and virtual robots in near real-time in a mixed reality environment. In addition, an open-source, distributed, and modular mixed reality simulation framework was implemented with support libraries and applications. Our work not only demonstrates the potential of MR in swarm robotics but also emphasizes its value in advancing the understanding and application of swarm intelligence principles in practical contexts.","2169-3536","","10.1109/ACCESS.2023.3317434","University of Peradeniya, Sri Lanka; Rabdan Academy, United Arab Emirates(grant numbers:RF042); ","https://ieeexplore.ieee.org/stamp/stamp.jsp?arnumber=10256101","Mixed-reality;multi-agent robotics;swarm intelligence;artificial intelligence;virtual reality","Robots;Robot sensing systems;Robot kinematics;Swarm robotics;Mixed reality;Three-dimensional displays;Solid modeling;Multi-agent systems;Particle swarm optimization","","7","","35","CCBYNCND","20 Sep 2023","2023","","IEEE","IEEE Journals"
"A Distributed Multi-Robot Framework for Exploration, Information Acquisition and Consensus","A. Patwardhan; A. J. Davison",NA; NA,2024 IEEE International Conference on Robotics and Automation (ICRA),"8 Aug 2024","2024","","","12062","12068","The distributed coordination of robot teams performing complex tasks is challenging to formulate. The different aspects of a complete task such as local planning for obstacle avoidance, global goal coordination and collaborative mapping are often solved separately, when clearly each of these should influence the others for the most efficient behaviour. In this paper we use the example application of distributed information acquisition as a robot team explores a large space to show that we can formulate the whole problem as a single factor graph with multiple connected layers representing each aspect. We use Gaussian Belief Propagation (GBP) as the inference mechanism, which permits parallel, on-demand or asynchronous computation for efficiency when different aspects are more or less important. This is the first time that a distributed GBP multi-robot solver has been proven to enable intelligent collaborative behaviour rather than just guiding robots to individual, selfish goals. We encourage the reader to view our demos at https://aalpatya.github.io/gbpstack.","","979-8-3503-8457-4","10.1109/ICRA57147.2024.10610185","","https://ieeexplore.ieee.org/stamp/stamp.jsp?arnumber=10610185","","Robot kinematics;Heuristic algorithms;Scalability;Collaboration;Space exploration;Planning;Computational efficiency","","6","","15","IEEE","8 Aug 2024","13-17 May 2024","13-17 May 2024","IEEE","IEEE Conferences"
"Autoregressive DRL for Multi-Robot Scheduling in Semiconductor Cluster Tools","S. -H. Cho; J. S. B. Choe; J. -K. Kim","School of Electrical Engineering Korea University, Seoul, South Korea; School of Electrical Engineering Korea University, Seoul, South Korea; School of Electrical Engineering Korea University, Seoul, South Korea",2025 IEEE 34th International Symposium on Industrial Electronics (ISIE),"25 Aug 2025","2025","","","1","8","Deep reinforcement learning (DRL) has been widely applied to multi-robot scheduling, including semiconductor cluster tools, where maximizing throughput is critical. These tools operate under strict constraints, requiring precise coordination for efficient operation. However, managing multiple robots in such complex environments remains challenging. We propose an autoregressive DRL framework that sequentially generates robot actions using dynamic action masking, enabling context-aware decision making in large discrete action spaces. The agent is guided by a reward function that promotes step-wise progress, task completion, and reduced travel distance, encouraging efficient use of resources. Our approach demonstrates strong performance across representative tool configurations, highlighting the value of policy decomposition in complex scheduling tasks.","2163-5145","979-8-3503-7479-7","10.1109/ISIE62713.2025.11124688","","https://ieeexplore.ieee.org/stamp/stamp.jsp?arnumber=11124688","","Industrial electronics;Job shop scheduling;Robot kinematics;Decision making;Throughput;Deep reinforcement learning;Space exploration","","1","","20","IEEE","25 Aug 2025","20-23 June 2025","20-23 June 2025","IEEE","IEEE Conferences"
"General Coating of Arbitrary Objects Using Robot Swarms","A. R. Cheraghi; G. Wunderlich; K. Graffi","Technology of Social Networks, Heinrich Heine University, Düsseldorf, Germany; Technology of Social Networks, Heinrich Heine University, Düsseldorf, Germany; Honda Research Institute Europe GmbH, Offenbach am Main, Germany",2020 5th Asia-Pacific Conference on Intelligent Robot Systems (ACIRS),"10 Aug 2020","2020","","","59","67","(Nano) robot swarms promise new applications in the field of health and entertainment. One of the tasks such a swarm could solve is coating, in which the robots in the swarm locate themselves as close to an object of arbitrary shape as possible. In this paper, we present a swarm coating algorithm for simple robots using only local communication and decentralized coordination only. The robots calculate distances to the coating target object for themselves and all adjacent spaces around them, trying then to move to a lower distance than they are currently at. Through simulations, we show that our approach is able to efficiently coat various object forms with a 100% success rate, even objects with cave-like structures are coated correctly.","","978-1-7281-9818-7","10.1109/ACIRS49895.2020.9162617","","https://ieeexplore.ieee.org/stamp/stamp.jsp?arnumber=9162617","Robot;Swarms;Coating;Caging;Boundary;Coverage;Scanning","Coatings;Robot kinematics;Shape;Task analysis;Robustness;Surface treatment","","4","","17","IEEE","10 Aug 2020","17-19 July 2020","17-19 July 2020","IEEE","IEEE Conferences"
"Distributed Multi-Robot Exploration Approach with Connectivity Maintenance","H. Chaabi; N. Mitton","Inria, France; Inria, France",2025 21st International Conference on Distributed Computing in Smart Systems and the Internet of Things (DCOSS-IoT),"5 Aug 2025","2025","","","85","92","In this paper, we propose a novel distributed multi-robot exploration algorithm capable of efficiently exploring unknown environments while ensuring uninterrupted communication with each other and with a base station, including multi-hop scenarios when direct communication is not feasible. The system is applicable in scenarios of emergencies like search and rescue operations where time and communication reliability is of utmost importance. Our approach introduces two distinct roles, explorers and supporters, to enhance efficiency and connectivity based on live assessments of network connectivity and exploration needs. Explorers perform frontier-based exploration keeping primarily focus on maximization of information gain through unexplored parts. Supporters adopt a flocking-inspired approach for their positioning, acting as relay points to ensure strong communication links. Decision making is distributed, with local information sharing so that each robot can autonomously come to a decision in the absence of centralized control. Results of our simulation indicate that the algorithm has reduced time required for exploration by 80% and time spent on redundant exploration by 74% as compared to Random walk exploration.","2325-2944","979-8-3315-4372-3","10.1109/DCOSS-IoT65416.2025.00020","","https://ieeexplore.ieee.org/stamp/stamp.jsp?arnumber=11096324","multi-robot systems;distributed exploration;connectivity maintenance;frontier-based exploration;relative neighborhood graph","Base stations;Heuristic algorithms;Scalability;Decision making;Spread spectrum communication;Smart systems;Maintenance;Multi-robot systems;Robots;Centralized control","","2","","25","IEEE","5 Aug 2025","9-11 June 2025","9-11 June 2025","IEEE","IEEE Conferences"
"Resilient Cooperative Source Seeking of Double-Integrator Multi-Robot Systems Under Deception Attacks","W. Fu; J. Qin; W. X. Zheng; Y. Chen; Y. Kang","Department of Automation, University of Science and Technology of China, Hefei, China; Department of Automation, University of Science and Technology of China, Hefei, China; School of Computer, Data and Mathematical Sciences, Western Sydney University, Sydney, NSW, Australia; Department of Automation, University of Science and Technology of China, Hefei, China; Department of Automation, the State Key Laboratory of Fire Science, and the Institute of Advanced Technology, University of Science and Technology of China, Hefei, China",IEEE Transactions on Industrial Electronics,"9 Feb 2021","2021","68","5","4218","4227","The resilient cooperative source seeking problem of double-integrator multi-robot systems under $\mathbf {d}$-local deception attacks is investigated. In this article, we first propose a resilient cooperative control algorithm and present a necessary and sufficient condition for its achievement of resilient consensus. Then, through applying the particle swarm optimization algorithm to the resilient cooperative control algorithm, a resilient cooperative source seeking algorithm is proposed. We show that this algorithm can solve the source seeking problems under $\mathbf {d}$-local deception attacks with an additional potential of addressing the multiple local extrema case. Finally, the feasibility of the proposed algorithms is illustrated by simulation and experimental results.","1557-9948","","10.1109/TIE.2020.2987270","National Natural Science Foundation of China(grant numbers:61922076,61873252,61725304,61673361); Higher Education Institutions of China(grant numbers:161059); Cyber Security Network(grant numbers:P00025091); ","https://ieeexplore.ieee.org/stamp/stamp.jsp?arnumber=9069436","Deception attacks;multi-robot systems (MRSs);resilient cooperative control;robust graph;source seeking","Communication networks;Robot sensing systems;Multi-robot systems;Velocity measurement;Multi-agent systems","","75","","36","IEEE","16 Apr 2020","May 2021","","IEEE","IEEE Journals"
"Multi-Robot Distributed Communication in Heterogeneous Robotic Systems on 5G Networking","Z. Lv; C. Cheng; H. Lv","Department of Game design, Faculty of Arts, Uppsala University, Sweden; China Earthquake Administration, China; Ministry of Natural Resources North Sea Bureau, China",IEEE Wireless Communications,"18 Apr 2023","2023","30","2","98","104","This work aims at new opportunities for the development of the robot communication network. Besides, a robot operation and decision control method driven by Digital Twins (DT) is designed to utilize lasers in a virtual environment. The multi-agent is integrated with the Proximal Policy Optimization (PPO) algorithm, forming the Muti-PPO algorithm for robot path planning. In addition, a consistent hashing algorithm is introduced and optimized as a Weighted Consistent Hash of Multiple Mappings (WCHMM) algorithm with multiple mappings. The experimental results indicate that the average task execution time of the WCHMM algorithm in the case of three bus nodes is 8.09s, which is 32.47 percent and 21.38 percent lower than the task execution time in the case of a single bus node and two bus nodes, respectively. The multi-robot distributed communication system based on Service Oriented Architecture (SOA) gives full play to the various inherent advantages of the multi-robot system.","1558-0687","","10.1109/MWC.001.2200315","","https://ieeexplore.ieee.org/stamp/stamp.jsp?arnumber=10105171","","Visualization;Solid modeling;Simultaneous localization and mapping;5G mobile communication;Operating systems;Virtual environments;Service-oriented architecture","","14","","15","IEEE","18 Apr 2023","April 2023","","IEEE","IEEE Magazines"
"MODENA in Swarm Robotics","Z. Fan; Z. Wang; W. Li; G. Zhu; J. Zhuang","Shenzhen Institute for Advanced Study, China; Shenzhen Loop Area Institute, China; Shantou University, China; Shantou University, China; Shantou University, China; Shenzhen Institute for Advanced Study, China",Modular Design Automation of Intelligent Robot Systems,"","2026","","","217","278","<p>This chapter explores the application of MODENA in swarm robotics. It begins by discussing automated swarm pattern generation, covering background, problem formulation, and the design automation of a GRN model, alongside experimental results. The chapter then addresses swarm control in communication‐denied environments, detailing the VG‐Swarm method architecture and its experimental setup. Following this, it introduces vision‐based distributed multi‐UAV collision avoidance, presenting related work, the proposed method, and experimental results. Finally, the chapter concludes with a focus on multi‐UAV collision avoidance using causal representation learning, including related work, proposed methods, and results analysis.</p>","","9781394318513","10.1002/9781394318520.ch05","","https://ieeexplore.ieee.org/xpl/ebooks/bookPdfWithBanner.jsp?fileName=11367129.pdf&bkn=11366995&pdfType=chapter","","Swarm robotics;Robots;Robot kinematics;Design automation;Self-organizing networks;Proteins;Network motifs;Modeling;Microscopy;Convergence","","","","","","28 Jan 2026","","","IEEE","Wiley-IEEE Press eBook Chapters"
"Neural Tree Expansion for Multi-Robot Planning in Non-Cooperative Environments","B. Rivière; W. Hönig; M. Anderson; S. -J. Chung","Graduate Aerospace Laboratories of the California Institute of Technology, California Institute of Technology, Pasadena, CA, United States of America; Graduate Aerospace Laboratories of the California Institute of Technology, California Institute of Technology, Pasadena, CA, United States of America; Graduate Aerospace Laboratories of the California Institute of Technology, California Institute of Technology, Pasadena, CA, United States of America; Graduate Aerospace Laboratories of the California Institute of Technology, California Institute of Technology, Pasadena, CA, United States of America",IEEE Robotics and Automation Letters,"26 Jul 2021","2021","6","4","6868","6875","We present a self-improving, Neural Tree Expansion (NTE) method for multi-robot online planning in non-cooperative environments, where each robot attempts to maximize its cumulative reward while interacting with other self-interested robots. Our algorithm adapts the centralized, perfect information, discrete-action space method from AlphaZero to a decentralized, partial information, continuous action space setting for multi-robot applications. Our method has three interacting components: (i) a centralized, perfect-information “expert” Monte Carlo Tree Search (MCTS) with large computation resources that provides expert demonstrations, (ii) a decentralized, partial-information “learner” MCTS with small computation resources that runs in real-time and provides self-play examples, and (iii) policy & value neural networks that are trained with the expert demonstrations and bias both the expert and the learner tree growth. Our numerical experiments demonstrate Neural Tree Expansion's computational advantage by finding better solutions than a MCTS with 20 times more resources. The resulting policies are dynamically sophisticated, demonstrate coordination between robots, and play the Reach-Target-Avoid differential game significantly better than the state-of-the-art control-theoretic baseline for multi-robot, double-integrator systems. Our hardware experiments on an aerial swarm demonstrate the computational advantage of Neural Tree Expansion, enabling online planning at 20 Hz with effective policies in complex scenarios.","2377-3766","","10.1109/LRA.2021.3096758","Defense Advanced Research Projects Agency; Raytheon Company; ","https://ieeexplore.ieee.org/stamp/stamp.jsp?arnumber=9484771","Distributed robot systems;motion and path planning;reinforcement learning","Games;Planning;Robot kinematics;Neural networks;Collision avoidance;Vehicle dynamics;Machine learning algorithms","","11","","28","IEEE","14 Jul 2021","Oct. 2021","","IEEE","IEEE Journals"
"Reinforcement Learning for Multi-robot Field Coverage Based on Local Observation","M. Zhu; D. Simon; N. Rajpurohit; S. J. Kalathia; W. Wu","Computer Engineering Department, San Jose State University, San Jose, CA, USA; Computer Engineering Department, San Jose State University, San Jose, CA, USA; Computer Engineering Department, San Jose State University, San Jose, CA, USA; Computer Engineering Department, San Jose State University, San Jose, CA, USA; Computer Engineering Department, San Jose State University, San Jose, CA, USA",2020 IEEE 15th International Conference of System of Systems Engineering (SoSE),"1 Jul 2020","2020","","","35","40","Field coverage is a representative exploration task that has many applications ranging from household chores to navigating harsh and dangerous environments. Autonomous mobile robots are widely considered and used in such tasks due to many advantages. In particular, a collaborative multirobot group can increase the efficiency of field coverage. In this paper, we investigate the field coverage problem using a group of collaborative robots. In practical scenarios, the model of a field is usually unavailable and the robots only have access to local information obtained from their on-board sensors. Therefore, a Q-learning algorithm is developed with the joint state space being the discretized local observation areas of the robots to reduce the computational cost. We conduct simulations to verify the algorithm and compare the performance in different settings.","","978-1-7281-8050-2","10.1109/SoSE50414.2020.9130535","","https://ieeexplore.ieee.org/stamp/stamp.jsp?arnumber=9130535","","Q-learning;Navigation;Computational modeling;Collaboration;Robot sensing systems;Sensors;Multi-robot systems","","9","","14","IEEE","1 Jul 2020","2-4 June 2020","2-4 June 2020","IEEE","IEEE Conferences"
"Q-Learning-Based Task-Allocation for Multi-Robot Systems: From One-Line Tasks to Bi-Line Tasks","X. Han; Q. Mao; F. Xie; J. Chen; Y. Liu; S. Li; W. Zhu","School of Electrical and Automation Engineering, Nanjing Normal University, Nanjing, China; School of Electrical and Automation Engineering, Nanjing Normal University, Nanjing, China; School of Electrical and Automation Engineering, Nanjing Normal University, Nanjing, China; School of Electrical and Automation Engineering, Nanjing Normal University, Nanjing, China; School of Electrical and Automation Engineering, Nanjing Normal University, Nanjing, China; School of Electrical and Automation Engineering, Nanjing Normal University, Nanjing, China; School of Information and Control Engineering, China University of Mining and Technology, Xuzhou, China",2025 44th Chinese Control Conference (CCC),"10 Oct 2025","2025","","","4810","4815","In this paper, we investigate the problem of task allocation for multiple-robot systems within the implementation of a Q-learning-based algorithm. Under the setting of the time required to finish the corresponding job of each robot, we employ a hybrid reward mechanism combining local immediate rewards with global temporal reward allocation to update the Q-table, so as to attain the target of the minimal time for task allocation. Building upon the incorporation of such ideas, we enable multi-robot task allocation ranging from one-line tasks to bi-line tasks. For more intricate dual-line tasks, we propose a weighted bi-line allocation algorithm to solve the scenario that one of the single-line tasks is in need of accelerated completion. Finally, the results of several experiments are provided to confirm the effectiveness and efficiency of the proposed task allocation algorithm.","1934-1768","978-988-75816-1-1","10.23919/CCC64809.2025.11178811","Natural Science Research Project of Jiangsu Higher Education Institutions(grant numbers:24KJB120009,24KJD510007); Nanjing Normal University(grant numbers:184080H201B68); National Natural Science Foundation of China(grant numbers:62203445); ","https://ieeexplore.ieee.org/stamp/stamp.jsp?arnumber=11178811","Multi-robot systems;task allocation;Qlearning;weighted algorithm","Training;Q-learning;Scalability;Real-time systems;Distance measurement;Delays;Complexity theory;Resource management;Multi-robot systems;Robots","","","","34","","10 Oct 2025","28-30 July 2025","28-30 July 2025","IEEE","IEEE Conferences"
"Cloud Based Multi-Robot Task Scheduling Using PMW Algorithm","K. Sharma; M. M. Hassan; S. K. Pandey; M. Saini; R. Doriya; M. K. Ojha; A. Sinha; C. Kaushal; A. K. Bairagi; N. F. Soliman","Department of Computer Technology, Indian Institute of Technology, Nagpur, India; Computer Science and Engineering Discipline, Khulna University, Khulna, Bangladesh; Department of Computer Engineering and Applications, GLA University, Mathura, India; National Institute of Technology, Raipur, India; National Institute of Technology, Raipur, India; K. R. Mangalam University, Gurugram, India; School of Computing and Information Science, IGNOU, New Delhi, India; Chitkara University Institute of Engineering and Technology, Chitkara University, Rajpura, Punjab, India; Computer Science and Engineering Discipline, Khulna University, Khulna, Bangladesh; Department of Information Technology, College of Computer and Information Sciences, Princess Nourah bint Abdulrahman University, P.O. Box 84428, Riyadh, Saudi Arabia",IEEE Access,"29 Dec 2023","2023","11","","146003","146013","Scheduling of robots is one of the imperative assignment in a multi robot system. Scheduling is prerequisite when there is a multiple task need to be assigned to multi robot in an arranged manner. There is a growing need for robots to perform complex tasks autonomously. Multi-robot environment becomes complex as there are multiple factors need to be addressed simultaneously which require fast computation and more space. Using cloud computing platform could be one of the optimal solution for this problem. This paper presents the use of cloud computing platform for implementing the proposed Periodic Min-Max Algorithm (PMW) for multi robot task scheduling. Amazon web service (AWS) platform is utilized for deploying the algorithm for multi robot task scheduling. The task performed by the robots is considered as a single service in context with cloud platform and it withdraw an advantage when the number of services increases with time. Time requirement to complete the task and the load balancing parameter are analysed using the proposed approach and is compared with other relevant work. The results presented in the paper clearly shows the performance improvement in both the parameters. There is an improvement of about 3-7% in both the parameters and are reported in the paper. The paper also emphasize on the deployment of cloud computing platform for the service robots. Time completion factor is analysed and reported in the paper to proof the advantage of using cloud platform for the service robots. The novel way of using the algorithm with cloud server seeks many advantage are also observed, analysed and presented in the paper.","2169-3536","","10.1109/ACCESS.2023.3344459","Princess Nourah bint Abdulrahman University Researchers Supporting Project, Princess Nourah bint Abdulrahman University, Riyadh, Saudi Arabia(grant numbers:PNURSP2023R66); ","https://ieeexplore.ieee.org/stamp/stamp.jsp?arnumber=10365149","AWS;load balancing;cloud computing;PMW;multi-robot;scheduling","Task analysis;Robots;Processor scheduling;Job shop scheduling;Robot kinematics;Cloud computing;Scheduling;Load management;Multi-robot systems","","16","","46","CCBYNCND","18 Dec 2023","2023","","IEEE","IEEE Journals"
"Multi-Robot Information Gathering Subject to Resource Constraints","A. Al Redwan Newaz; T. Alam; J. Mondello; J. Johnson; L. Bobadilla","Department of Electrical and Computer Engineering, North Carolina A&T State University, Greensboro, NC, USA; Department of Computer Science, Louisiana State University Shreveport, Shreveport, LA, USA; Department of Computer Science, Louisiana State University Shreveport, Shreveport, LA, USA; Department of Computer Science, Louisiana State University Shreveport, Shreveport, LA, USA; School of Computing and Information Sciences, Florida International University, Miami, FL, USA",2021 30th IEEE International Conference on Robot & Human Interactive Communication (RO-MAN),"23 Aug 2021","2021","","","1","6","This paper addresses the multi-robot planning problem to generate trajectories for maximum information gathering from an area of interest. To solve this problem, the proposed framework first leverages a Gaussian Mixture Model (GMM) as prior knowledge for modeling informative regions in the target area. Taking samples from the GMM, informative robot paths are then computed that optimize the travel costs subject to energy budgets. Decomposing these paths into waypoints, robot trajectories are planned while respecting kinematic constraints and subsequently replanned online to avoid collisions among themselves. The GMM model is incrementally updated by incorporating the gathered information. We demonstrate that our framework can achieve a significant amount of information gain with the optimal travel distance. We also provide a realistic simulation with a team of mobile robots in a port infrastructure monitoring setting.","1944-9437","978-1-6654-0492-1","10.1109/RO-MAN50785.2021.9515447","Louisiana Board of Regents; National Science Foundation; U.S. Department of Homeland Security; ","https://ieeexplore.ieee.org/stamp/stamp.jsp?arnumber=9515447","","Computational modeling;Kinematics;Trajectory;Planning;Mobile robots;Collision avoidance;Monitoring","","3","","28","IEEE","23 Aug 2021","8-12 Aug. 2021","8-12 Aug. 2021","IEEE","IEEE Conferences"
"GDM-Net++: Multi-robot 2D and 3D Gas Distribution Mapping Via Deep Q-Learning and Gaussian Process Regression","I. Kulbaka; A. Dutta; O. P. Kreidl; L. Bölöni; S. Roy","University of North Florida, USA; University of North Florida, USA; University of North Florida, USA; University of Central Florida, USA; University of North Florida, USA",2025 IEEE/RSJ International Conference on Intelligent Robots and Systems (IROS),"27 Nov 2025","2025","","","18103","18109","Gas distribution mapping (GDM) refers to the task of mapping the gas concentrations of an airborne chemical over a region of interest. A mobile robot equipped with a gas sensor can be used potentially autonomously to build such a distribution map. However, modern-day robots might not have enough battery power to cover the entire area of interest. Therefore, a group of n such collaborative mobile robots can be used for this purpose. The goal of the robots is to sample concentrations from a fraction of locations and infer the gas intensities in the rest of the area using a supervised machine learning technique, namely the Gaussian Process (GP). To this end, we propose a novel multi-robot gas distribution mapping framework, named GDM-Net++, which works in both 2D and 3D settings. Our proposed framework first divides the environment into n unique regions using Voronoi partitioning. Next, we employ a multi-agent deep Q-learning framework for the robots to learn a joint policy. As GP is a compute-intensive process, during testing, the learned policy is applied without re-training the GP model. The experiments are performed in simulation using Python on six types of Gaussian plumes to validate our proposed technique. Compared to two baselines – greedy and random walk, GDM-Net++ performs by 278% and 852% better in terms of earned rewards, while outperforming them by 34% and 155%, respectively, in terms of the precision of gas distribution modeling across unseen 2D test cases. Our approach can also gracefully handle 2D GDM scenarios where the distribution is consistently affected by wind.","2153-0866","979-8-3315-4393-8","10.1109/IROS60139.2025.11247142","","https://ieeexplore.ieee.org/stamp/stamp.jsp?arnumber=11247142","","Three-dimensional displays;Q-learning;Computational modeling;Gaussian processes;Machine learning;Robot sensing systems;Mobile robots;Intelligent robots;Gas detectors;Testing","","","","27","IEEE","27 Nov 2025","19-25 Oct. 2025","19-25 Oct. 2025","IEEE","IEEE Conferences"
"IHGSL: Interpretable Heuristic Graph Structure Learning for Multi-Robot Autonomous Collaborative Systems","Y. Han; H. Li; C. Liu; C. Liang; Z. Sun","AVIC Shenyang Aircraft Design & Research Institute, China; Shenyang Aerospace University, China; Shenyang Aerospace University, China; Shenyang Institute of Automation, Chinese Academy of Sciences, China; AVIC Shenyang Aircraft Design & Research Institute, China",2025 IEEE/RSJ International Conference on Intelligent Robots and Systems (IROS),"27 Nov 2025","2025","","","575","582","In multi-robot systems, capturing the complex and dynamic interaction relationships is essential for enhancing autonomous collaboration. However, existing learning-based approaches usually overlook the understanding of these relationships, leading to reliability issues and hindering their application to real-world scenarios. This paper proposes a novel approach called Interpretable Heuristic Graph Structure Learning (IHGSL) to better comprehend the complex collaborative relationships in multi-robot systems. We first construct a predicate space to define diverse predicates that express fundamental relationships. Then we employ the variational information bottleneck technique to acquire a latent representation of the current observation by aligning it with the historical trajectory. On this basis, the predicates that the robot should currently focus on the most are learned, and some interaction relationships are established accordingly. Thereby an interpretable relationship graph is generated heuristically to guide the achievement of multi-robot autonomous collaborative decision-making. Through experimental evaluation, we demonstrate the process of relationship inference, thus validating the interpretability of IHGSL. Compared with existing methods, IHGSL also achieves superior collaboration performance, which highlights the effectiveness of the learned heuristic graph structure.","2153-0866","979-8-3315-4393-8","10.1109/IROS60139.2025.11246258","","https://ieeexplore.ieee.org/stamp/stamp.jsp?arnumber=11246258","","Learning systems;Navigation;Robot kinematics;Design methodology;Decision making;Collaboration;Trajectory;Multi-robot systems;Reliability;Intelligent robots","","","","28","IEEE","27 Nov 2025","19-25 Oct. 2025","19-25 Oct. 2025","IEEE","IEEE Conferences"
"Cooperative Task Allocation for Multi-Robot Systems Based on Multi-Objective Ant Colony System","S. Wang; Y. Liu; Y. Qiu; Q. Zhang; F. Huo; Y. Huangfu; C. Yang; J. Zhou","Department of Engineering Physics, Tsinghua University, Beijing, China; China Academy of Engineering Physics, Institute of Electronic Engineering, Mianyang, China; China Academy of Engineering Physics, Institute of Electronic Engineering, Mianyang, China; China Academy of Engineering Physics, Institute of Electronic Engineering, Mianyang, China; China Academy of Engineering Physics, Institute of Electronic Engineering, Mianyang, China; China Academy of Engineering Physics, Institute of Electronic Engineering, Mianyang, China; China Academy of Engineering Physics, Institute of Electronic Engineering, Mianyang, China; China Academy of Engineering Physics, Institute of Electronic Engineering, Mianyang, China",IEEE Access,"1 Jun 2022","2022","10","","56375","56387","This paper proposes a novel multi-objective ant colony system (MOACS) approach to solve the cooperative task allocation problem of multi-robot systems. The task allocation problem is formulated as a multi-objective multiple traveling salesman problem (MTSP). The objectives are to minimize the total and maximum cost of the robotic vehicles so that the workload of each vehicle could be balanced. The time cost matrices of the salesmen are different and asymmetric due to the different flight speeds of vehicles and executing time of tasks. Based on the single-objective ant colony system (ACS), a novel solution construction method and a novel pheromone update rule are proposed. At each step in the solution construction phase, the ant with minimum cost has the biggest chance to add an unassigned task to balance the workload of each vehicle, while the ant with maximum cost also has a bigger chance than any other ants to add an unassigned task to find better Pareto front. The minimum value of the pheromone is limited in the pheromone update phase, which is helpful in avoiding fast convergence and local optima. Extensive simulation results suggest that the proposed MOACS has better performance and effectiveness than the existing non-dominated sorting genetic algorithm II (NSGA-II) and multi-objective particle swarm optimization (MOPSO). Hardware-in-the-loop experiments on multiple unmanned aerial vehicles (UAVs) also show that compared with NSGA-II and MOPSO, the maximum and total flight distance of the UAVs with the proposed MOACS are decreased by up to 28.46% and 26.34%, respectively, while the maximum and total time used to finish all tasks are decreased by up to 23.86% and 17.94%.","2169-3536","","10.1109/ACCESS.2022.3165198","","https://ieeexplore.ieee.org/stamp/stamp.jsp?arnumber=9750124","Multi-robot systems;cooperative task allocation;multi-objective optimization;multiple traveling salesmen problem;multi-objective ant colony system","Task analysis;Resource management;Costs;Multi-robot systems;Simulation;Optimization;Genetic algorithms","","47","","27","CCBY","6 Apr 2022","2022","","IEEE","IEEE Journals"
"Distributed Coordination by Social Learning in the Multi-Robot Systems of a Smart Factory","Z. Nie; K. -C. Chen","Department of Electrical Engineering, University of South Florida Tampa, Florida, United States; Department of Electrical Engineering, University of South Florida Tampa, Florida, United States",2021 IEEE Global Communications Conference (GLOBECOM),"2 Feb 2022","2021","","","01","06","Smart factories powered by Multi-Robot Systems (MRSs) play a central role in Industry 4.0 and smart manufac-turing. MRS operating under dynamic task assignments of col-laborative robots in production flows suggests a new technology paradigm to achieve productivity, flexibility, and energy efficiency to revolutionize the industry. However, dynamic collaborative MRSs, given resource-limited wireless communication, robotic AI computing, and lacking globally accurate references lead to a technological challenge to facilitate resilient, reliable, and precise operation of smart factories. This paper innovatively resolves this cyber-physical challenge by aiming to align robotic actions in dynamic production flows based on the concept of grouping and propose a social learning-based method that utilizes Bayesian network and reinforcement learning (RL) to provide robust coordination that improves productivity and resilience against bursty cyber and physical inaccuracies in difficult dynamic sys-tems. Numerical experiments demonstrate successful fulfillment of technical requirements for the smart factory.","","978-1-7281-8104-2","10.1109/GLOBECOM46510.2021.9685165","","https://ieeexplore.ieee.org/stamp/stamp.jsp?arnumber=9685165","Wireless Networks;Social Learning;Social Networks;Cyber-Physical Systems;Reliability;Smart Factory;Industry 4.0;Smart Manufacturing;AI","Wireless communication;Productivity;Technical requirements;Service robots;Social networking (online);Robot kinematics;Bayes methods","","4","","21","IEEE","2 Feb 2022","7-11 Dec. 2021","7-11 Dec. 2021","IEEE","IEEE Conferences"
"Efficient Rescue for Resilient Multi-Robot Systems against Actuation Attacks","H. Li; X. Gong","School of Cyber Science and Engineering, Southeast University, Nanjing, China; School of Cyber Science and Engineering, Southeast University, Nanjing, China",2024 43rd Chinese Control Conference (CCC),"17 Sep 2024","2024","","","9034","9039","The widespread application of intelligent storage systems has put forward higher requirements for security. In this work, we consider the resilience of multi-robot systems (MRSs) in pickup and delivery tasks against actuation attacks. The attacker can disrupt the normal motion of key robots with an intelligent strategy, and thus jeopardize the cooperation among robots. A three-layered decision framework is proposed to suppress the intelligent attacks. The first layer introduces a defense strategy implemented through a counterfactual rescue mode allocation mechanism. The mechanism dynamically assesses the benefit differences between rescuing others for resilience and conducting self-tasks for efficiency. The second layer employs a bi-level programming method for pickup/delivery mode allocations and task assignments. Then, the third layer calculates the robots’ collision-free path using a mixed integer program. The practicality and resilience of this framework against strategic actuation attacks have been demonstrated through numerical simulations involving various MRS scales and task burdens.","1934-1768","978-9-8875-8158-1","10.23919/CCC63176.2024.10661899","National Natural Science Foundation of China; Southeast University; ","https://ieeexplore.ieee.org/stamp/stamp.jsp?arnumber=10661899","Efficient Rescue Task Assignment;Multi-Robot Systems;Pickup and Delivery;Actuation Attacks","Reinforcement learning;Programming;Numerical simulation;Safety;Computational efficiency;Resource management;Multi-robot systems","","","","20","","17 Sep 2024","28-31 July 2024","28-31 July 2024","IEEE","IEEE Conferences"
"D2CoPlan: A Differentiable Decentralized Planner for Multi-Robot Coverage","V. D. Sharma; L. Zhou; P. Tokekar","Dept. of Computer Science, University of Maryland, College Park, MD, USA; Dept. of Electrical and Computer Engineering, Drexel University, Philadelphia, PA, USA; Dept. of Computer Science, University of Maryland, College Park, MD, USA",2023 IEEE International Conference on Robotics and Automation (ICRA),"4 Jul 2023","2023","","","3425","3431","Centralized approaches for multi-robot coverage planning problems suffer from the lack of scalability. Learning-based distributed algorithms provide a scalable avenue in addition to bringing data-oriented feature generation capabilities to the table, allowing integration with other learning-based approaches. To this end, we present a learning-based, differentiable distributed coverage planner (D2CoPLAN) which scales efficiently in runtime and number of agents compared to the expert algorithm, and performs on par with the classical distributed algorithm. In addition, we show that D2CoPLANcan be seamlessly combined with other learning methods to learn end-to-end, resulting in a better solution than the individually trained modules, opening doors to further research for tasks that remain elusive with classical methods.","","979-8-3503-2365-8","10.1109/ICRA48891.2023.10160341","National Science Foundation(grant numbers:1943368); ONR(grant numbers:N00014-18-1-2829); ","https://ieeexplore.ieee.org/stamp/stamp.jsp?arnumber=10160341","","Training;Learning systems;Runtime;Scalability;Robot kinematics;Reinforcement learning;Prediction algorithms","","14","","19","IEEE","4 Jul 2023","29 May-2 June 2023","29 May-2 June 2023","IEEE","IEEE Conferences"
"Dynamic Collaborative Scheduling Optimization of Multi-Robot Based on PPO in Air-Ground Collaboration Scenes","Z. Peng; J. Zhu; L. Li; X. Liu; H. Jiang; J. Li","School of Future Science and Engineering, Soochow University, Suzhou, Jiangsu, China; School of Computer Science and Technology, Soochow University, Suzhou, Jiangsu, China; School of Future Science and Engineering, Soochow University, Suzhou, Jiangsu, China; School of Future Science and Engineering, Soochow University, Suzhou, Jiangsu, China; School of Future Science and Engineering, Soochow University, Suzhou, Jiangsu, China; School of Computer Science and Technology, Soochow University, Suzhou, Jiangsu, China",2026 International Conference on Robot Perception and Intelligent Control (RPIC),"19 May 2026","2026","","","182","188","The Open Robotics Middleware Framework (RMF) provides universal navigation and task collaboration management for multi-robot systems, serving as an ideal carrier for multi-robot collaboration in dynamic scenarios. Aiming at the air-ground collaboration scenario of UAV inspection and UGV disposal, we propose a domain knowledge-guided PPO scheduler and implement a full-process closed-loop system of “perception-localization-scheduling-collaboration-disposal” based on RMF. The proposed method introduces three key strategies—lookahead action pruning, task queue reordering, and nonlinear reward shaping—that jointly guide the PPO agent to achieve efficient and robust global optimization. We formulate the scheduling problem as a Markov Decision Process (MDP), with a 54-dimensional state space and a dual-objective nonlinear reward mechanism that explicitly encodes efficiency and load balancing. Experimental results show that compared with the greedy strategy, the proposed scheduler reduces the total task completion time by 29.52% on average $(\mathrm{p}<0.05)$ and decreases the variance of UGV task queue lengths by 67.16%. Ablation studies further validate the synergistic effectiveness of the three strategies. We demonstrate the compatibility of data-driven scheduling algorithms with the RMF framework, providing a reusable technical pathway for airground collaborative scheduling in dynamic scenarios.","","979-8-3315-5545-0","10.1109/RPIC68328.2026.11518051","Soochow University(grant numbers:202510285107); ","https://ieeexplore.ieee.org/stamp/stamp.jsp?arnumber=11518051","Reinforcement learning;Air-ground collaboration;Task scheduling;Open Robotics Middleware Framework (RMF);Proximal Policy Optimization (PPO)","Schedules;Optimization;Scheduling;Timing;Equations;Loading;Robots;Collaboration;Printing;Grounding","","","","17","IEEE","19 May 2026","27-29 March 2026","27-29 March 2026","IEEE","IEEE Conferences"
"Multi-Robot Autonomous Exploration in Unknown Environment: A Review","L. Zhu; J. Cheng; Y. Liu","Institute of Artificial Intelligence and Robotics Xi'an Jiaotong University, Xi'an, China; School of Control Science and Engineering, Shandong University, Shandong, China; Institute of Artificial Intelligence and Robotics Xi'an Jiaotong University, Xi'an, China",2023 China Automation Congress (CAC),"19 Mar 2024","2023","","","7639","7644","Multi-robot collaborative exploration in unknown environments has drawn more and more attention, and the exploration algorithms can be well applied in many real-worlds applications such as search and rescue, underwater surveillance, space monitoring, etc. Despite much effort devoted to this field, the gap in data acquisition between research and real-world applications still poses big challenges that may hinder the development of this field. In this paper, we survey the current state of multi-robot exploration algorithms. We start by presenting the problem of multi-robot exploration. Then we review related work, covering a broad set of topics including policy selection, cooperation scheme, and communication, analyze the pros and cons of them, and point out some research directions to make them more applicable in real applications.","2688-0938","979-8-3503-0375-9","10.1109/CAC59555.2023.10452014","","https://ieeexplore.ieee.org/stamp/stamp.jsp?arnumber=10452014","multi-robot system;exploration;large-scale unknown environment","Training;Surveys;Learning systems;Automation;Reviews;Surveillance;Data acquisition","","4","","55","IEEE","19 Mar 2024","17-19 Nov. 2023","17-19 Nov. 2023","IEEE","IEEE Conferences"
"A Hybrid PSO Algorithm for Multi-robot Target Search and Decision Awareness","J. T. Ebert; F. Berlinger; B. Haghighat; R. Nagpal","John A. Paulson School of Engineering and Applied Sciences, Harvard University, Cambridge, Massachusetts; Department of Mechanical and Aerospace Engineering and Computer Science, Princeton University, Princeton, New Jersey; Department of Mechanical and Aerospace Engineering and Computer Science, Princeton University, Princeton, New Jersey; Department of Mechanical and Aerospace Engineering and Computer Science, Princeton University, Princeton, New Jersey",2022 IEEE/RSJ International Conference on Intelligent Robots and Systems (IROS),"26 Dec 2022","2022","","","11520","11527","Groups of robots can be tasked with identifying a location in an environment where a feature cue is past a threshold, then disseminating this information throughout the group – such as identifying a high-enough elevation location to place a communications tower. This is a continuous-cue target search, where multi-robot search algorithms like particle swarm optimization (PSO) can improve search time through parallelization. However, many robots lack global communication in large spaces, and PSO-based algorithms often fail to consider how robots disseminate target knowledge after a single robot locates it. We present a two-stage hybrid algorithm to solve this task: (1) locating a target with a variation of PSO, and (2) moving to maximize target knowledge across the group. We conducted parameter sweep simulations of up to 32 robots in a grid-based grayscale environment. Pre-decision, we find that PSO with a variable velocity update interval improves target localization. In the post-decision phase, we show that dispersion is the fastest strategy to communicate with all other robots. Our algorithm is also competitive with a coverage sweep benchmark, while requiring significantly less inter-individual coordination.","2153-0866","978-1-6654-7927-1","10.1109/IROS47612.2022.9982022","Office of Naval Research(grant numbers:N00014-20-1-2320); ","https://ieeexplore.ieee.org/stamp/stamp.jsp?arnumber=9982022","","Robot kinematics;Inspection;Benchmark testing;Robot sensing systems;Sensors;Behavioral sciences;Global communication","","7","","35","IEEE","26 Dec 2022","23-27 Oct. 2022","23-27 Oct. 2022","IEEE","IEEE Conferences"
"Multi-Robot Collaborative Exploration on Communication-Constrained Environments","G. Lu; H. Ding; J. Hou; S. Zheng","School of Computer Science and Technology, Zhejiang Sci-Tech University, Hangzhou, China; School of Computer Science and Technology, Zhejiang Sci-Tech University, Hangzhou, China; School of Computer Science and Technology, Zhejiang Sci-Tech University, Hangzhou, China; School of Computer Science and Technology, Zhejiang Sci-Tech University, Hangzhou, China",IEEE Access,"19 Feb 2025","2025","13","","31205","31214","Multi-robot cooperative exploration systems can gather environmental data in harsh and unknown scenarios, reducing the risk of human exposure and enhancing exploration capabilities. However, some communication-constrained (e.g., post-disaster) scenarios hinder the ability of robots to exchange map information. To resolve this issue, existing approaches utilize control strategies or deep reinforcement learning to enhance the map exchange process and the associated decision-making algorithm. However, the performance of these methods is limited in such scenarios due to the following challenges: 1) the extensive exchange of redundant information increases the burden on the robots’ communication bandwidth; 2) exploration capabilities are limited when map information transmission is blocked. To overcome these challenges, we propose a novel framework entitled CMICE (Communication-constrained Multi-Robot Intelligent Collaborative Exploration). Specifically, the framework contains the following two components: 1) a Non-Essential Non-Communication (NENC) component is introduced to reduce bandwidth requirements significantly; 2) a CNN-based Multi-agent TD3 (CMATD3) algorithm is designed to enhance exploration capabilities in the above scenarios. Experimental results demonstrate that CMICE outperforms the state-of-the-art models in both ideal and communication-constrained environments.","2169-3536","","10.1109/ACCESS.2025.3539518","","https://ieeexplore.ieee.org/stamp/stamp.jsp?arnumber=10876135","Exploration;bandwidth optimization;intelligent;communication-constrained environments","Robots;Bandwidth;Collaboration;Trajectory;Feature extraction;Heuristic algorithms;Decision making;Simultaneous localization and mapping;Real-time systems;Optimization","","2","","25","CCBY","5 Feb 2025","2025","","IEEE","IEEE Journals"
"A Hierarchical LLM-Based Framework for Heterogeneous Multi-Robot Orchestration in High-Risk Energy Facility Maintenance","J. Lee; S. -J. Kim; G. Lee; K. Kim; J. Jeon; S. -K. Ko; K. Lee","Electronics and Telecommunications Research Institute, Buk-gu, Gwangju, South Korea; Electronics and Telecommunications Research Institute, Buk-gu, Gwangju, South Korea; Department of AI Convergence, Gwangju Institute of Science and Technology (GIST), Gwangju, South Korea; Department of AI Convergence, Gwangju Institute of Science and Technology (GIST), Gwangju, South Korea; Department of AI Convergence, Gwangju Institute of Science and Technology (GIST), Gwangju, South Korea; Electronics and Telecommunications Research Institute, Buk-gu, Gwangju, South Korea; Department of AI Convergence, Gwangju Institute of Science and Technology (GIST), Gwangju, South Korea",IEEE Access,"7 May 2026","2026","14","","66881","66898","Maintenance and operation of critical energy infrastructure require extreme precision and strict adherence to safety protocols to prevent catastrophic failures. While recent advancements in general-purpose Vision-Language-Action (VLA) foundation models have shown promise in robotics, their inherent stochasticity and lack of procedural precision often result in unacceptable safety risks in high-stakes industrial environments. To address these limitations, this paper proposes a novel Hierarchical Multi-Robot Orchestration Framework designed for the coordinated control of heterogeneous robots in energy facility maintenance. The proposed framework decouples high-level cognitive reasoning from low-level execution by utilizing a local Large Language Model (LLM) as a strategic orchestrator. Grounded in a Structured Environmental Representation ( $\mathcal {M}$ ), the LLM employs Chain-of-Thought (CoT) reasoning to decompose complex maintenance missions into verifiable sub-tasks, effectively bridging the gap between linguistic intent and physical constraints. These tasks are then dispatched to specialized execution modules: a manipulation unit utilizing Action Chunking with Transformers (ACT) adapted for high-precision industrial tasks, an autonomous navigation unit for Simultaneous Localization and Mapping (SLAM)-based pathfinding, and a vision-guided logistics unit for retrieval. Experimental evaluations in a simulated power plant environment validate the efficacy of the framework. A comparative ablation study demonstrates that utilizing structured environmental grounding significantly enhances the reasoning reliability of large-scale models compared to unstructured text baselines. Specifically, the GPT-OSS (20B) model achieved a peak planning success rate of 91.7%, with a notable proficiency in handling long-horizon Strategic commands (73.3%), validating that structural clarity is essential for complex causal inference. Furthermore, the integrated execution layer demonstrated exceptional reliability, achieving a 90% success rate specifically in distribution panel maintenance tasks, confirming that the hierarchical decoupling of probabilistic reasoning and deterministic execution provides a reliable solution for autonomous maintenance.","2169-3536","","10.1109/ACCESS.2026.3684055","Institute of Information and Communications Technology Planning and Evaluation (IITP); Korean Government (MSIT), Development of a Foundation Model-Based Power Sector-Specialized Agent for Stable Power Generation and Operation(grant numbers:RS-2025-02304557); ","https://ieeexplore.ieee.org/stamp/stamp.jsp?arnumber=11482138","Autonomous maintenance;hierarchical task planning;large language models;learning from demonstration;multi-robot orchestration","Jamming;Circuits;Feedback;Circuits and systems;Contacts;Filtering;Filters;Telecommunications;Protocols;Communication systems","","","","43","CCBY","16 Apr 2026","2026","","IEEE","IEEE Journals"
"Coordinated Multi-Robot Shared Autonomy Based on Scheduling and Demonstrations","M. Hagenow; E. Senft; N. Orr; R. Radwin; M. Gleicher; B. Mutlu; D. P. Losey; M. Zinn","Department of Mechanical Engineering, University of Wisconsin–Madison, Madison, WI, USA; Idiap Research Institute, Martigny, Switzerland; Department of Computer Sciences, University of Wisconsin–Madison, Madison, WI, USA; Department of Industrial and Systems Engineering, University of Wisconsin–Madison, Madison, WI, USA; Department of Computer Sciences, University of Wisconsin–Madison, Madison, WI, USA; Department of Computer Sciences, University of Wisconsin–Madison, Madison, WI, USA; Department of Mechanical Engineering, Virginia Tech, Blacksburg, VA, USA; Department of Mechanical Engineering, University of Wisconsin–Madison, Madison, WI, USA",IEEE Robotics and Automation Letters,"6 Nov 2023","2023","8","12","8335","8342","Shared autonomy methods, where a human operator and a robot arm work together, have enabled robots to complete a range of complex and highly variable tasks. Existing work primarily focuses on one human sharing autonomy with a single robot. By contrast, in this letter we present an approach for multi-robot shared autonomy that enables one operator to provide real-time corrections across two coordinated robots completing the same task in parallel. Sharing autonomy with multiple robots presents fundamental challenges. The human can only correct one robot at a time, and without coordination, the human may be left idle for long periods of time. Accordingly, we develop an approach that aligns the robot's learned motions to best utilize the human's expertise. Our key idea is to leverage Learning from Demonstration (LfD) and time warping to schedule the motions of the robots based on when they may require assistance. Our method uses variability in operator demonstrations to identify the types of corrections an operator might apply during shared autonomy, leverages flexibility in how quickly the task was performed in demonstrations to aid in scheduling, and iteratively estimates the likelihood of when corrections may be needed to ensure that only one robot is completing an action requiring assistance. Through a preliminary study, we show that our method can decrease the scheduled time spent sanding by iteratively estimating the times when each robot could need assistance and generating an optimized schedule that allows the operator to provide corrections to each robot during these times.","2377-3766","","10.1109/LRA.2023.3327625","Grainger Wisconsin Distinguished Graduate Fellowship; NASA University Leadership Initiative; UW-Madison and The Boeing Company(grant numbers:80NSSC19M0124); ","https://ieeexplore.ieee.org/stamp/stamp.jsp?arnumber=10295959","Human-robot teaming;multi-robot systems;learning from demonstration","Multi-robot systems;Robot kinematics;Scheduling;Robot sensing systems;Timing;Human-robot interaction","","6","","21","IEEE","25 Oct 2023","Dec. 2023","","IEEE","IEEE Journals"
"Influence of Team Interactions on Multi-Robot Cooperation: A Relational Network Perspective","Y. Findik; H. Osooli; P. Robinette; K. Jerath; S. R. Ahmadzadeh","PeARL Lab, Richard Miner School of Computer and Information Sciences, University of Massachusetts, Lowell, MA, USA; PeARL Lab, Richard Miner School of Computer and Information Sciences, University of Massachusetts, Lowell, MA, USA; Department of Electrical and Computer Engineering, University of Massachusetts, Lowell, MA, USA; Department of Mechanical Engineering, University of Massachusetts, Lowell, MA, USA; PeARL Lab, Richard Miner School of Computer and Information Sciences, University of Massachusetts, Lowell, MA, USA",2023 International Symposium on Multi-Robot and Multi-Agent Systems (MRS),"5 Feb 2024","2023","","","50","56","Relational networks within a team play a critical role in the performance of many real-world multi-robot systems. To successfully accomplish tasks that require cooperation and coordination, different agents (e.g., robots) necessitate different priorities based on their positioning within the team. Yet, many of the existing multi-robot cooperation algorithms regard agents as interchangeable and lack a mechanism to guide the type of cooperation strategy the agents should exhibit. To account for the team structure in cooperative tasks, we propose a novel algorithm that uses a relational network comprising inter-agent relationships to prioritize certain agents over others. Through appropriate design of the team’s relational network, we can guide the cooperation strategy, resulting in the emergence of new behaviors that accomplish the specified task. We conducted six experiments in a multi-robot setting with a cooperative task. Our results demonstrate that the proposed method can effectively influence the type of solution that the algorithm converges to by specifying the relationships between the agents, making it a promising approach for tasks that require cooperation among agents with a specified team structure.","","979-8-3503-7076-8","10.1109/MRS60187.2023.10416779","Arm; ","https://ieeexplore.ieee.org/stamp/stamp.jsp?arnumber=10416779","","Robot kinematics;Behavioral sciences;Multi-robot systems;Task analysis;Multi-agent systems","","3","","28","IEEE","5 Feb 2024","4-5 Dec. 2023","4-5 Dec. 2023","IEEE","IEEE Conferences"
"Collaborative Multi-Robot Architecture for Smart Kitchens","J. Baek; S. Lee; J. H. Park","Winston-Salem State University, United States; LSB Company, Republic of Korea; Pohang University of Science and Technology, Republic of Korea",IEEE Consumer Electronics Magazine,"","2026","PP","99","1","8","Smart home technology is shifting from passive monitoring to active physical assistance. In consumer kitchens, however, automation remains limited to single-function appliances or rigid single-arm robots that struggle under domestic variability. This article presents a collaborative multi-robot framework as a consumer technology platform for smart kitchens, distributing cooking functions—such as actuation and receiving—across cooperating agents under a shared perception layer. We validate the approach using an ice-cream preparation scenario, showing that multi-agent coordination improves robustness (96.5% success rate) and usability for non-expert users compared with conventional single-arm setups. These results suggest collaborative robotics as an enabling direction for future intelligent kitchen appliances.","2162-2256","","10.1109/MCE.2026.3687658","","https://ieeexplore.ieee.org/stamp/stamp.jsp?arnumber=11495525","","Contacts;Feedback;MIMICs;Circuits;Millimeter wave integrated circuits;Monolithic integrated circuits;Circuits and systems;Internet of Things;Receivers;Product development","","","","","IEEE","28 Apr 2026","","","IEEE","IEEE Early Access Articles"
"Delay Aware Universal Notice Network: Real world multi-robot transfer learning","S. Beaussant; S. Lengagne; B. Thuilot; O. Stasse","Université Clermont Auvergne, CNRS, Clermont Auvergne INP, Institut Pascal, Clermont-Ferrand, France; Université Clermont Auvergne, CNRS, Clermont Auvergne INP, Institut Pascal, Clermont-Ferrand, France; Université Clermont Auvergne, CNRS, Clermont Auvergne INP, Institut Pascal, Clermont-Ferrand, France; LAAS-CNRS, Université de Toulouse, CNRS, Toulouse, France",2021 IEEE/RSJ International Conference on Intelligent Robots and Systems (IROS),"16 Dec 2021","2021","","","1251","1258","General purpose simulators provide cheap training data to learn complex robotic skills. However, the transition from simulation to reality is often very challenging for the agent. One major issue is the delay on the physical robot that may deteriorate the performance of the deployed agent. Furthermore, once a successfully trained learning-based control policy is available, re-purposing the knowledge acquired by the agent to enable a structurally distinct agent to perform the same task is hazardous if done naively. In this work, we address the above issues with a single method, the DA-UNN (Delay Aware Universal Notice Network), which decomposes the knowledge into robot-specific and task-specific modules for fast transfer. Our framework deals with delays immanent to physical systems in order to improve sim2real transfer. We evaluate the efficiency of our approach using simulated and actual robots on a dynamic manipulation task where delay management is crucial.","2153-0866","978-1-6654-1714-3","10.1109/IROS51168.2021.9635917","","https://ieeexplore.ieee.org/stamp/stamp.jsp?arnumber=9635917","Transfer learning;Sim2real;Reinforcement learning;Robotic task;delay","Knowledge engineering;Transfer learning;Training data;Delays;Task analysis;Manipulator dynamics;Intelligent robots","","1","","22","IEEE","16 Dec 2021","27 Sept.-1 Oct. 2021","27 Sept.-1 Oct. 2021","IEEE","IEEE Conferences"
"10 Multi-Robot Systems","K. -C. Chen",NA,Artificial Intelligence in Wireless Robotics,"","2020","","","277","314","Robots, autonomous vehicles, unmanned aerial vehicles, and smart factory, will significantly change human living style in digital society. Artificial Intelligence in Wireless Robotics introduces how wireless communications and networking technology enhances facilitation of artificial intelligence in robotics, which bridges basic multi-disciplinary knowledge among artificial intelligence, wireless communications, computing, and control in robotics. A unique aspect of the book is to introduce applying communication and signal processing techniques to enhance traditional artificial intelligence in robotics and multi-agent systems. The technical contents of this book include fundamental knowledge in robotics, cyber-physical systems, artificial intelligence, statistical decision and Markov decision process, reinforcement learning, state estimation, localization, computer vision and multi-modal data fusion, robot planning, multi-agent systems, networked multi-agent systems, security and robustness of networked robots, and ultra-reliable and low-latency machine-to-machine networking. Examples and exercises are provided for easy and effective comprehension. Engineers wishing to extend knowledge in the robotics, AI, and wireless communications, would be benefited from this book. In the meantime, the book is ready as a textbook for senior undergraduate students or first-year graduate students in electrical engineering, computer engineering, computer science, and general engineering students. The readers of this book shall have basic knowledge in undergraduate probability and linear algebra, and basic programming capability, in order to enjoy deep reading.","","9788770221177","","","https://ieeexplore.ieee.org/xpl/ebooks/bookPdfWithBanner.jsp?fileName=9313937.pdf&bkn=9310536&pdfType=chapter","","","","","","","","5 Jan 2021","","","River Publishers","River eBook Chapters"
