recolhas,zmax,fracao_no_teto,dentro,agentes_dentro,travessias,travessias_teto,agentes_atravessam,agentes_presos,campanha,algo,cenario,run,modelo,sha1,seed,erro
0,8.55,0.0,0,0,0,0,0,0,final_7d,GNN,none,3.0,results/models/gnn_3d_best_run3.pth,71ed5b8a8b1a,2024,
0,8.54,0.0,0,0,0,0,0,0,final_7d,GNN,none,3.0,results/models/gnn_3d_best_run3.pth,71ed5b8a8b1a,2025,
1,11.09,0.0,0,0,0,0,0,0,final_7d,GNN,none,3.0,results/models/gnn_3d_best_run3.pth,71ed5b8a8b1a,2026,
63,10.18,0.0,0,0,0,0,0,0,final_7d,GNN,none,2.0,results/models/gnn_3d_best_run2.pth,5d34be3b982e,2024,
60,11.51,0.0,0,0,0,0,0,0,final_7d,GNN,none,2.0,results/models/gnn_3d_best_run2.pth,5d34be3b982e,2025,
66,11.21,0.0,0,0,0,0,0,0,final_7d,GNN,none,2.0,results/models/gnn_3d_best_run2.pth,5d34be3b982e,2026,
0,8.53,0.0,0,0,0,0,0,0,final_7d,GNN,none,4.0,results/models/gnn_3d_best_run4.pth,33ba57ed1f3a,2024,
0,8.52,0.0,0,0,0,0,0,0,final_7d,GNN,none,4.0,results/models/gnn_3d_best_run4.pth,33ba57ed1f3a,2025,
1,9.01,0.0,0,0,0,0,0,0,final_7d,GNN,none,4.0,results/models/gnn_3d_best_run4.pth,33ba57ed1f3a,2026,
64,10.19,0.0,0,0,0,0,0,0,final_7d,GNN,none,,results/models/gnn_3d_best.pth,004aabdad61d,2024,
68,11.51,0.0,0,0,0,0,0,0,final_7d,GNN,none,,results/models/gnn_3d_best.pth,004aabdad61d,2025,
65,11.21,0.0,0,0,0,0,0,0,final_7d,GNN,none,,results/models/gnn_3d_best.pth,004aabdad61d,2026,
63,10.19,0.0,0,0,0,0,0,0,final_7d,GNN,none,1.0,results/models/gnn_3d_best_run1.pth,cead0525c44a,2024,
65,11.41,0.0,0,0,0,0,0,0,final_7d,GNN,none,1.0,results/models/gnn_3d_best_run1.pth,cead0525c44a,2025,
66,11.08,0.0,0,0,0,0,0,0,final_7d,GNN,none,1.0,results/models/gnn_3d_best_run1.pth,cead0525c44a,2026,
18,10.1,0.0,0,0,0,0,0,0,final_7d,GNN,none,7.0,results/models/gnn_3d_best_run7.pth,949836fa4d95,2024,
14,10.1,0.0,0,0,0,0,0,0,final_7d,GNN,none,7.0,results/models/gnn_3d_best_run7.pth,949836fa4d95,2025,
18,11.08,0.0,0,0,0,0,0,0,final_7d,GNN,none,7.0,results/models/gnn_3d_best_run7.pth,949836fa4d95,2026,
60,11.17,0.0,0,0,0,0,0,0,final_7d,GNN,none,6.0,results/models/gnn_3d_best_run6.pth,c27f79d0eff0,2024,
65,10.55,0.0,0,0,0,0,0,0,final_7d,GNN,none,6.0,results/models/gnn_3d_best_run6.pth,c27f79d0eff0,2025,
65,11.29,0.0,0,0,0,0,0,0,final_7d,GNN,none,6.0,results/models/gnn_3d_best_run6.pth,c27f79d0eff0,2026,
64,10.19,0.0,0,0,0,0,0,0,final_7d,GNN,none,5.0,results/models/gnn_3d_best_run5.pth,331dd2140eab,2024,
68,11.51,0.0,0,0,0,0,0,0,final_7d,GNN,none,5.0,results/models/gnn_3d_best_run5.pth,331dd2140eab,2025,
65,11.21,0.0,0,0,0,0,0,0,final_7d,GNN,none,5.0,results/models/gnn_3d_best_run5.pth,331dd2140eab,2026,
78,2.6,0.0,0,0,0,0,0,0,final_7d,GNN,u_wall,,results/models/gnn_3d_best_u_wall.pth,9dbd46b91049,2024,
82,2.39,0.0,0,0,0,0,0,0,final_7d,GNN,u_wall,,results/models/gnn_3d_best_u_wall.pth,9dbd46b91049,2025,
76,1.57,0.0,0,0,0,0,0,0,final_7d,GNN,u_wall,,results/models/gnn_3d_best_u_wall.pth,9dbd46b91049,2026,
53,0.29,0.0,0,0,0,0,0,0,final_7d,GNN,u_wall,1.0,results/models/gnn_3d_best_u_wall_run1.pth,7d33572f0d83,2024,
47,0.47,0.0,0,0,0,0,0,0,final_7d,GNN,u_wall,1.0,results/models/gnn_3d_best_u_wall_run1.pth,7d33572f0d83,2025,
50,0.41,0.0,0,0,0,0,0,0,final_7d,GNN,u_wall,1.0,results/models/gnn_3d_best_u_wall_run1.pth,7d33572f0d83,2026,
78,2.6,0.0,0,0,0,0,0,0,final_7d,GNN,u_wall,2.0,results/models/gnn_3d_best_u_wall_run2.pth,9b96616b7aae,2024,
82,2.39,0.0,0,0,0,0,0,0,final_7d,GNN,u_wall,2.0,results/models/gnn_3d_best_u_wall_run2.pth,9b96616b7aae,2025,
76,1.57,0.0,0,0,0,0,0,0,final_7d,GNN,u_wall,2.0,results/models/gnn_3d_best_u_wall_run2.pth,9b96616b7aae,2026,
0,3.02,0.0,0,0,0,0,0,0,final_7d,GNN,u_wall,3.0,results/models/gnn_3d_best_u_wall_run3.pth,e50ef7ec2fea,2024,
0,2.83,0.0,0,0,0,0,0,0,final_7d,GNN,u_wall,3.0,results/models/gnn_3d_best_u_wall_run3.pth,e50ef7ec2fea,2025,
0,2.09,0.0,0,0,0,0,0,0,final_7d,GNN,u_wall,3.0,results/models/gnn_3d_best_u_wall_run3.pth,e50ef7ec2fea,2026,
0,0.53,0.0,0,0,0,0,0,0,final_7d,GNN,u_wall,5.0,results/models/gnn_3d_best_u_wall_run5.pth,0235ca14a648,2024,
0,0.8,0.0,0,0,0,0,0,0,final_7d,GNN,u_wall,5.0,results/models/gnn_3d_best_u_wall_run5.pth,0235ca14a648,2025,
0,0.9,0.0,0,0,0,0,0,0,final_7d,GNN,u_wall,5.0,results/models/gnn_3d_best_u_wall_run5.pth,0235ca14a648,2026,
0,10.94,0.0,0,0,0,0,0,0,final_7d,GNN,u_wall,4.0,results/models/gnn_3d_best_u_wall_run4.pth,abebe41694a0,2024,
0,10.9,0.0,0,0,0,0,0,0,final_7d,GNN,u_wall,4.0,results/models/gnn_3d_best_u_wall_run4.pth,abebe41694a0,2025,
0,10.92,0.0,0,0,0,0,0,0,final_7d,GNN,u_wall,4.0,results/models/gnn_3d_best_u_wall_run4.pth,abebe41694a0,2026,
143,1.73,0.0,0,0,0,0,0,0,final_7d,GNN,bottleneck,,results/models/gnn_3d_best_bottleneck.pth,263b6a99a7e2,2024,
140,1.53,0.0,0,0,0,0,0,0,final_7d,GNN,bottleneck,,results/models/gnn_3d_best_bottleneck.pth,263b6a99a7e2,2025,
138,2.4,0.0,0,0,0,0,0,0,final_7d,GNN,bottleneck,,results/models/gnn_3d_best_bottleneck.pth,263b6a99a7e2,2026,
133,1.17,0.0,0,0,0,0,0,0,final_7d,GNN,bottleneck,1.0,results/models/gnn_3d_best_bottleneck_run1.pth,d6400d6fa83f,2024,
134,1.17,0.0,0,0,0,0,0,0,final_7d,GNN,bottleneck,1.0,results/models/gnn_3d_best_bottleneck_run1.pth,d6400d6fa83f,2025,
132,1.36,0.0,0,0,0,0,0,0,final_7d,GNN,bottleneck,1.0,results/models/gnn_3d_best_bottleneck_run1.pth,d6400d6fa83f,2026,
0,2.17,0.0,0,0,0,0,0,0,final_7d,GNN,u_wall,6.0,results/models/gnn_3d_best_u_wall_run6.pth,d407fdb15de9,2024,
0,1.52,0.0,0,0,0,0,0,0,final_7d,GNN,u_wall,6.0,results/models/gnn_3d_best_u_wall_run6.pth,d407fdb15de9,2025,
0,3.77,0.0,0,0,0,0,0,0,final_7d,GNN,u_wall,6.0,results/models/gnn_3d_best_u_wall_run6.pth,d407fdb15de9,2026,
44,2.09,0.0,0,0,0,0,0,0,final_7d,GNN,u_wall,7.0,results/models/gnn_3d_best_u_wall_run7.pth,800a4f29252f,2024,
44,2.65,0.0,0,0,0,0,0,0,final_7d,GNN,u_wall,7.0,results/models/gnn_3d_best_u_wall_run7.pth,800a4f29252f,2025,
42,3.39,0.0,0,0,0,0,0,0,final_7d,GNN,u_wall,7.0,results/models/gnn_3d_best_u_wall_run7.pth,800a4f29252f,2026,
135,0.61,0.0,0,0,0,0,0,0,final_7d,GNN,bottleneck,2.0,results/models/gnn_3d_best_bottleneck_run2.pth,5aa2521d00a8,2024,
138,0.21,0.0,0,0,0,0,0,0,final_7d,GNN,bottleneck,2.0,results/models/gnn_3d_best_bottleneck_run2.pth,5aa2521d00a8,2025,
132,0.8,0.0,0,0,0,0,0,0,final_7d,GNN,bottleneck,2.0,results/models/gnn_3d_best_bottleneck_run2.pth,5aa2521d00a8,2026,
95,0.77,0.0,0,0,0,0,0,0,final_7d,GNN,bottleneck,3.0,results/models/gnn_3d_best_bottleneck_run3.pth,66722ab716b0,2024,
92,0.87,0.0,0,0,0,0,0,0,final_7d,GNN,bottleneck,3.0,results/models/gnn_3d_best_bottleneck_run3.pth,66722ab716b0,2025,
93,0.94,0.0,0,0,0,0,0,0,final_7d,GNN,bottleneck,3.0,results/models/gnn_3d_best_bottleneck_run3.pth,66722ab716b0,2026,
94,1.05,0.0,0,0,0,0,0,0,final_7d,GNN,bottleneck,4.0,results/models/gnn_3d_best_bottleneck_run4.pth,ed2c98e609c5,2024,
98,1.08,0.0,0,0,0,0,0,0,final_7d,GNN,bottleneck,4.0,results/models/gnn_3d_best_bottleneck_run4.pth,ed2c98e609c5,2025,
93,0.9,0.0,0,0,0,0,0,0,final_7d,GNN,bottleneck,4.0,results/models/gnn_3d_best_bottleneck_run4.pth,ed2c98e609c5,2026,
133,0.95,0.0,0,0,0,0,0,0,final_7d,GNN,bottleneck,5.0,results/models/gnn_3d_best_bottleneck_run5.pth,de1d90faa6c7,2024,
137,0.74,0.0,0,0,0,0,0,0,final_7d,GNN,bottleneck,5.0,results/models/gnn_3d_best_bottleneck_run5.pth,de1d90faa6c7,2025,
129,0.81,0.0,0,0,0,0,0,0,final_7d,GNN,bottleneck,5.0,results/models/gnn_3d_best_bottleneck_run5.pth,de1d90faa6c7,2026,
65,10.19,0.0,0,0,0,0,0,0,final_7d,PPO,none,,results/models_ppo/ppo_3d_final.zip,917462ca6de5,2024,
68,11.51,0.0,0,0,0,0,0,0,final_7d,PPO,none,,results/models_ppo/ppo_3d_final.zip,917462ca6de5,2025,
75,11.08,0.0,0,0,0,0,0,0,final_7d,PPO,none,,results/models_ppo/ppo_3d_final.zip,917462ca6de5,2026,
67,3.0,0.0,0,0,0,0,0,0,final_7d,PPO,u_wall,,results/models_ppo/ppo_3d_final_u_wall.zip,1cc661a3e334,2024,
69,3.68,0.0,0,0,0,0,0,0,final_7d,PPO,u_wall,,results/models_ppo/ppo_3d_final_u_wall.zip,1cc661a3e334,2025,
68,2.57,0.0,0,0,0,0,0,0,final_7d,PPO,u_wall,,results/models_ppo/ppo_3d_final_u_wall.zip,1cc661a3e334,2026,
69,10.01,0.0,0,0,0,0,0,0,final_7d,SAC,none,,results/models_sac/sac_3d_final.zip,b9d441100707,2024,
69,11.51,0.0,0,0,0,0,0,0,final_7d,SAC,none,,results/models_sac/sac_3d_final.zip,b9d441100707,2025,
69,11.08,0.0,0,0,0,0,0,0,final_7d,SAC,none,,results/models_sac/sac_3d_final.zip,b9d441100707,2026,
60,1.53,0.0,0,0,0,0,0,0,final_7d,SAC,u_wall,,results/models_sac/sac_3d_final_u_wall.zip,c47beb69a4c6,2024,
51,2.0,0.0,1,1,0,0,0,1,final_7d,SAC,u_wall,,results/models_sac/sac_3d_final_u_wall.zip,c47beb69a4c6,2025,
53,3.02,0.0,1,1,0,0,0,1,final_7d,SAC,u_wall,,results/models_sac/sac_3d_final_u_wall.zip,c47beb69a4c6,2026,
137,1.09,0.0,0,0,0,0,0,0,final_7d,GNN,bottleneck,6.0,results/models/gnn_3d_best_bottleneck_run6.pth,fd92a6e5e2a6,2024,
134,1.06,0.0,0,0,0,0,0,0,final_7d,GNN,bottleneck,6.0,results/models/gnn_3d_best_bottleneck_run6.pth,fd92a6e5e2a6,2025,
127,1.1,0.0,0,0,0,0,0,0,final_7d,GNN,bottleneck,6.0,results/models/gnn_3d_best_bottleneck_run6.pth,fd92a6e5e2a6,2026,
143,1.73,0.0,0,0,0,0,0,0,final_7d,GNN,bottleneck,7.0,results/models/gnn_3d_best_bottleneck_run7.pth,1fa2bf319238,2024,
140,1.53,0.0,0,0,0,0,0,0,final_7d,GNN,bottleneck,7.0,results/models/gnn_3d_best_bottleneck_run7.pth,1fa2bf319238,2025,
138,2.4,0.0,0,0,0,0,0,0,final_7d,GNN,bottleneck,7.0,results/models/gnn_3d_best_bottleneck_run7.pth,1fa2bf319238,2026,
72,4.98,0.0,0,0,0,0,0,0,final_7d,GNN,four_rooms,,results/models/gnn_3d_best_four_rooms.pth,9b667eacf8ed,2024,
74,3.03,0.0,0,0,0,0,0,0,final_7d,GNN,four_rooms,,results/models/gnn_3d_best_four_rooms.pth,9b667eacf8ed,2025,
85,3.67,0.0,0,0,0,0,0,0,final_7d,GNN,four_rooms,,results/models/gnn_3d_best_four_rooms.pth,9b667eacf8ed,2026,
62,1.74,0.0,287,16,17,0,15,1,final_7d,GNN,four_rooms,1.0,results/models/gnn_3d_best_four_rooms_run1.pth,ff1d56927e48,2024,
57,2.46,0.0,411,18,24,0,18,0,final_7d,GNN,four_rooms,1.0,results/models/gnn_3d_best_four_rooms_run1.pth,ff1d56927e48,2025,
65,1.82,0.0,309,17,20,0,16,1,final_7d,GNN,four_rooms,1.0,results/models/gnn_3d_best_four_rooms_run1.pth,ff1d56927e48,2026,
50,13.86,0.0,0,0,0,0,0,0,final_7d,GNN,four_rooms,2.0,results/models/gnn_3d_best_four_rooms_run2.pth,d573a0e6508f,2024,
42,7.57,0.0,0,0,0,0,0,0,final_7d,GNN,four_rooms,2.0,results/models/gnn_3d_best_four_rooms_run2.pth,d573a0e6508f,2025,
48,9.45,0.0,1,1,0,0,0,1,final_7d,GNN,four_rooms,2.0,results/models/gnn_3d_best_four_rooms_run2.pth,d573a0e6508f,2026,
44,14.79,0.544,3,2,0,0,0,2,final_7d,GNN,four_rooms,3.0,results/models/gnn_3d_best_four_rooms_run3.pth,635b49bcdfe4,2024,
40,14.79,0.508,2,2,0,0,0,2,final_7d,GNN,four_rooms,3.0,results/models/gnn_3d_best_four_rooms_run3.pth,635b49bcdfe4,2025,
45,14.79,0.362,1,1,0,0,0,1,final_7d,GNN,four_rooms,3.0,results/models/gnn_3d_best_four_rooms_run3.pth,635b49bcdfe4,2026,
125,1.62,0.0,0,0,0,0,0,0,final_7d,PPO,bottleneck,,results/models_ppo/ppo_3d_final_bottleneck.zip,c1ac234302c0,2024,
128,1.49,0.0,0,0,0,0,0,0,final_7d,PPO,bottleneck,,results/models_ppo/ppo_3d_final_bottleneck.zip,c1ac234302c0,2025,
126,1.31,0.0,0,0,0,0,0,0,final_7d,PPO,bottleneck,,results/models_ppo/ppo_3d_final_bottleneck.zip,c1ac234302c0,2026,
64,14.82,0.868,230,17,22,22,17,0,final_7d,GNN,four_rooms,4.0,results/models/gnn_3d_best_four_rooms_run4.pth,adee7580a83d,2024,
65,14.81,0.876,298,20,26,26,18,2,final_7d,GNN,four_rooms,4.0,results/models/gnn_3d_best_four_rooms_run4.pth,adee7580a83d,2025,
61,14.82,0.874,217,16,17,17,14,2,final_7d,GNN,four_rooms,4.0,results/models/gnn_3d_best_four_rooms_run4.pth,adee7580a83d,2026,
72,4.98,0.0,0,0,0,0,0,0,final_7d,GNN,four_rooms,5.0,results/models/gnn_3d_best_four_rooms_run5.pth,522a0721fe7f,2024,
74,3.03,0.0,0,0,0,0,0,0,final_7d,GNN,four_rooms,5.0,results/models/gnn_3d_best_four_rooms_run5.pth,522a0721fe7f,2025,
85,3.67,0.0,0,0,0,0,0,0,final_7d,GNN,four_rooms,5.0,results/models/gnn_3d_best_four_rooms_run5.pth,522a0721fe7f,2026,
87,8.25,0.0,0,0,0,0,0,0,final_7d,SAC,bottleneck,,results/models_sac/sac_3d_final_bottleneck.zip,4e106b6fb1fa,2024,
76,13.08,0.0,0,0,0,0,0,0,final_7d,SAC,bottleneck,,results/models_sac/sac_3d_final_bottleneck.zip,4e106b6fb1fa,2025,
69,10.6,0.0,0,0,0,0,0,0,final_7d,SAC,bottleneck,,results/models_sac/sac_3d_final_bottleneck.zip,4e106b6fb1fa,2026,
46,14.79,0.658,106,10,0,0,0,10,final_7d,GNN,four_rooms,6.0,results/models/gnn_3d_best_four_rooms_run6.pth,4fe9689a8034,2024,
38,14.79,0.36,111,11,1,0,1,10,final_7d,GNN,four_rooms,6.0,results/models/gnn_3d_best_four_rooms_run6.pth,4fe9689a8034,2025,
43,14.79,0.4,103,9,2,0,2,7,final_7d,GNN,four_rooms,6.0,results/models/gnn_3d_best_four_rooms_run6.pth,4fe9689a8034,2026,
73,5.58,0.0,0,0,0,0,0,0,final_7d,GNN,four_rooms,7.0,results/models/gnn_3d_best_four_rooms_run7.pth,e109b08b9212,2024,
71,4.98,0.0,0,0,0,0,0,0,final_7d,GNN,four_rooms,7.0,results/models/gnn_3d_best_four_rooms_run7.pth,e109b08b9212,2025,
80,5.51,0.0,0,0,0,0,0,0,final_7d,GNN,four_rooms,7.0,results/models/gnn_3d_best_four_rooms_run7.pth,e109b08b9212,2026,
72,0.64,0.0,0,0,0,0,0,0,final_7d,GNN,cooperative_door,,results/models/gnn_3d_best_cooperative_door.pth,2b7bca8beabc,2024,
72,3.47,0.0,0,0,0,0,0,0,final_7d,GNN,cooperative_door,,results/models/gnn_3d_best_cooperative_door.pth,2b7bca8beabc,2025,
70,1.16,0.0,0,0,0,0,0,0,final_7d,GNN,cooperative_door,,results/models/gnn_3d_best_cooperative_door.pth,2b7bca8beabc,2026,
71,0.7,0.0,0,0,0,0,0,0,final_7d,GNN,cooperative_door,1.0,results/models/gnn_3d_best_cooperative_door_run1.pth,049e26da1c46,2024,
69,1.45,0.0,0,0,0,0,0,0,final_7d,GNN,cooperative_door,1.0,results/models/gnn_3d_best_cooperative_door_run1.pth,049e26da1c46,2025,
70,0.87,0.0,0,0,0,0,0,0,final_7d,GNN,cooperative_door,1.0,results/models/gnn_3d_best_cooperative_door_run1.pth,049e26da1c46,2026,
71,2.45,0.0,0,0,0,0,0,0,final_7d,GNN,cooperative_door,2.0,results/models/gnn_3d_best_cooperative_door_run2.pth,28a35ad5cf04,2024,
72,1.65,0.0,0,0,0,0,0,0,final_7d,GNN,cooperative_door,2.0,results/models/gnn_3d_best_cooperative_door_run2.pth,28a35ad5cf04,2025,
71,1.51,0.0,0,0,0,0,0,0,final_7d,GNN,cooperative_door,2.0,results/models/gnn_3d_best_cooperative_door_run2.pth,28a35ad5cf04,2026,
70,0.72,0.0,0,0,0,0,0,0,final_7d,GNN,cooperative_door,3.0,results/models/gnn_3d_best_cooperative_door_run3.pth,a2d0674604a0,2024,
70,0.68,0.0,0,0,0,0,0,0,final_7d,GNN,cooperative_door,3.0,results/models/gnn_3d_best_cooperative_door_run3.pth,a2d0674604a0,2025,
71,0.59,0.0,0,0,0,0,0,0,final_7d,GNN,cooperative_door,3.0,results/models/gnn_3d_best_cooperative_door_run3.pth,a2d0674604a0,2026,
28,14.62,0.572,0,0,0,0,0,0,final_7d,PPO,four_rooms,,results/models_ppo/ppo_3d_final_four_rooms.zip,542cf82cfb9e,2024,
26,14.43,0.168,0,0,0,0,0,0,final_7d,PPO,four_rooms,,results/models_ppo/ppo_3d_final_four_rooms.zip,542cf82cfb9e,2025,
23,14.46,0.254,0,0,0,0,0,0,final_7d,PPO,four_rooms,,results/models_ppo/ppo_3d_final_four_rooms.zip,542cf82cfb9e,2026,
39,14.06,0.006,0,0,0,0,0,0,final_7d,SAC,four_rooms,,results/models_sac/sac_3d_final_four_rooms.zip,78132bf933d0,2024,
25,14.28,0.3,0,0,0,0,0,0,final_7d,SAC,four_rooms,,results/models_sac/sac_3d_final_four_rooms.zip,78132bf933d0,2025,
30,14.45,0.446,0,0,0,0,0,0,final_7d,SAC,four_rooms,,results/models_sac/sac_3d_final_four_rooms.zip,78132bf933d0,2026,
72,0.79,0.0,0,0,0,0,0,0,final_7d,GNN,cooperative_door,4.0,results/models/gnn_3d_best_cooperative_door_run4.pth,7710294b85fe,2024,
72,0.67,0.0,0,0,0,0,0,0,final_7d,GNN,cooperative_door,4.0,results/models/gnn_3d_best_cooperative_door_run4.pth,7710294b85fe,2025,
70,0.88,0.0,0,0,0,0,0,0,final_7d,GNN,cooperative_door,4.0,results/models/gnn_3d_best_cooperative_door_run4.pth,7710294b85fe,2026,
72,1.22,0.0,0,0,0,0,0,0,final_7d,GNN,cooperative_door,5.0,results/models/gnn_3d_best_cooperative_door_run5.pth,fc064870796d,2024,
69,3.89,0.0,0,0,0,0,0,0,final_7d,GNN,cooperative_door,5.0,results/models/gnn_3d_best_cooperative_door_run5.pth,fc064870796d,2025,
72,1.24,0.0,0,0,0,0,0,0,final_7d,GNN,cooperative_door,5.0,results/models/gnn_3d_best_cooperative_door_run5.pth,fc064870796d,2026,
25,9.47,0.0,0,0,0,0,0,0,final_7d,GNN,cooperative_perception,,results/models/gnn_3d_best_cooperative_perception.pth,002b04284403,2024,
25,10.17,0.0,0,0,0,0,0,0,final_7d,GNN,cooperative_perception,,results/models/gnn_3d_best_cooperative_perception.pth,002b04284403,2025,
24,10.09,0.0,0,0,0,0,0,0,final_7d,GNN,cooperative_perception,,results/models/gnn_3d_best_cooperative_perception.pth,002b04284403,2026,
23,9.54,0.0,0,0,0,0,0,0,final_7d,GNN,cooperative_perception,1.0,results/models/gnn_3d_best_cooperative_perception_run1.pth,b9eceb6c8d4e,2024,
20,10.32,0.0,0,0,0,0,0,0,final_7d,GNN,cooperative_perception,1.0,results/models/gnn_3d_best_cooperative_perception_run1.pth,b9eceb6c8d4e,2025,
16,10.17,0.0,0,0,0,0,0,0,final_7d,GNN,cooperative_perception,1.0,results/models/gnn_3d_best_cooperative_perception_run1.pth,b9eceb6c8d4e,2026,
71,0.74,0.0,0,0,0,0,0,0,final_7d,GNN,cooperative_door,6.0,results/models/gnn_3d_best_cooperative_door_run6.pth,0570c8f931bd,2024,
71,0.68,0.0,0,0,0,0,0,0,final_7d,GNN,cooperative_door,6.0,results/models/gnn_3d_best_cooperative_door_run6.pth,0570c8f931bd,2025,
67,0.61,0.0,0,0,0,0,0,0,final_7d,GNN,cooperative_door,6.0,results/models/gnn_3d_best_cooperative_door_run6.pth,0570c8f931bd,2026,
72,0.64,0.0,0,0,0,0,0,0,final_7d,GNN,cooperative_door,7.0,results/models/gnn_3d_best_cooperative_door_run7.pth,34771a030956,2024,
72,3.47,0.0,0,0,0,0,0,0,final_7d,GNN,cooperative_door,7.0,results/models/gnn_3d_best_cooperative_door_run7.pth,34771a030956,2025,
70,1.16,0.0,0,0,0,0,0,0,final_7d,GNN,cooperative_door,7.0,results/models/gnn_3d_best_cooperative_door_run7.pth,34771a030956,2026,
17,9.51,0.0,0,0,0,0,0,0,final_7d,GNN,cooperative_perception,2.0,results/models/gnn_3d_best_cooperative_perception_run2.pth,0939245618c5,2024,
24,10.24,0.0,0,0,0,0,0,0,final_7d,GNN,cooperative_perception,2.0,results/models/gnn_3d_best_cooperative_perception_run2.pth,0939245618c5,2025,
18,10.15,0.0,0,0,0,0,0,0,final_7d,GNN,cooperative_perception,2.0,results/models/gnn_3d_best_cooperative_perception_run2.pth,0939245618c5,2026,
20,9.52,0.0,0,0,0,0,0,0,final_7d,GNN,cooperative_perception,3.0,results/models/gnn_3d_best_cooperative_perception_run3.pth,beed23672b35,2024,
21,10.22,0.0,0,0,0,0,0,0,final_7d,GNN,cooperative_perception,3.0,results/models/gnn_3d_best_cooperative_perception_run3.pth,beed23672b35,2025,
20,10.15,0.0,0,0,0,0,0,0,final_7d,GNN,cooperative_perception,3.0,results/models/gnn_3d_best_cooperative_perception_run3.pth,beed23672b35,2026,
25,9.47,0.0,0,0,0,0,0,0,final_7d,GNN,cooperative_perception,4.0,results/models/gnn_3d_best_cooperative_perception_run4.pth,b368baa40a21,2024,
25,10.17,0.0,0,0,0,0,0,0,final_7d,GNN,cooperative_perception,4.0,results/models/gnn_3d_best_cooperative_perception_run4.pth,b368baa40a21,2025,
24,10.09,0.0,0,0,0,0,0,0,final_7d,GNN,cooperative_perception,4.0,results/models/gnn_3d_best_cooperative_perception_run4.pth,b368baa40a21,2026,
24,9.47,0.0,0,0,0,0,0,0,final_7d,GNN,cooperative_perception,5.0,results/models/gnn_3d_best_cooperative_perception_run5.pth,307c4a370add,2024,
25,10.17,0.0,0,0,0,0,0,0,final_7d,GNN,cooperative_perception,5.0,results/models/gnn_3d_best_cooperative_perception_run5.pth,307c4a370add,2025,
28,10.08,0.0,0,0,0,0,0,0,final_7d,GNN,cooperative_perception,5.0,results/models/gnn_3d_best_cooperative_perception_run5.pth,307c4a370add,2026,
15,9.67,0.0,0,0,0,0,0,0,final_7d,GNN,cooperative_perception,6.0,results/models/gnn_3d_best_cooperative_perception_run6.pth,fd9a9d17d46e,2024,
19,10.3,0.0,0,0,0,0,0,0,final_7d,GNN,cooperative_perception,6.0,results/models/gnn_3d_best_cooperative_perception_run6.pth,fd9a9d17d46e,2025,
15,10.22,0.0,0,0,0,0,0,0,final_7d,GNN,cooperative_perception,6.0,results/models/gnn_3d_best_cooperative_perception_run6.pth,fd9a9d17d46e,2026,
3,10.6,0.0,0,0,0,0,0,0,final_7d,GNN,cooperative_perception,7.0,results/models/gnn_3d_best_cooperative_perception_run7.pth,40238d00196f,2024,
4,10.48,0.0,0,0,0,0,0,0,final_7d,GNN,cooperative_perception,7.0,results/models/gnn_3d_best_cooperative_perception_run7.pth,40238d00196f,2025,
0,10.59,0.0,0,0,0,0,0,0,final_7d,GNN,cooperative_perception,7.0,results/models/gnn_3d_best_cooperative_perception_run7.pth,40238d00196f,2026,
14,9.47,0.0,0,0,0,0,0,0,final_7d,PPO,cooperative_perception,,results/models_ppo/ppo_3d_final_cooperative_perception.zip,52e646850946,2024,
14,10.16,0.0,0,0,0,0,0,0,final_7d,PPO,cooperative_perception,,results/models_ppo/ppo_3d_final_cooperative_perception.zip,52e646850946,2025,
12,10.29,0.0,0,0,0,0,0,0,final_7d,PPO,cooperative_perception,,results/models_ppo/ppo_3d_final_cooperative_perception.zip,52e646850946,2026,
63,3.69,0.0,0,0,0,0,0,0,final_7d,SAC,cooperative_door,,results/models_sac/sac_3d_final_cooperative_door.zip,353a48bbf9ec,2024,
61,3.99,0.0,0,0,0,0,0,0,final_7d,SAC,cooperative_door,,results/models_sac/sac_3d_final_cooperative_door.zip,353a48bbf9ec,2025,
61,3.82,0.0,0,0,0,0,0,0,final_7d,SAC,cooperative_door,,results/models_sac/sac_3d_final_cooperative_door.zip,353a48bbf9ec,2026,
64,3.0,0.0,0,0,0,0,0,0,final_7d,PPO,cooperative_door,,results/models_ppo/ppo_3d_final_cooperative_door.zip,1d1832417fe2,2024,
63,4.49,0.0,0,0,0,0,0,0,final_7d,PPO,cooperative_door,,results/models_ppo/ppo_3d_final_cooperative_door.zip,1d1832417fe2,2025,
65,3.35,0.0,0,0,0,0,0,0,final_7d,PPO,cooperative_door,,results/models_ppo/ppo_3d_final_cooperative_door.zip,1d1832417fe2,2026,
19,9.47,0.0,0,0,0,0,0,0,final_7d,SAC,cooperative_perception,,results/models_sac/sac_3d_final_cooperative_perception.zip,299f1dd12872,2024,
16,10.16,0.0,0,0,0,0,0,0,final_7d,SAC,cooperative_perception,,results/models_sac/sac_3d_final_cooperative_perception.zip,299f1dd12872,2025,
15,10.12,0.0,0,0,0,0,0,0,final_7d,SAC,cooperative_perception,,results/models_sac/sac_3d_final_cooperative_perception.zip,299f1dd12872,2026,
93,0.92,0.0,0,0,0,0,0,0,final_7d,GNN,cooperative_door_bypass,,results/models/gnn_3d_best_cooperative_door_bypass.pth,9cb70ecf427e,2024,
92,1.62,0.0,0,0,0,0,0,0,final_7d,GNN,cooperative_door_bypass,,results/models/gnn_3d_best_cooperative_door_bypass.pth,9cb70ecf427e,2025,
92,0.97,0.0,0,0,0,0,0,0,final_7d,GNN,cooperative_door_bypass,,results/models/gnn_3d_best_cooperative_door_bypass.pth,9cb70ecf427e,2026,
91,2.51,0.0,0,0,0,0,0,0,final_7d,GNN,cooperative_door_bypass,1.0,results/models/gnn_3d_best_cooperative_door_bypass_run1.pth,8721b06280fe,2024,
88,3.89,0.0,0,0,0,0,0,0,final_7d,GNN,cooperative_door_bypass,1.0,results/models/gnn_3d_best_cooperative_door_bypass_run1.pth,8721b06280fe,2025,
89,3.08,0.0,0,0,0,0,0,0,final_7d,GNN,cooperative_door_bypass,1.0,results/models/gnn_3d_best_cooperative_door_bypass_run1.pth,8721b06280fe,2026,
89,2.72,0.0,0,0,0,0,0,0,final_7d,GNN,cooperative_door_bypass,2.0,results/models/gnn_3d_best_cooperative_door_bypass_run2.pth,5e8e9e8ab046,2024,
86,3.11,0.0,0,0,0,0,0,0,final_7d,GNN,cooperative_door_bypass,2.0,results/models/gnn_3d_best_cooperative_door_bypass_run2.pth,5e8e9e8ab046,2025,
86,3.11,0.0,0,0,0,0,0,0,final_7d,GNN,cooperative_door_bypass,2.0,results/models/gnn_3d_best_cooperative_door_bypass_run2.pth,5e8e9e8ab046,2026,
89,0.6,0.0,0,0,0,0,0,0,final_7d,GNN,cooperative_door_bypass,3.0,results/models/gnn_3d_best_cooperative_door_bypass_run3.pth,4dcb92f87861,2024,
89,1.08,0.0,0,0,0,0,0,0,final_7d,GNN,cooperative_door_bypass,3.0,results/models/gnn_3d_best_cooperative_door_bypass_run3.pth,4dcb92f87861,2025,
89,0.52,0.0,0,0,0,0,0,0,final_7d,GNN,cooperative_door_bypass,3.0,results/models/gnn_3d_best_cooperative_door_bypass_run3.pth,4dcb92f87861,2026,
90,1.2,0.0,0,0,0,0,0,0,final_7d,GNN,cooperative_door_bypass,4.0,results/models/gnn_3d_best_cooperative_door_bypass_run4.pth,f6947abd6872,2024,
88,1.32,0.0,0,0,0,0,0,0,final_7d,GNN,cooperative_door_bypass,4.0,results/models/gnn_3d_best_cooperative_door_bypass_run4.pth,f6947abd6872,2025,
88,1.93,0.0,0,0,0,0,0,0,final_7d,GNN,cooperative_door_bypass,4.0,results/models/gnn_3d_best_cooperative_door_bypass_run4.pth,f6947abd6872,2026,
87,1.6,0.0,0,0,0,0,0,0,final_7d,GNN,cooperative_door_bypass,5.0,results/models/gnn_3d_best_cooperative_door_bypass_run5.pth,03205fac823f,2024,
87,1.72,0.0,0,0,0,0,0,0,final_7d,GNN,cooperative_door_bypass,5.0,results/models/gnn_3d_best_cooperative_door_bypass_run5.pth,03205fac823f,2025,
84,1.69,0.0,0,0,0,0,0,0,final_7d,GNN,cooperative_door_bypass,5.0,results/models/gnn_3d_best_cooperative_door_bypass_run5.pth,03205fac823f,2026,
90,1.2,0.0,0,0,0,0,0,0,final_7d,GNN,cooperative_door_bypass,6.0,results/models/gnn_3d_best_cooperative_door_bypass_run6.pth,e47c522fddc9,2024,
89,1.0,0.0,0,0,0,0,0,0,final_7d,GNN,cooperative_door_bypass,6.0,results/models/gnn_3d_best_cooperative_door_bypass_run6.pth,e47c522fddc9,2025,
87,1.05,0.0,0,0,0,0,0,0,final_7d,GNN,cooperative_door_bypass,6.0,results/models/gnn_3d_best_cooperative_door_bypass_run6.pth,e47c522fddc9,2026,
93,0.92,0.0,0,0,0,0,0,0,final_7d,GNN,cooperative_door_bypass,7.0,results/models/gnn_3d_best_cooperative_door_bypass_run7.pth,14b9b72be709,2024,
92,1.62,0.0,0,0,0,0,0,0,final_7d,GNN,cooperative_door_bypass,7.0,results/models/gnn_3d_best_cooperative_door_bypass_run7.pth,14b9b72be709,2025,
92,0.97,0.0,0,0,0,0,0,0,final_7d,GNN,cooperative_door_bypass,7.0,results/models/gnn_3d_best_cooperative_door_bypass_run7.pth,14b9b72be709,2026,
66,11.17,0.0,0,0,0,0,0,0,adaptativo_A1,GNN,none,,results/novelty_adaptativo/week_A_fase1/models/gnn_3d_best.pth,dea28a825099,2024,
64,11.51,0.0,0,0,0,0,0,0,adaptativo_A1,GNN,none,,results/novelty_adaptativo/week_A_fase1/models/gnn_3d_best.pth,dea28a825099,2025,
66,11.25,0.0,0,0,0,0,0,0,adaptativo_A1,GNN,none,,results/novelty_adaptativo/week_A_fase1/models/gnn_3d_best.pth,dea28a825099,2026,
60,10.18,0.0,0,0,0,0,0,0,adaptativo_A1,GNN,none,1.0,results/novelty_adaptativo/week_A_fase1/models/gnn_3d_best_run1.pth,c8f26293554b,2024,
63,11.41,0.0,0,0,0,0,0,0,adaptativo_A1,GNN,none,1.0,results/novelty_adaptativo/week_A_fase1/models/gnn_3d_best_run1.pth,c8f26293554b,2025,
64,11.21,0.0,0,0,0,0,0,0,adaptativo_A1,GNN,none,1.0,results/novelty_adaptativo/week_A_fase1/models/gnn_3d_best_run1.pth,c8f26293554b,2026,
59,11.17,0.0,0,0,0,0,0,0,adaptativo_A1,GNN,none,2.0,results/novelty_adaptativo/week_A_fase1/models/gnn_3d_best_run2.pth,15a8bcbf9e24,2024,
64,10.62,0.0,0,0,0,0,0,0,adaptativo_A1,GNN,none,2.0,results/novelty_adaptativo/week_A_fase1/models/gnn_3d_best_run2.pth,15a8bcbf9e24,2025,
65,11.21,0.0,0,0,0,0,0,0,adaptativo_A1,GNN,none,2.0,results/novelty_adaptativo/week_A_fase1/models/gnn_3d_best_run2.pth,15a8bcbf9e24,2026,
13,11.17,0.0,0,0,0,0,0,0,adaptativo_A1,GNN,none,3.0,results/novelty_adaptativo/week_A_fase1/models/gnn_3d_best_run3.pth,526da019ee6f,2024,
14,11.41,0.0,0,0,0,0,0,0,adaptativo_A1,GNN,none,3.0,results/novelty_adaptativo/week_A_fase1/models/gnn_3d_best_run3.pth,526da019ee6f,2025,
17,11.08,0.0,0,0,0,0,0,0,adaptativo_A1,GNN,none,3.0,results/novelty_adaptativo/week_A_fase1/models/gnn_3d_best_run3.pth,526da019ee6f,2026,
88,1.61,0.0,0,0,0,0,0,0,final_7d,PPO,cooperative_door_bypass,,results/models_ppo/ppo_3d_final_cooperative_door_bypass.zip,2bddeb064f51,2024,
89,1.37,0.0,0,0,0,0,0,0,final_7d,PPO,cooperative_door_bypass,,results/models_ppo/ppo_3d_final_cooperative_door_bypass.zip,2bddeb064f51,2025,
89,2.4,0.0,0,0,0,0,0,0,final_7d,PPO,cooperative_door_bypass,,results/models_ppo/ppo_3d_final_cooperative_door_bypass.zip,2bddeb064f51,2026,
69,11.17,0.0,0,0,0,0,0,0,adaptativo_A1,GNN,none,5.0,results/novelty_adaptativo/week_A_fase1/models/gnn_3d_best_run5.pth,e0a182197560,2024,
67,11.63,0.0,0,0,0,0,0,0,adaptativo_A1,GNN,none,5.0,results/novelty_adaptativo/week_A_fase1/models/gnn_3d_best_run5.pth,e0a182197560,2025,
65,10.6,0.0,0,0,0,0,0,0,adaptativo_A1,GNN,none,5.0,results/novelty_adaptativo/week_A_fase1/models/gnn_3d_best_run5.pth,e0a182197560,2026,
66,11.17,0.0,0,0,0,0,0,0,adaptativo_A1,GNN,none,4.0,results/novelty_adaptativo/week_A_fase1/models/gnn_3d_best_run4.pth,1558d14338c9,2024,
64,11.51,0.0,0,0,0,0,0,0,adaptativo_A1,GNN,none,4.0,results/novelty_adaptativo/week_A_fase1/models/gnn_3d_best_run4.pth,1558d14338c9,2025,
66,11.25,0.0,0,0,0,0,0,0,adaptativo_A1,GNN,none,4.0,results/novelty_adaptativo/week_A_fase1/models/gnn_3d_best_run4.pth,1558d14338c9,2026,
85,1.55,0.0,0,0,0,0,0,0,final_7d,SAC,cooperative_door_bypass,,results/models_sac/sac_3d_final_cooperative_door_bypass.zip,b83d9c3c3d06,2024,
85,2.11,0.0,0,0,0,0,0,0,final_7d,SAC,cooperative_door_bypass,,results/models_sac/sac_3d_final_cooperative_door_bypass.zip,b83d9c3c3d06,2025,
80,1.37,0.0,0,0,0,0,0,0,final_7d,SAC,cooperative_door_bypass,,results/models_sac/sac_3d_final_cooperative_door_bypass.zip,b83d9c3c3d06,2026,
81,2.72,0.0,0,0,0,0,0,0,adaptativo_A1,GNN,u_wall,,results/novelty_adaptativo/week_A_fase1/models/gnn_3d_best_u_wall.pth,0e1b872a2f15,2024,
86,1.38,0.0,0,0,0,0,0,0,adaptativo_A1,GNN,u_wall,,results/novelty_adaptativo/week_A_fase1/models/gnn_3d_best_u_wall.pth,0e1b872a2f15,2025,
79,1.59,0.0,0,0,0,0,0,0,adaptativo_A1,GNN,u_wall,,results/novelty_adaptativo/week_A_fase1/models/gnn_3d_best_u_wall.pth,0e1b872a2f15,2026,
64,11.17,0.0,0,0,0,0,0,0,adaptativo_A1,GNN,none,6.0,results/novelty_adaptativo/week_A_fase1/models/gnn_3d_best_run6.pth,398935eab201,2024,
70,11.51,0.0,0,0,0,0,0,0,adaptativo_A1,GNN,none,6.0,results/novelty_adaptativo/week_A_fase1/models/gnn_3d_best_run6.pth,398935eab201,2025,
60,11.21,0.0,0,0,0,0,0,0,adaptativo_A1,GNN,none,6.0,results/novelty_adaptativo/week_A_fase1/models/gnn_3d_best_run6.pth,398935eab201,2026,
57,3.48,0.0,0,0,0,0,0,0,adaptativo_A1,GNN,u_wall,1.0,results/novelty_adaptativo/week_A_fase1/models/gnn_3d_best_u_wall_run1.pth,bbed3e12bef6,2024,
51,3.36,0.0,0,0,0,0,0,0,adaptativo_A1,GNN,u_wall,1.0,results/novelty_adaptativo/week_A_fase1/models/gnn_3d_best_u_wall_run1.pth,bbed3e12bef6,2025,
52,2.88,0.0,0,0,0,0,0,0,adaptativo_A1,GNN,u_wall,1.0,results/novelty_adaptativo/week_A_fase1/models/gnn_3d_best_u_wall_run1.pth,bbed3e12bef6,2026,
0,8.57,0.0,0,0,0,0,0,0,adaptativo_A1,GNN,none,7.0,results/novelty_adaptativo/week_A_fase1/models/gnn_3d_best_run7.pth,dcfe7b481ec4,2024,
0,8.53,0.0,0,0,0,0,0,0,adaptativo_A1,GNN,none,7.0,results/novelty_adaptativo/week_A_fase1/models/gnn_3d_best_run7.pth,dcfe7b481ec4,2025,
1,9.01,0.0,0,0,0,0,0,0,adaptativo_A1,GNN,none,7.0,results/novelty_adaptativo/week_A_fase1/models/gnn_3d_best_run7.pth,dcfe7b481ec4,2026,
80,2.26,0.0,0,0,0,0,0,0,adaptativo_A1,GNN,u_wall,2.0,results/novelty_adaptativo/week_A_fase1/models/gnn_3d_best_u_wall_run2.pth,02e51402d9cd,2024,
78,3.54,0.0,0,0,0,0,0,0,adaptativo_A1,GNN,u_wall,2.0,results/novelty_adaptativo/week_A_fase1/models/gnn_3d_best_u_wall_run2.pth,02e51402d9cd,2025,
80,2.4,0.0,0,0,0,0,0,0,adaptativo_A1,GNN,u_wall,2.0,results/novelty_adaptativo/week_A_fase1/models/gnn_3d_best_u_wall_run2.pth,02e51402d9cd,2026,
76,3.37,0.0,0,0,0,0,0,0,adaptativo_A1,GNN,u_wall,3.0,results/novelty_adaptativo/week_A_fase1/models/gnn_3d_best_u_wall_run3.pth,ca4538b36534,2024,
78,1.76,0.0,0,0,0,0,0,0,adaptativo_A1,GNN,u_wall,3.0,results/novelty_adaptativo/week_A_fase1/models/gnn_3d_best_u_wall_run3.pth,ca4538b36534,2025,
74,3.32,0.0,0,0,0,0,0,0,adaptativo_A1,GNN,u_wall,3.0,results/novelty_adaptativo/week_A_fase1/models/gnn_3d_best_u_wall_run3.pth,ca4538b36534,2026,
81,2.72,0.0,0,0,0,0,0,0,adaptativo_A1,GNN,u_wall,4.0,results/novelty_adaptativo/week_A_fase1/models/gnn_3d_best_u_wall_run4.pth,b50382e7ddef,2024,
86,1.38,0.0,0,0,0,0,0,0,adaptativo_A1,GNN,u_wall,4.0,results/novelty_adaptativo/week_A_fase1/models/gnn_3d_best_u_wall_run4.pth,b50382e7ddef,2025,
79,1.59,0.0,0,0,0,0,0,0,adaptativo_A1,GNN,u_wall,4.0,results/novelty_adaptativo/week_A_fase1/models/gnn_3d_best_u_wall_run4.pth,b50382e7ddef,2026,
58,2.7,0.0,0,0,0,0,0,0,adaptativo_A1,GNN,u_wall,5.0,results/novelty_adaptativo/week_A_fase1/models/gnn_3d_best_u_wall_run5.pth,b72c1cf4b271,2024,
55,6.0,0.0,0,0,0,0,0,0,adaptativo_A1,GNN,u_wall,5.0,results/novelty_adaptativo/week_A_fase1/models/gnn_3d_best_u_wall_run5.pth,b72c1cf4b271,2025,
53,6.13,0.0,0,0,0,0,0,0,adaptativo_A1,GNN,u_wall,5.0,results/novelty_adaptativo/week_A_fase1/models/gnn_3d_best_u_wall_run5.pth,b72c1cf4b271,2026,
81,4.23,0.0,0,0,0,0,0,0,adaptativo_A1,GNN,u_wall,6.0,results/novelty_adaptativo/week_A_fase1/models/gnn_3d_best_u_wall_run6.pth,0c6aef52acb7,2024,
76,4.02,0.0,0,0,0,0,0,0,adaptativo_A1,GNN,u_wall,6.0,results/novelty_adaptativo/week_A_fase1/models/gnn_3d_best_u_wall_run6.pth,0c6aef52acb7,2025,
80,2.35,0.0,0,0,0,0,0,0,adaptativo_A1,GNN,u_wall,6.0,results/novelty_adaptativo/week_A_fase1/models/gnn_3d_best_u_wall_run6.pth,0c6aef52acb7,2026,
128,0.58,0.0,0,0,0,0,0,0,adaptativo_A1,GNN,bottleneck,,results/novelty_adaptativo/week_A_fase1/models/gnn_3d_best_bottleneck.pth,e3129eda9479,2024,
138,0.93,0.0,0,0,0,0,0,0,adaptativo_A1,GNN,bottleneck,,results/novelty_adaptativo/week_A_fase1/models/gnn_3d_best_bottleneck.pth,e3129eda9479,2025,
131,0.67,0.0,0,0,0,0,0,0,adaptativo_A1,GNN,bottleneck,,results/novelty_adaptativo/week_A_fase1/models/gnn_3d_best_bottleneck.pth,e3129eda9479,2026,
138,0.61,0.0,0,0,0,0,0,0,adaptativo_A1,GNN,bottleneck,2.0,results/novelty_adaptativo/week_A_fase1/models/gnn_3d_best_bottleneck_run2.pth,b97f18dd29a6,2024,
140,0.6,0.0,0,0,0,0,0,0,adaptativo_A1,GNN,bottleneck,2.0,results/novelty_adaptativo/week_A_fase1/models/gnn_3d_best_bottleneck_run2.pth,b97f18dd29a6,2025,
136,0.68,0.0,0,0,0,0,0,0,adaptativo_A1,GNN,bottleneck,2.0,results/novelty_adaptativo/week_A_fase1/models/gnn_3d_best_bottleneck_run2.pth,b97f18dd29a6,2026,
59,2.76,0.0,0,0,0,0,0,0,adaptativo_A1,GNN,u_wall,7.0,results/novelty_adaptativo/week_A_fase1/models/gnn_3d_best_u_wall_run7.pth,56405e494a3a,2024,
65,2.31,0.0,0,0,0,0,0,0,adaptativo_A1,GNN,u_wall,7.0,results/novelty_adaptativo/week_A_fase1/models/gnn_3d_best_u_wall_run7.pth,56405e494a3a,2025,
61,3.36,0.0,0,0,0,0,0,0,adaptativo_A1,GNN,u_wall,7.0,results/novelty_adaptativo/week_A_fase1/models/gnn_3d_best_u_wall_run7.pth,56405e494a3a,2026,
140,1.1,0.0,0,0,0,0,0,0,adaptativo_A1,GNN,bottleneck,1.0,results/novelty_adaptativo/week_A_fase1/models/gnn_3d_best_bottleneck_run1.pth,8a69017fd2a5,2024,
132,1.18,0.0,0,0,0,0,0,0,adaptativo_A1,GNN,bottleneck,1.0,results/novelty_adaptativo/week_A_fase1/models/gnn_3d_best_bottleneck_run1.pth,8a69017fd2a5,2025,
132,0.69,0.0,0,0,0,0,0,0,adaptativo_A1,GNN,bottleneck,1.0,results/novelty_adaptativo/week_A_fase1/models/gnn_3d_best_bottleneck_run1.pth,8a69017fd2a5,2026,
132,2.48,0.0,0,0,0,0,0,0,adaptativo_A1,GNN,bottleneck,3.0,results/novelty_adaptativo/week_A_fase1/models/gnn_3d_best_bottleneck_run3.pth,d3fd9f0ae861,2024,
137,2.42,0.0,0,0,0,0,0,0,adaptativo_A1,GNN,bottleneck,3.0,results/novelty_adaptativo/week_A_fase1/models/gnn_3d_best_bottleneck_run3.pth,d3fd9f0ae861,2025,
135,1.34,0.0,0,0,0,0,0,0,adaptativo_A1,GNN,bottleneck,3.0,results/novelty_adaptativo/week_A_fase1/models/gnn_3d_best_bottleneck_run3.pth,d3fd9f0ae861,2026,
139,0.7,0.0,0,0,0,0,0,0,adaptativo_A1,GNN,bottleneck,4.0,results/novelty_adaptativo/week_A_fase1/models/gnn_3d_best_bottleneck_run4.pth,12edfa780d91,2024,
135,0.79,0.0,0,0,0,0,0,0,adaptativo_A1,GNN,bottleneck,4.0,results/novelty_adaptativo/week_A_fase1/models/gnn_3d_best_bottleneck_run4.pth,12edfa780d91,2025,
135,0.77,0.0,0,0,0,0,0,0,adaptativo_A1,GNN,bottleneck,4.0,results/novelty_adaptativo/week_A_fase1/models/gnn_3d_best_bottleneck_run4.pth,12edfa780d91,2026,
133,1.06,0.0,0,0,0,0,0,0,adaptativo_A1,GNN,bottleneck,5.0,results/novelty_adaptativo/week_A_fase1/models/gnn_3d_best_bottleneck_run5.pth,0fee898ae4e1,2024,
127,1.23,0.0,0,0,0,0,0,0,adaptativo_A1,GNN,bottleneck,5.0,results/novelty_adaptativo/week_A_fase1/models/gnn_3d_best_bottleneck_run5.pth,0fee898ae4e1,2025,
131,1.18,0.0,0,0,0,0,0,0,adaptativo_A1,GNN,bottleneck,5.0,results/novelty_adaptativo/week_A_fase1/models/gnn_3d_best_bottleneck_run5.pth,0fee898ae4e1,2026,
0,-0.2,0.0,0,0,0,0,0,0,adaptativo_A1,GNN,bottleneck,6.0,results/novelty_adaptativo/week_A_fase1/models/gnn_3d_best_bottleneck_run6.pth,b178d56e75f5,2024,
0,-0.2,0.0,0,0,0,0,0,0,adaptativo_A1,GNN,bottleneck,6.0,results/novelty_adaptativo/week_A_fase1/models/gnn_3d_best_bottleneck_run6.pth,b178d56e75f5,2025,
0,4.48,0.0,0,0,0,0,0,0,adaptativo_A1,GNN,bottleneck,6.0,results/novelty_adaptativo/week_A_fase1/models/gnn_3d_best_bottleneck_run6.pth,b178d56e75f5,2026,
128,0.58,0.0,0,0,0,0,0,0,adaptativo_A1,GNN,bottleneck,7.0,results/novelty_adaptativo/week_A_fase1/models/gnn_3d_best_bottleneck_run7.pth,cfc0b3a351bf,2024,
138,0.93,0.0,0,0,0,0,0,0,adaptativo_A1,GNN,bottleneck,7.0,results/novelty_adaptativo/week_A_fase1/models/gnn_3d_best_bottleneck_run7.pth,cfc0b3a351bf,2025,
131,0.67,0.0,0,0,0,0,0,0,adaptativo_A1,GNN,bottleneck,7.0,results/novelty_adaptativo/week_A_fase1/models/gnn_3d_best_bottleneck_run7.pth,cfc0b3a351bf,2026,
55,1.01,0.0,237,14,13,0,11,3,adaptativo_A1,GNN,four_rooms,2.0,results/novelty_adaptativo/week_A_fase1/models/gnn_3d_best_four_rooms_run2.pth,4c1cbd456ccd,2024,
52,2.17,0.0,306,18,17,0,15,3,adaptativo_A1,GNN,four_rooms,2.0,results/novelty_adaptativo/week_A_fase1/models/gnn_3d_best_four_rooms_run2.pth,4c1cbd456ccd,2025,
59,4.3,0.0,290,17,18,0,15,2,adaptativo_A1,GNN,four_rooms,2.0,results/novelty_adaptativo/week_A_fase1/models/gnn_3d_best_four_rooms_run2.pth,4c1cbd456ccd,2026,
78,14.83,0.854,269,19,17,17,15,4,adaptativo_A1,GNN,four_rooms,,results/novelty_adaptativo/week_A_fase1/models/gnn_3d_best_four_rooms.pth,c8777f55b691,2024,
70,14.81,0.854,323,19,28,28,18,1,adaptativo_A1,GNN,four_rooms,,results/novelty_adaptativo/week_A_fase1/models/gnn_3d_best_four_rooms.pth,c8777f55b691,2025,
84,14.83,0.858,276,19,22,22,17,2,adaptativo_A1,GNN,four_rooms,,results/novelty_adaptativo/week_A_fase1/models/gnn_3d_best_four_rooms.pth,c8777f55b691,2026,
45,11.83,0.0,0,0,0,0,0,0,adaptativo_A1,GNN,four_rooms,1.0,results/novelty_adaptativo/week_A_fase1/models/gnn_3d_best_four_rooms_run1.pth,3ed241d04642,2024,
48,10.59,0.0,0,0,0,0,0,0,adaptativo_A1,GNN,four_rooms,1.0,results/novelty_adaptativo/week_A_fase1/models/gnn_3d_best_four_rooms_run1.pth,3ed241d04642,2025,
46,12.99,0.0,0,0,0,0,0,0,adaptativo_A1,GNN,four_rooms,1.0,results/novelty_adaptativo/week_A_fase1/models/gnn_3d_best_four_rooms_run1.pth,3ed241d04642,2026,
55,3.61,0.0,189,14,11,0,11,3,adaptativo_A1,GNN,four_rooms,4.0,results/novelty_adaptativo/week_A_fase1/models/gnn_3d_best_four_rooms_run4.pth,54a2a034967b,2024,
55,4.05,0.0,253,16,16,0,15,1,adaptativo_A1,GNN,four_rooms,4.0,results/novelty_adaptativo/week_A_fase1/models/gnn_3d_best_four_rooms_run4.pth,54a2a034967b,2025,
58,3.61,0.0,198,15,10,0,9,6,adaptativo_A1,GNN,four_rooms,4.0,results/novelty_adaptativo/week_A_fase1/models/gnn_3d_best_four_rooms_run4.pth,54a2a034967b,2026,
73,1.99,0.0,385,16,17,0,13,3,adaptativo_A1,GNN,four_rooms,3.0,results/novelty_adaptativo/week_A_fase1/models/gnn_3d_best_four_rooms_run3.pth,3a1a3dcc0d66,2024,
68,1.47,0.0,452,18,22,0,17,1,adaptativo_A1,GNN,four_rooms,3.0,results/novelty_adaptativo/week_A_fase1/models/gnn_3d_best_four_rooms_run3.pth,3a1a3dcc0d66,2025,
74,1.27,0.0,361,18,17,0,15,3,adaptativo_A1,GNN,four_rooms,3.0,results/novelty_adaptativo/week_A_fase1/models/gnn_3d_best_four_rooms_run3.pth,3a1a3dcc0d66,2026,
78,14.83,0.854,269,19,17,17,15,4,adaptativo_A1,GNN,four_rooms,5.0,results/novelty_adaptativo/week_A_fase1/models/gnn_3d_best_four_rooms_run5.pth,6745344761ef,2024,
70,14.81,0.854,323,19,28,28,18,1,adaptativo_A1,GNN,four_rooms,5.0,results/novelty_adaptativo/week_A_fase1/models/gnn_3d_best_four_rooms_run5.pth,6745344761ef,2025,
84,14.83,0.858,276,19,22,22,17,2,adaptativo_A1,GNN,four_rooms,5.0,results/novelty_adaptativo/week_A_fase1/models/gnn_3d_best_four_rooms_run5.pth,6745344761ef,2026,
66,11.09,0.0,0,0,0,0,0,0,adaptativo_A1,GNN,four_rooms,6.0,results/novelty_adaptativo/week_A_fase1/models/gnn_3d_best_four_rooms_run6.pth,ae6a5a200a8f,2024,
67,11.59,0.0,0,0,0,0,0,0,adaptativo_A1,GNN,four_rooms,6.0,results/novelty_adaptativo/week_A_fase1/models/gnn_3d_best_four_rooms_run6.pth,ae6a5a200a8f,2025,
63,14.13,0.002,0,0,0,0,0,0,adaptativo_A1,GNN,four_rooms,6.0,results/novelty_adaptativo/week_A_fase1/models/gnn_3d_best_four_rooms_run6.pth,ae6a5a200a8f,2026,
68,0.5,0.0,193,19,0,0,0,19,adaptativo_A1,GNN,four_rooms,7.0,results/novelty_adaptativo/week_A_fase1/models/gnn_3d_best_four_rooms_run7.pth,40f79e90bc03,2024,
64,3.25,0.0,245,20,0,0,0,20,adaptativo_A1,GNN,four_rooms,7.0,results/novelty_adaptativo/week_A_fase1/models/gnn_3d_best_four_rooms_run7.pth,40f79e90bc03,2025,
73,5.03,0.0,187,17,0,0,0,17,adaptativo_A1,GNN,four_rooms,7.0,results/novelty_adaptativo/week_A_fase1/models/gnn_3d_best_four_rooms_run7.pth,40f79e90bc03,2026,
72,0.64,0.0,0,0,0,0,0,0,adaptativo_A1,GNN,cooperative_door,,results/novelty_adaptativo/week_A_fase1/models/gnn_3d_best_cooperative_door.pth,2b7bca8beabc,2024,
72,3.47,0.0,0,0,0,0,0,0,adaptativo_A1,GNN,cooperative_door,,results/novelty_adaptativo/week_A_fase1/models/gnn_3d_best_cooperative_door.pth,2b7bca8beabc,2025,
70,1.16,0.0,0,0,0,0,0,0,adaptativo_A1,GNN,cooperative_door,,results/novelty_adaptativo/week_A_fase1/models/gnn_3d_best_cooperative_door.pth,2b7bca8beabc,2026,
71,0.7,0.0,0,0,0,0,0,0,adaptativo_A1,GNN,cooperative_door,1.0,results/novelty_adaptativo/week_A_fase1/models/gnn_3d_best_cooperative_door_run1.pth,049e26da1c46,2024,
69,1.45,0.0,0,0,0,0,0,0,adaptativo_A1,GNN,cooperative_door,1.0,results/novelty_adaptativo/week_A_fase1/models/gnn_3d_best_cooperative_door_run1.pth,049e26da1c46,2025,
70,0.87,0.0,0,0,0,0,0,0,adaptativo_A1,GNN,cooperative_door,1.0,results/novelty_adaptativo/week_A_fase1/models/gnn_3d_best_cooperative_door_run1.pth,049e26da1c46,2026,
71,2.45,0.0,0,0,0,0,0,0,adaptativo_A1,GNN,cooperative_door,2.0,results/novelty_adaptativo/week_A_fase1/models/gnn_3d_best_cooperative_door_run2.pth,28a35ad5cf04,2024,
72,1.65,0.0,0,0,0,0,0,0,adaptativo_A1,GNN,cooperative_door,2.0,results/novelty_adaptativo/week_A_fase1/models/gnn_3d_best_cooperative_door_run2.pth,28a35ad5cf04,2025,
71,1.51,0.0,0,0,0,0,0,0,adaptativo_A1,GNN,cooperative_door,2.0,results/novelty_adaptativo/week_A_fase1/models/gnn_3d_best_cooperative_door_run2.pth,28a35ad5cf04,2026,
70,0.72,0.0,0,0,0,0,0,0,adaptativo_A1,GNN,cooperative_door,3.0,results/novelty_adaptativo/week_A_fase1/models/gnn_3d_best_cooperative_door_run3.pth,a2d0674604a0,2024,
70,0.68,0.0,0,0,0,0,0,0,adaptativo_A1,GNN,cooperative_door,3.0,results/novelty_adaptativo/week_A_fase1/models/gnn_3d_best_cooperative_door_run3.pth,a2d0674604a0,2025,
71,0.59,0.0,0,0,0,0,0,0,adaptativo_A1,GNN,cooperative_door,3.0,results/novelty_adaptativo/week_A_fase1/models/gnn_3d_best_cooperative_door_run3.pth,a2d0674604a0,2026,
72,0.79,0.0,0,0,0,0,0,0,adaptativo_A1,GNN,cooperative_door,4.0,results/novelty_adaptativo/week_A_fase1/models/gnn_3d_best_cooperative_door_run4.pth,7710294b85fe,2024,
72,0.67,0.0,0,0,0,0,0,0,adaptativo_A1,GNN,cooperative_door,4.0,results/novelty_adaptativo/week_A_fase1/models/gnn_3d_best_cooperative_door_run4.pth,7710294b85fe,2025,
70,0.88,0.0,0,0,0,0,0,0,adaptativo_A1,GNN,cooperative_door,4.0,results/novelty_adaptativo/week_A_fase1/models/gnn_3d_best_cooperative_door_run4.pth,7710294b85fe,2026,
23,9.54,0.0,0,0,0,0,0,0,adaptativo_A1,GNN,cooperative_perception,1.0,results/novelty_adaptativo/week_A_fase1/models/gnn_3d_best_cooperative_perception_run1.pth,b9eceb6c8d4e,2024,
20,10.32,0.0,0,0,0,0,0,0,adaptativo_A1,GNN,cooperative_perception,1.0,results/novelty_adaptativo/week_A_fase1/models/gnn_3d_best_cooperative_perception_run1.pth,b9eceb6c8d4e,2025,
16,10.17,0.0,0,0,0,0,0,0,adaptativo_A1,GNN,cooperative_perception,1.0,results/novelty_adaptativo/week_A_fase1/models/gnn_3d_best_cooperative_perception_run1.pth,b9eceb6c8d4e,2026,
25,9.47,0.0,0,0,0,0,0,0,adaptativo_A1,GNN,cooperative_perception,,results/novelty_adaptativo/week_A_fase1/models/gnn_3d_best_cooperative_perception.pth,002b04284403,2024,
25,10.17,0.0,0,0,0,0,0,0,adaptativo_A1,GNN,cooperative_perception,,results/novelty_adaptativo/week_A_fase1/models/gnn_3d_best_cooperative_perception.pth,002b04284403,2025,
24,10.09,0.0,0,0,0,0,0,0,adaptativo_A1,GNN,cooperative_perception,,results/novelty_adaptativo/week_A_fase1/models/gnn_3d_best_cooperative_perception.pth,002b04284403,2026,
17,9.51,0.0,0,0,0,0,0,0,adaptativo_A1,GNN,cooperative_perception,2.0,results/novelty_adaptativo/week_A_fase1/models/gnn_3d_best_cooperative_perception_run2.pth,0939245618c5,2024,
24,10.24,0.0,0,0,0,0,0,0,adaptativo_A1,GNN,cooperative_perception,2.0,results/novelty_adaptativo/week_A_fase1/models/gnn_3d_best_cooperative_perception_run2.pth,0939245618c5,2025,
18,10.15,0.0,0,0,0,0,0,0,adaptativo_A1,GNN,cooperative_perception,2.0,results/novelty_adaptativo/week_A_fase1/models/gnn_3d_best_cooperative_perception_run2.pth,0939245618c5,2026,
72,1.22,0.0,0,0,0,0,0,0,adaptativo_A1,GNN,cooperative_door,5.0,results/novelty_adaptativo/week_A_fase1/models/gnn_3d_best_cooperative_door_run5.pth,fc064870796d,2024,
69,3.89,0.0,0,0,0,0,0,0,adaptativo_A1,GNN,cooperative_door,5.0,results/novelty_adaptativo/week_A_fase1/models/gnn_3d_best_cooperative_door_run5.pth,fc064870796d,2025,
72,1.24,0.0,0,0,0,0,0,0,adaptativo_A1,GNN,cooperative_door,5.0,results/novelty_adaptativo/week_A_fase1/models/gnn_3d_best_cooperative_door_run5.pth,fc064870796d,2026,
20,9.52,0.0,0,0,0,0,0,0,adaptativo_A1,GNN,cooperative_perception,3.0,results/novelty_adaptativo/week_A_fase1/models/gnn_3d_best_cooperative_perception_run3.pth,beed23672b35,2024,
21,10.22,0.0,0,0,0,0,0,0,adaptativo_A1,GNN,cooperative_perception,3.0,results/novelty_adaptativo/week_A_fase1/models/gnn_3d_best_cooperative_perception_run3.pth,beed23672b35,2025,
20,10.15,0.0,0,0,0,0,0,0,adaptativo_A1,GNN,cooperative_perception,3.0,results/novelty_adaptativo/week_A_fase1/models/gnn_3d_best_cooperative_perception_run3.pth,beed23672b35,2026,
71,0.74,0.0,0,0,0,0,0,0,adaptativo_A1,GNN,cooperative_door,6.0,results/novelty_adaptativo/week_A_fase1/models/gnn_3d_best_cooperative_door_run6.pth,0570c8f931bd,2024,
71,0.68,0.0,0,0,0,0,0,0,adaptativo_A1,GNN,cooperative_door,6.0,results/novelty_adaptativo/week_A_fase1/models/gnn_3d_best_cooperative_door_run6.pth,0570c8f931bd,2025,
67,0.61,0.0,0,0,0,0,0,0,adaptativo_A1,GNN,cooperative_door,6.0,results/novelty_adaptativo/week_A_fase1/models/gnn_3d_best_cooperative_door_run6.pth,0570c8f931bd,2026,
25,9.47,0.0,0,0,0,0,0,0,adaptativo_A1,GNN,cooperative_perception,4.0,results/novelty_adaptativo/week_A_fase1/models/gnn_3d_best_cooperative_perception_run4.pth,b368baa40a21,2024,
25,10.17,0.0,0,0,0,0,0,0,adaptativo_A1,GNN,cooperative_perception,4.0,results/novelty_adaptativo/week_A_fase1/models/gnn_3d_best_cooperative_perception_run4.pth,b368baa40a21,2025,
24,10.09,0.0,0,0,0,0,0,0,adaptativo_A1,GNN,cooperative_perception,4.0,results/novelty_adaptativo/week_A_fase1/models/gnn_3d_best_cooperative_perception_run4.pth,b368baa40a21,2026,
72,0.64,0.0,0,0,0,0,0,0,adaptativo_A1,GNN,cooperative_door,7.0,results/novelty_adaptativo/week_A_fase1/models/gnn_3d_best_cooperative_door_run7.pth,34771a030956,2024,
72,3.47,0.0,0,0,0,0,0,0,adaptativo_A1,GNN,cooperative_door,7.0,results/novelty_adaptativo/week_A_fase1/models/gnn_3d_best_cooperative_door_run7.pth,34771a030956,2025,
70,1.16,0.0,0,0,0,0,0,0,adaptativo_A1,GNN,cooperative_door,7.0,results/novelty_adaptativo/week_A_fase1/models/gnn_3d_best_cooperative_door_run7.pth,34771a030956,2026,
24,9.47,0.0,0,0,0,0,0,0,adaptativo_A1,GNN,cooperative_perception,5.0,results/novelty_adaptativo/week_A_fase1/models/gnn_3d_best_cooperative_perception_run5.pth,307c4a370add,2024,
25,10.17,0.0,0,0,0,0,0,0,adaptativo_A1,GNN,cooperative_perception,5.0,results/novelty_adaptativo/week_A_fase1/models/gnn_3d_best_cooperative_perception_run5.pth,307c4a370add,2025,
28,10.08,0.0,0,0,0,0,0,0,adaptativo_A1,GNN,cooperative_perception,5.0,results/novelty_adaptativo/week_A_fase1/models/gnn_3d_best_cooperative_perception_run5.pth,307c4a370add,2026,
15,9.67,0.0,0,0,0,0,0,0,adaptativo_A1,GNN,cooperative_perception,6.0,results/novelty_adaptativo/week_A_fase1/models/gnn_3d_best_cooperative_perception_run6.pth,fd9a9d17d46e,2024,
19,10.3,0.0,0,0,0,0,0,0,adaptativo_A1,GNN,cooperative_perception,6.0,results/novelty_adaptativo/week_A_fase1/models/gnn_3d_best_cooperative_perception_run6.pth,fd9a9d17d46e,2025,
15,10.22,0.0,0,0,0,0,0,0,adaptativo_A1,GNN,cooperative_perception,6.0,results/novelty_adaptativo/week_A_fase1/models/gnn_3d_best_cooperative_perception_run6.pth,fd9a9d17d46e,2026,
3,10.6,0.0,0,0,0,0,0,0,adaptativo_A1,GNN,cooperative_perception,7.0,results/novelty_adaptativo/week_A_fase1/models/gnn_3d_best_cooperative_perception_run7.pth,40238d00196f,2024,
4,10.48,0.0,0,0,0,0,0,0,adaptativo_A1,GNN,cooperative_perception,7.0,results/novelty_adaptativo/week_A_fase1/models/gnn_3d_best_cooperative_perception_run7.pth,40238d00196f,2025,
0,10.59,0.0,0,0,0,0,0,0,adaptativo_A1,GNN,cooperative_perception,7.0,results/novelty_adaptativo/week_A_fase1/models/gnn_3d_best_cooperative_perception_run7.pth,40238d00196f,2026,
93,0.92,0.0,0,0,0,0,0,0,adaptativo_A1,GNN,cooperative_door_bypass,,results/novelty_adaptativo/week_A_fase1/models/gnn_3d_best_cooperative_door_bypass.pth,9cb70ecf427e,2024,
92,1.62,0.0,0,0,0,0,0,0,adaptativo_A1,GNN,cooperative_door_bypass,,results/novelty_adaptativo/week_A_fase1/models/gnn_3d_best_cooperative_door_bypass.pth,9cb70ecf427e,2025,
92,0.97,0.0,0,0,0,0,0,0,adaptativo_A1,GNN,cooperative_door_bypass,,results/novelty_adaptativo/week_A_fase1/models/gnn_3d_best_cooperative_door_bypass.pth,9cb70ecf427e,2026,
90,1.2,0.0,0,0,0,0,0,0,adaptativo_A1,GNN,cooperative_door_bypass,4.0,results/novelty_adaptativo/week_A_fase1/models/gnn_3d_best_cooperative_door_bypass_run4.pth,f6947abd6872,2024,
88,1.32,0.0,0,0,0,0,0,0,adaptativo_A1,GNN,cooperative_door_bypass,4.0,results/novelty_adaptativo/week_A_fase1/models/gnn_3d_best_cooperative_door_bypass_run4.pth,f6947abd6872,2025,
88,1.93,0.0,0,0,0,0,0,0,adaptativo_A1,GNN,cooperative_door_bypass,4.0,results/novelty_adaptativo/week_A_fase1/models/gnn_3d_best_cooperative_door_bypass_run4.pth,f6947abd6872,2026,
89,0.6,0.0,0,0,0,0,0,0,adaptativo_A1,GNN,cooperative_door_bypass,3.0,results/novelty_adaptativo/week_A_fase1/models/gnn_3d_best_cooperative_door_bypass_run3.pth,4dcb92f87861,2024,
89,1.08,0.0,0,0,0,0,0,0,adaptativo_A1,GNN,cooperative_door_bypass,3.0,results/novelty_adaptativo/week_A_fase1/models/gnn_3d_best_cooperative_door_bypass_run3.pth,4dcb92f87861,2025,
89,0.52,0.0,0,0,0,0,0,0,adaptativo_A1,GNN,cooperative_door_bypass,3.0,results/novelty_adaptativo/week_A_fase1/models/gnn_3d_best_cooperative_door_bypass_run3.pth,4dcb92f87861,2026,
89,2.72,0.0,0,0,0,0,0,0,adaptativo_A1,GNN,cooperative_door_bypass,2.0,results/novelty_adaptativo/week_A_fase1/models/gnn_3d_best_cooperative_door_bypass_run2.pth,5e8e9e8ab046,2024,
86,3.11,0.0,0,0,0,0,0,0,adaptativo_A1,GNN,cooperative_door_bypass,2.0,results/novelty_adaptativo/week_A_fase1/models/gnn_3d_best_cooperative_door_bypass_run2.pth,5e8e9e8ab046,2025,
86,3.11,0.0,0,0,0,0,0,0,adaptativo_A1,GNN,cooperative_door_bypass,2.0,results/novelty_adaptativo/week_A_fase1/models/gnn_3d_best_cooperative_door_bypass_run2.pth,5e8e9e8ab046,2026,
91,2.51,0.0,0,0,0,0,0,0,adaptativo_A1,GNN,cooperative_door_bypass,1.0,results/novelty_adaptativo/week_A_fase1/models/gnn_3d_best_cooperative_door_bypass_run1.pth,8721b06280fe,2024,
88,3.89,0.0,0,0,0,0,0,0,adaptativo_A1,GNN,cooperative_door_bypass,1.0,results/novelty_adaptativo/week_A_fase1/models/gnn_3d_best_cooperative_door_bypass_run1.pth,8721b06280fe,2025,
89,3.08,0.0,0,0,0,0,0,0,adaptativo_A1,GNN,cooperative_door_bypass,1.0,results/novelty_adaptativo/week_A_fase1/models/gnn_3d_best_cooperative_door_bypass_run1.pth,8721b06280fe,2026,
87,1.6,0.0,0,0,0,0,0,0,adaptativo_A1,GNN,cooperative_door_bypass,5.0,results/novelty_adaptativo/week_A_fase1/models/gnn_3d_best_cooperative_door_bypass_run5.pth,03205fac823f,2024,
87,1.72,0.0,0,0,0,0,0,0,adaptativo_A1,GNN,cooperative_door_bypass,5.0,results/novelty_adaptativo/week_A_fase1/models/gnn_3d_best_cooperative_door_bypass_run5.pth,03205fac823f,2025,
84,1.69,0.0,0,0,0,0,0,0,adaptativo_A1,GNN,cooperative_door_bypass,5.0,results/novelty_adaptativo/week_A_fase1/models/gnn_3d_best_cooperative_door_bypass_run5.pth,03205fac823f,2026,
90,1.2,0.0,0,0,0,0,0,0,adaptativo_A1,GNN,cooperative_door_bypass,6.0,results/novelty_adaptativo/week_A_fase1/models/gnn_3d_best_cooperative_door_bypass_run6.pth,e47c522fddc9,2024,
89,1.0,0.0,0,0,0,0,0,0,adaptativo_A1,GNN,cooperative_door_bypass,6.0,results/novelty_adaptativo/week_A_fase1/models/gnn_3d_best_cooperative_door_bypass_run6.pth,e47c522fddc9,2025,
87,1.05,0.0,0,0,0,0,0,0,adaptativo_A1,GNN,cooperative_door_bypass,6.0,results/novelty_adaptativo/week_A_fase1/models/gnn_3d_best_cooperative_door_bypass_run6.pth,e47c522fddc9,2026,
93,0.92,0.0,0,0,0,0,0,0,adaptativo_A1,GNN,cooperative_door_bypass,7.0,results/novelty_adaptativo/week_A_fase1/models/gnn_3d_best_cooperative_door_bypass_run7.pth,14b9b72be709,2024,
92,1.62,0.0,0,0,0,0,0,0,adaptativo_A1,GNN,cooperative_door_bypass,7.0,results/novelty_adaptativo/week_A_fase1/models/gnn_3d_best_cooperative_door_bypass_run7.pth,14b9b72be709,2025,
92,0.97,0.0,0,0,0,0,0,0,adaptativo_A1,GNN,cooperative_door_bypass,7.0,results/novelty_adaptativo/week_A_fase1/models/gnn_3d_best_cooperative_door_bypass_run7.pth,14b9b72be709,2026,
13,11.17,0.0,0,0,0,0,0,0,adaptativo_A2,GNN,none,3.0,results/novelty_adaptativo/week_A_fase2/models/gnn_3d_best_run3.pth,526da019ee6f,2024,
14,11.41,0.0,0,0,0,0,0,0,adaptativo_A2,GNN,none,3.0,results/novelty_adaptativo/week_A_fase2/models/gnn_3d_best_run3.pth,526da019ee6f,2025,
17,11.08,0.0,0,0,0,0,0,0,adaptativo_A2,GNN,none,3.0,results/novelty_adaptativo/week_A_fase2/models/gnn_3d_best_run3.pth,526da019ee6f,2026,
60,10.18,0.0,0,0,0,0,0,0,adaptativo_A2,GNN,none,1.0,results/novelty_adaptativo/week_A_fase2/models/gnn_3d_best_run1.pth,c8f26293554b,2024,
63,11.41,0.0,0,0,0,0,0,0,adaptativo_A2,GNN,none,1.0,results/novelty_adaptativo/week_A_fase2/models/gnn_3d_best_run1.pth,c8f26293554b,2025,
64,11.21,0.0,0,0,0,0,0,0,adaptativo_A2,GNN,none,1.0,results/novelty_adaptativo/week_A_fase2/models/gnn_3d_best_run1.pth,c8f26293554b,2026,
59,11.17,0.0,0,0,0,0,0,0,adaptativo_A2,GNN,none,2.0,results/novelty_adaptativo/week_A_fase2/models/gnn_3d_best_run2.pth,15a8bcbf9e24,2024,
64,10.62,0.0,0,0,0,0,0,0,adaptativo_A2,GNN,none,2.0,results/novelty_adaptativo/week_A_fase2/models/gnn_3d_best_run2.pth,15a8bcbf9e24,2025,
65,11.21,0.0,0,0,0,0,0,0,adaptativo_A2,GNN,none,2.0,results/novelty_adaptativo/week_A_fase2/models/gnn_3d_best_run2.pth,15a8bcbf9e24,2026,
66,11.17,0.0,0,0,0,0,0,0,adaptativo_A2,GNN,none,,results/novelty_adaptativo/week_A_fase2/models/gnn_3d_best.pth,dea28a825099,2024,
64,11.51,0.0,0,0,0,0,0,0,adaptativo_A2,GNN,none,,results/novelty_adaptativo/week_A_fase2/models/gnn_3d_best.pth,dea28a825099,2025,
66,11.25,0.0,0,0,0,0,0,0,adaptativo_A2,GNN,none,,results/novelty_adaptativo/week_A_fase2/models/gnn_3d_best.pth,dea28a825099,2026,
66,11.17,0.0,0,0,0,0,0,0,adaptativo_A2,GNN,none,4.0,results/novelty_adaptativo/week_A_fase2/models/gnn_3d_best_run4.pth,1558d14338c9,2024,
64,11.51,0.0,0,0,0,0,0,0,adaptativo_A2,GNN,none,4.0,results/novelty_adaptativo/week_A_fase2/models/gnn_3d_best_run4.pth,1558d14338c9,2025,
66,11.25,0.0,0,0,0,0,0,0,adaptativo_A2,GNN,none,4.0,results/novelty_adaptativo/week_A_fase2/models/gnn_3d_best_run4.pth,1558d14338c9,2026,
69,11.17,0.0,0,0,0,0,0,0,adaptativo_A2,GNN,none,5.0,results/novelty_adaptativo/week_A_fase2/models/gnn_3d_best_run5.pth,e0a182197560,2024,
67,11.63,0.0,0,0,0,0,0,0,adaptativo_A2,GNN,none,5.0,results/novelty_adaptativo/week_A_fase2/models/gnn_3d_best_run5.pth,e0a182197560,2025,
65,10.6,0.0,0,0,0,0,0,0,adaptativo_A2,GNN,none,5.0,results/novelty_adaptativo/week_A_fase2/models/gnn_3d_best_run5.pth,e0a182197560,2026,
64,11.17,0.0,0,0,0,0,0,0,adaptativo_A2,GNN,none,6.0,results/novelty_adaptativo/week_A_fase2/models/gnn_3d_best_run6.pth,398935eab201,2024,
70,11.51,0.0,0,0,0,0,0,0,adaptativo_A2,GNN,none,6.0,results/novelty_adaptativo/week_A_fase2/models/gnn_3d_best_run6.pth,398935eab201,2025,
60,11.21,0.0,0,0,0,0,0,0,adaptativo_A2,GNN,none,6.0,results/novelty_adaptativo/week_A_fase2/models/gnn_3d_best_run6.pth,398935eab201,2026,
0,8.57,0.0,0,0,0,0,0,0,adaptativo_A2,GNN,none,7.0,results/novelty_adaptativo/week_A_fase2/models/gnn_3d_best_run7.pth,dcfe7b481ec4,2024,
0,8.53,0.0,0,0,0,0,0,0,adaptativo_A2,GNN,none,7.0,results/novelty_adaptativo/week_A_fase2/models/gnn_3d_best_run7.pth,dcfe7b481ec4,2025,
1,9.01,0.0,0,0,0,0,0,0,adaptativo_A2,GNN,none,7.0,results/novelty_adaptativo/week_A_fase2/models/gnn_3d_best_run7.pth,dcfe7b481ec4,2026,
86,1.45,0.0,0,0,0,0,0,0,adaptativo_A2,GNN,u_wall,,results/novelty_adaptativo/week_A_fase2/models/gnn_3d_best_u_wall.pth,0876ec3f9f99,2024,
88,1.28,0.0,0,0,0,0,0,0,adaptativo_A2,GNN,u_wall,,results/novelty_adaptativo/week_A_fase2/models/gnn_3d_best_u_wall.pth,0876ec3f9f99,2025,
82,0.73,0.0,0,0,0,0,0,0,adaptativo_A2,GNN,u_wall,,results/novelty_adaptativo/week_A_fase2/models/gnn_3d_best_u_wall.pth,0876ec3f9f99,2026,
60,1.48,0.0,0,0,0,0,0,0,adaptativo_A2,GNN,u_wall,1.0,results/novelty_adaptativo/week_A_fase2/models/gnn_3d_best_u_wall_run1.pth,708361629af1,2024,
57,1.66,0.0,0,0,0,0,0,0,adaptativo_A2,GNN,u_wall,1.0,results/novelty_adaptativo/week_A_fase2/models/gnn_3d_best_u_wall_run1.pth,708361629af1,2025,
55,2.98,0.0,0,0,0,0,0,0,adaptativo_A2,GNN,u_wall,1.0,results/novelty_adaptativo/week_A_fase2/models/gnn_3d_best_u_wall_run1.pth,708361629af1,2026,
0,1.28,0.0,0,0,0,0,0,0,adaptativo_A2,GNN,u_wall,3.0,results/novelty_adaptativo/week_A_fase2/models/gnn_3d_best_u_wall_run3.pth,02d04dc302b0,2024,
0,0.9,0.0,0,0,0,0,0,0,adaptativo_A2,GNN,u_wall,3.0,results/novelty_adaptativo/week_A_fase2/models/gnn_3d_best_u_wall_run3.pth,02d04dc302b0,2025,
0,1.21,0.0,0,0,0,0,0,0,adaptativo_A2,GNN,u_wall,3.0,results/novelty_adaptativo/week_A_fase2/models/gnn_3d_best_u_wall_run3.pth,02d04dc302b0,2026,
86,1.45,0.0,0,0,0,0,0,0,adaptativo_A2,GNN,u_wall,2.0,results/novelty_adaptativo/week_A_fase2/models/gnn_3d_best_u_wall_run2.pth,05d2335a0f18,2024,
88,1.28,0.0,0,0,0,0,0,0,adaptativo_A2,GNN,u_wall,2.0,results/novelty_adaptativo/week_A_fase2/models/gnn_3d_best_u_wall_run2.pth,05d2335a0f18,2025,
82,0.73,0.0,0,0,0,0,0,0,adaptativo_A2,GNN,u_wall,2.0,results/novelty_adaptativo/week_A_fase2/models/gnn_3d_best_u_wall_run2.pth,05d2335a0f18,2026,
19,7.01,0.0,0,0,0,0,0,0,adaptativo_A2,GNN,u_wall,4.0,results/novelty_adaptativo/week_A_fase2/models/gnn_3d_best_u_wall_run4.pth,793a0aaca70a,2024,
20,8.73,0.0,0,0,0,0,0,0,adaptativo_A2,GNN,u_wall,4.0,results/novelty_adaptativo/week_A_fase2/models/gnn_3d_best_u_wall_run4.pth,793a0aaca70a,2025,
21,8.08,0.0,0,0,0,0,0,0,adaptativo_A2,GNN,u_wall,4.0,results/novelty_adaptativo/week_A_fase2/models/gnn_3d_best_u_wall_run4.pth,793a0aaca70a,2026,
0,2.96,0.0,0,0,0,0,0,0,adaptativo_A2,GNN,u_wall,5.0,results/novelty_adaptativo/week_A_fase2/models/gnn_3d_best_u_wall_run5.pth,870bf9274780,2024,
0,3.08,0.0,0,0,0,0,0,0,adaptativo_A2,GNN,u_wall,5.0,results/novelty_adaptativo/week_A_fase2/models/gnn_3d_best_u_wall_run5.pth,870bf9274780,2025,
0,3.02,0.0,0,0,0,0,0,0,adaptativo_A2,GNN,u_wall,5.0,results/novelty_adaptativo/week_A_fase2/models/gnn_3d_best_u_wall_run5.pth,870bf9274780,2026,
0,2.95,0.0,0,0,0,0,0,0,adaptativo_A2,GNN,u_wall,6.0,results/novelty_adaptativo/week_A_fase2/models/gnn_3d_best_u_wall_run6.pth,12f620f4d373,2024,
0,1.98,0.0,0,0,0,0,0,0,adaptativo_A2,GNN,u_wall,6.0,results/novelty_adaptativo/week_A_fase2/models/gnn_3d_best_u_wall_run6.pth,12f620f4d373,2025,
0,0.94,0.0,0,0,0,0,0,0,adaptativo_A2,GNN,u_wall,6.0,results/novelty_adaptativo/week_A_fase2/models/gnn_3d_best_u_wall_run6.pth,12f620f4d373,2026,
57,4.06,0.0,0,0,0,0,0,0,adaptativo_A2,GNN,u_wall,7.0,results/novelty_adaptativo/week_A_fase2/models/gnn_3d_best_u_wall_run7.pth,bf48bc1ad320,2024,
58,2.23,0.0,0,0,0,0,0,0,adaptativo_A2,GNN,u_wall,7.0,results/novelty_adaptativo/week_A_fase2/models/gnn_3d_best_u_wall_run7.pth,bf48bc1ad320,2025,
59,4.75,0.0,0,0,0,0,0,0,adaptativo_A2,GNN,u_wall,7.0,results/novelty_adaptativo/week_A_fase2/models/gnn_3d_best_u_wall_run7.pth,bf48bc1ad320,2026,
128,0.58,0.0,0,0,0,0,0,0,adaptativo_A2,GNN,bottleneck,,results/novelty_adaptativo/week_A_fase2/models/gnn_3d_best_bottleneck.pth,e3129eda9479,2024,
138,0.93,0.0,0,0,0,0,0,0,adaptativo_A2,GNN,bottleneck,,results/novelty_adaptativo/week_A_fase2/models/gnn_3d_best_bottleneck.pth,e3129eda9479,2025,
131,0.67,0.0,0,0,0,0,0,0,adaptativo_A2,GNN,bottleneck,,results/novelty_adaptativo/week_A_fase2/models/gnn_3d_best_bottleneck.pth,e3129eda9479,2026,
140,1.1,0.0,0,0,0,0,0,0,adaptativo_A2,GNN,bottleneck,1.0,results/novelty_adaptativo/week_A_fase2/models/gnn_3d_best_bottleneck_run1.pth,8a69017fd2a5,2024,
132,1.18,0.0,0,0,0,0,0,0,adaptativo_A2,GNN,bottleneck,1.0,results/novelty_adaptativo/week_A_fase2/models/gnn_3d_best_bottleneck_run1.pth,8a69017fd2a5,2025,
132,0.69,0.0,0,0,0,0,0,0,adaptativo_A2,GNN,bottleneck,1.0,results/novelty_adaptativo/week_A_fase2/models/gnn_3d_best_bottleneck_run1.pth,8a69017fd2a5,2026,
138,0.61,0.0,0,0,0,0,0,0,adaptativo_A2,GNN,bottleneck,2.0,results/novelty_adaptativo/week_A_fase2/models/gnn_3d_best_bottleneck_run2.pth,b97f18dd29a6,2024,
140,0.6,0.0,0,0,0,0,0,0,adaptativo_A2,GNN,bottleneck,2.0,results/novelty_adaptativo/week_A_fase2/models/gnn_3d_best_bottleneck_run2.pth,b97f18dd29a6,2025,
136,0.68,0.0,0,0,0,0,0,0,adaptativo_A2,GNN,bottleneck,2.0,results/novelty_adaptativo/week_A_fase2/models/gnn_3d_best_bottleneck_run2.pth,b97f18dd29a6,2026,
132,2.48,0.0,0,0,0,0,0,0,adaptativo_A2,GNN,bottleneck,3.0,results/novelty_adaptativo/week_A_fase2/models/gnn_3d_best_bottleneck_run3.pth,d3fd9f0ae861,2024,
137,2.42,0.0,0,0,0,0,0,0,adaptativo_A2,GNN,bottleneck,3.0,results/novelty_adaptativo/week_A_fase2/models/gnn_3d_best_bottleneck_run3.pth,d3fd9f0ae861,2025,
135,1.34,0.0,0,0,0,0,0,0,adaptativo_A2,GNN,bottleneck,3.0,results/novelty_adaptativo/week_A_fase2/models/gnn_3d_best_bottleneck_run3.pth,d3fd9f0ae861,2026,
139,0.7,0.0,0,0,0,0,0,0,adaptativo_A2,GNN,bottleneck,4.0,results/novelty_adaptativo/week_A_fase2/models/gnn_3d_best_bottleneck_run4.pth,12edfa780d91,2024,
135,0.79,0.0,0,0,0,0,0,0,adaptativo_A2,GNN,bottleneck,4.0,results/novelty_adaptativo/week_A_fase2/models/gnn_3d_best_bottleneck_run4.pth,12edfa780d91,2025,
135,0.77,0.0,0,0,0,0,0,0,adaptativo_A2,GNN,bottleneck,4.0,results/novelty_adaptativo/week_A_fase2/models/gnn_3d_best_bottleneck_run4.pth,12edfa780d91,2026,
133,1.06,0.0,0,0,0,0,0,0,adaptativo_A2,GNN,bottleneck,5.0,results/novelty_adaptativo/week_A_fase2/models/gnn_3d_best_bottleneck_run5.pth,0fee898ae4e1,2024,
127,1.23,0.0,0,0,0,0,0,0,adaptativo_A2,GNN,bottleneck,5.0,results/novelty_adaptativo/week_A_fase2/models/gnn_3d_best_bottleneck_run5.pth,0fee898ae4e1,2025,
131,1.18,0.0,0,0,0,0,0,0,adaptativo_A2,GNN,bottleneck,5.0,results/novelty_adaptativo/week_A_fase2/models/gnn_3d_best_bottleneck_run5.pth,0fee898ae4e1,2026,
0,-0.2,0.0,0,0,0,0,0,0,adaptativo_A2,GNN,bottleneck,6.0,results/novelty_adaptativo/week_A_fase2/models/gnn_3d_best_bottleneck_run6.pth,b178d56e75f5,2024,
0,-0.2,0.0,0,0,0,0,0,0,adaptativo_A2,GNN,bottleneck,6.0,results/novelty_adaptativo/week_A_fase2/models/gnn_3d_best_bottleneck_run6.pth,b178d56e75f5,2025,
0,4.48,0.0,0,0,0,0,0,0,adaptativo_A2,GNN,bottleneck,6.0,results/novelty_adaptativo/week_A_fase2/models/gnn_3d_best_bottleneck_run6.pth,b178d56e75f5,2026,
128,0.58,0.0,0,0,0,0,0,0,adaptativo_A2,GNN,bottleneck,7.0,results/novelty_adaptativo/week_A_fase2/models/gnn_3d_best_bottleneck_run7.pth,cfc0b3a351bf,2024,
138,0.93,0.0,0,0,0,0,0,0,adaptativo_A2,GNN,bottleneck,7.0,results/novelty_adaptativo/week_A_fase2/models/gnn_3d_best_bottleneck_run7.pth,cfc0b3a351bf,2025,
131,0.67,0.0,0,0,0,0,0,0,adaptativo_A2,GNN,bottleneck,7.0,results/novelty_adaptativo/week_A_fase2/models/gnn_3d_best_bottleneck_run7.pth,cfc0b3a351bf,2026,
45,11.83,0.0,0,0,0,0,0,0,adaptativo_A2,GNN,four_rooms,1.0,results/novelty_adaptativo/week_A_fase2/models/gnn_3d_best_four_rooms_run1.pth,3ed241d04642,2024,
48,10.59,0.0,0,0,0,0,0,0,adaptativo_A2,GNN,four_rooms,1.0,results/novelty_adaptativo/week_A_fase2/models/gnn_3d_best_four_rooms_run1.pth,3ed241d04642,2025,
46,12.99,0.0,0,0,0,0,0,0,adaptativo_A2,GNN,four_rooms,1.0,results/novelty_adaptativo/week_A_fase2/models/gnn_3d_best_four_rooms_run1.pth,3ed241d04642,2026,
78,14.83,0.854,269,19,17,17,15,4,adaptativo_A2,GNN,four_rooms,,results/novelty_adaptativo/week_A_fase2/models/gnn_3d_best_four_rooms.pth,c8777f55b691,2024,
70,14.81,0.854,323,19,28,28,18,1,adaptativo_A2,GNN,four_rooms,,results/novelty_adaptativo/week_A_fase2/models/gnn_3d_best_four_rooms.pth,c8777f55b691,2025,
84,14.83,0.858,276,19,22,22,17,2,adaptativo_A2,GNN,four_rooms,,results/novelty_adaptativo/week_A_fase2/models/gnn_3d_best_four_rooms.pth,c8777f55b691,2026,
55,1.01,0.0,237,14,13,0,11,3,adaptativo_A2,GNN,four_rooms,2.0,results/novelty_adaptativo/week_A_fase2/models/gnn_3d_best_four_rooms_run2.pth,4c1cbd456ccd,2024,
52,2.17,0.0,306,18,17,0,15,3,adaptativo_A2,GNN,four_rooms,2.0,results/novelty_adaptativo/week_A_fase2/models/gnn_3d_best_four_rooms_run2.pth,4c1cbd456ccd,2025,
59,4.3,0.0,290,17,18,0,15,2,adaptativo_A2,GNN,four_rooms,2.0,results/novelty_adaptativo/week_A_fase2/models/gnn_3d_best_four_rooms_run2.pth,4c1cbd456ccd,2026,
73,1.99,0.0,385,16,17,0,13,3,adaptativo_A2,GNN,four_rooms,3.0,results/novelty_adaptativo/week_A_fase2/models/gnn_3d_best_four_rooms_run3.pth,3a1a3dcc0d66,2024,
68,1.47,0.0,452,18,22,0,17,1,adaptativo_A2,GNN,four_rooms,3.0,results/novelty_adaptativo/week_A_fase2/models/gnn_3d_best_four_rooms_run3.pth,3a1a3dcc0d66,2025,
74,1.27,0.0,361,18,17,0,15,3,adaptativo_A2,GNN,four_rooms,3.0,results/novelty_adaptativo/week_A_fase2/models/gnn_3d_best_four_rooms_run3.pth,3a1a3dcc0d66,2026,
55,3.61,0.0,189,14,11,0,11,3,adaptativo_A2,GNN,four_rooms,4.0,results/novelty_adaptativo/week_A_fase2/models/gnn_3d_best_four_rooms_run4.pth,54a2a034967b,2024,
55,4.05,0.0,253,16,16,0,15,1,adaptativo_A2,GNN,four_rooms,4.0,results/novelty_adaptativo/week_A_fase2/models/gnn_3d_best_four_rooms_run4.pth,54a2a034967b,2025,
58,3.61,0.0,198,15,10,0,9,6,adaptativo_A2,GNN,four_rooms,4.0,results/novelty_adaptativo/week_A_fase2/models/gnn_3d_best_four_rooms_run4.pth,54a2a034967b,2026,
78,14.83,0.854,269,19,17,17,15,4,adaptativo_A2,GNN,four_rooms,5.0,results/novelty_adaptativo/week_A_fase2/models/gnn_3d_best_four_rooms_run5.pth,6745344761ef,2024,
70,14.81,0.854,323,19,28,28,18,1,adaptativo_A2,GNN,four_rooms,5.0,results/novelty_adaptativo/week_A_fase2/models/gnn_3d_best_four_rooms_run5.pth,6745344761ef,2025,
84,14.83,0.858,276,19,22,22,17,2,adaptativo_A2,GNN,four_rooms,5.0,results/novelty_adaptativo/week_A_fase2/models/gnn_3d_best_four_rooms_run5.pth,6745344761ef,2026,
66,11.09,0.0,0,0,0,0,0,0,adaptativo_A2,GNN,four_rooms,6.0,results/novelty_adaptativo/week_A_fase2/models/gnn_3d_best_four_rooms_run6.pth,ae6a5a200a8f,2024,
67,11.59,0.0,0,0,0,0,0,0,adaptativo_A2,GNN,four_rooms,6.0,results/novelty_adaptativo/week_A_fase2/models/gnn_3d_best_four_rooms_run6.pth,ae6a5a200a8f,2025,
63,14.13,0.002,0,0,0,0,0,0,adaptativo_A2,GNN,four_rooms,6.0,results/novelty_adaptativo/week_A_fase2/models/gnn_3d_best_four_rooms_run6.pth,ae6a5a200a8f,2026,
68,0.5,0.0,193,19,0,0,0,19,adaptativo_A2,GNN,four_rooms,7.0,results/novelty_adaptativo/week_A_fase2/models/gnn_3d_best_four_rooms_run7.pth,40f79e90bc03,2024,
64,3.25,0.0,245,20,0,0,0,20,adaptativo_A2,GNN,four_rooms,7.0,results/novelty_adaptativo/week_A_fase2/models/gnn_3d_best_four_rooms_run7.pth,40f79e90bc03,2025,
73,5.03,0.0,187,17,0,0,0,17,adaptativo_A2,GNN,four_rooms,7.0,results/novelty_adaptativo/week_A_fase2/models/gnn_3d_best_four_rooms_run7.pth,40f79e90bc03,2026,
72,0.64,0.0,0,0,0,0,0,0,adaptativo_A2,GNN,cooperative_door,,results/novelty_adaptativo/week_A_fase2/models/gnn_3d_best_cooperative_door.pth,2b7bca8beabc,2024,
72,3.47,0.0,0,0,0,0,0,0,adaptativo_A2,GNN,cooperative_door,,results/novelty_adaptativo/week_A_fase2/models/gnn_3d_best_cooperative_door.pth,2b7bca8beabc,2025,
70,1.16,0.0,0,0,0,0,0,0,adaptativo_A2,GNN,cooperative_door,,results/novelty_adaptativo/week_A_fase2/models/gnn_3d_best_cooperative_door.pth,2b7bca8beabc,2026,
71,0.7,0.0,0,0,0,0,0,0,adaptativo_A2,GNN,cooperative_door,1.0,results/novelty_adaptativo/week_A_fase2/models/gnn_3d_best_cooperative_door_run1.pth,049e26da1c46,2024,
69,1.45,0.0,0,0,0,0,0,0,adaptativo_A2,GNN,cooperative_door,1.0,results/novelty_adaptativo/week_A_fase2/models/gnn_3d_best_cooperative_door_run1.pth,049e26da1c46,2025,
70,0.87,0.0,0,0,0,0,0,0,adaptativo_A2,GNN,cooperative_door,1.0,results/novelty_adaptativo/week_A_fase2/models/gnn_3d_best_cooperative_door_run1.pth,049e26da1c46,2026,
71,2.45,0.0,0,0,0,0,0,0,adaptativo_A2,GNN,cooperative_door,2.0,results/novelty_adaptativo/week_A_fase2/models/gnn_3d_best_cooperative_door_run2.pth,28a35ad5cf04,2024,
72,1.65,0.0,0,0,0,0,0,0,adaptativo_A2,GNN,cooperative_door,2.0,results/novelty_adaptativo/week_A_fase2/models/gnn_3d_best_cooperative_door_run2.pth,28a35ad5cf04,2025,
71,1.51,0.0,0,0,0,0,0,0,adaptativo_A2,GNN,cooperative_door,2.0,results/novelty_adaptativo/week_A_fase2/models/gnn_3d_best_cooperative_door_run2.pth,28a35ad5cf04,2026,
72,0.79,0.0,0,0,0,0,0,0,adaptativo_A2,GNN,cooperative_door,4.0,results/novelty_adaptativo/week_A_fase2/models/gnn_3d_best_cooperative_door_run4.pth,7710294b85fe,2024,
72,0.67,0.0,0,0,0,0,0,0,adaptativo_A2,GNN,cooperative_door,4.0,results/novelty_adaptativo/week_A_fase2/models/gnn_3d_best_cooperative_door_run4.pth,7710294b85fe,2025,
70,0.88,0.0,0,0,0,0,0,0,adaptativo_A2,GNN,cooperative_door,4.0,results/novelty_adaptativo/week_A_fase2/models/gnn_3d_best_cooperative_door_run4.pth,7710294b85fe,2026,
70,0.72,0.0,0,0,0,0,0,0,adaptativo_A2,GNN,cooperative_door,3.0,results/novelty_adaptativo/week_A_fase2/models/gnn_3d_best_cooperative_door_run3.pth,a2d0674604a0,2024,
70,0.68,0.0,0,0,0,0,0,0,adaptativo_A2,GNN,cooperative_door,3.0,results/novelty_adaptativo/week_A_fase2/models/gnn_3d_best_cooperative_door_run3.pth,a2d0674604a0,2025,
71,0.59,0.0,0,0,0,0,0,0,adaptativo_A2,GNN,cooperative_door,3.0,results/novelty_adaptativo/week_A_fase2/models/gnn_3d_best_cooperative_door_run3.pth,a2d0674604a0,2026,
72,1.22,0.0,0,0,0,0,0,0,adaptativo_A2,GNN,cooperative_door,5.0,results/novelty_adaptativo/week_A_fase2/models/gnn_3d_best_cooperative_door_run5.pth,fc064870796d,2024,
69,3.89,0.0,0,0,0,0,0,0,adaptativo_A2,GNN,cooperative_door,5.0,results/novelty_adaptativo/week_A_fase2/models/gnn_3d_best_cooperative_door_run5.pth,fc064870796d,2025,
72,1.24,0.0,0,0,0,0,0,0,adaptativo_A2,GNN,cooperative_door,5.0,results/novelty_adaptativo/week_A_fase2/models/gnn_3d_best_cooperative_door_run5.pth,fc064870796d,2026,
71,0.74,0.0,0,0,0,0,0,0,adaptativo_A2,GNN,cooperative_door,6.0,results/novelty_adaptativo/week_A_fase2/models/gnn_3d_best_cooperative_door_run6.pth,0570c8f931bd,2024,
71,0.68,0.0,0,0,0,0,0,0,adaptativo_A2,GNN,cooperative_door,6.0,results/novelty_adaptativo/week_A_fase2/models/gnn_3d_best_cooperative_door_run6.pth,0570c8f931bd,2025,
67,0.61,0.0,0,0,0,0,0,0,adaptativo_A2,GNN,cooperative_door,6.0,results/novelty_adaptativo/week_A_fase2/models/gnn_3d_best_cooperative_door_run6.pth,0570c8f931bd,2026,
72,0.64,0.0,0,0,0,0,0,0,adaptativo_A2,GNN,cooperative_door,7.0,results/novelty_adaptativo/week_A_fase2/models/gnn_3d_best_cooperative_door_run7.pth,34771a030956,2024,
72,3.47,0.0,0,0,0,0,0,0,adaptativo_A2,GNN,cooperative_door,7.0,results/novelty_adaptativo/week_A_fase2/models/gnn_3d_best_cooperative_door_run7.pth,34771a030956,2025,
70,1.16,0.0,0,0,0,0,0,0,adaptativo_A2,GNN,cooperative_door,7.0,results/novelty_adaptativo/week_A_fase2/models/gnn_3d_best_cooperative_door_run7.pth,34771a030956,2026,
25,9.47,0.0,0,0,0,0,0,0,adaptativo_A2,GNN,cooperative_perception,,results/novelty_adaptativo/week_A_fase2/models/gnn_3d_best_cooperative_perception.pth,002b04284403,2024,
25,10.17,0.0,0,0,0,0,0,0,adaptativo_A2,GNN,cooperative_perception,,results/novelty_adaptativo/week_A_fase2/models/gnn_3d_best_cooperative_perception.pth,002b04284403,2025,
24,10.09,0.0,0,0,0,0,0,0,adaptativo_A2,GNN,cooperative_perception,,results/novelty_adaptativo/week_A_fase2/models/gnn_3d_best_cooperative_perception.pth,002b04284403,2026,
23,9.54,0.0,0,0,0,0,0,0,adaptativo_A2,GNN,cooperative_perception,1.0,results/novelty_adaptativo/week_A_fase2/models/gnn_3d_best_cooperative_perception_run1.pth,b9eceb6c8d4e,2024,
20,10.32,0.0,0,0,0,0,0,0,adaptativo_A2,GNN,cooperative_perception,1.0,results/novelty_adaptativo/week_A_fase2/models/gnn_3d_best_cooperative_perception_run1.pth,b9eceb6c8d4e,2025,
16,10.17,0.0,0,0,0,0,0,0,adaptativo_A2,GNN,cooperative_perception,1.0,results/novelty_adaptativo/week_A_fase2/models/gnn_3d_best_cooperative_perception_run1.pth,b9eceb6c8d4e,2026,
17,9.51,0.0,0,0,0,0,0,0,adaptativo_A2,GNN,cooperative_perception,2.0,results/novelty_adaptativo/week_A_fase2/models/gnn_3d_best_cooperative_perception_run2.pth,0939245618c5,2024,
24,10.24,0.0,0,0,0,0,0,0,adaptativo_A2,GNN,cooperative_perception,2.0,results/novelty_adaptativo/week_A_fase2/models/gnn_3d_best_cooperative_perception_run2.pth,0939245618c5,2025,
18,10.15,0.0,0,0,0,0,0,0,adaptativo_A2,GNN,cooperative_perception,2.0,results/novelty_adaptativo/week_A_fase2/models/gnn_3d_best_cooperative_perception_run2.pth,0939245618c5,2026,
20,9.52,0.0,0,0,0,0,0,0,adaptativo_A2,GNN,cooperative_perception,3.0,results/novelty_adaptativo/week_A_fase2/models/gnn_3d_best_cooperative_perception_run3.pth,beed23672b35,2024,
21,10.22,0.0,0,0,0,0,0,0,adaptativo_A2,GNN,cooperative_perception,3.0,results/novelty_adaptativo/week_A_fase2/models/gnn_3d_best_cooperative_perception_run3.pth,beed23672b35,2025,
20,10.15,0.0,0,0,0,0,0,0,adaptativo_A2,GNN,cooperative_perception,3.0,results/novelty_adaptativo/week_A_fase2/models/gnn_3d_best_cooperative_perception_run3.pth,beed23672b35,2026,
25,9.47,0.0,0,0,0,0,0,0,adaptativo_A2,GNN,cooperative_perception,4.0,results/novelty_adaptativo/week_A_fase2/models/gnn_3d_best_cooperative_perception_run4.pth,b368baa40a21,2024,
25,10.17,0.0,0,0,0,0,0,0,adaptativo_A2,GNN,cooperative_perception,4.0,results/novelty_adaptativo/week_A_fase2/models/gnn_3d_best_cooperative_perception_run4.pth,b368baa40a21,2025,
24,10.09,0.0,0,0,0,0,0,0,adaptativo_A2,GNN,cooperative_perception,4.0,results/novelty_adaptativo/week_A_fase2/models/gnn_3d_best_cooperative_perception_run4.pth,b368baa40a21,2026,
24,9.47,0.0,0,0,0,0,0,0,adaptativo_A2,GNN,cooperative_perception,5.0,results/novelty_adaptativo/week_A_fase2/models/gnn_3d_best_cooperative_perception_run5.pth,307c4a370add,2024,
25,10.17,0.0,0,0,0,0,0,0,adaptativo_A2,GNN,cooperative_perception,5.0,results/novelty_adaptativo/week_A_fase2/models/gnn_3d_best_cooperative_perception_run5.pth,307c4a370add,2025,
28,10.08,0.0,0,0,0,0,0,0,adaptativo_A2,GNN,cooperative_perception,5.0,results/novelty_adaptativo/week_A_fase2/models/gnn_3d_best_cooperative_perception_run5.pth,307c4a370add,2026,
15,9.67,0.0,0,0,0,0,0,0,adaptativo_A2,GNN,cooperative_perception,6.0,results/novelty_adaptativo/week_A_fase2/models/gnn_3d_best_cooperative_perception_run6.pth,fd9a9d17d46e,2024,
19,10.3,0.0,0,0,0,0,0,0,adaptativo_A2,GNN,cooperative_perception,6.0,results/novelty_adaptativo/week_A_fase2/models/gnn_3d_best_cooperative_perception_run6.pth,fd9a9d17d46e,2025,
15,10.22,0.0,0,0,0,0,0,0,adaptativo_A2,GNN,cooperative_perception,6.0,results/novelty_adaptativo/week_A_fase2/models/gnn_3d_best_cooperative_perception_run6.pth,fd9a9d17d46e,2026,
3,10.6,0.0,0,0,0,0,0,0,adaptativo_A2,GNN,cooperative_perception,7.0,results/novelty_adaptativo/week_A_fase2/models/gnn_3d_best_cooperative_perception_run7.pth,40238d00196f,2024,
4,10.48,0.0,0,0,0,0,0,0,adaptativo_A2,GNN,cooperative_perception,7.0,results/novelty_adaptativo/week_A_fase2/models/gnn_3d_best_cooperative_perception_run7.pth,40238d00196f,2025,
0,10.59,0.0,0,0,0,0,0,0,adaptativo_A2,GNN,cooperative_perception,7.0,results/novelty_adaptativo/week_A_fase2/models/gnn_3d_best_cooperative_perception_run7.pth,40238d00196f,2026,
93,0.92,0.0,0,0,0,0,0,0,adaptativo_A2,GNN,cooperative_door_bypass,,results/novelty_adaptativo/week_A_fase2/models/gnn_3d_best_cooperative_door_bypass.pth,9cb70ecf427e,2024,
92,1.62,0.0,0,0,0,0,0,0,adaptativo_A2,GNN,cooperative_door_bypass,,results/novelty_adaptativo/week_A_fase2/models/gnn_3d_best_cooperative_door_bypass.pth,9cb70ecf427e,2025,
92,0.97,0.0,0,0,0,0,0,0,adaptativo_A2,GNN,cooperative_door_bypass,,results/novelty_adaptativo/week_A_fase2/models/gnn_3d_best_cooperative_door_bypass.pth,9cb70ecf427e,2026,
91,2.51,0.0,0,0,0,0,0,0,adaptativo_A2,GNN,cooperative_door_bypass,1.0,results/novelty_adaptativo/week_A_fase2/models/gnn_3d_best_cooperative_door_bypass_run1.pth,8721b06280fe,2024,
88,3.89,0.0,0,0,0,0,0,0,adaptativo_A2,GNN,cooperative_door_bypass,1.0,results/novelty_adaptativo/week_A_fase2/models/gnn_3d_best_cooperative_door_bypass_run1.pth,8721b06280fe,2025,
89,3.08,0.0,0,0,0,0,0,0,adaptativo_A2,GNN,cooperative_door_bypass,1.0,results/novelty_adaptativo/week_A_fase2/models/gnn_3d_best_cooperative_door_bypass_run1.pth,8721b06280fe,2026,
89,2.72,0.0,0,0,0,0,0,0,adaptativo_A2,GNN,cooperative_door_bypass,2.0,results/novelty_adaptativo/week_A_fase2/models/gnn_3d_best_cooperative_door_bypass_run2.pth,5e8e9e8ab046,2024,
86,3.11,0.0,0,0,0,0,0,0,adaptativo_A2,GNN,cooperative_door_bypass,2.0,results/novelty_adaptativo/week_A_fase2/models/gnn_3d_best_cooperative_door_bypass_run2.pth,5e8e9e8ab046,2025,
86,3.11,0.0,0,0,0,0,0,0,adaptativo_A2,GNN,cooperative_door_bypass,2.0,results/novelty_adaptativo/week_A_fase2/models/gnn_3d_best_cooperative_door_bypass_run2.pth,5e8e9e8ab046,2026,
89,0.6,0.0,0,0,0,0,0,0,adaptativo_A2,GNN,cooperative_door_bypass,3.0,results/novelty_adaptativo/week_A_fase2/models/gnn_3d_best_cooperative_door_bypass_run3.pth,4dcb92f87861,2024,
89,1.08,0.0,0,0,0,0,0,0,adaptativo_A2,GNN,cooperative_door_bypass,3.0,results/novelty_adaptativo/week_A_fase2/models/gnn_3d_best_cooperative_door_bypass_run3.pth,4dcb92f87861,2025,
89,0.52,0.0,0,0,0,0,0,0,adaptativo_A2,GNN,cooperative_door_bypass,3.0,results/novelty_adaptativo/week_A_fase2/models/gnn_3d_best_cooperative_door_bypass_run3.pth,4dcb92f87861,2026,
90,1.2,0.0,0,0,0,0,0,0,adaptativo_A2,GNN,cooperative_door_bypass,4.0,results/novelty_adaptativo/week_A_fase2/models/gnn_3d_best_cooperative_door_bypass_run4.pth,f6947abd6872,2024,
88,1.32,0.0,0,0,0,0,0,0,adaptativo_A2,GNN,cooperative_door_bypass,4.0,results/novelty_adaptativo/week_A_fase2/models/gnn_3d_best_cooperative_door_bypass_run4.pth,f6947abd6872,2025,
88,1.93,0.0,0,0,0,0,0,0,adaptativo_A2,GNN,cooperative_door_bypass,4.0,results/novelty_adaptativo/week_A_fase2/models/gnn_3d_best_cooperative_door_bypass_run4.pth,f6947abd6872,2026,
90,1.2,0.0,0,0,0,0,0,0,adaptativo_A2,GNN,cooperative_door_bypass,6.0,results/novelty_adaptativo/week_A_fase2/models/gnn_3d_best_cooperative_door_bypass_run6.pth,e47c522fddc9,2024,
89,1.0,0.0,0,0,0,0,0,0,adaptativo_A2,GNN,cooperative_door_bypass,6.0,results/novelty_adaptativo/week_A_fase2/models/gnn_3d_best_cooperative_door_bypass_run6.pth,e47c522fddc9,2025,
87,1.05,0.0,0,0,0,0,0,0,adaptativo_A2,GNN,cooperative_door_bypass,6.0,results/novelty_adaptativo/week_A_fase2/models/gnn_3d_best_cooperative_door_bypass_run6.pth,e47c522fddc9,2026,
87,1.6,0.0,0,0,0,0,0,0,adaptativo_A2,GNN,cooperative_door_bypass,5.0,results/novelty_adaptativo/week_A_fase2/models/gnn_3d_best_cooperative_door_bypass_run5.pth,03205fac823f,2024,
87,1.72,0.0,0,0,0,0,0,0,adaptativo_A2,GNN,cooperative_door_bypass,5.0,results/novelty_adaptativo/week_A_fase2/models/gnn_3d_best_cooperative_door_bypass_run5.pth,03205fac823f,2025,
84,1.69,0.0,0,0,0,0,0,0,adaptativo_A2,GNN,cooperative_door_bypass,5.0,results/novelty_adaptativo/week_A_fase2/models/gnn_3d_best_cooperative_door_bypass_run5.pth,03205fac823f,2026,
93,0.92,0.0,0,0,0,0,0,0,adaptativo_A2,GNN,cooperative_door_bypass,7.0,results/novelty_adaptativo/week_A_fase2/models/gnn_3d_best_cooperative_door_bypass_run7.pth,14b9b72be709,2024,
92,1.62,0.0,0,0,0,0,0,0,adaptativo_A2,GNN,cooperative_door_bypass,7.0,results/novelty_adaptativo/week_A_fase2/models/gnn_3d_best_cooperative_door_bypass_run7.pth,14b9b72be709,2025,
92,0.97,0.0,0,0,0,0,0,0,adaptativo_A2,GNN,cooperative_door_bypass,7.0,results/novelty_adaptativo/week_A_fase2/models/gnn_3d_best_cooperative_door_bypass_run7.pth,14b9b72be709,2026,
72,1.44,0.0,0,0,0,0,0,0,adaptativo_B1,GNN,cooperative_door,,results/novelty_adaptativo/week_B_fase1/models/gnn_3d_best_cooperative_door.pth,19ec3fd7215e,2024,
73,0.92,0.0,0,0,0,0,0,0,adaptativo_B1,GNN,cooperative_door,,results/novelty_adaptativo/week_B_fase1/models/gnn_3d_best_cooperative_door.pth,19ec3fd7215e,2025,
71,1.03,0.0,0,0,0,0,0,0,adaptativo_B1,GNN,cooperative_door,,results/novelty_adaptativo/week_B_fase1/models/gnn_3d_best_cooperative_door.pth,19ec3fd7215e,2026,
72,1.44,0.0,0,0,0,0,0,0,adaptativo_B1,GNN,cooperative_door,1.0,results/novelty_adaptativo/week_B_fase1/models/gnn_3d_best_cooperative_door_run1.pth,cc005c6411eb,2024,
73,0.92,0.0,0,0,0,0,0,0,adaptativo_B1,GNN,cooperative_door,1.0,results/novelty_adaptativo/week_B_fase1/models/gnn_3d_best_cooperative_door_run1.pth,cc005c6411eb,2025,
71,1.03,0.0,0,0,0,0,0,0,adaptativo_B1,GNN,cooperative_door,1.0,results/novelty_adaptativo/week_B_fase1/models/gnn_3d_best_cooperative_door_run1.pth,cc005c6411eb,2026,
72,1.63,0.0,0,0,0,0,0,0,adaptativo_B1,GNN,cooperative_door,2.0,results/novelty_adaptativo/week_B_fase1/models/gnn_3d_best_cooperative_door_run2.pth,cec45023a75d,2024,
69,1.06,0.0,0,0,0,0,0,0,adaptativo_B1,GNN,cooperative_door,2.0,results/novelty_adaptativo/week_B_fase1/models/gnn_3d_best_cooperative_door_run2.pth,cec45023a75d,2025,
67,0.98,0.0,0,0,0,0,0,0,adaptativo_B1,GNN,cooperative_door,2.0,results/novelty_adaptativo/week_B_fase1/models/gnn_3d_best_cooperative_door_run2.pth,cec45023a75d,2026,
70,1.25,0.0,0,0,0,0,0,0,adaptativo_B1,GNN,cooperative_door,3.0,results/novelty_adaptativo/week_B_fase1/models/gnn_3d_best_cooperative_door_run3.pth,217d26409466,2024,
69,1.17,0.0,0,0,0,0,0,0,adaptativo_B1,GNN,cooperative_door,3.0,results/novelty_adaptativo/week_B_fase1/models/gnn_3d_best_cooperative_door_run3.pth,217d26409466,2025,
70,1.05,0.0,0,0,0,0,0,0,adaptativo_B1,GNN,cooperative_door,3.0,results/novelty_adaptativo/week_B_fase1/models/gnn_3d_best_cooperative_door_run3.pth,217d26409466,2026,
51,3.51,0.0,0,0,0,0,0,0,adaptativo_B1,GNN,cooperative_door,4.0,results/novelty_adaptativo/week_B_fase1/models/gnn_3d_best_cooperative_door_run4.pth,f7e3a81fb800,2024,
50,3.16,0.0,0,0,0,0,0,0,adaptativo_B1,GNN,cooperative_door,4.0,results/novelty_adaptativo/week_B_fase1/models/gnn_3d_best_cooperative_door_run4.pth,f7e3a81fb800,2025,
48,3.04,0.0,0,0,0,0,0,0,adaptativo_B1,GNN,cooperative_door,4.0,results/novelty_adaptativo/week_B_fase1/models/gnn_3d_best_cooperative_door_run4.pth,f7e3a81fb800,2026,
71,0.91,0.0,0,0,0,0,0,0,adaptativo_B1,GNN,cooperative_door,5.0,results/novelty_adaptativo/week_B_fase1/models/gnn_3d_best_cooperative_door_run5.pth,a80acedef13d,2024,
69,5.31,0.0,0,0,0,0,0,0,adaptativo_B1,GNN,cooperative_door,5.0,results/novelty_adaptativo/week_B_fase1/models/gnn_3d_best_cooperative_door_run5.pth,a80acedef13d,2025,
71,0.91,0.0,0,0,0,0,0,0,adaptativo_B1,GNN,cooperative_door,5.0,results/novelty_adaptativo/week_B_fase1/models/gnn_3d_best_cooperative_door_run5.pth,a80acedef13d,2026,
69,1.2,0.0,0,0,0,0,0,0,adaptativo_B1,GNN,cooperative_door,6.0,results/novelty_adaptativo/week_B_fase1/models/gnn_3d_best_cooperative_door_run6.pth,fcb8237596ce,2024,
67,1.1,0.0,0,0,0,0,0,0,adaptativo_B1,GNN,cooperative_door,6.0,results/novelty_adaptativo/week_B_fase1/models/gnn_3d_best_cooperative_door_run6.pth,fcb8237596ce,2025,
68,1.03,0.0,0,0,0,0,0,0,adaptativo_B1,GNN,cooperative_door,6.0,results/novelty_adaptativo/week_B_fase1/models/gnn_3d_best_cooperative_door_run6.pth,fcb8237596ce,2026,
22,9.47,0.0,0,0,0,0,0,0,adaptativo_B1,GNN,cooperative_perception,,results/novelty_adaptativo/week_B_fase1/models/gnn_3d_best_cooperative_perception.pth,d68d08be1f6e,2024,
27,10.18,0.0,0,0,0,0,0,0,adaptativo_B1,GNN,cooperative_perception,,results/novelty_adaptativo/week_B_fase1/models/gnn_3d_best_cooperative_perception.pth,d68d08be1f6e,2025,
24,10.08,0.0,0,0,0,0,0,0,adaptativo_B1,GNN,cooperative_perception,,results/novelty_adaptativo/week_B_fase1/models/gnn_3d_best_cooperative_perception.pth,d68d08be1f6e,2026,
71,1.95,0.0,0,0,0,0,0,0,adaptativo_B1,GNN,cooperative_door,7.0,results/novelty_adaptativo/week_B_fase1/models/gnn_3d_best_cooperative_door_run7.pth,05374b36e1d8,2024,
71,1.69,0.0,0,0,0,0,0,0,adaptativo_B1,GNN,cooperative_door,7.0,results/novelty_adaptativo/week_B_fase1/models/gnn_3d_best_cooperative_door_run7.pth,05374b36e1d8,2025,
70,1.86,0.0,0,0,0,0,0,0,adaptativo_B1,GNN,cooperative_door,7.0,results/novelty_adaptativo/week_B_fase1/models/gnn_3d_best_cooperative_door_run7.pth,05374b36e1d8,2026,
21,9.54,0.0,0,0,0,0,0,0,adaptativo_B1,GNN,cooperative_perception,1.0,results/novelty_adaptativo/week_B_fase1/models/gnn_3d_best_cooperative_perception_run1.pth,b14dc884b8c3,2024,
21,10.27,0.0,0,0,0,0,0,0,adaptativo_B1,GNN,cooperative_perception,1.0,results/novelty_adaptativo/week_B_fase1/models/gnn_3d_best_cooperative_perception_run1.pth,b14dc884b8c3,2025,
19,10.15,0.0,0,0,0,0,0,0,adaptativo_B1,GNN,cooperative_perception,1.0,results/novelty_adaptativo/week_B_fase1/models/gnn_3d_best_cooperative_perception_run1.pth,b14dc884b8c3,2026,
18,9.56,0.0,0,0,0,0,0,0,adaptativo_B1,GNN,cooperative_perception,2.0,results/novelty_adaptativo/week_B_fase1/models/gnn_3d_best_cooperative_perception_run2.pth,36b2a08b5c3c,2024,
20,11.7,0.0,0,0,0,0,0,0,adaptativo_B1,GNN,cooperative_perception,2.0,results/novelty_adaptativo/week_B_fase1/models/gnn_3d_best_cooperative_perception_run2.pth,36b2a08b5c3c,2025,
21,10.13,0.0,0,0,0,0,0,0,adaptativo_B1,GNN,cooperative_perception,2.0,results/novelty_adaptativo/week_B_fase1/models/gnn_3d_best_cooperative_perception_run2.pth,36b2a08b5c3c,2026,
22,9.47,0.0,0,0,0,0,0,0,adaptativo_B1,GNN,cooperative_perception,3.0,results/novelty_adaptativo/week_B_fase1/models/gnn_3d_best_cooperative_perception_run3.pth,edab5ec85805,2024,
27,10.18,0.0,0,0,0,0,0,0,adaptativo_B1,GNN,cooperative_perception,3.0,results/novelty_adaptativo/week_B_fase1/models/gnn_3d_best_cooperative_perception_run3.pth,edab5ec85805,2025,
24,10.08,0.0,0,0,0,0,0,0,adaptativo_B1,GNN,cooperative_perception,3.0,results/novelty_adaptativo/week_B_fase1/models/gnn_3d_best_cooperative_perception_run3.pth,edab5ec85805,2026,
7,10.72,0.0,0,0,0,0,0,0,adaptativo_B1,GNN,cooperative_perception,4.0,results/novelty_adaptativo/week_B_fase1/models/gnn_3d_best_cooperative_perception_run4.pth,fb4e86b7eaca,2024,
6,10.48,0.0,0,0,0,0,0,0,adaptativo_B1,GNN,cooperative_perception,4.0,results/novelty_adaptativo/week_B_fase1/models/gnn_3d_best_cooperative_perception_run4.pth,fb4e86b7eaca,2025,
6,10.46,0.0,0,0,0,0,0,0,adaptativo_B1,GNN,cooperative_perception,4.0,results/novelty_adaptativo/week_B_fase1/models/gnn_3d_best_cooperative_perception_run4.pth,fb4e86b7eaca,2026,
16,9.51,0.0,0,0,0,0,0,0,adaptativo_B1,GNN,cooperative_perception,5.0,results/novelty_adaptativo/week_B_fase1/models/gnn_3d_best_cooperative_perception_run5.pth,3ed1d21fe7de,2024,
22,10.25,0.0,0,0,0,0,0,0,adaptativo_B1,GNN,cooperative_perception,5.0,results/novelty_adaptativo/week_B_fase1/models/gnn_3d_best_cooperative_perception_run5.pth,3ed1d21fe7de,2025,
16,10.14,0.0,0,0,0,0,0,0,adaptativo_B1,GNN,cooperative_perception,5.0,results/novelty_adaptativo/week_B_fase1/models/gnn_3d_best_cooperative_perception_run5.pth,3ed1d21fe7de,2026,
3,10.44,0.0,0,0,0,0,0,0,adaptativo_B1,GNN,cooperative_perception,6.0,results/novelty_adaptativo/week_B_fase1/models/gnn_3d_best_cooperative_perception_run6.pth,2e41354675a3,2024,
4,10.35,0.0,0,0,0,0,0,0,adaptativo_B1,GNN,cooperative_perception,6.0,results/novelty_adaptativo/week_B_fase1/models/gnn_3d_best_cooperative_perception_run6.pth,2e41354675a3,2025,
0,10.26,0.0,0,0,0,0,0,0,adaptativo_B1,GNN,cooperative_perception,6.0,results/novelty_adaptativo/week_B_fase1/models/gnn_3d_best_cooperative_perception_run6.pth,2e41354675a3,2026,
3,10.44,0.0,0,0,0,0,0,0,adaptativo_B1,GNN,cooperative_perception,7.0,results/novelty_adaptativo/week_B_fase1/models/gnn_3d_best_cooperative_perception_run7.pth,788fc577d91e,2024,
4,10.36,0.0,0,0,0,0,0,0,adaptativo_B1,GNN,cooperative_perception,7.0,results/novelty_adaptativo/week_B_fase1/models/gnn_3d_best_cooperative_perception_run7.pth,788fc577d91e,2025,
0,10.27,0.0,0,0,0,0,0,0,adaptativo_B1,GNN,cooperative_perception,7.0,results/novelty_adaptativo/week_B_fase1/models/gnn_3d_best_cooperative_perception_run7.pth,788fc577d91e,2026,
90,2.76,0.0,0,0,0,0,0,0,adaptativo_B1,GNN,cooperative_door_bypass,,results/novelty_adaptativo/week_B_fase1/models/gnn_3d_best_cooperative_door_bypass.pth,92298f9cb417,2024,
89,8.01,0.0,0,0,0,0,0,0,adaptativo_B1,GNN,cooperative_door_bypass,,results/novelty_adaptativo/week_B_fase1/models/gnn_3d_best_cooperative_door_bypass.pth,92298f9cb417,2025,
90,2.45,0.0,0,0,0,0,0,0,adaptativo_B1,GNN,cooperative_door_bypass,,results/novelty_adaptativo/week_B_fase1/models/gnn_3d_best_cooperative_door_bypass.pth,92298f9cb417,2026,
90,2.76,0.0,0,0,0,0,0,0,adaptativo_B1,GNN,cooperative_door_bypass,1.0,results/novelty_adaptativo/week_B_fase1/models/gnn_3d_best_cooperative_door_bypass_run1.pth,287a3a78c2ff,2024,
89,8.01,0.0,0,0,0,0,0,0,adaptativo_B1,GNN,cooperative_door_bypass,1.0,results/novelty_adaptativo/week_B_fase1/models/gnn_3d_best_cooperative_door_bypass_run1.pth,287a3a78c2ff,2025,
90,2.45,0.0,0,0,0,0,0,0,adaptativo_B1,GNN,cooperative_door_bypass,1.0,results/novelty_adaptativo/week_B_fase1/models/gnn_3d_best_cooperative_door_bypass_run1.pth,287a3a78c2ff,2026,
86,2.29,0.0,0,0,0,0,0,0,adaptativo_B1,GNN,cooperative_door_bypass,2.0,results/novelty_adaptativo/week_B_fase1/models/gnn_3d_best_cooperative_door_bypass_run2.pth,7c4149282688,2024,
86,1.7,0.0,0,0,0,0,0,0,adaptativo_B1,GNN,cooperative_door_bypass,2.0,results/novelty_adaptativo/week_B_fase1/models/gnn_3d_best_cooperative_door_bypass_run2.pth,7c4149282688,2025,
84,2.42,0.0,0,0,0,0,0,0,adaptativo_B1,GNN,cooperative_door_bypass,2.0,results/novelty_adaptativo/week_B_fase1/models/gnn_3d_best_cooperative_door_bypass_run2.pth,7c4149282688,2026,
73,2.38,0.0,0,0,0,0,0,0,adaptativo_B1,GNN,cooperative_door_bypass,3.0,results/novelty_adaptativo/week_B_fase1/models/gnn_3d_best_cooperative_door_bypass_run3.pth,0e3a25c5a1f9,2024,
74,1.86,0.0,0,0,0,0,0,0,adaptativo_B1,GNN,cooperative_door_bypass,3.0,results/novelty_adaptativo/week_B_fase1/models/gnn_3d_best_cooperative_door_bypass_run3.pth,0e3a25c5a1f9,2025,
71,2.48,0.0,0,0,0,0,0,0,adaptativo_B1,GNN,cooperative_door_bypass,3.0,results/novelty_adaptativo/week_B_fase1/models/gnn_3d_best_cooperative_door_bypass_run3.pth,0e3a25c5a1f9,2026,
83,2.19,0.0,0,0,0,0,0,0,adaptativo_B1,GNN,cooperative_door_bypass,4.0,results/novelty_adaptativo/week_B_fase1/models/gnn_3d_best_cooperative_door_bypass_run4.pth,826787d8ddc4,2024,
81,3.1,0.0,0,0,0,0,0,0,adaptativo_B1,GNN,cooperative_door_bypass,4.0,results/novelty_adaptativo/week_B_fase1/models/gnn_3d_best_cooperative_door_bypass_run4.pth,826787d8ddc4,2025,
78,1.77,0.0,0,0,0,0,0,0,adaptativo_B1,GNN,cooperative_door_bypass,4.0,results/novelty_adaptativo/week_B_fase1/models/gnn_3d_best_cooperative_door_bypass_run4.pth,826787d8ddc4,2026,
92,0.79,0.0,0,0,0,0,0,0,adaptativo_B1,GNN,cooperative_door_bypass,5.0,results/novelty_adaptativo/week_B_fase1/models/gnn_3d_best_cooperative_door_bypass_run5.pth,b59821fd3914,2024,
90,0.74,0.0,0,0,0,0,0,0,adaptativo_B1,GNN,cooperative_door_bypass,5.0,results/novelty_adaptativo/week_B_fase1/models/gnn_3d_best_cooperative_door_bypass_run5.pth,b59821fd3914,2025,
89,0.88,0.0,0,0,0,0,0,0,adaptativo_B1,GNN,cooperative_door_bypass,5.0,results/novelty_adaptativo/week_B_fase1/models/gnn_3d_best_cooperative_door_bypass_run5.pth,b59821fd3914,2026,
90,0.9,0.0,0,0,0,0,0,0,adaptativo_B1,GNN,cooperative_door_bypass,6.0,results/novelty_adaptativo/week_B_fase1/models/gnn_3d_best_cooperative_door_bypass_run6.pth,d20520fafad9,2024,
89,0.91,0.0,0,0,0,0,0,0,adaptativo_B1,GNN,cooperative_door_bypass,6.0,results/novelty_adaptativo/week_B_fase1/models/gnn_3d_best_cooperative_door_bypass_run6.pth,d20520fafad9,2025,
83,0.91,0.0,0,0,0,0,0,0,adaptativo_B1,GNN,cooperative_door_bypass,6.0,results/novelty_adaptativo/week_B_fase1/models/gnn_3d_best_cooperative_door_bypass_run6.pth,d20520fafad9,2026,
43,0.82,0.0,0,0,0,0,0,0,adaptativo_B1,GNN,cooperative_door_bypass,7.0,results/novelty_adaptativo/week_B_fase1/models/gnn_3d_best_cooperative_door_bypass_run7.pth,fa4a4718c36f,2024,
42,0.83,0.0,0,0,0,0,0,0,adaptativo_B1,GNN,cooperative_door_bypass,7.0,results/novelty_adaptativo/week_B_fase1/models/gnn_3d_best_cooperative_door_bypass_run7.pth,fa4a4718c36f,2025,
43,0.73,0.0,0,0,0,0,0,0,adaptativo_B1,GNN,cooperative_door_bypass,7.0,results/novelty_adaptativo/week_B_fase1/models/gnn_3d_best_cooperative_door_bypass_run7.pth,fa4a4718c36f,2026,
85,4.86,0.0,0,0,0,0,0,0,adaptativo_B2,GNN,u_wall,,results/novelty_adaptativo/week_B_fase2/models/gnn_3d_best_u_wall.pth,b67380bdf3ea,2024,
88,4.18,0.0,0,0,0,0,0,0,adaptativo_B2,GNN,u_wall,,results/novelty_adaptativo/week_B_fase2/models/gnn_3d_best_u_wall.pth,b67380bdf3ea,2025,
81,3.96,0.0,0,0,0,0,0,0,adaptativo_B2,GNN,u_wall,,results/novelty_adaptativo/week_B_fase2/models/gnn_3d_best_u_wall.pth,b67380bdf3ea,2026,
80,1.91,0.0,0,0,0,0,0,0,adaptativo_B2,GNN,u_wall,1.0,results/novelty_adaptativo/week_B_fase2/models/gnn_3d_best_u_wall_run1.pth,5c931faf1feb,2024,
76,1.65,0.0,0,0,0,0,0,0,adaptativo_B2,GNN,u_wall,1.0,results/novelty_adaptativo/week_B_fase2/models/gnn_3d_best_u_wall_run1.pth,5c931faf1feb,2025,
80,2.33,0.0,0,0,0,0,0,0,adaptativo_B2,GNN,u_wall,1.0,results/novelty_adaptativo/week_B_fase2/models/gnn_3d_best_u_wall_run1.pth,5c931faf1feb,2026,
86,2.17,0.0,0,0,0,0,0,0,adaptativo_B2,GNN,u_wall,2.0,results/novelty_adaptativo/week_B_fase2/models/gnn_3d_best_u_wall_run2.pth,df5e27f5375f,2024,
78,2.16,0.0,0,0,0,0,0,0,adaptativo_B2,GNN,u_wall,2.0,results/novelty_adaptativo/week_B_fase2/models/gnn_3d_best_u_wall_run2.pth,df5e27f5375f,2025,
84,1.81,0.0,0,0,0,0,0,0,adaptativo_B2,GNN,u_wall,2.0,results/novelty_adaptativo/week_B_fase2/models/gnn_3d_best_u_wall_run2.pth,df5e27f5375f,2026,
81,7.46,0.0,0,0,0,0,0,0,adaptativo_B2,GNN,u_wall,3.0,results/novelty_adaptativo/week_B_fase2/models/gnn_3d_best_u_wall_run3.pth,acb4760ca352,2024,
88,1.86,0.0,0,0,0,0,0,0,adaptativo_B2,GNN,u_wall,3.0,results/novelty_adaptativo/week_B_fase2/models/gnn_3d_best_u_wall_run3.pth,acb4760ca352,2025,
79,2.25,0.0,0,0,0,0,0,0,adaptativo_B2,GNN,u_wall,3.0,results/novelty_adaptativo/week_B_fase2/models/gnn_3d_best_u_wall_run3.pth,acb4760ca352,2026,
85,4.86,0.0,0,0,0,0,0,0,adaptativo_B2,GNN,u_wall,4.0,results/novelty_adaptativo/week_B_fase2/models/gnn_3d_best_u_wall_run4.pth,a28d2a256a92,2024,
88,4.18,0.0,0,0,0,0,0,0,adaptativo_B2,GNN,u_wall,4.0,results/novelty_adaptativo/week_B_fase2/models/gnn_3d_best_u_wall_run4.pth,a28d2a256a92,2025,
81,3.96,0.0,0,0,0,0,0,0,adaptativo_B2,GNN,u_wall,4.0,results/novelty_adaptativo/week_B_fase2/models/gnn_3d_best_u_wall_run4.pth,a28d2a256a92,2026,
57,4.63,0.0,0,0,0,0,0,0,adaptativo_B2,GNN,u_wall,5.0,results/novelty_adaptativo/week_B_fase2/models/gnn_3d_best_u_wall_run5.pth,43d7ba57ad31,2024,
56,2.24,0.0,0,0,0,0,0,0,adaptativo_B2,GNN,u_wall,5.0,results/novelty_adaptativo/week_B_fase2/models/gnn_3d_best_u_wall_run5.pth,43d7ba57ad31,2025,
1,12.22,0.0,19,2,0,0,0,2,adaptativo_B2,GNN,u_wall,5.0,results/novelty_adaptativo/week_B_fase2/models/gnn_3d_best_u_wall_run5.pth,43d7ba57ad31,2026,
86,2.98,0.0,0,0,0,0,0,0,adaptativo_B2,GNN,u_wall,6.0,results/novelty_adaptativo/week_B_fase2/models/gnn_3d_best_u_wall_run6.pth,8b95a074e192,2024,
82,2.96,0.0,0,0,0,0,0,0,adaptativo_B2,GNN,u_wall,6.0,results/novelty_adaptativo/week_B_fase2/models/gnn_3d_best_u_wall_run6.pth,8b95a074e192,2025,
82,1.48,0.0,0,0,0,0,0,0,adaptativo_B2,GNN,u_wall,6.0,results/novelty_adaptativo/week_B_fase2/models/gnn_3d_best_u_wall_run6.pth,8b95a074e192,2026,
83,0.74,0.0,0,0,0,0,0,0,adaptativo_B2,GNN,u_wall,7.0,results/novelty_adaptativo/week_B_fase2/models/gnn_3d_best_u_wall_run7.pth,03d6ea06f5df,2024,
89,0.93,0.0,0,0,0,0,0,0,adaptativo_B2,GNN,u_wall,7.0,results/novelty_adaptativo/week_B_fase2/models/gnn_3d_best_u_wall_run7.pth,03d6ea06f5df,2025,
68,0.97,0.0,0,0,0,0,0,0,adaptativo_B2,GNN,u_wall,7.0,results/novelty_adaptativo/week_B_fase2/models/gnn_3d_best_u_wall_run7.pth,03d6ea06f5df,2026,
72,1.44,0.0,0,0,0,0,0,0,adaptativo_B2,GNN,cooperative_door,1.0,results/novelty_adaptativo/week_B_fase2/models/gnn_3d_best_cooperative_door_run1.pth,cc005c6411eb,2024,
73,0.92,0.0,0,0,0,0,0,0,adaptativo_B2,GNN,cooperative_door,1.0,results/novelty_adaptativo/week_B_fase2/models/gnn_3d_best_cooperative_door_run1.pth,cc005c6411eb,2025,
71,1.03,0.0,0,0,0,0,0,0,adaptativo_B2,GNN,cooperative_door,1.0,results/novelty_adaptativo/week_B_fase2/models/gnn_3d_best_cooperative_door_run1.pth,cc005c6411eb,2026,
72,1.44,0.0,0,0,0,0,0,0,adaptativo_B2,GNN,cooperative_door,,results/novelty_adaptativo/week_B_fase2/models/gnn_3d_best_cooperative_door.pth,19ec3fd7215e,2024,
73,0.92,0.0,0,0,0,0,0,0,adaptativo_B2,GNN,cooperative_door,,results/novelty_adaptativo/week_B_fase2/models/gnn_3d_best_cooperative_door.pth,19ec3fd7215e,2025,
71,1.03,0.0,0,0,0,0,0,0,adaptativo_B2,GNN,cooperative_door,,results/novelty_adaptativo/week_B_fase2/models/gnn_3d_best_cooperative_door.pth,19ec3fd7215e,2026,
72,1.63,0.0,0,0,0,0,0,0,adaptativo_B2,GNN,cooperative_door,2.0,results/novelty_adaptativo/week_B_fase2/models/gnn_3d_best_cooperative_door_run2.pth,cec45023a75d,2024,
69,1.06,0.0,0,0,0,0,0,0,adaptativo_B2,GNN,cooperative_door,2.0,results/novelty_adaptativo/week_B_fase2/models/gnn_3d_best_cooperative_door_run2.pth,cec45023a75d,2025,
67,0.98,0.0,0,0,0,0,0,0,adaptativo_B2,GNN,cooperative_door,2.0,results/novelty_adaptativo/week_B_fase2/models/gnn_3d_best_cooperative_door_run2.pth,cec45023a75d,2026,
70,1.25,0.0,0,0,0,0,0,0,adaptativo_B2,GNN,cooperative_door,3.0,results/novelty_adaptativo/week_B_fase2/models/gnn_3d_best_cooperative_door_run3.pth,217d26409466,2024,
69,1.17,0.0,0,0,0,0,0,0,adaptativo_B2,GNN,cooperative_door,3.0,results/novelty_adaptativo/week_B_fase2/models/gnn_3d_best_cooperative_door_run3.pth,217d26409466,2025,
70,1.05,0.0,0,0,0,0,0,0,adaptativo_B2,GNN,cooperative_door,3.0,results/novelty_adaptativo/week_B_fase2/models/gnn_3d_best_cooperative_door_run3.pth,217d26409466,2026,
51,3.51,0.0,0,0,0,0,0,0,adaptativo_B2,GNN,cooperative_door,4.0,results/novelty_adaptativo/week_B_fase2/models/gnn_3d_best_cooperative_door_run4.pth,f7e3a81fb800,2024,
50,3.16,0.0,0,0,0,0,0,0,adaptativo_B2,GNN,cooperative_door,4.0,results/novelty_adaptativo/week_B_fase2/models/gnn_3d_best_cooperative_door_run4.pth,f7e3a81fb800,2025,
48,3.04,0.0,0,0,0,0,0,0,adaptativo_B2,GNN,cooperative_door,4.0,results/novelty_adaptativo/week_B_fase2/models/gnn_3d_best_cooperative_door_run4.pth,f7e3a81fb800,2026,
71,0.91,0.0,0,0,0,0,0,0,adaptativo_B2,GNN,cooperative_door,5.0,results/novelty_adaptativo/week_B_fase2/models/gnn_3d_best_cooperative_door_run5.pth,a80acedef13d,2024,
69,5.31,0.0,0,0,0,0,0,0,adaptativo_B2,GNN,cooperative_door,5.0,results/novelty_adaptativo/week_B_fase2/models/gnn_3d_best_cooperative_door_run5.pth,a80acedef13d,2025,
71,0.91,0.0,0,0,0,0,0,0,adaptativo_B2,GNN,cooperative_door,5.0,results/novelty_adaptativo/week_B_fase2/models/gnn_3d_best_cooperative_door_run5.pth,a80acedef13d,2026,
69,1.2,0.0,0,0,0,0,0,0,adaptativo_B2,GNN,cooperative_door,6.0,results/novelty_adaptativo/week_B_fase2/models/gnn_3d_best_cooperative_door_run6.pth,fcb8237596ce,2024,
67,1.1,0.0,0,0,0,0,0,0,adaptativo_B2,GNN,cooperative_door,6.0,results/novelty_adaptativo/week_B_fase2/models/gnn_3d_best_cooperative_door_run6.pth,fcb8237596ce,2025,
68,1.03,0.0,0,0,0,0,0,0,adaptativo_B2,GNN,cooperative_door,6.0,results/novelty_adaptativo/week_B_fase2/models/gnn_3d_best_cooperative_door_run6.pth,fcb8237596ce,2026,
71,1.95,0.0,0,0,0,0,0,0,adaptativo_B2,GNN,cooperative_door,7.0,results/novelty_adaptativo/week_B_fase2/models/gnn_3d_best_cooperative_door_run7.pth,05374b36e1d8,2024,
71,1.69,0.0,0,0,0,0,0,0,adaptativo_B2,GNN,cooperative_door,7.0,results/novelty_adaptativo/week_B_fase2/models/gnn_3d_best_cooperative_door_run7.pth,05374b36e1d8,2025,
70,1.86,0.0,0,0,0,0,0,0,adaptativo_B2,GNN,cooperative_door,7.0,results/novelty_adaptativo/week_B_fase2/models/gnn_3d_best_cooperative_door_run7.pth,05374b36e1d8,2026,
22,9.47,0.0,0,0,0,0,0,0,adaptativo_B2,GNN,cooperative_perception,,results/novelty_adaptativo/week_B_fase2/models/gnn_3d_best_cooperative_perception.pth,d68d08be1f6e,2024,
27,10.18,0.0,0,0,0,0,0,0,adaptativo_B2,GNN,cooperative_perception,,results/novelty_adaptativo/week_B_fase2/models/gnn_3d_best_cooperative_perception.pth,d68d08be1f6e,2025,
24,10.08,0.0,0,0,0,0,0,0,adaptativo_B2,GNN,cooperative_perception,,results/novelty_adaptativo/week_B_fase2/models/gnn_3d_best_cooperative_perception.pth,d68d08be1f6e,2026,
21,9.54,0.0,0,0,0,0,0,0,adaptativo_B2,GNN,cooperative_perception,1.0,results/novelty_adaptativo/week_B_fase2/models/gnn_3d_best_cooperative_perception_run1.pth,b14dc884b8c3,2024,
21,10.27,0.0,0,0,0,0,0,0,adaptativo_B2,GNN,cooperative_perception,1.0,results/novelty_adaptativo/week_B_fase2/models/gnn_3d_best_cooperative_perception_run1.pth,b14dc884b8c3,2025,
19,10.15,0.0,0,0,0,0,0,0,adaptativo_B2,GNN,cooperative_perception,1.0,results/novelty_adaptativo/week_B_fase2/models/gnn_3d_best_cooperative_perception_run1.pth,b14dc884b8c3,2026,
18,9.56,0.0,0,0,0,0,0,0,adaptativo_B2,GNN,cooperative_perception,2.0,results/novelty_adaptativo/week_B_fase2/models/gnn_3d_best_cooperative_perception_run2.pth,36b2a08b5c3c,2024,
20,11.7,0.0,0,0,0,0,0,0,adaptativo_B2,GNN,cooperative_perception,2.0,results/novelty_adaptativo/week_B_fase2/models/gnn_3d_best_cooperative_perception_run2.pth,36b2a08b5c3c,2025,
21,10.13,0.0,0,0,0,0,0,0,adaptativo_B2,GNN,cooperative_perception,2.0,results/novelty_adaptativo/week_B_fase2/models/gnn_3d_best_cooperative_perception_run2.pth,36b2a08b5c3c,2026,
22,9.47,0.0,0,0,0,0,0,0,adaptativo_B2,GNN,cooperative_perception,3.0,results/novelty_adaptativo/week_B_fase2/models/gnn_3d_best_cooperative_perception_run3.pth,edab5ec85805,2024,
27,10.18,0.0,0,0,0,0,0,0,adaptativo_B2,GNN,cooperative_perception,3.0,results/novelty_adaptativo/week_B_fase2/models/gnn_3d_best_cooperative_perception_run3.pth,edab5ec85805,2025,
24,10.08,0.0,0,0,0,0,0,0,adaptativo_B2,GNN,cooperative_perception,3.0,results/novelty_adaptativo/week_B_fase2/models/gnn_3d_best_cooperative_perception_run3.pth,edab5ec85805,2026,
7,10.72,0.0,0,0,0,0,0,0,adaptativo_B2,GNN,cooperative_perception,4.0,results/novelty_adaptativo/week_B_fase2/models/gnn_3d_best_cooperative_perception_run4.pth,fb4e86b7eaca,2024,
6,10.48,0.0,0,0,0,0,0,0,adaptativo_B2,GNN,cooperative_perception,4.0,results/novelty_adaptativo/week_B_fase2/models/gnn_3d_best_cooperative_perception_run4.pth,fb4e86b7eaca,2025,
6,10.46,0.0,0,0,0,0,0,0,adaptativo_B2,GNN,cooperative_perception,4.0,results/novelty_adaptativo/week_B_fase2/models/gnn_3d_best_cooperative_perception_run4.pth,fb4e86b7eaca,2026,
16,9.51,0.0,0,0,0,0,0,0,adaptativo_B2,GNN,cooperative_perception,5.0,results/novelty_adaptativo/week_B_fase2/models/gnn_3d_best_cooperative_perception_run5.pth,3ed1d21fe7de,2024,
22,10.25,0.0,0,0,0,0,0,0,adaptativo_B2,GNN,cooperative_perception,5.0,results/novelty_adaptativo/week_B_fase2/models/gnn_3d_best_cooperative_perception_run5.pth,3ed1d21fe7de,2025,
16,10.14,0.0,0,0,0,0,0,0,adaptativo_B2,GNN,cooperative_perception,5.0,results/novelty_adaptativo/week_B_fase2/models/gnn_3d_best_cooperative_perception_run5.pth,3ed1d21fe7de,2026,
3,10.44,0.0,0,0,0,0,0,0,adaptativo_B2,GNN,cooperative_perception,6.0,results/novelty_adaptativo/week_B_fase2/models/gnn_3d_best_cooperative_perception_run6.pth,2e41354675a3,2024,
4,10.35,0.0,0,0,0,0,0,0,adaptativo_B2,GNN,cooperative_perception,6.0,results/novelty_adaptativo/week_B_fase2/models/gnn_3d_best_cooperative_perception_run6.pth,2e41354675a3,2025,
0,10.26,0.0,0,0,0,0,0,0,adaptativo_B2,GNN,cooperative_perception,6.0,results/novelty_adaptativo/week_B_fase2/models/gnn_3d_best_cooperative_perception_run6.pth,2e41354675a3,2026,
3,10.44,0.0,0,0,0,0,0,0,adaptativo_B2,GNN,cooperative_perception,7.0,results/novelty_adaptativo/week_B_fase2/models/gnn_3d_best_cooperative_perception_run7.pth,788fc577d91e,2024,
4,10.36,0.0,0,0,0,0,0,0,adaptativo_B2,GNN,cooperative_perception,7.0,results/novelty_adaptativo/week_B_fase2/models/gnn_3d_best_cooperative_perception_run7.pth,788fc577d91e,2025,
0,10.27,0.0,0,0,0,0,0,0,adaptativo_B2,GNN,cooperative_perception,7.0,results/novelty_adaptativo/week_B_fase2/models/gnn_3d_best_cooperative_perception_run7.pth,788fc577d91e,2026,
90,2.76,0.0,0,0,0,0,0,0,adaptativo_B2,GNN,cooperative_door_bypass,,results/novelty_adaptativo/week_B_fase2/models/gnn_3d_best_cooperative_door_bypass.pth,92298f9cb417,2024,
89,8.01,0.0,0,0,0,0,0,0,adaptativo_B2,GNN,cooperative_door_bypass,,results/novelty_adaptativo/week_B_fase2/models/gnn_3d_best_cooperative_door_bypass.pth,92298f9cb417,2025,
90,2.45,0.0,0,0,0,0,0,0,adaptativo_B2,GNN,cooperative_door_bypass,,results/novelty_adaptativo/week_B_fase2/models/gnn_3d_best_cooperative_door_bypass.pth,92298f9cb417,2026,
90,2.76,0.0,0,0,0,0,0,0,adaptativo_B2,GNN,cooperative_door_bypass,1.0,results/novelty_adaptativo/week_B_fase2/models/gnn_3d_best_cooperative_door_bypass_run1.pth,287a3a78c2ff,2024,
89,8.01,0.0,0,0,0,0,0,0,adaptativo_B2,GNN,cooperative_door_bypass,1.0,results/novelty_adaptativo/week_B_fase2/models/gnn_3d_best_cooperative_door_bypass_run1.pth,287a3a78c2ff,2025,
90,2.45,0.0,0,0,0,0,0,0,adaptativo_B2,GNN,cooperative_door_bypass,1.0,results/novelty_adaptativo/week_B_fase2/models/gnn_3d_best_cooperative_door_bypass_run1.pth,287a3a78c2ff,2026,
86,2.29,0.0,0,0,0,0,0,0,adaptativo_B2,GNN,cooperative_door_bypass,2.0,results/novelty_adaptativo/week_B_fase2/models/gnn_3d_best_cooperative_door_bypass_run2.pth,7c4149282688,2024,
86,1.7,0.0,0,0,0,0,0,0,adaptativo_B2,GNN,cooperative_door_bypass,2.0,results/novelty_adaptativo/week_B_fase2/models/gnn_3d_best_cooperative_door_bypass_run2.pth,7c4149282688,2025,
84,2.42,0.0,0,0,0,0,0,0,adaptativo_B2,GNN,cooperative_door_bypass,2.0,results/novelty_adaptativo/week_B_fase2/models/gnn_3d_best_cooperative_door_bypass_run2.pth,7c4149282688,2026,
73,2.38,0.0,0,0,0,0,0,0,adaptativo_B2,GNN,cooperative_door_bypass,3.0,results/novelty_adaptativo/week_B_fase2/models/gnn_3d_best_cooperative_door_bypass_run3.pth,0e3a25c5a1f9,2024,
74,1.86,0.0,0,0,0,0,0,0,adaptativo_B2,GNN,cooperative_door_bypass,3.0,results/novelty_adaptativo/week_B_fase2/models/gnn_3d_best_cooperative_door_bypass_run3.pth,0e3a25c5a1f9,2025,
71,2.48,0.0,0,0,0,0,0,0,adaptativo_B2,GNN,cooperative_door_bypass,3.0,results/novelty_adaptativo/week_B_fase2/models/gnn_3d_best_cooperative_door_bypass_run3.pth,0e3a25c5a1f9,2026,
83,2.19,0.0,0,0,0,0,0,0,adaptativo_B2,GNN,cooperative_door_bypass,4.0,results/novelty_adaptativo/week_B_fase2/models/gnn_3d_best_cooperative_door_bypass_run4.pth,826787d8ddc4,2024,
81,3.1,0.0,0,0,0,0,0,0,adaptativo_B2,GNN,cooperative_door_bypass,4.0,results/novelty_adaptativo/week_B_fase2/models/gnn_3d_best_cooperative_door_bypass_run4.pth,826787d8ddc4,2025,
78,1.77,0.0,0,0,0,0,0,0,adaptativo_B2,GNN,cooperative_door_bypass,4.0,results/novelty_adaptativo/week_B_fase2/models/gnn_3d_best_cooperative_door_bypass_run4.pth,826787d8ddc4,2026,
92,0.79,0.0,0,0,0,0,0,0,adaptativo_B2,GNN,cooperative_door_bypass,5.0,results/novelty_adaptativo/week_B_fase2/models/gnn_3d_best_cooperative_door_bypass_run5.pth,b59821fd3914,2024,
90,0.74,0.0,0,0,0,0,0,0,adaptativo_B2,GNN,cooperative_door_bypass,5.0,results/novelty_adaptativo/week_B_fase2/models/gnn_3d_best_cooperative_door_bypass_run5.pth,b59821fd3914,2025,
89,0.88,0.0,0,0,0,0,0,0,adaptativo_B2,GNN,cooperative_door_bypass,5.0,results/novelty_adaptativo/week_B_fase2/models/gnn_3d_best_cooperative_door_bypass_run5.pth,b59821fd3914,2026,
43,0.82,0.0,0,0,0,0,0,0,adaptativo_B2,GNN,cooperative_door_bypass,7.0,results/novelty_adaptativo/week_B_fase2/models/gnn_3d_best_cooperative_door_bypass_run7.pth,fa4a4718c36f,2024,
42,0.83,0.0,0,0,0,0,0,0,adaptativo_B2,GNN,cooperative_door_bypass,7.0,results/novelty_adaptativo/week_B_fase2/models/gnn_3d_best_cooperative_door_bypass_run7.pth,fa4a4718c36f,2025,
43,0.73,0.0,0,0,0,0,0,0,adaptativo_B2,GNN,cooperative_door_bypass,7.0,results/novelty_adaptativo/week_B_fase2/models/gnn_3d_best_cooperative_door_bypass_run7.pth,fa4a4718c36f,2026,
90,0.9,0.0,0,0,0,0,0,0,adaptativo_B2,GNN,cooperative_door_bypass,6.0,results/novelty_adaptativo/week_B_fase2/models/gnn_3d_best_cooperative_door_bypass_run6.pth,d20520fafad9,2024,
89,0.91,0.0,0,0,0,0,0,0,adaptativo_B2,GNN,cooperative_door_bypass,6.0,results/novelty_adaptativo/week_B_fase2/models/gnn_3d_best_cooperative_door_bypass_run6.pth,d20520fafad9,2025,
83,0.91,0.0,0,0,0,0,0,0,adaptativo_B2,GNN,cooperative_door_bypass,6.0,results/novelty_adaptativo/week_B_fase2/models/gnn_3d_best_cooperative_door_bypass_run6.pth,d20520fafad9,2026,
85,4.86,0.0,0,0,0,0,0,0,adaptativo_B3,GNN,u_wall,,results/novelty_adaptativo/week_B_fase3/models/gnn_3d_best_u_wall.pth,b67380bdf3ea,2024,
88,4.18,0.0,0,0,0,0,0,0,adaptativo_B3,GNN,u_wall,,results/novelty_adaptativo/week_B_fase3/models/gnn_3d_best_u_wall.pth,b67380bdf3ea,2025,
81,3.96,0.0,0,0,0,0,0,0,adaptativo_B3,GNN,u_wall,,results/novelty_adaptativo/week_B_fase3/models/gnn_3d_best_u_wall.pth,b67380bdf3ea,2026,
80,1.91,0.0,0,0,0,0,0,0,adaptativo_B3,GNN,u_wall,1.0,results/novelty_adaptativo/week_B_fase3/models/gnn_3d_best_u_wall_run1.pth,5c931faf1feb,2024,
76,1.65,0.0,0,0,0,0,0,0,adaptativo_B3,GNN,u_wall,1.0,results/novelty_adaptativo/week_B_fase3/models/gnn_3d_best_u_wall_run1.pth,5c931faf1feb,2025,
80,2.33,0.0,0,0,0,0,0,0,adaptativo_B3,GNN,u_wall,1.0,results/novelty_adaptativo/week_B_fase3/models/gnn_3d_best_u_wall_run1.pth,5c931faf1feb,2026,
86,2.17,0.0,0,0,0,0,0,0,adaptativo_B3,GNN,u_wall,2.0,results/novelty_adaptativo/week_B_fase3/models/gnn_3d_best_u_wall_run2.pth,df5e27f5375f,2024,
78,2.16,0.0,0,0,0,0,0,0,adaptativo_B3,GNN,u_wall,2.0,results/novelty_adaptativo/week_B_fase3/models/gnn_3d_best_u_wall_run2.pth,df5e27f5375f,2025,
84,1.81,0.0,0,0,0,0,0,0,adaptativo_B3,GNN,u_wall,2.0,results/novelty_adaptativo/week_B_fase3/models/gnn_3d_best_u_wall_run2.pth,df5e27f5375f,2026,
81,7.46,0.0,0,0,0,0,0,0,adaptativo_B3,GNN,u_wall,3.0,results/novelty_adaptativo/week_B_fase3/models/gnn_3d_best_u_wall_run3.pth,acb4760ca352,2024,
88,1.86,0.0,0,0,0,0,0,0,adaptativo_B3,GNN,u_wall,3.0,results/novelty_adaptativo/week_B_fase3/models/gnn_3d_best_u_wall_run3.pth,acb4760ca352,2025,
79,2.25,0.0,0,0,0,0,0,0,adaptativo_B3,GNN,u_wall,3.0,results/novelty_adaptativo/week_B_fase3/models/gnn_3d_best_u_wall_run3.pth,acb4760ca352,2026,
85,4.86,0.0,0,0,0,0,0,0,adaptativo_B3,GNN,u_wall,4.0,results/novelty_adaptativo/week_B_fase3/models/gnn_3d_best_u_wall_run4.pth,a28d2a256a92,2024,
88,4.18,0.0,0,0,0,0,0,0,adaptativo_B3,GNN,u_wall,4.0,results/novelty_adaptativo/week_B_fase3/models/gnn_3d_best_u_wall_run4.pth,a28d2a256a92,2025,
81,3.96,0.0,0,0,0,0,0,0,adaptativo_B3,GNN,u_wall,4.0,results/novelty_adaptativo/week_B_fase3/models/gnn_3d_best_u_wall_run4.pth,a28d2a256a92,2026,
57,4.63,0.0,0,0,0,0,0,0,adaptativo_B3,GNN,u_wall,5.0,results/novelty_adaptativo/week_B_fase3/models/gnn_3d_best_u_wall_run5.pth,43d7ba57ad31,2024,
56,2.24,0.0,0,0,0,0,0,0,adaptativo_B3,GNN,u_wall,5.0,results/novelty_adaptativo/week_B_fase3/models/gnn_3d_best_u_wall_run5.pth,43d7ba57ad31,2025,
1,12.22,0.0,19,2,0,0,0,2,adaptativo_B3,GNN,u_wall,5.0,results/novelty_adaptativo/week_B_fase3/models/gnn_3d_best_u_wall_run5.pth,43d7ba57ad31,2026,
83,0.74,0.0,0,0,0,0,0,0,adaptativo_B3,GNN,u_wall,7.0,results/novelty_adaptativo/week_B_fase3/models/gnn_3d_best_u_wall_run7.pth,03d6ea06f5df,2024,
89,0.93,0.0,0,0,0,0,0,0,adaptativo_B3,GNN,u_wall,7.0,results/novelty_adaptativo/week_B_fase3/models/gnn_3d_best_u_wall_run7.pth,03d6ea06f5df,2025,
68,0.97,0.0,0,0,0,0,0,0,adaptativo_B3,GNN,u_wall,7.0,results/novelty_adaptativo/week_B_fase3/models/gnn_3d_best_u_wall_run7.pth,03d6ea06f5df,2026,
86,2.98,0.0,0,0,0,0,0,0,adaptativo_B3,GNN,u_wall,6.0,results/novelty_adaptativo/week_B_fase3/models/gnn_3d_best_u_wall_run6.pth,8b95a074e192,2024,
82,2.96,0.0,0,0,0,0,0,0,adaptativo_B3,GNN,u_wall,6.0,results/novelty_adaptativo/week_B_fase3/models/gnn_3d_best_u_wall_run6.pth,8b95a074e192,2025,
82,1.48,0.0,0,0,0,0,0,0,adaptativo_B3,GNN,u_wall,6.0,results/novelty_adaptativo/week_B_fase3/models/gnn_3d_best_u_wall_run6.pth,8b95a074e192,2026,
72,1.44,0.0,0,0,0,0,0,0,adaptativo_B3,GNN,cooperative_door,,results/novelty_adaptativo/week_B_fase3/models/gnn_3d_best_cooperative_door.pth,19ec3fd7215e,2024,
73,0.92,0.0,0,0,0,0,0,0,adaptativo_B3,GNN,cooperative_door,,results/novelty_adaptativo/week_B_fase3/models/gnn_3d_best_cooperative_door.pth,19ec3fd7215e,2025,
71,1.03,0.0,0,0,0,0,0,0,adaptativo_B3,GNN,cooperative_door,,results/novelty_adaptativo/week_B_fase3/models/gnn_3d_best_cooperative_door.pth,19ec3fd7215e,2026,
72,1.44,0.0,0,0,0,0,0,0,adaptativo_B3,GNN,cooperative_door,1.0,results/novelty_adaptativo/week_B_fase3/models/gnn_3d_best_cooperative_door_run1.pth,cc005c6411eb,2024,
73,0.92,0.0,0,0,0,0,0,0,adaptativo_B3,GNN,cooperative_door,1.0,results/novelty_adaptativo/week_B_fase3/models/gnn_3d_best_cooperative_door_run1.pth,cc005c6411eb,2025,
71,1.03,0.0,0,0,0,0,0,0,adaptativo_B3,GNN,cooperative_door,1.0,results/novelty_adaptativo/week_B_fase3/models/gnn_3d_best_cooperative_door_run1.pth,cc005c6411eb,2026,
72,1.63,0.0,0,0,0,0,0,0,adaptativo_B3,GNN,cooperative_door,2.0,results/novelty_adaptativo/week_B_fase3/models/gnn_3d_best_cooperative_door_run2.pth,cec45023a75d,2024,
69,1.06,0.0,0,0,0,0,0,0,adaptativo_B3,GNN,cooperative_door,2.0,results/novelty_adaptativo/week_B_fase3/models/gnn_3d_best_cooperative_door_run2.pth,cec45023a75d,2025,
67,0.98,0.0,0,0,0,0,0,0,adaptativo_B3,GNN,cooperative_door,2.0,results/novelty_adaptativo/week_B_fase3/models/gnn_3d_best_cooperative_door_run2.pth,cec45023a75d,2026,
70,1.25,0.0,0,0,0,0,0,0,adaptativo_B3,GNN,cooperative_door,3.0,results/novelty_adaptativo/week_B_fase3/models/gnn_3d_best_cooperative_door_run3.pth,217d26409466,2024,
69,1.17,0.0,0,0,0,0,0,0,adaptativo_B3,GNN,cooperative_door,3.0,results/novelty_adaptativo/week_B_fase3/models/gnn_3d_best_cooperative_door_run3.pth,217d26409466,2025,
70,1.05,0.0,0,0,0,0,0,0,adaptativo_B3,GNN,cooperative_door,3.0,results/novelty_adaptativo/week_B_fase3/models/gnn_3d_best_cooperative_door_run3.pth,217d26409466,2026,
51,3.51,0.0,0,0,0,0,0,0,adaptativo_B3,GNN,cooperative_door,4.0,results/novelty_adaptativo/week_B_fase3/models/gnn_3d_best_cooperative_door_run4.pth,f7e3a81fb800,2024,
50,3.16,0.0,0,0,0,0,0,0,adaptativo_B3,GNN,cooperative_door,4.0,results/novelty_adaptativo/week_B_fase3/models/gnn_3d_best_cooperative_door_run4.pth,f7e3a81fb800,2025,
48,3.04,0.0,0,0,0,0,0,0,adaptativo_B3,GNN,cooperative_door,4.0,results/novelty_adaptativo/week_B_fase3/models/gnn_3d_best_cooperative_door_run4.pth,f7e3a81fb800,2026,
71,0.91,0.0,0,0,0,0,0,0,adaptativo_B3,GNN,cooperative_door,5.0,results/novelty_adaptativo/week_B_fase3/models/gnn_3d_best_cooperative_door_run5.pth,a80acedef13d,2024,
69,5.31,0.0,0,0,0,0,0,0,adaptativo_B3,GNN,cooperative_door,5.0,results/novelty_adaptativo/week_B_fase3/models/gnn_3d_best_cooperative_door_run5.pth,a80acedef13d,2025,
71,0.91,0.0,0,0,0,0,0,0,adaptativo_B3,GNN,cooperative_door,5.0,results/novelty_adaptativo/week_B_fase3/models/gnn_3d_best_cooperative_door_run5.pth,a80acedef13d,2026,
71,1.95,0.0,0,0,0,0,0,0,adaptativo_B3,GNN,cooperative_door,7.0,results/novelty_adaptativo/week_B_fase3/models/gnn_3d_best_cooperative_door_run7.pth,05374b36e1d8,2024,
71,1.69,0.0,0,0,0,0,0,0,adaptativo_B3,GNN,cooperative_door,7.0,results/novelty_adaptativo/week_B_fase3/models/gnn_3d_best_cooperative_door_run7.pth,05374b36e1d8,2025,
70,1.86,0.0,0,0,0,0,0,0,adaptativo_B3,GNN,cooperative_door,7.0,results/novelty_adaptativo/week_B_fase3/models/gnn_3d_best_cooperative_door_run7.pth,05374b36e1d8,2026,
69,1.2,0.0,0,0,0,0,0,0,adaptativo_B3,GNN,cooperative_door,6.0,results/novelty_adaptativo/week_B_fase3/models/gnn_3d_best_cooperative_door_run6.pth,fcb8237596ce,2024,
67,1.1,0.0,0,0,0,0,0,0,adaptativo_B3,GNN,cooperative_door,6.0,results/novelty_adaptativo/week_B_fase3/models/gnn_3d_best_cooperative_door_run6.pth,fcb8237596ce,2025,
68,1.03,0.0,0,0,0,0,0,0,adaptativo_B3,GNN,cooperative_door,6.0,results/novelty_adaptativo/week_B_fase3/models/gnn_3d_best_cooperative_door_run6.pth,fcb8237596ce,2026,
22,9.47,0.0,0,0,0,0,0,0,adaptativo_B3,GNN,cooperative_perception,,results/novelty_adaptativo/week_B_fase3/models/gnn_3d_best_cooperative_perception.pth,d68d08be1f6e,2024,
27,10.18,0.0,0,0,0,0,0,0,adaptativo_B3,GNN,cooperative_perception,,results/novelty_adaptativo/week_B_fase3/models/gnn_3d_best_cooperative_perception.pth,d68d08be1f6e,2025,
24,10.08,0.0,0,0,0,0,0,0,adaptativo_B3,GNN,cooperative_perception,,results/novelty_adaptativo/week_B_fase3/models/gnn_3d_best_cooperative_perception.pth,d68d08be1f6e,2026,
21,9.54,0.0,0,0,0,0,0,0,adaptativo_B3,GNN,cooperative_perception,1.0,results/novelty_adaptativo/week_B_fase3/models/gnn_3d_best_cooperative_perception_run1.pth,b14dc884b8c3,2024,
21,10.27,0.0,0,0,0,0,0,0,adaptativo_B3,GNN,cooperative_perception,1.0,results/novelty_adaptativo/week_B_fase3/models/gnn_3d_best_cooperative_perception_run1.pth,b14dc884b8c3,2025,
19,10.15,0.0,0,0,0,0,0,0,adaptativo_B3,GNN,cooperative_perception,1.0,results/novelty_adaptativo/week_B_fase3/models/gnn_3d_best_cooperative_perception_run1.pth,b14dc884b8c3,2026,
18,9.56,0.0,0,0,0,0,0,0,adaptativo_B3,GNN,cooperative_perception,2.0,results/novelty_adaptativo/week_B_fase3/models/gnn_3d_best_cooperative_perception_run2.pth,36b2a08b5c3c,2024,
20,11.7,0.0,0,0,0,0,0,0,adaptativo_B3,GNN,cooperative_perception,2.0,results/novelty_adaptativo/week_B_fase3/models/gnn_3d_best_cooperative_perception_run2.pth,36b2a08b5c3c,2025,
21,10.13,0.0,0,0,0,0,0,0,adaptativo_B3,GNN,cooperative_perception,2.0,results/novelty_adaptativo/week_B_fase3/models/gnn_3d_best_cooperative_perception_run2.pth,36b2a08b5c3c,2026,
22,9.47,0.0,0,0,0,0,0,0,adaptativo_B3,GNN,cooperative_perception,3.0,results/novelty_adaptativo/week_B_fase3/models/gnn_3d_best_cooperative_perception_run3.pth,edab5ec85805,2024,
27,10.18,0.0,0,0,0,0,0,0,adaptativo_B3,GNN,cooperative_perception,3.0,results/novelty_adaptativo/week_B_fase3/models/gnn_3d_best_cooperative_perception_run3.pth,edab5ec85805,2025,
24,10.08,0.0,0,0,0,0,0,0,adaptativo_B3,GNN,cooperative_perception,3.0,results/novelty_adaptativo/week_B_fase3/models/gnn_3d_best_cooperative_perception_run3.pth,edab5ec85805,2026,
7,10.72,0.0,0,0,0,0,0,0,adaptativo_B3,GNN,cooperative_perception,4.0,results/novelty_adaptativo/week_B_fase3/models/gnn_3d_best_cooperative_perception_run4.pth,fb4e86b7eaca,2024,
6,10.48,0.0,0,0,0,0,0,0,adaptativo_B3,GNN,cooperative_perception,4.0,results/novelty_adaptativo/week_B_fase3/models/gnn_3d_best_cooperative_perception_run4.pth,fb4e86b7eaca,2025,
6,10.46,0.0,0,0,0,0,0,0,adaptativo_B3,GNN,cooperative_perception,4.0,results/novelty_adaptativo/week_B_fase3/models/gnn_3d_best_cooperative_perception_run4.pth,fb4e86b7eaca,2026,
16,9.51,0.0,0,0,0,0,0,0,adaptativo_B3,GNN,cooperative_perception,5.0,results/novelty_adaptativo/week_B_fase3/models/gnn_3d_best_cooperative_perception_run5.pth,3ed1d21fe7de,2024,
22,10.25,0.0,0,0,0,0,0,0,adaptativo_B3,GNN,cooperative_perception,5.0,results/novelty_adaptativo/week_B_fase3/models/gnn_3d_best_cooperative_perception_run5.pth,3ed1d21fe7de,2025,
16,10.14,0.0,0,0,0,0,0,0,adaptativo_B3,GNN,cooperative_perception,5.0,results/novelty_adaptativo/week_B_fase3/models/gnn_3d_best_cooperative_perception_run5.pth,3ed1d21fe7de,2026,
3,10.44,0.0,0,0,0,0,0,0,adaptativo_B3,GNN,cooperative_perception,6.0,results/novelty_adaptativo/week_B_fase3/models/gnn_3d_best_cooperative_perception_run6.pth,2e41354675a3,2024,
4,10.35,0.0,0,0,0,0,0,0,adaptativo_B3,GNN,cooperative_perception,6.0,results/novelty_adaptativo/week_B_fase3/models/gnn_3d_best_cooperative_perception_run6.pth,2e41354675a3,2025,
0,10.26,0.0,0,0,0,0,0,0,adaptativo_B3,GNN,cooperative_perception,6.0,results/novelty_adaptativo/week_B_fase3/models/gnn_3d_best_cooperative_perception_run6.pth,2e41354675a3,2026,
3,10.44,0.0,0,0,0,0,0,0,adaptativo_B3,GNN,cooperative_perception,7.0,results/novelty_adaptativo/week_B_fase3/models/gnn_3d_best_cooperative_perception_run7.pth,788fc577d91e,2024,
4,10.36,0.0,0,0,0,0,0,0,adaptativo_B3,GNN,cooperative_perception,7.0,results/novelty_adaptativo/week_B_fase3/models/gnn_3d_best_cooperative_perception_run7.pth,788fc577d91e,2025,
0,10.27,0.0,0,0,0,0,0,0,adaptativo_B3,GNN,cooperative_perception,7.0,results/novelty_adaptativo/week_B_fase3/models/gnn_3d_best_cooperative_perception_run7.pth,788fc577d91e,2026,
93,0.87,0.0,0,0,0,0,0,0,adaptativo_B3,GNN,cooperative_door_bypass,,results/novelty_adaptativo/week_B_fase3/models/gnn_3d_best_cooperative_door_bypass.pth,ca9d074f2954,2024,
93,0.83,0.0,0,0,0,0,0,0,adaptativo_B3,GNN,cooperative_door_bypass,,results/novelty_adaptativo/week_B_fase3/models/gnn_3d_best_cooperative_door_bypass.pth,ca9d074f2954,2025,
90,0.92,0.0,0,0,0,0,0,0,adaptativo_B3,GNN,cooperative_door_bypass,,results/novelty_adaptativo/week_B_fase3/models/gnn_3d_best_cooperative_door_bypass.pth,ca9d074f2954,2026,
92,2.05,0.0,0,0,0,0,0,0,adaptativo_B3,GNN,cooperative_door_bypass,1.0,results/novelty_adaptativo/week_B_fase3/models/gnn_3d_best_cooperative_door_bypass_run1.pth,601b998c9f75,2024,
91,2.71,0.0,0,0,0,0,0,0,adaptativo_B3,GNN,cooperative_door_bypass,1.0,results/novelty_adaptativo/week_B_fase3/models/gnn_3d_best_cooperative_door_bypass_run1.pth,601b998c9f75,2025,
90,1.92,0.0,0,0,0,0,0,0,adaptativo_B3,GNN,cooperative_door_bypass,1.0,results/novelty_adaptativo/week_B_fase3/models/gnn_3d_best_cooperative_door_bypass_run1.pth,601b998c9f75,2026,
91,0.84,0.0,0,0,0,0,0,0,adaptativo_B3,GNN,cooperative_door_bypass,2.0,results/novelty_adaptativo/week_B_fase3/models/gnn_3d_best_cooperative_door_bypass_run2.pth,57ccea8b0ef9,2024,
92,1.12,0.0,0,0,0,0,0,0,adaptativo_B3,GNN,cooperative_door_bypass,2.0,results/novelty_adaptativo/week_B_fase3/models/gnn_3d_best_cooperative_door_bypass_run2.pth,57ccea8b0ef9,2025,
91,0.84,0.0,0,0,0,0,0,0,adaptativo_B3,GNN,cooperative_door_bypass,2.0,results/novelty_adaptativo/week_B_fase3/models/gnn_3d_best_cooperative_door_bypass_run2.pth,57ccea8b0ef9,2026,
91,0.99,0.0,0,0,0,0,0,0,adaptativo_B3,GNN,cooperative_door_bypass,3.0,results/novelty_adaptativo/week_B_fase3/models/gnn_3d_best_cooperative_door_bypass_run3.pth,c2668ab552be,2024,
89,1.26,0.0,0,0,0,0,0,0,adaptativo_B3,GNN,cooperative_door_bypass,3.0,results/novelty_adaptativo/week_B_fase3/models/gnn_3d_best_cooperative_door_bypass_run3.pth,c2668ab552be,2025,
88,1.1,0.0,0,0,0,0,0,0,adaptativo_B3,GNN,cooperative_door_bypass,3.0,results/novelty_adaptativo/week_B_fase3/models/gnn_3d_best_cooperative_door_bypass_run3.pth,c2668ab552be,2026,
91,1.53,0.0,0,0,0,0,0,0,adaptativo_B3,GNN,cooperative_door_bypass,4.0,results/novelty_adaptativo/week_B_fase3/models/gnn_3d_best_cooperative_door_bypass_run4.pth,2ef6329f5324,2024,
90,1.48,0.0,0,0,0,0,0,0,adaptativo_B3,GNN,cooperative_door_bypass,4.0,results/novelty_adaptativo/week_B_fase3/models/gnn_3d_best_cooperative_door_bypass_run4.pth,2ef6329f5324,2025,
90,1.38,0.0,0,0,0,0,0,0,adaptativo_B3,GNN,cooperative_door_bypass,4.0,results/novelty_adaptativo/week_B_fase3/models/gnn_3d_best_cooperative_door_bypass_run4.pth,2ef6329f5324,2026,
88,1.6,0.0,0,0,0,0,0,0,adaptativo_B3,GNN,cooperative_door_bypass,5.0,results/novelty_adaptativo/week_B_fase3/models/gnn_3d_best_cooperative_door_bypass_run5.pth,7cdfcb66a9f3,2024,
94,0.98,0.0,0,0,0,0,0,0,adaptativo_B3,GNN,cooperative_door_bypass,5.0,results/novelty_adaptativo/week_B_fase3/models/gnn_3d_best_cooperative_door_bypass_run5.pth,7cdfcb66a9f3,2025,
91,1.42,0.0,0,0,0,0,0,0,adaptativo_B3,GNN,cooperative_door_bypass,5.0,results/novelty_adaptativo/week_B_fase3/models/gnn_3d_best_cooperative_door_bypass_run5.pth,7cdfcb66a9f3,2026,
93,0.87,0.0,0,0,0,0,0,0,adaptativo_B3,GNN,cooperative_door_bypass,6.0,results/novelty_adaptativo/week_B_fase3/models/gnn_3d_best_cooperative_door_bypass_run6.pth,d6e60f71f570,2024,
93,0.83,0.0,0,0,0,0,0,0,adaptativo_B3,GNN,cooperative_door_bypass,6.0,results/novelty_adaptativo/week_B_fase3/models/gnn_3d_best_cooperative_door_bypass_run6.pth,d6e60f71f570,2025,
90,0.92,0.0,0,0,0,0,0,0,adaptativo_B3,GNN,cooperative_door_bypass,6.0,results/novelty_adaptativo/week_B_fase3/models/gnn_3d_best_cooperative_door_bypass_run6.pth,d6e60f71f570,2026,
91,7.23,0.0,0,0,0,0,0,0,adaptativo_B3,GNN,cooperative_door_bypass,7.0,results/novelty_adaptativo/week_B_fase3/models/gnn_3d_best_cooperative_door_bypass_run7.pth,e962ef27e45e,2024,
90,1.61,0.0,0,0,0,0,0,0,adaptativo_B3,GNN,cooperative_door_bypass,7.0,results/novelty_adaptativo/week_B_fase3/models/gnn_3d_best_cooperative_door_bypass_run7.pth,e962ef27e45e,2025,
90,0.78,0.0,0,0,0,0,0,0,adaptativo_B3,GNN,cooperative_door_bypass,7.0,results/novelty_adaptativo/week_B_fase3/models/gnn_3d_best_cooperative_door_bypass_run7.pth,e962ef27e45e,2026,
66,11.17,0.0,0,0,0,0,0,0,mega_A1,GNN,none,,results/mega_1mes/mega_A_fase1/models/gnn_3d_best.pth,dea28a825099,2024,
64,11.51,0.0,0,0,0,0,0,0,mega_A1,GNN,none,,results/mega_1mes/mega_A_fase1/models/gnn_3d_best.pth,dea28a825099,2025,
66,11.25,0.0,0,0,0,0,0,0,mega_A1,GNN,none,,results/mega_1mes/mega_A_fase1/models/gnn_3d_best.pth,dea28a825099,2026,
60,10.18,0.0,0,0,0,0,0,0,mega_A1,GNN,none,1.0,results/mega_1mes/mega_A_fase1/models/gnn_3d_best_run1.pth,c8f26293554b,2024,
63,11.41,0.0,0,0,0,0,0,0,mega_A1,GNN,none,1.0,results/mega_1mes/mega_A_fase1/models/gnn_3d_best_run1.pth,c8f26293554b,2025,
64,11.21,0.0,0,0,0,0,0,0,mega_A1,GNN,none,1.0,results/mega_1mes/mega_A_fase1/models/gnn_3d_best_run1.pth,c8f26293554b,2026,
59,11.17,0.0,0,0,0,0,0,0,mega_A1,GNN,none,2.0,results/mega_1mes/mega_A_fase1/models/gnn_3d_best_run2.pth,15a8bcbf9e24,2024,
64,10.62,0.0,0,0,0,0,0,0,mega_A1,GNN,none,2.0,results/mega_1mes/mega_A_fase1/models/gnn_3d_best_run2.pth,15a8bcbf9e24,2025,
65,11.21,0.0,0,0,0,0,0,0,mega_A1,GNN,none,2.0,results/mega_1mes/mega_A_fase1/models/gnn_3d_best_run2.pth,15a8bcbf9e24,2026,
13,11.17,0.0,0,0,0,0,0,0,mega_A1,GNN,none,3.0,results/mega_1mes/mega_A_fase1/models/gnn_3d_best_run3.pth,526da019ee6f,2024,
14,11.41,0.0,0,0,0,0,0,0,mega_A1,GNN,none,3.0,results/mega_1mes/mega_A_fase1/models/gnn_3d_best_run3.pth,526da019ee6f,2025,
17,11.08,0.0,0,0,0,0,0,0,mega_A1,GNN,none,3.0,results/mega_1mes/mega_A_fase1/models/gnn_3d_best_run3.pth,526da019ee6f,2026,
66,11.17,0.0,0,0,0,0,0,0,mega_A1,GNN,none,4.0,results/mega_1mes/mega_A_fase1/models/gnn_3d_best_run4.pth,1558d14338c9,2024,
64,11.51,0.0,0,0,0,0,0,0,mega_A1,GNN,none,4.0,results/mega_1mes/mega_A_fase1/models/gnn_3d_best_run4.pth,1558d14338c9,2025,
66,11.25,0.0,0,0,0,0,0,0,mega_A1,GNN,none,4.0,results/mega_1mes/mega_A_fase1/models/gnn_3d_best_run4.pth,1558d14338c9,2026,
69,11.17,0.0,0,0,0,0,0,0,mega_A1,GNN,none,5.0,results/mega_1mes/mega_A_fase1/models/gnn_3d_best_run5.pth,e0a182197560,2024,
67,11.63,0.0,0,0,0,0,0,0,mega_A1,GNN,none,5.0,results/mega_1mes/mega_A_fase1/models/gnn_3d_best_run5.pth,e0a182197560,2025,
65,10.6,0.0,0,0,0,0,0,0,mega_A1,GNN,none,5.0,results/mega_1mes/mega_A_fase1/models/gnn_3d_best_run5.pth,e0a182197560,2026,
64,11.17,0.0,0,0,0,0,0,0,mega_A1,GNN,none,6.0,results/mega_1mes/mega_A_fase1/models/gnn_3d_best_run6.pth,398935eab201,2024,
70,11.51,0.0,0,0,0,0,0,0,mega_A1,GNN,none,6.0,results/mega_1mes/mega_A_fase1/models/gnn_3d_best_run6.pth,398935eab201,2025,
60,11.21,0.0,0,0,0,0,0,0,mega_A1,GNN,none,6.0,results/mega_1mes/mega_A_fase1/models/gnn_3d_best_run6.pth,398935eab201,2026,
0,8.57,0.0,0,0,0,0,0,0,mega_A1,GNN,none,7.0,results/mega_1mes/mega_A_fase1/models/gnn_3d_best_run7.pth,dcfe7b481ec4,2024,
0,8.53,0.0,0,0,0,0,0,0,mega_A1,GNN,none,7.0,results/mega_1mes/mega_A_fase1/models/gnn_3d_best_run7.pth,dcfe7b481ec4,2025,
1,9.01,0.0,0,0,0,0,0,0,mega_A1,GNN,none,7.0,results/mega_1mes/mega_A_fase1/models/gnn_3d_best_run7.pth,dcfe7b481ec4,2026,
82,9.98,0.0,0,0,0,0,0,0,mega_A1,GNN,u_wall,,results/mega_1mes/mega_A_fase1/models/gnn_3d_best_u_wall.pth,27b7970b0b9d,2024,
77,11.68,0.0,0,0,0,0,0,0,mega_A1,GNN,u_wall,,results/mega_1mes/mega_A_fase1/models/gnn_3d_best_u_wall.pth,27b7970b0b9d,2025,
81,6.07,0.0,0,0,0,0,0,0,mega_A1,GNN,u_wall,,results/mega_1mes/mega_A_fase1/models/gnn_3d_best_u_wall.pth,27b7970b0b9d,2026,
57,1.43,0.0,0,0,0,0,0,0,mega_A1,GNN,u_wall,1.0,results/mega_1mes/mega_A_fase1/models/gnn_3d_best_u_wall_run1.pth,a220728b79e2,2024,
53,1.26,0.0,8,1,6,0,1,0,mega_A1,GNN,u_wall,1.0,results/mega_1mes/mega_A_fase1/models/gnn_3d_best_u_wall_run1.pth,a220728b79e2,2025,
54,1.4,0.0,0,0,0,0,0,0,mega_A1,GNN,u_wall,1.0,results/mega_1mes/mega_A_fase1/models/gnn_3d_best_u_wall_run1.pth,a220728b79e2,2026,
81,2.76,0.0,0,0,0,0,0,0,mega_A1,GNN,u_wall,10.0,results/mega_1mes/mega_A_fase1/models/gnn_3d_best_u_wall_run10.pth,a17a371ae6c0,2024,
82,2.44,0.0,0,0,0,0,0,0,mega_A1,GNN,u_wall,10.0,results/mega_1mes/mega_A_fase1/models/gnn_3d_best_u_wall_run10.pth,a17a371ae6c0,2025,
78,11.75,0.0,0,0,0,0,0,0,mega_A1,GNN,u_wall,10.0,results/mega_1mes/mega_A_fase1/models/gnn_3d_best_u_wall_run10.pth,a17a371ae6c0,2026,
85,2.48,0.0,0,0,0,0,0,0,mega_A1,GNN,u_wall,11.0,results/mega_1mes/mega_A_fase1/models/gnn_3d_best_u_wall_run11.pth,f597fab4b205,2024,
80,5.05,0.0,0,0,0,0,0,0,mega_A1,GNN,u_wall,11.0,results/mega_1mes/mega_A_fase1/models/gnn_3d_best_u_wall_run11.pth,f597fab4b205,2025,
80,7.23,0.0,0,0,0,0,0,0,mega_A1,GNN,u_wall,11.0,results/mega_1mes/mega_A_fase1/models/gnn_3d_best_u_wall_run11.pth,f597fab4b205,2026,
74,5.34,0.0,0,0,0,0,0,0,mega_A1,GNN,u_wall,12.0,results/mega_1mes/mega_A_fase1/models/gnn_3d_best_u_wall_run12.pth,cfe11c4c8b16,2024,
62,5.93,0.0,0,0,0,0,0,0,mega_A1,GNN,u_wall,12.0,results/mega_1mes/mega_A_fase1/models/gnn_3d_best_u_wall_run12.pth,cfe11c4c8b16,2025,
68,5.54,0.0,0,0,0,0,0,0,mega_A1,GNN,u_wall,12.0,results/mega_1mes/mega_A_fase1/models/gnn_3d_best_u_wall_run12.pth,cfe11c4c8b16,2026,
47,2.13,0.0,0,0,0,0,0,0,mega_A1,GNN,u_wall,13.0,results/mega_1mes/mega_A_fase1/models/gnn_3d_best_u_wall_run13.pth,6dc632f16817,2024,
51,1.84,0.0,0,0,0,0,0,0,mega_A1,GNN,u_wall,13.0,results/mega_1mes/mega_A_fase1/models/gnn_3d_best_u_wall_run13.pth,6dc632f16817,2025,
46,1.72,0.0,0,0,0,0,0,0,mega_A1,GNN,u_wall,13.0,results/mega_1mes/mega_A_fase1/models/gnn_3d_best_u_wall_run13.pth,6dc632f16817,2026,
77,13.25,0.0,0,0,0,0,0,0,mega_A1,GNN,u_wall,14.0,results/mega_1mes/mega_A_fase1/models/gnn_3d_best_u_wall_run14.pth,da80568d54e6,2024,
85,3.3,0.0,0,0,0,0,0,0,mega_A1,GNN,u_wall,14.0,results/mega_1mes/mega_A_fase1/models/gnn_3d_best_u_wall_run14.pth,da80568d54e6,2025,
79,2.31,0.0,0,0,0,0,0,0,mega_A1,GNN,u_wall,14.0,results/mega_1mes/mega_A_fase1/models/gnn_3d_best_u_wall_run14.pth,da80568d54e6,2026,
75,2.03,0.0,0,0,0,0,0,0,mega_A1,GNN,u_wall,15.0,results/mega_1mes/mega_A_fase1/models/gnn_3d_best_u_wall_run15.pth,428353ee9896,2024,
71,2.2,0.0,0,0,0,0,0,0,mega_A1,GNN,u_wall,15.0,results/mega_1mes/mega_A_fase1/models/gnn_3d_best_u_wall_run15.pth,428353ee9896,2025,
80,2.06,0.0,0,0,0,0,0,0,mega_A1,GNN,u_wall,15.0,results/mega_1mes/mega_A_fase1/models/gnn_3d_best_u_wall_run15.pth,428353ee9896,2026,
81,1.97,0.0,0,0,0,0,0,0,mega_A1,GNN,u_wall,16.0,results/mega_1mes/mega_A_fase1/models/gnn_3d_best_u_wall_run16.pth,735bc11cd350,2024,
75,4.29,0.0,0,0,0,0,0,0,mega_A1,GNN,u_wall,16.0,results/mega_1mes/mega_A_fase1/models/gnn_3d_best_u_wall_run16.pth,735bc11cd350,2025,
77,6.27,0.0,0,0,0,0,0,0,mega_A1,GNN,u_wall,16.0,results/mega_1mes/mega_A_fase1/models/gnn_3d_best_u_wall_run16.pth,735bc11cd350,2026,
70,4.78,0.0,0,0,0,0,0,0,mega_A1,GNN,u_wall,17.0,results/mega_1mes/mega_A_fase1/models/gnn_3d_best_u_wall_run17.pth,662bcdac0ac1,2024,
76,2.27,0.0,0,0,0,0,0,0,mega_A1,GNN,u_wall,17.0,results/mega_1mes/mega_A_fase1/models/gnn_3d_best_u_wall_run17.pth,662bcdac0ac1,2025,
66,2.14,0.0,0,0,0,0,0,0,mega_A1,GNN,u_wall,17.0,results/mega_1mes/mega_A_fase1/models/gnn_3d_best_u_wall_run17.pth,662bcdac0ac1,2026,
67,2.04,0.0,0,0,0,0,0,0,mega_A1,GNN,u_wall,18.0,results/mega_1mes/mega_A_fase1/models/gnn_3d_best_u_wall_run18.pth,2889872715c5,2024,
62,2.36,0.0,0,0,0,0,0,0,mega_A1,GNN,u_wall,18.0,results/mega_1mes/mega_A_fase1/models/gnn_3d_best_u_wall_run18.pth,2889872715c5,2025,
61,1.73,0.0,0,0,0,0,0,0,mega_A1,GNN,u_wall,18.0,results/mega_1mes/mega_A_fase1/models/gnn_3d_best_u_wall_run18.pth,2889872715c5,2026,
52,1.54,0.0,0,0,0,0,0,0,mega_A1,GNN,u_wall,19.0,results/mega_1mes/mega_A_fase1/models/gnn_3d_best_u_wall_run19.pth,6b87d70f2e1a,2024,
54,0.95,0.0,0,0,0,0,0,0,mega_A1,GNN,u_wall,19.0,results/mega_1mes/mega_A_fase1/models/gnn_3d_best_u_wall_run19.pth,6b87d70f2e1a,2025,
51,1.52,0.0,0,0,0,0,0,0,mega_A1,GNN,u_wall,19.0,results/mega_1mes/mega_A_fase1/models/gnn_3d_best_u_wall_run19.pth,6b87d70f2e1a,2026,
82,1.67,0.0,0,0,0,0,0,0,mega_A1,GNN,u_wall,2.0,results/mega_1mes/mega_A_fase1/models/gnn_3d_best_u_wall_run2.pth,f8fd1fe04b64,2024,
76,2.4,0.0,0,0,0,0,0,0,mega_A1,GNN,u_wall,2.0,results/mega_1mes/mega_A_fase1/models/gnn_3d_best_u_wall_run2.pth,f8fd1fe04b64,2025,
77,3.05,0.0,0,0,0,0,0,0,mega_A1,GNN,u_wall,2.0,results/mega_1mes/mega_A_fase1/models/gnn_3d_best_u_wall_run2.pth,f8fd1fe04b64,2026,
57,4.06,0.0,0,0,0,0,0,0,mega_A1,GNN,u_wall,20.0,results/mega_1mes/mega_A_fase1/models/gnn_3d_best_u_wall_run20.pth,0cb96cfe3a54,2024,
53,4.0,0.0,0,0,0,0,0,0,mega_A1,GNN,u_wall,20.0,results/mega_1mes/mega_A_fase1/models/gnn_3d_best_u_wall_run20.pth,0cb96cfe3a54,2025,
53,7.04,0.0,0,0,0,0,0,0,mega_A1,GNN,u_wall,20.0,results/mega_1mes/mega_A_fase1/models/gnn_3d_best_u_wall_run20.pth,0cb96cfe3a54,2026,
30,5.88,0.0,0,0,0,0,0,0,mega_A1,GNN,u_wall,21.0,results/mega_1mes/mega_A_fase1/models/gnn_3d_best_u_wall_run21.pth,59c29677844f,2024,
28,4.03,0.0,0,0,0,0,0,0,mega_A1,GNN,u_wall,21.0,results/mega_1mes/mega_A_fase1/models/gnn_3d_best_u_wall_run21.pth,59c29677844f,2025,
35,4.49,0.0,0,0,0,0,0,0,mega_A1,GNN,u_wall,21.0,results/mega_1mes/mega_A_fase1/models/gnn_3d_best_u_wall_run21.pth,59c29677844f,2026,
71,1.26,0.0,0,0,0,0,0,0,mega_A1,GNN,u_wall,22.0,results/mega_1mes/mega_A_fase1/models/gnn_3d_best_u_wall_run22.pth,8deb592ede5e,2024,
76,1.13,0.0,0,0,0,0,0,0,mega_A1,GNN,u_wall,22.0,results/mega_1mes/mega_A_fase1/models/gnn_3d_best_u_wall_run22.pth,8deb592ede5e,2025,
70,2.25,0.0,0,0,0,0,0,0,mega_A1,GNN,u_wall,22.0,results/mega_1mes/mega_A_fase1/models/gnn_3d_best_u_wall_run22.pth,8deb592ede5e,2026,
53,13.39,0.0,0,0,0,0,0,0,mega_A1,GNN,u_wall,23.0,results/mega_1mes/mega_A_fase1/models/gnn_3d_best_u_wall_run23.pth,bd92d1629bcc,2024,
53,5.47,0.0,0,0,0,0,0,0,mega_A1,GNN,u_wall,23.0,results/mega_1mes/mega_A_fase1/models/gnn_3d_best_u_wall_run23.pth,bd92d1629bcc,2025,
45,13.57,0.0,0,0,0,0,0,0,mega_A1,GNN,u_wall,23.0,results/mega_1mes/mega_A_fase1/models/gnn_3d_best_u_wall_run23.pth,bd92d1629bcc,2026,
70,1.18,0.0,0,0,0,0,0,0,mega_A1,GNN,u_wall,24.0,results/mega_1mes/mega_A_fase1/models/gnn_3d_best_u_wall_run24.pth,020f8f61cb31,2024,
72,1.14,0.0,0,0,0,0,0,0,mega_A1,GNN,u_wall,24.0,results/mega_1mes/mega_A_fase1/models/gnn_3d_best_u_wall_run24.pth,020f8f61cb31,2025,
70,1.07,0.0,0,0,0,0,0,0,mega_A1,GNN,u_wall,24.0,results/mega_1mes/mega_A_fase1/models/gnn_3d_best_u_wall_run24.pth,020f8f61cb31,2026,
52,1.43,0.0,0,0,0,0,0,0,mega_A1,GNN,u_wall,25.0,results/mega_1mes/mega_A_fase1/models/gnn_3d_best_u_wall_run25.pth,e562dcb5464a,2024,
50,1.28,0.0,0,0,0,0,0,0,mega_A1,GNN,u_wall,25.0,results/mega_1mes/mega_A_fase1/models/gnn_3d_best_u_wall_run25.pth,e562dcb5464a,2025,
48,1.62,0.0,0,0,0,0,0,0,mega_A1,GNN,u_wall,25.0,results/mega_1mes/mega_A_fase1/models/gnn_3d_best_u_wall_run25.pth,e562dcb5464a,2026,
80,3.71,0.0,0,0,0,0,0,0,mega_A1,GNN,u_wall,26.0,results/mega_1mes/mega_A_fase1/models/gnn_3d_best_u_wall_run26.pth,c30ab6e15dd7,2024,
74,14.4,0.06,0,0,0,0,0,0,mega_A1,GNN,u_wall,26.0,results/mega_1mes/mega_A_fase1/models/gnn_3d_best_u_wall_run26.pth,c30ab6e15dd7,2025,
60,14.31,0.044,0,0,0,0,0,0,mega_A1,GNN,u_wall,26.0,results/mega_1mes/mega_A_fase1/models/gnn_3d_best_u_wall_run26.pth,c30ab6e15dd7,2026,
72,11.3,0.0,1,1,0,0,0,1,mega_A1,GNN,u_wall,27.0,results/mega_1mes/mega_A_fase1/models/gnn_3d_best_u_wall_run27.pth,b97c1e58eac9,2024,
71,10.53,0.0,0,0,0,0,0,0,mega_A1,GNN,u_wall,27.0,results/mega_1mes/mega_A_fase1/models/gnn_3d_best_u_wall_run27.pth,b97c1e58eac9,2025,
73,8.05,0.0,0,0,0,0,0,0,mega_A1,GNN,u_wall,27.0,results/mega_1mes/mega_A_fase1/models/gnn_3d_best_u_wall_run27.pth,b97c1e58eac9,2026,
79,1.63,0.0,0,0,0,0,0,0,mega_A1,GNN,u_wall,28.0,results/mega_1mes/mega_A_fase1/models/gnn_3d_best_u_wall_run28.pth,a6ea33c76ce8,2024,
71,2.02,0.0,0,0,0,0,0,0,mega_A1,GNN,u_wall,28.0,results/mega_1mes/mega_A_fase1/models/gnn_3d_best_u_wall_run28.pth,a6ea33c76ce8,2025,
66,2.33,0.0,0,0,0,0,0,0,mega_A1,GNN,u_wall,28.0,results/mega_1mes/mega_A_fase1/models/gnn_3d_best_u_wall_run28.pth,a6ea33c76ce8,2026,
74,4.42,0.0,0,0,0,0,0,0,mega_A1,GNN,u_wall,3.0,results/mega_1mes/mega_A_fase1/models/gnn_3d_best_u_wall_run3.pth,b249aef760f1,2024,
79,1.38,0.0,0,0,0,0,0,0,mega_A1,GNN,u_wall,3.0,results/mega_1mes/mega_A_fase1/models/gnn_3d_best_u_wall_run3.pth,b249aef760f1,2025,
68,7.47,0.0,0,0,0,0,0,0,mega_A1,GNN,u_wall,3.0,results/mega_1mes/mega_A_fase1/models/gnn_3d_best_u_wall_run3.pth,b249aef760f1,2026,
81,2.72,0.0,0,0,0,0,0,0,mega_A1,GNN,u_wall,4.0,results/mega_1mes/mega_A_fase1/models/gnn_3d_best_u_wall_run4.pth,b50382e7ddef,2024,
86,1.38,0.0,0,0,0,0,0,0,mega_A1,GNN,u_wall,4.0,results/mega_1mes/mega_A_fase1/models/gnn_3d_best_u_wall_run4.pth,b50382e7ddef,2025,
79,1.59,0.0,0,0,0,0,0,0,mega_A1,GNN,u_wall,4.0,results/mega_1mes/mega_A_fase1/models/gnn_3d_best_u_wall_run4.pth,b50382e7ddef,2026,
58,2.7,0.0,0,0,0,0,0,0,mega_A1,GNN,u_wall,5.0,results/mega_1mes/mega_A_fase1/models/gnn_3d_best_u_wall_run5.pth,b72c1cf4b271,2024,
55,6.0,0.0,0,0,0,0,0,0,mega_A1,GNN,u_wall,5.0,results/mega_1mes/mega_A_fase1/models/gnn_3d_best_u_wall_run5.pth,b72c1cf4b271,2025,
53,6.13,0.0,0,0,0,0,0,0,mega_A1,GNN,u_wall,5.0,results/mega_1mes/mega_A_fase1/models/gnn_3d_best_u_wall_run5.pth,b72c1cf4b271,2026,
61,2.52,0.0,0,0,0,0,0,0,mega_A1,GNN,u_wall,7.0,results/mega_1mes/mega_A_fase1/models/gnn_3d_best_u_wall_run7.pth,9e2c2aa3fd8f,2024,
64,1.98,0.0,0,0,0,0,0,0,mega_A1,GNN,u_wall,7.0,results/mega_1mes/mega_A_fase1/models/gnn_3d_best_u_wall_run7.pth,9e2c2aa3fd8f,2025,
59,2.9,0.0,0,0,0,0,0,0,mega_A1,GNN,u_wall,7.0,results/mega_1mes/mega_A_fase1/models/gnn_3d_best_u_wall_run7.pth,9e2c2aa3fd8f,2026,
80,4.68,0.0,0,0,0,0,0,0,mega_A1,GNN,u_wall,6.0,results/mega_1mes/mega_A_fase1/models/gnn_3d_best_u_wall_run6.pth,e54c55a20bd3,2024,
77,5.06,0.0,0,0,0,0,0,0,mega_A1,GNN,u_wall,6.0,results/mega_1mes/mega_A_fase1/models/gnn_3d_best_u_wall_run6.pth,e54c55a20bd3,2025,
80,3.94,0.0,0,0,0,0,0,0,mega_A1,GNN,u_wall,6.0,results/mega_1mes/mega_A_fase1/models/gnn_3d_best_u_wall_run6.pth,e54c55a20bd3,2026,
79,2.25,0.0,0,0,0,0,0,0,mega_A1,GNN,u_wall,8.0,results/mega_1mes/mega_A_fase1/models/gnn_3d_best_u_wall_run8.pth,e182e7276274,2024,
77,2.33,0.0,0,0,0,0,0,0,mega_A1,GNN,u_wall,8.0,results/mega_1mes/mega_A_fase1/models/gnn_3d_best_u_wall_run8.pth,e182e7276274,2025,
80,3.17,0.0,0,0,0,0,0,0,mega_A1,GNN,u_wall,8.0,results/mega_1mes/mega_A_fase1/models/gnn_3d_best_u_wall_run8.pth,e182e7276274,2026,
82,9.98,0.0,0,0,0,0,0,0,mega_A1,GNN,u_wall,9.0,results/mega_1mes/mega_A_fase1/models/gnn_3d_best_u_wall_run9.pth,0153023498e1,2024,
77,11.68,0.0,0,0,0,0,0,0,mega_A1,GNN,u_wall,9.0,results/mega_1mes/mega_A_fase1/models/gnn_3d_best_u_wall_run9.pth,0153023498e1,2025,
81,6.07,0.0,0,0,0,0,0,0,mega_A1,GNN,u_wall,9.0,results/mega_1mes/mega_A_fase1/models/gnn_3d_best_u_wall_run9.pth,0153023498e1,2026,
128,0.58,0.0,0,0,0,0,0,0,mega_A1,GNN,bottleneck,,results/mega_1mes/mega_A_fase1/models/gnn_3d_best_bottleneck.pth,e3129eda9479,2024,
138,0.93,0.0,0,0,0,0,0,0,mega_A1,GNN,bottleneck,,results/mega_1mes/mega_A_fase1/models/gnn_3d_best_bottleneck.pth,e3129eda9479,2025,
131,0.67,0.0,0,0,0,0,0,0,mega_A1,GNN,bottleneck,,results/mega_1mes/mega_A_fase1/models/gnn_3d_best_bottleneck.pth,e3129eda9479,2026,
140,1.1,0.0,0,0,0,0,0,0,mega_A1,GNN,bottleneck,1.0,results/mega_1mes/mega_A_fase1/models/gnn_3d_best_bottleneck_run1.pth,8a69017fd2a5,2024,
132,1.18,0.0,0,0,0,0,0,0,mega_A1,GNN,bottleneck,1.0,results/mega_1mes/mega_A_fase1/models/gnn_3d_best_bottleneck_run1.pth,8a69017fd2a5,2025,
132,0.69,0.0,0,0,0,0,0,0,mega_A1,GNN,bottleneck,1.0,results/mega_1mes/mega_A_fase1/models/gnn_3d_best_bottleneck_run1.pth,8a69017fd2a5,2026,
138,0.61,0.0,0,0,0,0,0,0,mega_A1,GNN,bottleneck,2.0,results/mega_1mes/mega_A_fase1/models/gnn_3d_best_bottleneck_run2.pth,b97f18dd29a6,2024,
140,0.6,0.0,0,0,0,0,0,0,mega_A1,GNN,bottleneck,2.0,results/mega_1mes/mega_A_fase1/models/gnn_3d_best_bottleneck_run2.pth,b97f18dd29a6,2025,
136,0.68,0.0,0,0,0,0,0,0,mega_A1,GNN,bottleneck,2.0,results/mega_1mes/mega_A_fase1/models/gnn_3d_best_bottleneck_run2.pth,b97f18dd29a6,2026,
139,0.7,0.0,0,0,0,0,0,0,mega_A1,GNN,bottleneck,4.0,results/mega_1mes/mega_A_fase1/models/gnn_3d_best_bottleneck_run4.pth,12edfa780d91,2024,
135,0.79,0.0,0,0,0,0,0,0,mega_A1,GNN,bottleneck,4.0,results/mega_1mes/mega_A_fase1/models/gnn_3d_best_bottleneck_run4.pth,12edfa780d91,2025,
135,0.77,0.0,0,0,0,0,0,0,mega_A1,GNN,bottleneck,4.0,results/mega_1mes/mega_A_fase1/models/gnn_3d_best_bottleneck_run4.pth,12edfa780d91,2026,
132,2.48,0.0,0,0,0,0,0,0,mega_A1,GNN,bottleneck,3.0,results/mega_1mes/mega_A_fase1/models/gnn_3d_best_bottleneck_run3.pth,d3fd9f0ae861,2024,
137,2.42,0.0,0,0,0,0,0,0,mega_A1,GNN,bottleneck,3.0,results/mega_1mes/mega_A_fase1/models/gnn_3d_best_bottleneck_run3.pth,d3fd9f0ae861,2025,
135,1.34,0.0,0,0,0,0,0,0,mega_A1,GNN,bottleneck,3.0,results/mega_1mes/mega_A_fase1/models/gnn_3d_best_bottleneck_run3.pth,d3fd9f0ae861,2026,
133,1.06,0.0,0,0,0,0,0,0,mega_A1,GNN,bottleneck,5.0,results/mega_1mes/mega_A_fase1/models/gnn_3d_best_bottleneck_run5.pth,0fee898ae4e1,2024,
127,1.23,0.0,0,0,0,0,0,0,mega_A1,GNN,bottleneck,5.0,results/mega_1mes/mega_A_fase1/models/gnn_3d_best_bottleneck_run5.pth,0fee898ae4e1,2025,
131,1.18,0.0,0,0,0,0,0,0,mega_A1,GNN,bottleneck,5.0,results/mega_1mes/mega_A_fase1/models/gnn_3d_best_bottleneck_run5.pth,0fee898ae4e1,2026,
0,-0.2,0.0,0,0,0,0,0,0,mega_A1,GNN,bottleneck,6.0,results/mega_1mes/mega_A_fase1/models/gnn_3d_best_bottleneck_run6.pth,b178d56e75f5,2024,
0,-0.2,0.0,0,0,0,0,0,0,mega_A1,GNN,bottleneck,6.0,results/mega_1mes/mega_A_fase1/models/gnn_3d_best_bottleneck_run6.pth,b178d56e75f5,2025,
0,4.48,0.0,0,0,0,0,0,0,mega_A1,GNN,bottleneck,6.0,results/mega_1mes/mega_A_fase1/models/gnn_3d_best_bottleneck_run6.pth,b178d56e75f5,2026,
128,0.58,0.0,0,0,0,0,0,0,mega_A1,GNN,bottleneck,7.0,results/mega_1mes/mega_A_fase1/models/gnn_3d_best_bottleneck_run7.pth,cfc0b3a351bf,2024,
138,0.93,0.0,0,0,0,0,0,0,mega_A1,GNN,bottleneck,7.0,results/mega_1mes/mega_A_fase1/models/gnn_3d_best_bottleneck_run7.pth,cfc0b3a351bf,2025,
131,0.67,0.0,0,0,0,0,0,0,mega_A1,GNN,bottleneck,7.0,results/mega_1mes/mega_A_fase1/models/gnn_3d_best_bottleneck_run7.pth,cfc0b3a351bf,2026,
78,14.83,0.854,269,19,17,17,15,4,mega_A1,GNN,four_rooms,,results/mega_1mes/mega_A_fase1/models/gnn_3d_best_four_rooms.pth,c8777f55b691,2024,
70,14.81,0.854,323,19,28,28,18,1,mega_A1,GNN,four_rooms,,results/mega_1mes/mega_A_fase1/models/gnn_3d_best_four_rooms.pth,c8777f55b691,2025,
84,14.83,0.858,276,19,22,22,17,2,mega_A1,GNN,four_rooms,,results/mega_1mes/mega_A_fase1/models/gnn_3d_best_four_rooms.pth,c8777f55b691,2026,
45,11.83,0.0,0,0,0,0,0,0,mega_A1,GNN,four_rooms,1.0,results/mega_1mes/mega_A_fase1/models/gnn_3d_best_four_rooms_run1.pth,3ed241d04642,2024,
48,10.59,0.0,0,0,0,0,0,0,mega_A1,GNN,four_rooms,1.0,results/mega_1mes/mega_A_fase1/models/gnn_3d_best_four_rooms_run1.pth,3ed241d04642,2025,
46,12.99,0.0,0,0,0,0,0,0,mega_A1,GNN,four_rooms,1.0,results/mega_1mes/mega_A_fase1/models/gnn_3d_best_four_rooms_run1.pth,3ed241d04642,2026,
55,1.01,0.0,237,14,13,0,11,3,mega_A1,GNN,four_rooms,2.0,results/mega_1mes/mega_A_fase1/models/gnn_3d_best_four_rooms_run2.pth,4c1cbd456ccd,2024,
52,2.17,0.0,306,18,17,0,15,3,mega_A1,GNN,four_rooms,2.0,results/mega_1mes/mega_A_fase1/models/gnn_3d_best_four_rooms_run2.pth,4c1cbd456ccd,2025,
59,4.3,0.0,290,17,18,0,15,2,mega_A1,GNN,four_rooms,2.0,results/mega_1mes/mega_A_fase1/models/gnn_3d_best_four_rooms_run2.pth,4c1cbd456ccd,2026,
73,1.99,0.0,385,16,17,0,13,3,mega_A1,GNN,four_rooms,3.0,results/mega_1mes/mega_A_fase1/models/gnn_3d_best_four_rooms_run3.pth,3a1a3dcc0d66,2024,
68,1.47,0.0,452,18,22,0,17,1,mega_A1,GNN,four_rooms,3.0,results/mega_1mes/mega_A_fase1/models/gnn_3d_best_four_rooms_run3.pth,3a1a3dcc0d66,2025,
74,1.27,0.0,361,18,17,0,15,3,mega_A1,GNN,four_rooms,3.0,results/mega_1mes/mega_A_fase1/models/gnn_3d_best_four_rooms_run3.pth,3a1a3dcc0d66,2026,
55,3.61,0.0,189,14,11,0,11,3,mega_A1,GNN,four_rooms,4.0,results/mega_1mes/mega_A_fase1/models/gnn_3d_best_four_rooms_run4.pth,54a2a034967b,2024,
55,4.05,0.0,253,16,16,0,15,1,mega_A1,GNN,four_rooms,4.0,results/mega_1mes/mega_A_fase1/models/gnn_3d_best_four_rooms_run4.pth,54a2a034967b,2025,
58,3.61,0.0,198,15,10,0,9,6,mega_A1,GNN,four_rooms,4.0,results/mega_1mes/mega_A_fase1/models/gnn_3d_best_four_rooms_run4.pth,54a2a034967b,2026,
78,14.83,0.854,269,19,17,17,15,4,mega_A1,GNN,four_rooms,5.0,results/mega_1mes/mega_A_fase1/models/gnn_3d_best_four_rooms_run5.pth,6745344761ef,2024,
70,14.81,0.854,323,19,28,28,18,1,mega_A1,GNN,four_rooms,5.0,results/mega_1mes/mega_A_fase1/models/gnn_3d_best_four_rooms_run5.pth,6745344761ef,2025,
84,14.83,0.858,276,19,22,22,17,2,mega_A1,GNN,four_rooms,5.0,results/mega_1mes/mega_A_fase1/models/gnn_3d_best_four_rooms_run5.pth,6745344761ef,2026,
66,11.09,0.0,0,0,0,0,0,0,mega_A1,GNN,four_rooms,6.0,results/mega_1mes/mega_A_fase1/models/gnn_3d_best_four_rooms_run6.pth,ae6a5a200a8f,2024,
67,11.59,0.0,0,0,0,0,0,0,mega_A1,GNN,four_rooms,6.0,results/mega_1mes/mega_A_fase1/models/gnn_3d_best_four_rooms_run6.pth,ae6a5a200a8f,2025,
63,14.13,0.002,0,0,0,0,0,0,mega_A1,GNN,four_rooms,6.0,results/mega_1mes/mega_A_fase1/models/gnn_3d_best_four_rooms_run6.pth,ae6a5a200a8f,2026,
68,0.5,0.0,193,19,0,0,0,19,mega_A1,GNN,four_rooms,7.0,results/mega_1mes/mega_A_fase1/models/gnn_3d_best_four_rooms_run7.pth,40f79e90bc03,2024,
64,3.25,0.0,245,20,0,0,0,20,mega_A1,GNN,four_rooms,7.0,results/mega_1mes/mega_A_fase1/models/gnn_3d_best_four_rooms_run7.pth,40f79e90bc03,2025,
73,5.03,0.0,187,17,0,0,0,17,mega_A1,GNN,four_rooms,7.0,results/mega_1mes/mega_A_fase1/models/gnn_3d_best_four_rooms_run7.pth,40f79e90bc03,2026,
72,0.64,0.0,0,0,0,0,0,0,mega_A1,GNN,cooperative_door,,results/mega_1mes/mega_A_fase1/models/gnn_3d_best_cooperative_door.pth,2b7bca8beabc,2024,
72,3.47,0.0,0,0,0,0,0,0,mega_A1,GNN,cooperative_door,,results/mega_1mes/mega_A_fase1/models/gnn_3d_best_cooperative_door.pth,2b7bca8beabc,2025,
70,1.16,0.0,0,0,0,0,0,0,mega_A1,GNN,cooperative_door,,results/mega_1mes/mega_A_fase1/models/gnn_3d_best_cooperative_door.pth,2b7bca8beabc,2026,
71,0.7,0.0,0,0,0,0,0,0,mega_A1,GNN,cooperative_door,1.0,results/mega_1mes/mega_A_fase1/models/gnn_3d_best_cooperative_door_run1.pth,049e26da1c46,2024,
69,1.45,0.0,0,0,0,0,0,0,mega_A1,GNN,cooperative_door,1.0,results/mega_1mes/mega_A_fase1/models/gnn_3d_best_cooperative_door_run1.pth,049e26da1c46,2025,
70,0.87,0.0,0,0,0,0,0,0,mega_A1,GNN,cooperative_door,1.0,results/mega_1mes/mega_A_fase1/models/gnn_3d_best_cooperative_door_run1.pth,049e26da1c46,2026,
71,2.45,0.0,0,0,0,0,0,0,mega_A1,GNN,cooperative_door,2.0,results/mega_1mes/mega_A_fase1/models/gnn_3d_best_cooperative_door_run2.pth,28a35ad5cf04,2024,
72,1.65,0.0,0,0,0,0,0,0,mega_A1,GNN,cooperative_door,2.0,results/mega_1mes/mega_A_fase1/models/gnn_3d_best_cooperative_door_run2.pth,28a35ad5cf04,2025,
71,1.51,0.0,0,0,0,0,0,0,mega_A1,GNN,cooperative_door,2.0,results/mega_1mes/mega_A_fase1/models/gnn_3d_best_cooperative_door_run2.pth,28a35ad5cf04,2026,
70,0.72,0.0,0,0,0,0,0,0,mega_A1,GNN,cooperative_door,3.0,results/mega_1mes/mega_A_fase1/models/gnn_3d_best_cooperative_door_run3.pth,a2d0674604a0,2024,
70,0.68,0.0,0,0,0,0,0,0,mega_A1,GNN,cooperative_door,3.0,results/mega_1mes/mega_A_fase1/models/gnn_3d_best_cooperative_door_run3.pth,a2d0674604a0,2025,
71,0.59,0.0,0,0,0,0,0,0,mega_A1,GNN,cooperative_door,3.0,results/mega_1mes/mega_A_fase1/models/gnn_3d_best_cooperative_door_run3.pth,a2d0674604a0,2026,
72,0.79,0.0,0,0,0,0,0,0,mega_A1,GNN,cooperative_door,4.0,results/mega_1mes/mega_A_fase1/models/gnn_3d_best_cooperative_door_run4.pth,7710294b85fe,2024,
72,0.67,0.0,0,0,0,0,0,0,mega_A1,GNN,cooperative_door,4.0,results/mega_1mes/mega_A_fase1/models/gnn_3d_best_cooperative_door_run4.pth,7710294b85fe,2025,
70,0.88,0.0,0,0,0,0,0,0,mega_A1,GNN,cooperative_door,4.0,results/mega_1mes/mega_A_fase1/models/gnn_3d_best_cooperative_door_run4.pth,7710294b85fe,2026,
72,1.22,0.0,0,0,0,0,0,0,mega_A1,GNN,cooperative_door,5.0,results/mega_1mes/mega_A_fase1/models/gnn_3d_best_cooperative_door_run5.pth,fc064870796d,2024,
69,3.89,0.0,0,0,0,0,0,0,mega_A1,GNN,cooperative_door,5.0,results/mega_1mes/mega_A_fase1/models/gnn_3d_best_cooperative_door_run5.pth,fc064870796d,2025,
72,1.24,0.0,0,0,0,0,0,0,mega_A1,GNN,cooperative_door,5.0,results/mega_1mes/mega_A_fase1/models/gnn_3d_best_cooperative_door_run5.pth,fc064870796d,2026,
25,9.47,0.0,0,0,0,0,0,0,mega_A1,GNN,cooperative_perception,,results/mega_1mes/mega_A_fase1/models/gnn_3d_best_cooperative_perception.pth,002b04284403,2024,
25,10.17,0.0,0,0,0,0,0,0,mega_A1,GNN,cooperative_perception,,results/mega_1mes/mega_A_fase1/models/gnn_3d_best_cooperative_perception.pth,002b04284403,2025,
24,10.09,0.0,0,0,0,0,0,0,mega_A1,GNN,cooperative_perception,,results/mega_1mes/mega_A_fase1/models/gnn_3d_best_cooperative_perception.pth,002b04284403,2026,
71,0.74,0.0,0,0,0,0,0,0,mega_A1,GNN,cooperative_door,6.0,results/mega_1mes/mega_A_fase1/models/gnn_3d_best_cooperative_door_run6.pth,0570c8f931bd,2024,
71,0.68,0.0,0,0,0,0,0,0,mega_A1,GNN,cooperative_door,6.0,results/mega_1mes/mega_A_fase1/models/gnn_3d_best_cooperative_door_run6.pth,0570c8f931bd,2025,
67,0.61,0.0,0,0,0,0,0,0,mega_A1,GNN,cooperative_door,6.0,results/mega_1mes/mega_A_fase1/models/gnn_3d_best_cooperative_door_run6.pth,0570c8f931bd,2026,
72,0.64,0.0,0,0,0,0,0,0,mega_A1,GNN,cooperative_door,7.0,results/mega_1mes/mega_A_fase1/models/gnn_3d_best_cooperative_door_run7.pth,34771a030956,2024,
72,3.47,0.0,0,0,0,0,0,0,mega_A1,GNN,cooperative_door,7.0,results/mega_1mes/mega_A_fase1/models/gnn_3d_best_cooperative_door_run7.pth,34771a030956,2025,
70,1.16,0.0,0,0,0,0,0,0,mega_A1,GNN,cooperative_door,7.0,results/mega_1mes/mega_A_fase1/models/gnn_3d_best_cooperative_door_run7.pth,34771a030956,2026,
23,9.54,0.0,0,0,0,0,0,0,mega_A1,GNN,cooperative_perception,1.0,results/mega_1mes/mega_A_fase1/models/gnn_3d_best_cooperative_perception_run1.pth,b9eceb6c8d4e,2024,
20,10.32,0.0,0,0,0,0,0,0,mega_A1,GNN,cooperative_perception,1.0,results/mega_1mes/mega_A_fase1/models/gnn_3d_best_cooperative_perception_run1.pth,b9eceb6c8d4e,2025,
16,10.17,0.0,0,0,0,0,0,0,mega_A1,GNN,cooperative_perception,1.0,results/mega_1mes/mega_A_fase1/models/gnn_3d_best_cooperative_perception_run1.pth,b9eceb6c8d4e,2026,
17,9.51,0.0,0,0,0,0,0,0,mega_A1,GNN,cooperative_perception,2.0,results/mega_1mes/mega_A_fase1/models/gnn_3d_best_cooperative_perception_run2.pth,0939245618c5,2024,
24,10.24,0.0,0,0,0,0,0,0,mega_A1,GNN,cooperative_perception,2.0,results/mega_1mes/mega_A_fase1/models/gnn_3d_best_cooperative_perception_run2.pth,0939245618c5,2025,
18,10.15,0.0,0,0,0,0,0,0,mega_A1,GNN,cooperative_perception,2.0,results/mega_1mes/mega_A_fase1/models/gnn_3d_best_cooperative_perception_run2.pth,0939245618c5,2026,
20,9.52,0.0,0,0,0,0,0,0,mega_A1,GNN,cooperative_perception,3.0,results/mega_1mes/mega_A_fase1/models/gnn_3d_best_cooperative_perception_run3.pth,beed23672b35,2024,
21,10.22,0.0,0,0,0,0,0,0,mega_A1,GNN,cooperative_perception,3.0,results/mega_1mes/mega_A_fase1/models/gnn_3d_best_cooperative_perception_run3.pth,beed23672b35,2025,
20,10.15,0.0,0,0,0,0,0,0,mega_A1,GNN,cooperative_perception,3.0,results/mega_1mes/mega_A_fase1/models/gnn_3d_best_cooperative_perception_run3.pth,beed23672b35,2026,
24,9.47,0.0,0,0,0,0,0,0,mega_A1,GNN,cooperative_perception,5.0,results/mega_1mes/mega_A_fase1/models/gnn_3d_best_cooperative_perception_run5.pth,307c4a370add,2024,
25,10.17,0.0,0,0,0,0,0,0,mega_A1,GNN,cooperative_perception,5.0,results/mega_1mes/mega_A_fase1/models/gnn_3d_best_cooperative_perception_run5.pth,307c4a370add,2025,
28,10.08,0.0,0,0,0,0,0,0,mega_A1,GNN,cooperative_perception,5.0,results/mega_1mes/mega_A_fase1/models/gnn_3d_best_cooperative_perception_run5.pth,307c4a370add,2026,
25,9.47,0.0,0,0,0,0,0,0,mega_A1,GNN,cooperative_perception,4.0,results/mega_1mes/mega_A_fase1/models/gnn_3d_best_cooperative_perception_run4.pth,b368baa40a21,2024,
25,10.17,0.0,0,0,0,0,0,0,mega_A1,GNN,cooperative_perception,4.0,results/mega_1mes/mega_A_fase1/models/gnn_3d_best_cooperative_perception_run4.pth,b368baa40a21,2025,
24,10.09,0.0,0,0,0,0,0,0,mega_A1,GNN,cooperative_perception,4.0,results/mega_1mes/mega_A_fase1/models/gnn_3d_best_cooperative_perception_run4.pth,b368baa40a21,2026,
15,9.67,0.0,0,0,0,0,0,0,mega_A1,GNN,cooperative_perception,6.0,results/mega_1mes/mega_A_fase1/models/gnn_3d_best_cooperative_perception_run6.pth,fd9a9d17d46e,2024,
19,10.3,0.0,0,0,0,0,0,0,mega_A1,GNN,cooperative_perception,6.0,results/mega_1mes/mega_A_fase1/models/gnn_3d_best_cooperative_perception_run6.pth,fd9a9d17d46e,2025,
15,10.22,0.0,0,0,0,0,0,0,mega_A1,GNN,cooperative_perception,6.0,results/mega_1mes/mega_A_fase1/models/gnn_3d_best_cooperative_perception_run6.pth,fd9a9d17d46e,2026,
3,10.6,0.0,0,0,0,0,0,0,mega_A1,GNN,cooperative_perception,7.0,results/mega_1mes/mega_A_fase1/models/gnn_3d_best_cooperative_perception_run7.pth,40238d00196f,2024,
4,10.48,0.0,0,0,0,0,0,0,mega_A1,GNN,cooperative_perception,7.0,results/mega_1mes/mega_A_fase1/models/gnn_3d_best_cooperative_perception_run7.pth,40238d00196f,2025,
0,10.59,0.0,0,0,0,0,0,0,mega_A1,GNN,cooperative_perception,7.0,results/mega_1mes/mega_A_fase1/models/gnn_3d_best_cooperative_perception_run7.pth,40238d00196f,2026,
93,0.92,0.0,0,0,0,0,0,0,mega_A1,GNN,cooperative_door_bypass,,results/mega_1mes/mega_A_fase1/models/gnn_3d_best_cooperative_door_bypass.pth,9cb70ecf427e,2024,
92,1.62,0.0,0,0,0,0,0,0,mega_A1,GNN,cooperative_door_bypass,,results/mega_1mes/mega_A_fase1/models/gnn_3d_best_cooperative_door_bypass.pth,9cb70ecf427e,2025,
92,0.97,0.0,0,0,0,0,0,0,mega_A1,GNN,cooperative_door_bypass,,results/mega_1mes/mega_A_fase1/models/gnn_3d_best_cooperative_door_bypass.pth,9cb70ecf427e,2026,
91,2.51,0.0,0,0,0,0,0,0,mega_A1,GNN,cooperative_door_bypass,1.0,results/mega_1mes/mega_A_fase1/models/gnn_3d_best_cooperative_door_bypass_run1.pth,8721b06280fe,2024,
88,3.89,0.0,0,0,0,0,0,0,mega_A1,GNN,cooperative_door_bypass,1.0,results/mega_1mes/mega_A_fase1/models/gnn_3d_best_cooperative_door_bypass_run1.pth,8721b06280fe,2025,
89,3.08,0.0,0,0,0,0,0,0,mega_A1,GNN,cooperative_door_bypass,1.0,results/mega_1mes/mega_A_fase1/models/gnn_3d_best_cooperative_door_bypass_run1.pth,8721b06280fe,2026,
89,2.72,0.0,0,0,0,0,0,0,mega_A1,GNN,cooperative_door_bypass,2.0,results/mega_1mes/mega_A_fase1/models/gnn_3d_best_cooperative_door_bypass_run2.pth,5e8e9e8ab046,2024,
86,3.11,0.0,0,0,0,0,0,0,mega_A1,GNN,cooperative_door_bypass,2.0,results/mega_1mes/mega_A_fase1/models/gnn_3d_best_cooperative_door_bypass_run2.pth,5e8e9e8ab046,2025,
86,3.11,0.0,0,0,0,0,0,0,mega_A1,GNN,cooperative_door_bypass,2.0,results/mega_1mes/mega_A_fase1/models/gnn_3d_best_cooperative_door_bypass_run2.pth,5e8e9e8ab046,2026,
89,0.6,0.0,0,0,0,0,0,0,mega_A1,GNN,cooperative_door_bypass,3.0,results/mega_1mes/mega_A_fase1/models/gnn_3d_best_cooperative_door_bypass_run3.pth,4dcb92f87861,2024,
89,1.08,0.0,0,0,0,0,0,0,mega_A1,GNN,cooperative_door_bypass,3.0,results/mega_1mes/mega_A_fase1/models/gnn_3d_best_cooperative_door_bypass_run3.pth,4dcb92f87861,2025,
89,0.52,0.0,0,0,0,0,0,0,mega_A1,GNN,cooperative_door_bypass,3.0,results/mega_1mes/mega_A_fase1/models/gnn_3d_best_cooperative_door_bypass_run3.pth,4dcb92f87861,2026,
90,1.2,0.0,0,0,0,0,0,0,mega_A1,GNN,cooperative_door_bypass,4.0,results/mega_1mes/mega_A_fase1/models/gnn_3d_best_cooperative_door_bypass_run4.pth,f6947abd6872,2024,
88,1.32,0.0,0,0,0,0,0,0,mega_A1,GNN,cooperative_door_bypass,4.0,results/mega_1mes/mega_A_fase1/models/gnn_3d_best_cooperative_door_bypass_run4.pth,f6947abd6872,2025,
88,1.93,0.0,0,0,0,0,0,0,mega_A1,GNN,cooperative_door_bypass,4.0,results/mega_1mes/mega_A_fase1/models/gnn_3d_best_cooperative_door_bypass_run4.pth,f6947abd6872,2026,
87,1.6,0.0,0,0,0,0,0,0,mega_A1,GNN,cooperative_door_bypass,5.0,results/mega_1mes/mega_A_fase1/models/gnn_3d_best_cooperative_door_bypass_run5.pth,03205fac823f,2024,
87,1.72,0.0,0,0,0,0,0,0,mega_A1,GNN,cooperative_door_bypass,5.0,results/mega_1mes/mega_A_fase1/models/gnn_3d_best_cooperative_door_bypass_run5.pth,03205fac823f,2025,
84,1.69,0.0,0,0,0,0,0,0,mega_A1,GNN,cooperative_door_bypass,5.0,results/mega_1mes/mega_A_fase1/models/gnn_3d_best_cooperative_door_bypass_run5.pth,03205fac823f,2026,
90,1.2,0.0,0,0,0,0,0,0,mega_A1,GNN,cooperative_door_bypass,6.0,results/mega_1mes/mega_A_fase1/models/gnn_3d_best_cooperative_door_bypass_run6.pth,e47c522fddc9,2024,
89,1.0,0.0,0,0,0,0,0,0,mega_A1,GNN,cooperative_door_bypass,6.0,results/mega_1mes/mega_A_fase1/models/gnn_3d_best_cooperative_door_bypass_run6.pth,e47c522fddc9,2025,
87,1.05,0.0,0,0,0,0,0,0,mega_A1,GNN,cooperative_door_bypass,6.0,results/mega_1mes/mega_A_fase1/models/gnn_3d_best_cooperative_door_bypass_run6.pth,e47c522fddc9,2026,
93,0.92,0.0,0,0,0,0,0,0,mega_A1,GNN,cooperative_door_bypass,7.0,results/mega_1mes/mega_A_fase1/models/gnn_3d_best_cooperative_door_bypass_run7.pth,14b9b72be709,2024,
92,1.62,0.0,0,0,0,0,0,0,mega_A1,GNN,cooperative_door_bypass,7.0,results/mega_1mes/mega_A_fase1/models/gnn_3d_best_cooperative_door_bypass_run7.pth,14b9b72be709,2025,
92,0.97,0.0,0,0,0,0,0,0,mega_A1,GNN,cooperative_door_bypass,7.0,results/mega_1mes/mega_A_fase1/models/gnn_3d_best_cooperative_door_bypass_run7.pth,14b9b72be709,2026,
66,11.17,0.0,0,0,0,0,0,0,mega_A2,GNN,none,,results/mega_1mes/mega_A_fase2/models/gnn_3d_best.pth,dea28a825099,2024,
64,11.51,0.0,0,0,0,0,0,0,mega_A2,GNN,none,,results/mega_1mes/mega_A_fase2/models/gnn_3d_best.pth,dea28a825099,2025,
66,11.25,0.0,0,0,0,0,0,0,mega_A2,GNN,none,,results/mega_1mes/mega_A_fase2/models/gnn_3d_best.pth,dea28a825099,2026,
60,10.18,0.0,0,0,0,0,0,0,mega_A2,GNN,none,1.0,results/mega_1mes/mega_A_fase2/models/gnn_3d_best_run1.pth,c8f26293554b,2024,
63,11.41,0.0,0,0,0,0,0,0,mega_A2,GNN,none,1.0,results/mega_1mes/mega_A_fase2/models/gnn_3d_best_run1.pth,c8f26293554b,2025,
64,11.21,0.0,0,0,0,0,0,0,mega_A2,GNN,none,1.0,results/mega_1mes/mega_A_fase2/models/gnn_3d_best_run1.pth,c8f26293554b,2026,
59,11.17,0.0,0,0,0,0,0,0,mega_A2,GNN,none,2.0,results/mega_1mes/mega_A_fase2/models/gnn_3d_best_run2.pth,15a8bcbf9e24,2024,
64,10.62,0.0,0,0,0,0,0,0,mega_A2,GNN,none,2.0,results/mega_1mes/mega_A_fase2/models/gnn_3d_best_run2.pth,15a8bcbf9e24,2025,
65,11.21,0.0,0,0,0,0,0,0,mega_A2,GNN,none,2.0,results/mega_1mes/mega_A_fase2/models/gnn_3d_best_run2.pth,15a8bcbf9e24,2026,
13,11.17,0.0,0,0,0,0,0,0,mega_A2,GNN,none,3.0,results/mega_1mes/mega_A_fase2/models/gnn_3d_best_run3.pth,526da019ee6f,2024,
14,11.41,0.0,0,0,0,0,0,0,mega_A2,GNN,none,3.0,results/mega_1mes/mega_A_fase2/models/gnn_3d_best_run3.pth,526da019ee6f,2025,
17,11.08,0.0,0,0,0,0,0,0,mega_A2,GNN,none,3.0,results/mega_1mes/mega_A_fase2/models/gnn_3d_best_run3.pth,526da019ee6f,2026,
66,11.17,0.0,0,0,0,0,0,0,mega_A2,GNN,none,4.0,results/mega_1mes/mega_A_fase2/models/gnn_3d_best_run4.pth,1558d14338c9,2024,
64,11.51,0.0,0,0,0,0,0,0,mega_A2,GNN,none,4.0,results/mega_1mes/mega_A_fase2/models/gnn_3d_best_run4.pth,1558d14338c9,2025,
66,11.25,0.0,0,0,0,0,0,0,mega_A2,GNN,none,4.0,results/mega_1mes/mega_A_fase2/models/gnn_3d_best_run4.pth,1558d14338c9,2026,
69,11.17,0.0,0,0,0,0,0,0,mega_A2,GNN,none,5.0,results/mega_1mes/mega_A_fase2/models/gnn_3d_best_run5.pth,e0a182197560,2024,
67,11.63,0.0,0,0,0,0,0,0,mega_A2,GNN,none,5.0,results/mega_1mes/mega_A_fase2/models/gnn_3d_best_run5.pth,e0a182197560,2025,
65,10.6,0.0,0,0,0,0,0,0,mega_A2,GNN,none,5.0,results/mega_1mes/mega_A_fase2/models/gnn_3d_best_run5.pth,e0a182197560,2026,
64,11.17,0.0,0,0,0,0,0,0,mega_A2,GNN,none,6.0,results/mega_1mes/mega_A_fase2/models/gnn_3d_best_run6.pth,398935eab201,2024,
70,11.51,0.0,0,0,0,0,0,0,mega_A2,GNN,none,6.0,results/mega_1mes/mega_A_fase2/models/gnn_3d_best_run6.pth,398935eab201,2025,
60,11.21,0.0,0,0,0,0,0,0,mega_A2,GNN,none,6.0,results/mega_1mes/mega_A_fase2/models/gnn_3d_best_run6.pth,398935eab201,2026,
0,8.57,0.0,0,0,0,0,0,0,mega_A2,GNN,none,7.0,results/mega_1mes/mega_A_fase2/models/gnn_3d_best_run7.pth,dcfe7b481ec4,2024,
0,8.53,0.0,0,0,0,0,0,0,mega_A2,GNN,none,7.0,results/mega_1mes/mega_A_fase2/models/gnn_3d_best_run7.pth,dcfe7b481ec4,2025,
1,9.01,0.0,0,0,0,0,0,0,mega_A2,GNN,none,7.0,results/mega_1mes/mega_A_fase2/models/gnn_3d_best_run7.pth,dcfe7b481ec4,2026,
86,2.0,0.0,0,0,0,0,0,0,mega_A2,GNN,u_wall,,results/mega_1mes/mega_A_fase2/models/gnn_3d_best_u_wall.pth,50a8b3b50f8e,2024,
79,1.11,0.0,0,0,0,0,0,0,mega_A2,GNN,u_wall,,results/mega_1mes/mega_A_fase2/models/gnn_3d_best_u_wall.pth,50a8b3b50f8e,2025,
82,3.63,0.0,0,0,0,0,0,0,mega_A2,GNN,u_wall,,results/mega_1mes/mega_A_fase2/models/gnn_3d_best_u_wall.pth,50a8b3b50f8e,2026,
54,6.28,0.0,0,0,0,0,0,0,mega_A2,GNN,u_wall,1.0,results/mega_1mes/mega_A_fase2/models/gnn_3d_best_u_wall_run1.pth,7d1c0657dcd5,2024,
54,1.44,0.0,0,0,0,0,0,0,mega_A2,GNN,u_wall,1.0,results/mega_1mes/mega_A_fase2/models/gnn_3d_best_u_wall_run1.pth,7d1c0657dcd5,2025,
52,3.69,0.0,0,0,0,0,0,0,mega_A2,GNN,u_wall,1.0,results/mega_1mes/mega_A_fase2/models/gnn_3d_best_u_wall_run1.pth,7d1c0657dcd5,2026,
66,2.32,0.0,0,0,0,0,0,0,mega_A2,GNN,u_wall,10.0,results/mega_1mes/mega_A_fase2/models/gnn_3d_best_u_wall_run10.pth,882023087f62,2024,
61,9.88,0.0,0,0,0,0,0,0,mega_A2,GNN,u_wall,10.0,results/mega_1mes/mega_A_fase2/models/gnn_3d_best_u_wall_run10.pth,882023087f62,2025,
61,13.24,0.0,0,0,0,0,0,0,mega_A2,GNN,u_wall,10.0,results/mega_1mes/mega_A_fase2/models/gnn_3d_best_u_wall_run10.pth,882023087f62,2026,
51,2.8,0.0,0,0,0,0,0,0,mega_A2,GNN,u_wall,11.0,results/mega_1mes/mega_A_fase2/models/gnn_3d_best_u_wall_run11.pth,578a05746182,2024,
53,1.73,0.0,0,0,0,0,0,0,mega_A2,GNN,u_wall,11.0,results/mega_1mes/mega_A_fase2/models/gnn_3d_best_u_wall_run11.pth,578a05746182,2025,
49,2.38,0.0,0,0,0,0,0,0,mega_A2,GNN,u_wall,11.0,results/mega_1mes/mega_A_fase2/models/gnn_3d_best_u_wall_run11.pth,578a05746182,2026,
56,3.46,0.0,0,0,0,0,0,0,mega_A2,GNN,u_wall,13.0,results/mega_1mes/mega_A_fase2/models/gnn_3d_best_u_wall_run13.pth,002de8f44e5e,2024,
51,4.45,0.0,14,1,1,0,1,0,mega_A2,GNN,u_wall,13.0,results/mega_1mes/mega_A_fase2/models/gnn_3d_best_u_wall_run13.pth,002de8f44e5e,2025,
49,7.26,0.0,3,1,0,0,0,1,mega_A2,GNN,u_wall,13.0,results/mega_1mes/mega_A_fase2/models/gnn_3d_best_u_wall_run13.pth,002de8f44e5e,2026,
57,3.48,0.0,0,0,0,0,0,0,mega_A2,GNN,u_wall,12.0,results/mega_1mes/mega_A_fase2/models/gnn_3d_best_u_wall_run12.pth,5909ea96b4a1,2024,
49,6.4,0.0,0,0,0,0,0,0,mega_A2,GNN,u_wall,12.0,results/mega_1mes/mega_A_fase2/models/gnn_3d_best_u_wall_run12.pth,5909ea96b4a1,2025,
51,4.14,0.0,0,0,0,0,0,0,mega_A2,GNN,u_wall,12.0,results/mega_1mes/mega_A_fase2/models/gnn_3d_best_u_wall_run12.pth,5909ea96b4a1,2026,
83,1.79,0.0,0,0,0,0,0,0,mega_A2,GNN,u_wall,14.0,results/mega_1mes/mega_A_fase2/models/gnn_3d_best_u_wall_run14.pth,82aef25d5c42,2024,
80,1.6,0.0,0,0,0,0,0,0,mega_A2,GNN,u_wall,14.0,results/mega_1mes/mega_A_fase2/models/gnn_3d_best_u_wall_run14.pth,82aef25d5c42,2025,
78,1.73,0.0,0,0,0,0,0,0,mega_A2,GNN,u_wall,14.0,results/mega_1mes/mega_A_fase2/models/gnn_3d_best_u_wall_run14.pth,82aef25d5c42,2026,
0,5.43,0.0,0,0,0,0,0,0,mega_A2,GNN,u_wall,15.0,results/mega_1mes/mega_A_fase2/models/gnn_3d_best_u_wall_run15.pth,f279f938c43c,2024,
0,6.32,0.0,0,0,0,0,0,0,mega_A2,GNN,u_wall,15.0,results/mega_1mes/mega_A_fase2/models/gnn_3d_best_u_wall_run15.pth,f279f938c43c,2025,
0,6.81,0.0,0,0,0,0,0,0,mega_A2,GNN,u_wall,15.0,results/mega_1mes/mega_A_fase2/models/gnn_3d_best_u_wall_run15.pth,f279f938c43c,2026,
45,10.86,0.0,0,0,0,0,0,0,mega_A2,GNN,u_wall,17.0,results/mega_1mes/mega_A_fase2/models/gnn_3d_best_u_wall_run17.pth,b5bd9a9acde1,2024,
42,14.55,0.614,0,0,0,0,0,0,mega_A2,GNN,u_wall,17.0,results/mega_1mes/mega_A_fase2/models/gnn_3d_best_u_wall_run17.pth,b5bd9a9acde1,2025,
40,14.53,0.59,4,1,0,0,0,1,mega_A2,GNN,u_wall,17.0,results/mega_1mes/mega_A_fase2/models/gnn_3d_best_u_wall_run17.pth,b5bd9a9acde1,2026,
63,2.93,0.0,0,0,0,0,0,0,mega_A2,GNN,u_wall,16.0,results/mega_1mes/mega_A_fase2/models/gnn_3d_best_u_wall_run16.pth,35cad3e1c492,2024,
60,2.44,0.0,0,0,0,0,0,0,mega_A2,GNN,u_wall,16.0,results/mega_1mes/mega_A_fase2/models/gnn_3d_best_u_wall_run16.pth,35cad3e1c492,2025,
60,2.43,0.0,0,0,0,0,0,0,mega_A2,GNN,u_wall,16.0,results/mega_1mes/mega_A_fase2/models/gnn_3d_best_u_wall_run16.pth,35cad3e1c492,2026,
0,-0.0,0.0,0,0,0,0,0,0,mega_A2,GNN,u_wall,18.0,results/mega_1mes/mega_A_fase2/models/gnn_3d_best_u_wall_run18.pth,afa1e35b5a19,2024,
0,-0.0,0.0,0,0,0,0,0,0,mega_A2,GNN,u_wall,18.0,results/mega_1mes/mega_A_fase2/models/gnn_3d_best_u_wall_run18.pth,afa1e35b5a19,2025,
0,-0.0,0.0,0,0,0,0,0,0,mega_A2,GNN,u_wall,18.0,results/mega_1mes/mega_A_fase2/models/gnn_3d_best_u_wall_run18.pth,afa1e35b5a19,2026,
0,7.66,0.0,0,0,0,0,0,0,mega_A2,GNN,u_wall,19.0,results/mega_1mes/mega_A_fase2/models/gnn_3d_best_u_wall_run19.pth,23eee9cb2387,2024,
0,7.14,0.0,0,0,0,0,0,0,mega_A2,GNN,u_wall,19.0,results/mega_1mes/mega_A_fase2/models/gnn_3d_best_u_wall_run19.pth,23eee9cb2387,2025,
0,6.82,0.0,0,0,0,0,0,0,mega_A2,GNN,u_wall,19.0,results/mega_1mes/mega_A_fase2/models/gnn_3d_best_u_wall_run19.pth,23eee9cb2387,2026,
79,11.58,0.0,3,1,0,0,0,1,mega_A2,GNN,u_wall,20.0,results/mega_1mes/mega_A_fase2/models/gnn_3d_best_u_wall_run20.pth,860ac93263cc,2024,
81,3.39,0.0,0,0,0,0,0,0,mega_A2,GNN,u_wall,20.0,results/mega_1mes/mega_A_fase2/models/gnn_3d_best_u_wall_run20.pth,860ac93263cc,2025,
76,3.18,0.0,0,0,0,0,0,0,mega_A2,GNN,u_wall,20.0,results/mega_1mes/mega_A_fase2/models/gnn_3d_best_u_wall_run20.pth,860ac93263cc,2026,
82,1.91,0.0,0,0,0,0,0,0,mega_A2,GNN,u_wall,2.0,results/mega_1mes/mega_A_fase2/models/gnn_3d_best_u_wall_run2.pth,d7b6a44e9aac,2024,
85,1.39,0.0,0,0,0,0,0,0,mega_A2,GNN,u_wall,2.0,results/mega_1mes/mega_A_fase2/models/gnn_3d_best_u_wall_run2.pth,d7b6a44e9aac,2025,
78,1.53,0.0,0,0,0,0,0,0,mega_A2,GNN,u_wall,2.0,results/mega_1mes/mega_A_fase2/models/gnn_3d_best_u_wall_run2.pth,d7b6a44e9aac,2026,
55,0.0,0.0,0,0,0,0,0,0,mega_A2,GNN,u_wall,21.0,results/mega_1mes/mega_A_fase2/models/gnn_3d_best_u_wall_run21.pth,54126a7d321e,2024,
56,0.43,0.0,0,0,0,0,0,0,mega_A2,GNN,u_wall,21.0,results/mega_1mes/mega_A_fase2/models/gnn_3d_best_u_wall_run21.pth,54126a7d321e,2025,
53,0.2,0.0,0,0,0,0,0,0,mega_A2,GNN,u_wall,21.0,results/mega_1mes/mega_A_fase2/models/gnn_3d_best_u_wall_run21.pth,54126a7d321e,2026,
0,1.26,0.0,0,0,0,0,0,0,mega_A2,GNN,u_wall,22.0,results/mega_1mes/mega_A_fase2/models/gnn_3d_best_u_wall_run22.pth,167ad5dabbf9,2024,
0,2.0,0.0,0,0,0,0,0,0,mega_A2,GNN,u_wall,22.0,results/mega_1mes/mega_A_fase2/models/gnn_3d_best_u_wall_run22.pth,167ad5dabbf9,2025,
0,1.81,0.0,0,0,0,0,0,0,mega_A2,GNN,u_wall,22.0,results/mega_1mes/mega_A_fase2/models/gnn_3d_best_u_wall_run22.pth,167ad5dabbf9,2026,
0,2.93,0.0,0,0,0,0,0,0,mega_A2,GNN,u_wall,24.0,results/mega_1mes/mega_A_fase2/models/gnn_3d_best_u_wall_run24.pth,b37da2075fd0,2024,
0,3.74,0.0,0,0,0,0,0,0,mega_A2,GNN,u_wall,24.0,results/mega_1mes/mega_A_fase2/models/gnn_3d_best_u_wall_run24.pth,b37da2075fd0,2025,
0,2.96,0.0,0,0,0,0,0,0,mega_A2,GNN,u_wall,24.0,results/mega_1mes/mega_A_fase2/models/gnn_3d_best_u_wall_run24.pth,b37da2075fd0,2026,
49,3.94,0.0,0,0,0,0,0,0,mega_A2,GNN,u_wall,23.0,results/mega_1mes/mega_A_fase2/models/gnn_3d_best_u_wall_run23.pth,e69fa437c039,2024,
44,4.5,0.0,0,0,0,0,0,0,mega_A2,GNN,u_wall,23.0,results/mega_1mes/mega_A_fase2/models/gnn_3d_best_u_wall_run23.pth,e69fa437c039,2025,
42,4.43,0.0,0,0,0,0,0,0,mega_A2,GNN,u_wall,23.0,results/mega_1mes/mega_A_fase2/models/gnn_3d_best_u_wall_run23.pth,e69fa437c039,2026,
74,1.9,0.0,0,0,0,0,0,0,mega_A2,GNN,u_wall,25.0,results/mega_1mes/mega_A_fase2/models/gnn_3d_best_u_wall_run25.pth,f14afc09e679,2024,
64,2.02,0.0,0,0,0,0,0,0,mega_A2,GNN,u_wall,25.0,results/mega_1mes/mega_A_fase2/models/gnn_3d_best_u_wall_run25.pth,f14afc09e679,2025,
67,1.87,0.0,0,0,0,0,0,0,mega_A2,GNN,u_wall,25.0,results/mega_1mes/mega_A_fase2/models/gnn_3d_best_u_wall_run25.pth,f14afc09e679,2026,
0,3.55,0.0,0,0,0,0,0,0,mega_A2,GNN,u_wall,26.0,results/mega_1mes/mega_A_fase2/models/gnn_3d_best_u_wall_run26.pth,745b7c5a1d7e,2024,
0,5.17,0.0,0,0,0,0,0,0,mega_A2,GNN,u_wall,26.0,results/mega_1mes/mega_A_fase2/models/gnn_3d_best_u_wall_run26.pth,745b7c5a1d7e,2025,
0,4.41,0.0,0,0,0,0,0,0,mega_A2,GNN,u_wall,26.0,results/mega_1mes/mega_A_fase2/models/gnn_3d_best_u_wall_run26.pth,745b7c5a1d7e,2026,
0,1.7,0.0,0,0,0,0,0,0,mega_A2,GNN,u_wall,28.0,results/mega_1mes/mega_A_fase2/models/gnn_3d_best_u_wall_run28.pth,25cbae783f64,2024,
0,0.68,0.0,0,0,0,0,0,0,mega_A2,GNN,u_wall,28.0,results/mega_1mes/mega_A_fase2/models/gnn_3d_best_u_wall_run28.pth,25cbae783f64,2025,
0,1.12,0.0,0,0,0,0,0,0,mega_A2,GNN,u_wall,28.0,results/mega_1mes/mega_A_fase2/models/gnn_3d_best_u_wall_run28.pth,25cbae783f64,2026,
86,2.0,0.0,0,0,0,0,0,0,mega_A2,GNN,u_wall,27.0,results/mega_1mes/mega_A_fase2/models/gnn_3d_best_u_wall_run27.pth,f75bc03dcc4a,2024,
79,1.11,0.0,0,0,0,0,0,0,mega_A2,GNN,u_wall,27.0,results/mega_1mes/mega_A_fase2/models/gnn_3d_best_u_wall_run27.pth,f75bc03dcc4a,2025,
82,3.63,0.0,0,0,0,0,0,0,mega_A2,GNN,u_wall,27.0,results/mega_1mes/mega_A_fase2/models/gnn_3d_best_u_wall_run27.pth,f75bc03dcc4a,2026,
0,3.02,0.0,0,0,0,0,0,0,mega_A2,GNN,u_wall,3.0,results/mega_1mes/mega_A_fase2/models/gnn_3d_best_u_wall_run3.pth,e50ef7ec2fea,2024,
0,2.83,0.0,0,0,0,0,0,0,mega_A2,GNN,u_wall,3.0,results/mega_1mes/mega_A_fase2/models/gnn_3d_best_u_wall_run3.pth,e50ef7ec2fea,2025,
0,2.09,0.0,0,0,0,0,0,0,mega_A2,GNN,u_wall,3.0,results/mega_1mes/mega_A_fase2/models/gnn_3d_best_u_wall_run3.pth,e50ef7ec2fea,2026,
0,11.02,0.0,0,0,0,0,0,0,mega_A2,GNN,u_wall,4.0,results/mega_1mes/mega_A_fase2/models/gnn_3d_best_u_wall_run4.pth,671ae40893be,2024,
0,10.97,0.0,0,0,0,0,0,0,mega_A2,GNN,u_wall,4.0,results/mega_1mes/mega_A_fase2/models/gnn_3d_best_u_wall_run4.pth,671ae40893be,2025,
0,11.16,0.0,0,0,0,0,0,0,mega_A2,GNN,u_wall,4.0,results/mega_1mes/mega_A_fase2/models/gnn_3d_best_u_wall_run4.pth,671ae40893be,2026,
0,0.53,0.0,0,0,0,0,0,0,mega_A2,GNN,u_wall,5.0,results/mega_1mes/mega_A_fase2/models/gnn_3d_best_u_wall_run5.pth,0235ca14a648,2024,
0,0.8,0.0,0,0,0,0,0,0,mega_A2,GNN,u_wall,5.0,results/mega_1mes/mega_A_fase2/models/gnn_3d_best_u_wall_run5.pth,0235ca14a648,2025,
0,0.9,0.0,0,0,0,0,0,0,mega_A2,GNN,u_wall,5.0,results/mega_1mes/mega_A_fase2/models/gnn_3d_best_u_wall_run5.pth,0235ca14a648,2026,
0,2.17,0.0,0,0,0,0,0,0,mega_A2,GNN,u_wall,6.0,results/mega_1mes/mega_A_fase2/models/gnn_3d_best_u_wall_run6.pth,d407fdb15de9,2024,
0,1.52,0.0,0,0,0,0,0,0,mega_A2,GNN,u_wall,6.0,results/mega_1mes/mega_A_fase2/models/gnn_3d_best_u_wall_run6.pth,d407fdb15de9,2025,
0,3.77,0.0,0,0,0,0,0,0,mega_A2,GNN,u_wall,6.0,results/mega_1mes/mega_A_fase2/models/gnn_3d_best_u_wall_run6.pth,d407fdb15de9,2026,
45,10.27,0.0,0,0,0,0,0,0,mega_A2,GNN,u_wall,7.0,results/mega_1mes/mega_A_fase2/models/gnn_3d_best_u_wall_run7.pth,364507836afa,2024,
50,3.21,0.0,0,0,0,0,0,0,mega_A2,GNN,u_wall,7.0,results/mega_1mes/mega_A_fase2/models/gnn_3d_best_u_wall_run7.pth,364507836afa,2025,
45,8.39,0.0,0,0,0,0,0,0,mega_A2,GNN,u_wall,7.0,results/mega_1mes/mega_A_fase2/models/gnn_3d_best_u_wall_run7.pth,364507836afa,2026,
128,0.58,0.0,0,0,0,0,0,0,mega_A2,GNN,bottleneck,,results/mega_1mes/mega_A_fase2/models/gnn_3d_best_bottleneck.pth,e3129eda9479,2024,
138,0.93,0.0,0,0,0,0,0,0,mega_A2,GNN,bottleneck,,results/mega_1mes/mega_A_fase2/models/gnn_3d_best_bottleneck.pth,e3129eda9479,2025,
131,0.67,0.0,0,0,0,0,0,0,mega_A2,GNN,bottleneck,,results/mega_1mes/mega_A_fase2/models/gnn_3d_best_bottleneck.pth,e3129eda9479,2026,
0,-0.12,0.0,0,0,0,0,0,0,mega_A2,GNN,u_wall,8.0,results/mega_1mes/mega_A_fase2/models/gnn_3d_best_u_wall_run8.pth,c2f7e0d8d4d9,2024,
0,-0.12,0.0,0,0,0,0,0,0,mega_A2,GNN,u_wall,8.0,results/mega_1mes/mega_A_fase2/models/gnn_3d_best_u_wall_run8.pth,c2f7e0d8d4d9,2025,
0,-0.13,0.0,0,0,0,0,0,0,mega_A2,GNN,u_wall,8.0,results/mega_1mes/mega_A_fase2/models/gnn_3d_best_u_wall_run8.pth,c2f7e0d8d4d9,2026,
140,1.1,0.0,0,0,0,0,0,0,mega_A2,GNN,bottleneck,1.0,results/mega_1mes/mega_A_fase2/models/gnn_3d_best_bottleneck_run1.pth,8a69017fd2a5,2024,
132,1.18,0.0,0,0,0,0,0,0,mega_A2,GNN,bottleneck,1.0,results/mega_1mes/mega_A_fase2/models/gnn_3d_best_bottleneck_run1.pth,8a69017fd2a5,2025,
132,0.69,0.0,0,0,0,0,0,0,mega_A2,GNN,bottleneck,1.0,results/mega_1mes/mega_A_fase2/models/gnn_3d_best_bottleneck_run1.pth,8a69017fd2a5,2026,
0,2.2,0.0,0,0,0,0,0,0,mega_A2,GNN,u_wall,9.0,results/mega_1mes/mega_A_fase2/models/gnn_3d_best_u_wall_run9.pth,bf1037ff737a,2024,
0,3.25,0.0,0,0,0,0,0,0,mega_A2,GNN,u_wall,9.0,results/mega_1mes/mega_A_fase2/models/gnn_3d_best_u_wall_run9.pth,bf1037ff737a,2025,
0,2.08,0.0,0,0,0,0,0,0,mega_A2,GNN,u_wall,9.0,results/mega_1mes/mega_A_fase2/models/gnn_3d_best_u_wall_run9.pth,bf1037ff737a,2026,
138,0.61,0.0,0,0,0,0,0,0,mega_A2,GNN,bottleneck,2.0,results/mega_1mes/mega_A_fase2/models/gnn_3d_best_bottleneck_run2.pth,b97f18dd29a6,2024,
140,0.6,0.0,0,0,0,0,0,0,mega_A2,GNN,bottleneck,2.0,results/mega_1mes/mega_A_fase2/models/gnn_3d_best_bottleneck_run2.pth,b97f18dd29a6,2025,
136,0.68,0.0,0,0,0,0,0,0,mega_A2,GNN,bottleneck,2.0,results/mega_1mes/mega_A_fase2/models/gnn_3d_best_bottleneck_run2.pth,b97f18dd29a6,2026,
132,2.48,0.0,0,0,0,0,0,0,mega_A2,GNN,bottleneck,3.0,results/mega_1mes/mega_A_fase2/models/gnn_3d_best_bottleneck_run3.pth,d3fd9f0ae861,2024,
137,2.42,0.0,0,0,0,0,0,0,mega_A2,GNN,bottleneck,3.0,results/mega_1mes/mega_A_fase2/models/gnn_3d_best_bottleneck_run3.pth,d3fd9f0ae861,2025,
135,1.34,0.0,0,0,0,0,0,0,mega_A2,GNN,bottleneck,3.0,results/mega_1mes/mega_A_fase2/models/gnn_3d_best_bottleneck_run3.pth,d3fd9f0ae861,2026,
139,0.7,0.0,0,0,0,0,0,0,mega_A2,GNN,bottleneck,4.0,results/mega_1mes/mega_A_fase2/models/gnn_3d_best_bottleneck_run4.pth,12edfa780d91,2024,
135,0.79,0.0,0,0,0,0,0,0,mega_A2,GNN,bottleneck,4.0,results/mega_1mes/mega_A_fase2/models/gnn_3d_best_bottleneck_run4.pth,12edfa780d91,2025,
135,0.77,0.0,0,0,0,0,0,0,mega_A2,GNN,bottleneck,4.0,results/mega_1mes/mega_A_fase2/models/gnn_3d_best_bottleneck_run4.pth,12edfa780d91,2026,
133,1.06,0.0,0,0,0,0,0,0,mega_A2,GNN,bottleneck,5.0,results/mega_1mes/mega_A_fase2/models/gnn_3d_best_bottleneck_run5.pth,0fee898ae4e1,2024,
127,1.23,0.0,0,0,0,0,0,0,mega_A2,GNN,bottleneck,5.0,results/mega_1mes/mega_A_fase2/models/gnn_3d_best_bottleneck_run5.pth,0fee898ae4e1,2025,
131,1.18,0.0,0,0,0,0,0,0,mega_A2,GNN,bottleneck,5.0,results/mega_1mes/mega_A_fase2/models/gnn_3d_best_bottleneck_run5.pth,0fee898ae4e1,2026,
128,0.58,0.0,0,0,0,0,0,0,mega_A2,GNN,bottleneck,7.0,results/mega_1mes/mega_A_fase2/models/gnn_3d_best_bottleneck_run7.pth,cfc0b3a351bf,2024,
138,0.93,0.0,0,0,0,0,0,0,mega_A2,GNN,bottleneck,7.0,results/mega_1mes/mega_A_fase2/models/gnn_3d_best_bottleneck_run7.pth,cfc0b3a351bf,2025,
131,0.67,0.0,0,0,0,0,0,0,mega_A2,GNN,bottleneck,7.0,results/mega_1mes/mega_A_fase2/models/gnn_3d_best_bottleneck_run7.pth,cfc0b3a351bf,2026,
0,-0.2,0.0,0,0,0,0,0,0,mega_A2,GNN,bottleneck,6.0,results/mega_1mes/mega_A_fase2/models/gnn_3d_best_bottleneck_run6.pth,b178d56e75f5,2024,
0,-0.2,0.0,0,0,0,0,0,0,mega_A2,GNN,bottleneck,6.0,results/mega_1mes/mega_A_fase2/models/gnn_3d_best_bottleneck_run6.pth,b178d56e75f5,2025,
0,4.48,0.0,0,0,0,0,0,0,mega_A2,GNN,bottleneck,6.0,results/mega_1mes/mega_A_fase2/models/gnn_3d_best_bottleneck_run6.pth,b178d56e75f5,2026,
78,14.83,0.854,269,19,17,17,15,4,mega_A2,GNN,four_rooms,,results/mega_1mes/mega_A_fase2/models/gnn_3d_best_four_rooms.pth,c8777f55b691,2024,
70,14.81,0.854,323,19,28,28,18,1,mega_A2,GNN,four_rooms,,results/mega_1mes/mega_A_fase2/models/gnn_3d_best_four_rooms.pth,c8777f55b691,2025,
84,14.83,0.858,276,19,22,22,17,2,mega_A2,GNN,four_rooms,,results/mega_1mes/mega_A_fase2/models/gnn_3d_best_four_rooms.pth,c8777f55b691,2026,
45,11.83,0.0,0,0,0,0,0,0,mega_A2,GNN,four_rooms,1.0,results/mega_1mes/mega_A_fase2/models/gnn_3d_best_four_rooms_run1.pth,3ed241d04642,2024,
48,10.59,0.0,0,0,0,0,0,0,mega_A2,GNN,four_rooms,1.0,results/mega_1mes/mega_A_fase2/models/gnn_3d_best_four_rooms_run1.pth,3ed241d04642,2025,
46,12.99,0.0,0,0,0,0,0,0,mega_A2,GNN,four_rooms,1.0,results/mega_1mes/mega_A_fase2/models/gnn_3d_best_four_rooms_run1.pth,3ed241d04642,2026,
55,1.01,0.0,237,14,13,0,11,3,mega_A2,GNN,four_rooms,2.0,results/mega_1mes/mega_A_fase2/models/gnn_3d_best_four_rooms_run2.pth,4c1cbd456ccd,2024,
52,2.17,0.0,306,18,17,0,15,3,mega_A2,GNN,four_rooms,2.0,results/mega_1mes/mega_A_fase2/models/gnn_3d_best_four_rooms_run2.pth,4c1cbd456ccd,2025,
59,4.3,0.0,290,17,18,0,15,2,mega_A2,GNN,four_rooms,2.0,results/mega_1mes/mega_A_fase2/models/gnn_3d_best_four_rooms_run2.pth,4c1cbd456ccd,2026,
73,1.99,0.0,385,16,17,0,13,3,mega_A2,GNN,four_rooms,3.0,results/mega_1mes/mega_A_fase2/models/gnn_3d_best_four_rooms_run3.pth,3a1a3dcc0d66,2024,
68,1.47,0.0,452,18,22,0,17,1,mega_A2,GNN,four_rooms,3.0,results/mega_1mes/mega_A_fase2/models/gnn_3d_best_four_rooms_run3.pth,3a1a3dcc0d66,2025,
74,1.27,0.0,361,18,17,0,15,3,mega_A2,GNN,four_rooms,3.0,results/mega_1mes/mega_A_fase2/models/gnn_3d_best_four_rooms_run3.pth,3a1a3dcc0d66,2026,
55,3.61,0.0,189,14,11,0,11,3,mega_A2,GNN,four_rooms,4.0,results/mega_1mes/mega_A_fase2/models/gnn_3d_best_four_rooms_run4.pth,54a2a034967b,2024,
55,4.05,0.0,253,16,16,0,15,1,mega_A2,GNN,four_rooms,4.0,results/mega_1mes/mega_A_fase2/models/gnn_3d_best_four_rooms_run4.pth,54a2a034967b,2025,
58,3.61,0.0,198,15,10,0,9,6,mega_A2,GNN,four_rooms,4.0,results/mega_1mes/mega_A_fase2/models/gnn_3d_best_four_rooms_run4.pth,54a2a034967b,2026,
78,14.83,0.854,269,19,17,17,15,4,mega_A2,GNN,four_rooms,5.0,results/mega_1mes/mega_A_fase2/models/gnn_3d_best_four_rooms_run5.pth,6745344761ef,2024,
70,14.81,0.854,323,19,28,28,18,1,mega_A2,GNN,four_rooms,5.0,results/mega_1mes/mega_A_fase2/models/gnn_3d_best_four_rooms_run5.pth,6745344761ef,2025,
84,14.83,0.858,276,19,22,22,17,2,mega_A2,GNN,four_rooms,5.0,results/mega_1mes/mega_A_fase2/models/gnn_3d_best_four_rooms_run5.pth,6745344761ef,2026,
66,11.09,0.0,0,0,0,0,0,0,mega_A2,GNN,four_rooms,6.0,results/mega_1mes/mega_A_fase2/models/gnn_3d_best_four_rooms_run6.pth,ae6a5a200a8f,2024,
67,11.59,0.0,0,0,0,0,0,0,mega_A2,GNN,four_rooms,6.0,results/mega_1mes/mega_A_fase2/models/gnn_3d_best_four_rooms_run6.pth,ae6a5a200a8f,2025,
63,14.13,0.002,0,0,0,0,0,0,mega_A2,GNN,four_rooms,6.0,results/mega_1mes/mega_A_fase2/models/gnn_3d_best_four_rooms_run6.pth,ae6a5a200a8f,2026,
68,0.5,0.0,193,19,0,0,0,19,mega_A2,GNN,four_rooms,7.0,results/mega_1mes/mega_A_fase2/models/gnn_3d_best_four_rooms_run7.pth,40f79e90bc03,2024,
64,3.25,0.0,245,20,0,0,0,20,mega_A2,GNN,four_rooms,7.0,results/mega_1mes/mega_A_fase2/models/gnn_3d_best_four_rooms_run7.pth,40f79e90bc03,2025,
73,5.03,0.0,187,17,0,0,0,17,mega_A2,GNN,four_rooms,7.0,results/mega_1mes/mega_A_fase2/models/gnn_3d_best_four_rooms_run7.pth,40f79e90bc03,2026,
72,0.64,0.0,0,0,0,0,0,0,mega_A2,GNN,cooperative_door,,results/mega_1mes/mega_A_fase2/models/gnn_3d_best_cooperative_door.pth,2b7bca8beabc,2024,
72,3.47,0.0,0,0,0,0,0,0,mega_A2,GNN,cooperative_door,,results/mega_1mes/mega_A_fase2/models/gnn_3d_best_cooperative_door.pth,2b7bca8beabc,2025,
70,1.16,0.0,0,0,0,0,0,0,mega_A2,GNN,cooperative_door,,results/mega_1mes/mega_A_fase2/models/gnn_3d_best_cooperative_door.pth,2b7bca8beabc,2026,
71,0.7,0.0,0,0,0,0,0,0,mega_A2,GNN,cooperative_door,1.0,results/mega_1mes/mega_A_fase2/models/gnn_3d_best_cooperative_door_run1.pth,049e26da1c46,2024,
69,1.45,0.0,0,0,0,0,0,0,mega_A2,GNN,cooperative_door,1.0,results/mega_1mes/mega_A_fase2/models/gnn_3d_best_cooperative_door_run1.pth,049e26da1c46,2025,
70,0.87,0.0,0,0,0,0,0,0,mega_A2,GNN,cooperative_door,1.0,results/mega_1mes/mega_A_fase2/models/gnn_3d_best_cooperative_door_run1.pth,049e26da1c46,2026,
71,2.45,0.0,0,0,0,0,0,0,mega_A2,GNN,cooperative_door,2.0,results/mega_1mes/mega_A_fase2/models/gnn_3d_best_cooperative_door_run2.pth,28a35ad5cf04,2024,
72,1.65,0.0,0,0,0,0,0,0,mega_A2,GNN,cooperative_door,2.0,results/mega_1mes/mega_A_fase2/models/gnn_3d_best_cooperative_door_run2.pth,28a35ad5cf04,2025,
71,1.51,0.0,0,0,0,0,0,0,mega_A2,GNN,cooperative_door,2.0,results/mega_1mes/mega_A_fase2/models/gnn_3d_best_cooperative_door_run2.pth,28a35ad5cf04,2026,
72,0.79,0.0,0,0,0,0,0,0,mega_A2,GNN,cooperative_door,4.0,results/mega_1mes/mega_A_fase2/models/gnn_3d_best_cooperative_door_run4.pth,7710294b85fe,2024,
72,0.67,0.0,0,0,0,0,0,0,mega_A2,GNN,cooperative_door,4.0,results/mega_1mes/mega_A_fase2/models/gnn_3d_best_cooperative_door_run4.pth,7710294b85fe,2025,
70,0.88,0.0,0,0,0,0,0,0,mega_A2,GNN,cooperative_door,4.0,results/mega_1mes/mega_A_fase2/models/gnn_3d_best_cooperative_door_run4.pth,7710294b85fe,2026,
70,0.72,0.0,0,0,0,0,0,0,mega_A2,GNN,cooperative_door,3.0,results/mega_1mes/mega_A_fase2/models/gnn_3d_best_cooperative_door_run3.pth,a2d0674604a0,2024,
70,0.68,0.0,0,0,0,0,0,0,mega_A2,GNN,cooperative_door,3.0,results/mega_1mes/mega_A_fase2/models/gnn_3d_best_cooperative_door_run3.pth,a2d0674604a0,2025,
71,0.59,0.0,0,0,0,0,0,0,mega_A2,GNN,cooperative_door,3.0,results/mega_1mes/mega_A_fase2/models/gnn_3d_best_cooperative_door_run3.pth,a2d0674604a0,2026,
72,1.22,0.0,0,0,0,0,0,0,mega_A2,GNN,cooperative_door,5.0,results/mega_1mes/mega_A_fase2/models/gnn_3d_best_cooperative_door_run5.pth,fc064870796d,2024,
69,3.89,0.0,0,0,0,0,0,0,mega_A2,GNN,cooperative_door,5.0,results/mega_1mes/mega_A_fase2/models/gnn_3d_best_cooperative_door_run5.pth,fc064870796d,2025,
72,1.24,0.0,0,0,0,0,0,0,mega_A2,GNN,cooperative_door,5.0,results/mega_1mes/mega_A_fase2/models/gnn_3d_best_cooperative_door_run5.pth,fc064870796d,2026,
25,9.47,0.0,0,0,0,0,0,0,mega_A2,GNN,cooperative_perception,,results/mega_1mes/mega_A_fase2/models/gnn_3d_best_cooperative_perception.pth,002b04284403,2024,
25,10.17,0.0,0,0,0,0,0,0,mega_A2,GNN,cooperative_perception,,results/mega_1mes/mega_A_fase2/models/gnn_3d_best_cooperative_perception.pth,002b04284403,2025,
24,10.09,0.0,0,0,0,0,0,0,mega_A2,GNN,cooperative_perception,,results/mega_1mes/mega_A_fase2/models/gnn_3d_best_cooperative_perception.pth,002b04284403,2026,
23,9.54,0.0,0,0,0,0,0,0,mega_A2,GNN,cooperative_perception,1.0,results/mega_1mes/mega_A_fase2/models/gnn_3d_best_cooperative_perception_run1.pth,b9eceb6c8d4e,2024,
20,10.32,0.0,0,0,0,0,0,0,mega_A2,GNN,cooperative_perception,1.0,results/mega_1mes/mega_A_fase2/models/gnn_3d_best_cooperative_perception_run1.pth,b9eceb6c8d4e,2025,
16,10.17,0.0,0,0,0,0,0,0,mega_A2,GNN,cooperative_perception,1.0,results/mega_1mes/mega_A_fase2/models/gnn_3d_best_cooperative_perception_run1.pth,b9eceb6c8d4e,2026,
17,9.51,0.0,0,0,0,0,0,0,mega_A2,GNN,cooperative_perception,2.0,results/mega_1mes/mega_A_fase2/models/gnn_3d_best_cooperative_perception_run2.pth,0939245618c5,2024,
24,10.24,0.0,0,0,0,0,0,0,mega_A2,GNN,cooperative_perception,2.0,results/mega_1mes/mega_A_fase2/models/gnn_3d_best_cooperative_perception_run2.pth,0939245618c5,2025,
18,10.15,0.0,0,0,0,0,0,0,mega_A2,GNN,cooperative_perception,2.0,results/mega_1mes/mega_A_fase2/models/gnn_3d_best_cooperative_perception_run2.pth,0939245618c5,2026,
71,0.74,0.0,0,0,0,0,0,0,mega_A2,GNN,cooperative_door,6.0,results/mega_1mes/mega_A_fase2/models/gnn_3d_best_cooperative_door_run6.pth,0570c8f931bd,2024,
71,0.68,0.0,0,0,0,0,0,0,mega_A2,GNN,cooperative_door,6.0,results/mega_1mes/mega_A_fase2/models/gnn_3d_best_cooperative_door_run6.pth,0570c8f931bd,2025,
67,0.61,0.0,0,0,0,0,0,0,mega_A2,GNN,cooperative_door,6.0,results/mega_1mes/mega_A_fase2/models/gnn_3d_best_cooperative_door_run6.pth,0570c8f931bd,2026,
72,0.64,0.0,0,0,0,0,0,0,mega_A2,GNN,cooperative_door,7.0,results/mega_1mes/mega_A_fase2/models/gnn_3d_best_cooperative_door_run7.pth,34771a030956,2024,
72,3.47,0.0,0,0,0,0,0,0,mega_A2,GNN,cooperative_door,7.0,results/mega_1mes/mega_A_fase2/models/gnn_3d_best_cooperative_door_run7.pth,34771a030956,2025,
70,1.16,0.0,0,0,0,0,0,0,mega_A2,GNN,cooperative_door,7.0,results/mega_1mes/mega_A_fase2/models/gnn_3d_best_cooperative_door_run7.pth,34771a030956,2026,
20,9.52,0.0,0,0,0,0,0,0,mega_A2,GNN,cooperative_perception,3.0,results/mega_1mes/mega_A_fase2/models/gnn_3d_best_cooperative_perception_run3.pth,beed23672b35,2024,
21,10.22,0.0,0,0,0,0,0,0,mega_A2,GNN,cooperative_perception,3.0,results/mega_1mes/mega_A_fase2/models/gnn_3d_best_cooperative_perception_run3.pth,beed23672b35,2025,
20,10.15,0.0,0,0,0,0,0,0,mega_A2,GNN,cooperative_perception,3.0,results/mega_1mes/mega_A_fase2/models/gnn_3d_best_cooperative_perception_run3.pth,beed23672b35,2026,
25,9.47,0.0,0,0,0,0,0,0,mega_A2,GNN,cooperative_perception,4.0,results/mega_1mes/mega_A_fase2/models/gnn_3d_best_cooperative_perception_run4.pth,b368baa40a21,2024,
25,10.17,0.0,0,0,0,0,0,0,mega_A2,GNN,cooperative_perception,4.0,results/mega_1mes/mega_A_fase2/models/gnn_3d_best_cooperative_perception_run4.pth,b368baa40a21,2025,
24,10.09,0.0,0,0,0,0,0,0,mega_A2,GNN,cooperative_perception,4.0,results/mega_1mes/mega_A_fase2/models/gnn_3d_best_cooperative_perception_run4.pth,b368baa40a21,2026,
24,9.47,0.0,0,0,0,0,0,0,mega_A2,GNN,cooperative_perception,5.0,results/mega_1mes/mega_A_fase2/models/gnn_3d_best_cooperative_perception_run5.pth,307c4a370add,2024,
25,10.17,0.0,0,0,0,0,0,0,mega_A2,GNN,cooperative_perception,5.0,results/mega_1mes/mega_A_fase2/models/gnn_3d_best_cooperative_perception_run5.pth,307c4a370add,2025,
28,10.08,0.0,0,0,0,0,0,0,mega_A2,GNN,cooperative_perception,5.0,results/mega_1mes/mega_A_fase2/models/gnn_3d_best_cooperative_perception_run5.pth,307c4a370add,2026,
15,9.67,0.0,0,0,0,0,0,0,mega_A2,GNN,cooperative_perception,6.0,results/mega_1mes/mega_A_fase2/models/gnn_3d_best_cooperative_perception_run6.pth,fd9a9d17d46e,2024,
19,10.3,0.0,0,0,0,0,0,0,mega_A2,GNN,cooperative_perception,6.0,results/mega_1mes/mega_A_fase2/models/gnn_3d_best_cooperative_perception_run6.pth,fd9a9d17d46e,2025,
15,10.22,0.0,0,0,0,0,0,0,mega_A2,GNN,cooperative_perception,6.0,results/mega_1mes/mega_A_fase2/models/gnn_3d_best_cooperative_perception_run6.pth,fd9a9d17d46e,2026,
3,10.6,0.0,0,0,0,0,0,0,mega_A2,GNN,cooperative_perception,7.0,results/mega_1mes/mega_A_fase2/models/gnn_3d_best_cooperative_perception_run7.pth,40238d00196f,2024,
4,10.48,0.0,0,0,0,0,0,0,mega_A2,GNN,cooperative_perception,7.0,results/mega_1mes/mega_A_fase2/models/gnn_3d_best_cooperative_perception_run7.pth,40238d00196f,2025,
0,10.59,0.0,0,0,0,0,0,0,mega_A2,GNN,cooperative_perception,7.0,results/mega_1mes/mega_A_fase2/models/gnn_3d_best_cooperative_perception_run7.pth,40238d00196f,2026,
91,2.51,0.0,0,0,0,0,0,0,mega_A2,GNN,cooperative_door_bypass,1.0,results/mega_1mes/mega_A_fase2/models/gnn_3d_best_cooperative_door_bypass_run1.pth,8721b06280fe,2024,
88,3.89,0.0,0,0,0,0,0,0,mega_A2,GNN,cooperative_door_bypass,1.0,results/mega_1mes/mega_A_fase2/models/gnn_3d_best_cooperative_door_bypass_run1.pth,8721b06280fe,2025,
89,3.08,0.0,0,0,0,0,0,0,mega_A2,GNN,cooperative_door_bypass,1.0,results/mega_1mes/mega_A_fase2/models/gnn_3d_best_cooperative_door_bypass_run1.pth,8721b06280fe,2026,
93,0.92,0.0,0,0,0,0,0,0,mega_A2,GNN,cooperative_door_bypass,,results/mega_1mes/mega_A_fase2/models/gnn_3d_best_cooperative_door_bypass.pth,9cb70ecf427e,2024,
92,1.62,0.0,0,0,0,0,0,0,mega_A2,GNN,cooperative_door_bypass,,results/mega_1mes/mega_A_fase2/models/gnn_3d_best_cooperative_door_bypass.pth,9cb70ecf427e,2025,
92,0.97,0.0,0,0,0,0,0,0,mega_A2,GNN,cooperative_door_bypass,,results/mega_1mes/mega_A_fase2/models/gnn_3d_best_cooperative_door_bypass.pth,9cb70ecf427e,2026,
89,2.72,0.0,0,0,0,0,0,0,mega_A2,GNN,cooperative_door_bypass,2.0,results/mega_1mes/mega_A_fase2/models/gnn_3d_best_cooperative_door_bypass_run2.pth,5e8e9e8ab046,2024,
86,3.11,0.0,0,0,0,0,0,0,mega_A2,GNN,cooperative_door_bypass,2.0,results/mega_1mes/mega_A_fase2/models/gnn_3d_best_cooperative_door_bypass_run2.pth,5e8e9e8ab046,2025,
86,3.11,0.0,0,0,0,0,0,0,mega_A2,GNN,cooperative_door_bypass,2.0,results/mega_1mes/mega_A_fase2/models/gnn_3d_best_cooperative_door_bypass_run2.pth,5e8e9e8ab046,2026,
89,0.6,0.0,0,0,0,0,0,0,mega_A2,GNN,cooperative_door_bypass,3.0,results/mega_1mes/mega_A_fase2/models/gnn_3d_best_cooperative_door_bypass_run3.pth,4dcb92f87861,2024,
89,1.08,0.0,0,0,0,0,0,0,mega_A2,GNN,cooperative_door_bypass,3.0,results/mega_1mes/mega_A_fase2/models/gnn_3d_best_cooperative_door_bypass_run3.pth,4dcb92f87861,2025,
89,0.52,0.0,0,0,0,0,0,0,mega_A2,GNN,cooperative_door_bypass,3.0,results/mega_1mes/mega_A_fase2/models/gnn_3d_best_cooperative_door_bypass_run3.pth,4dcb92f87861,2026,
90,1.2,0.0,0,0,0,0,0,0,mega_A2,GNN,cooperative_door_bypass,4.0,results/mega_1mes/mega_A_fase2/models/gnn_3d_best_cooperative_door_bypass_run4.pth,f6947abd6872,2024,
88,1.32,0.0,0,0,0,0,0,0,mega_A2,GNN,cooperative_door_bypass,4.0,results/mega_1mes/mega_A_fase2/models/gnn_3d_best_cooperative_door_bypass_run4.pth,f6947abd6872,2025,
88,1.93,0.0,0,0,0,0,0,0,mega_A2,GNN,cooperative_door_bypass,4.0,results/mega_1mes/mega_A_fase2/models/gnn_3d_best_cooperative_door_bypass_run4.pth,f6947abd6872,2026,
87,1.6,0.0,0,0,0,0,0,0,mega_A2,GNN,cooperative_door_bypass,5.0,results/mega_1mes/mega_A_fase2/models/gnn_3d_best_cooperative_door_bypass_run5.pth,03205fac823f,2024,
87,1.72,0.0,0,0,0,0,0,0,mega_A2,GNN,cooperative_door_bypass,5.0,results/mega_1mes/mega_A_fase2/models/gnn_3d_best_cooperative_door_bypass_run5.pth,03205fac823f,2025,
84,1.69,0.0,0,0,0,0,0,0,mega_A2,GNN,cooperative_door_bypass,5.0,results/mega_1mes/mega_A_fase2/models/gnn_3d_best_cooperative_door_bypass_run5.pth,03205fac823f,2026,
90,1.2,0.0,0,0,0,0,0,0,mega_A2,GNN,cooperative_door_bypass,6.0,results/mega_1mes/mega_A_fase2/models/gnn_3d_best_cooperative_door_bypass_run6.pth,e47c522fddc9,2024,
89,1.0,0.0,0,0,0,0,0,0,mega_A2,GNN,cooperative_door_bypass,6.0,results/mega_1mes/mega_A_fase2/models/gnn_3d_best_cooperative_door_bypass_run6.pth,e47c522fddc9,2025,
87,1.05,0.0,0,0,0,0,0,0,mega_A2,GNN,cooperative_door_bypass,6.0,results/mega_1mes/mega_A_fase2/models/gnn_3d_best_cooperative_door_bypass_run6.pth,e47c522fddc9,2026,
93,0.92,0.0,0,0,0,0,0,0,mega_A2,GNN,cooperative_door_bypass,7.0,results/mega_1mes/mega_A_fase2/models/gnn_3d_best_cooperative_door_bypass_run7.pth,14b9b72be709,2024,
92,1.62,0.0,0,0,0,0,0,0,mega_A2,GNN,cooperative_door_bypass,7.0,results/mega_1mes/mega_A_fase2/models/gnn_3d_best_cooperative_door_bypass_run7.pth,14b9b72be709,2025,
92,0.97,0.0,0,0,0,0,0,0,mega_A2,GNN,cooperative_door_bypass,7.0,results/mega_1mes/mega_A_fase2/models/gnn_3d_best_cooperative_door_bypass_run7.pth,14b9b72be709,2026,
68,10.19,0.0,0,0,0,0,0,0,mega_A5,GNN,none,,results/mega_1mes/mega_A_fase5/models/gnn_3d_best.pth,8803b2cbf7f2,2024,
71,11.41,0.0,0,0,0,0,0,0,mega_A5,GNN,none,,results/mega_1mes/mega_A_fase5/models/gnn_3d_best.pth,8803b2cbf7f2,2025,
71,11.21,0.0,0,0,0,0,0,0,mega_A5,GNN,none,,results/mega_1mes/mega_A_fase5/models/gnn_3d_best.pth,8803b2cbf7f2,2026,
60,10.18,0.0,0,0,0,0,0,0,mega_A5,GNN,none,1.0,results/mega_1mes/mega_A_fase5/models/gnn_3d_best_run1.pth,c8f26293554b,2024,
63,11.41,0.0,0,0,0,0,0,0,mega_A5,GNN,none,1.0,results/mega_1mes/mega_A_fase5/models/gnn_3d_best_run1.pth,c8f26293554b,2025,
64,11.21,0.0,0,0,0,0,0,0,mega_A5,GNN,none,1.0,results/mega_1mes/mega_A_fase5/models/gnn_3d_best_run1.pth,c8f26293554b,2026,
69,10.18,0.0,0,0,0,0,0,0,mega_A5,GNN,none,10.0,results/mega_1mes/mega_A_fase5/models/gnn_3d_best_run10.pth,a325d7f620fd,2024,
63,11.51,0.0,0,0,0,0,0,0,mega_A5,GNN,none,10.0,results/mega_1mes/mega_A_fase5/models/gnn_3d_best_run10.pth,a325d7f620fd,2025,
64,11.04,0.0,0,0,0,0,0,0,mega_A5,GNN,none,10.0,results/mega_1mes/mega_A_fase5/models/gnn_3d_best_run10.pth,a325d7f620fd,2026,
60,11.17,0.0,0,0,0,0,0,0,mega_A5,GNN,none,11.0,results/mega_1mes/mega_A_fase5/models/gnn_3d_best_run11.pth,2886a6a56367,2024,
63,11.51,0.0,0,0,0,0,0,0,mega_A5,GNN,none,11.0,results/mega_1mes/mega_A_fase5/models/gnn_3d_best_run11.pth,2886a6a56367,2025,
62,11.08,0.0,0,0,0,0,0,0,mega_A5,GNN,none,11.0,results/mega_1mes/mega_A_fase5/models/gnn_3d_best_run11.pth,2886a6a56367,2026,
72,10.19,0.0,0,0,0,0,0,0,mega_A5,GNN,none,12.0,results/mega_1mes/mega_A_fase5/models/gnn_3d_best_run12.pth,a906f1fbb7af,2024,
63,11.51,0.0,0,0,0,0,0,0,mega_A5,GNN,none,12.0,results/mega_1mes/mega_A_fase5/models/gnn_3d_best_run12.pth,a906f1fbb7af,2025,
66,11.09,0.0,0,0,0,0,0,0,mega_A5,GNN,none,12.0,results/mega_1mes/mega_A_fase5/models/gnn_3d_best_run12.pth,a906f1fbb7af,2026,
10,13.05,0.0,0,0,0,0,0,0,mega_A5,GNN,none,13.0,results/mega_1mes/mega_A_fase5/models/gnn_3d_best_run13.pth,dcd05472105f,2024,
13,12.86,0.0,0,0,0,0,0,0,mega_A5,GNN,none,13.0,results/mega_1mes/mega_A_fase5/models/gnn_3d_best_run13.pth,dcd05472105f,2025,
9,14.14,0.024,0,0,0,0,0,0,mega_A5,GNN,none,13.0,results/mega_1mes/mega_A_fase5/models/gnn_3d_best_run13.pth,dcd05472105f,2026,
64,10.19,0.0,0,0,0,0,0,0,mega_A5,GNN,none,14.0,results/mega_1mes/mega_A_fase5/models/gnn_3d_best_run14.pth,16e7ecfe5258,2024,
64,11.51,0.0,0,0,0,0,0,0,mega_A5,GNN,none,14.0,results/mega_1mes/mega_A_fase5/models/gnn_3d_best_run14.pth,16e7ecfe5258,2025,
64,11.08,0.0,0,0,0,0,0,0,mega_A5,GNN,none,14.0,results/mega_1mes/mega_A_fase5/models/gnn_3d_best_run14.pth,16e7ecfe5258,2026,
66,11.17,0.0,0,0,0,0,0,0,mega_A5,GNN,none,15.0,results/mega_1mes/mega_A_fase5/models/gnn_3d_best_run15.pth,617ce876844f,2024,
63,11.51,0.0,0,0,0,0,0,0,mega_A5,GNN,none,15.0,results/mega_1mes/mega_A_fase5/models/gnn_3d_best_run15.pth,617ce876844f,2025,
66,11.31,0.0,0,0,0,0,0,0,mega_A5,GNN,none,15.0,results/mega_1mes/mega_A_fase5/models/gnn_3d_best_run15.pth,617ce876844f,2026,
72,11.17,0.0,0,0,0,0,0,0,mega_A5,GNN,none,16.0,results/mega_1mes/mega_A_fase5/models/gnn_3d_best_run16.pth,171f57546a88,2024,
62,10.62,0.0,0,0,0,0,0,0,mega_A5,GNN,none,16.0,results/mega_1mes/mega_A_fase5/models/gnn_3d_best_run16.pth,171f57546a88,2025,
65,11.27,0.0,0,0,0,0,0,0,mega_A5,GNN,none,16.0,results/mega_1mes/mega_A_fase5/models/gnn_3d_best_run16.pth,171f57546a88,2026,
62,11.17,0.0,0,0,0,0,0,0,mega_A5,GNN,none,17.0,results/mega_1mes/mega_A_fase5/models/gnn_3d_best_run17.pth,a7d442852d97,2024,
65,11.51,0.0,0,0,0,0,0,0,mega_A5,GNN,none,17.0,results/mega_1mes/mega_A_fase5/models/gnn_3d_best_run17.pth,a7d442852d97,2025,
66,11.21,0.0,0,0,0,0,0,0,mega_A5,GNN,none,17.0,results/mega_1mes/mega_A_fase5/models/gnn_3d_best_run17.pth,a7d442852d97,2026,
66,11.21,0.0,0,0,0,0,0,0,mega_A5,GNN,none,18.0,results/mega_1mes/mega_A_fase5/models/gnn_3d_best_run18.pth,be672fc296ac,2024,
63,11.51,0.0,0,0,0,0,0,0,mega_A5,GNN,none,18.0,results/mega_1mes/mega_A_fase5/models/gnn_3d_best_run18.pth,be672fc296ac,2025,
69,10.7,0.0,0,0,0,0,0,0,mega_A5,GNN,none,18.0,results/mega_1mes/mega_A_fase5/models/gnn_3d_best_run18.pth,be672fc296ac,2026,
66,11.17,0.0,0,0,0,0,0,0,mega_A5,GNN,none,19.0,results/mega_1mes/mega_A_fase5/models/gnn_3d_best_run19.pth,bde80d864f65,2024,
64,10.49,0.0,0,0,0,0,0,0,mega_A5,GNN,none,19.0,results/mega_1mes/mega_A_fase5/models/gnn_3d_best_run19.pth,bde80d864f65,2025,
72,11.1,0.0,0,0,0,0,0,0,mega_A5,GNN,none,19.0,results/mega_1mes/mega_A_fase5/models/gnn_3d_best_run19.pth,bde80d864f65,2026,
59,11.17,0.0,0,0,0,0,0,0,mega_A5,GNN,none,2.0,results/mega_1mes/mega_A_fase5/models/gnn_3d_best_run2.pth,15a8bcbf9e24,2024,
64,10.62,0.0,0,0,0,0,0,0,mega_A5,GNN,none,2.0,results/mega_1mes/mega_A_fase5/models/gnn_3d_best_run2.pth,15a8bcbf9e24,2025,
65,11.21,0.0,0,0,0,0,0,0,mega_A5,GNN,none,2.0,results/mega_1mes/mega_A_fase5/models/gnn_3d_best_run2.pth,15a8bcbf9e24,2026,
62,10.18,0.0,0,0,0,0,0,0,mega_A5,GNN,none,20.0,results/mega_1mes/mega_A_fase5/models/gnn_3d_best_run20.pth,1a4e4832d92a,2024,
69,11.51,0.0,0,0,0,0,0,0,mega_A5,GNN,none,20.0,results/mega_1mes/mega_A_fase5/models/gnn_3d_best_run20.pth,1a4e4832d92a,2025,
75,11.21,0.0,0,0,0,0,0,0,mega_A5,GNN,none,20.0,results/mega_1mes/mega_A_fase5/models/gnn_3d_best_run20.pth,1a4e4832d92a,2026,
57,12.22,0.0,0,0,0,0,0,0,mega_A5,GNN,none,21.0,results/mega_1mes/mega_A_fase5/models/gnn_3d_best_run21.pth,ffa0a36ca74e,2024,
51,10.92,0.0,0,0,0,0,0,0,mega_A5,GNN,none,21.0,results/mega_1mes/mega_A_fase5/models/gnn_3d_best_run21.pth,ffa0a36ca74e,2025,
57,11.08,0.0,0,0,0,0,0,0,mega_A5,GNN,none,21.0,results/mega_1mes/mega_A_fase5/models/gnn_3d_best_run21.pth,ffa0a36ca74e,2026,
13,11.17,0.0,0,0,0,0,0,0,mega_A5,GNN,none,3.0,results/mega_1mes/mega_A_fase5/models/gnn_3d_best_run3.pth,526da019ee6f,2024,
14,11.41,0.0,0,0,0,0,0,0,mega_A5,GNN,none,3.0,results/mega_1mes/mega_A_fase5/models/gnn_3d_best_run3.pth,526da019ee6f,2025,
17,11.08,0.0,0,0,0,0,0,0,mega_A5,GNN,none,3.0,results/mega_1mes/mega_A_fase5/models/gnn_3d_best_run3.pth,526da019ee6f,2026,
86,2.0,0.0,0,0,0,0,0,0,mega_A5,GNN,u_wall,,results/mega_1mes/mega_A_fase5/models/gnn_3d_best_u_wall.pth,50a8b3b50f8e,2024,
79,1.11,0.0,0,0,0,0,0,0,mega_A5,GNN,u_wall,,results/mega_1mes/mega_A_fase5/models/gnn_3d_best_u_wall.pth,50a8b3b50f8e,2025,
82,3.63,0.0,0,0,0,0,0,0,mega_A5,GNN,u_wall,,results/mega_1mes/mega_A_fase5/models/gnn_3d_best_u_wall.pth,50a8b3b50f8e,2026,
54,6.28,0.0,0,0,0,0,0,0,mega_A5,GNN,u_wall,1.0,results/mega_1mes/mega_A_fase5/models/gnn_3d_best_u_wall_run1.pth,7d1c0657dcd5,2024,
54,1.44,0.0,0,0,0,0,0,0,mega_A5,GNN,u_wall,1.0,results/mega_1mes/mega_A_fase5/models/gnn_3d_best_u_wall_run1.pth,7d1c0657dcd5,2025,
52,3.69,0.0,0,0,0,0,0,0,mega_A5,GNN,u_wall,1.0,results/mega_1mes/mega_A_fase5/models/gnn_3d_best_u_wall_run1.pth,7d1c0657dcd5,2026,
69,11.17,0.0,0,0,0,0,0,0,mega_A5,GNN,none,5.0,results/mega_1mes/mega_A_fase5/models/gnn_3d_best_run5.pth,e0a182197560,2024,
67,11.63,0.0,0,0,0,0,0,0,mega_A5,GNN,none,5.0,results/mega_1mes/mega_A_fase5/models/gnn_3d_best_run5.pth,e0a182197560,2025,
65,10.6,0.0,0,0,0,0,0,0,mega_A5,GNN,none,5.0,results/mega_1mes/mega_A_fase5/models/gnn_3d_best_run5.pth,e0a182197560,2026,
66,11.17,0.0,0,0,0,0,0,0,mega_A5,GNN,none,4.0,results/mega_1mes/mega_A_fase5/models/gnn_3d_best_run4.pth,1558d14338c9,2024,
64,11.51,0.0,0,0,0,0,0,0,mega_A5,GNN,none,4.0,results/mega_1mes/mega_A_fase5/models/gnn_3d_best_run4.pth,1558d14338c9,2025,
66,11.25,0.0,0,0,0,0,0,0,mega_A5,GNN,none,4.0,results/mega_1mes/mega_A_fase5/models/gnn_3d_best_run4.pth,1558d14338c9,2026,
64,11.17,0.0,0,0,0,0,0,0,mega_A5,GNN,none,6.0,results/mega_1mes/mega_A_fase5/models/gnn_3d_best_run6.pth,398935eab201,2024,
70,11.51,0.0,0,0,0,0,0,0,mega_A5,GNN,none,6.0,results/mega_1mes/mega_A_fase5/models/gnn_3d_best_run6.pth,398935eab201,2025,
60,11.21,0.0,0,0,0,0,0,0,mega_A5,GNN,none,6.0,results/mega_1mes/mega_A_fase5/models/gnn_3d_best_run6.pth,398935eab201,2026,
0,8.57,0.0,0,0,0,0,0,0,mega_A5,GNN,none,7.0,results/mega_1mes/mega_A_fase5/models/gnn_3d_best_run7.pth,dcfe7b481ec4,2024,
0,8.53,0.0,0,0,0,0,0,0,mega_A5,GNN,none,7.0,results/mega_1mes/mega_A_fase5/models/gnn_3d_best_run7.pth,dcfe7b481ec4,2025,
1,9.01,0.0,0,0,0,0,0,0,mega_A5,GNN,none,7.0,results/mega_1mes/mega_A_fase5/models/gnn_3d_best_run7.pth,dcfe7b481ec4,2026,
58,10.18,0.0,0,0,0,0,0,0,mega_A5,GNN,none,8.0,results/mega_1mes/mega_A_fase5/models/gnn_3d_best_run8.pth,f0da5ac90e6f,2024,
58,11.41,0.0,0,0,0,0,0,0,mega_A5,GNN,none,8.0,results/mega_1mes/mega_A_fase5/models/gnn_3d_best_run8.pth,f0da5ac90e6f,2025,
59,11.08,0.0,0,0,0,0,0,0,mega_A5,GNN,none,8.0,results/mega_1mes/mega_A_fase5/models/gnn_3d_best_run8.pth,f0da5ac90e6f,2026,
68,10.19,0.0,0,0,0,0,0,0,mega_A5,GNN,none,9.0,results/mega_1mes/mega_A_fase5/models/gnn_3d_best_run9.pth,9a4ad6b7e43c,2024,
71,11.41,0.0,0,0,0,0,0,0,mega_A5,GNN,none,9.0,results/mega_1mes/mega_A_fase5/models/gnn_3d_best_run9.pth,9a4ad6b7e43c,2025,
71,11.21,0.0,0,0,0,0,0,0,mega_A5,GNN,none,9.0,results/mega_1mes/mega_A_fase5/models/gnn_3d_best_run9.pth,9a4ad6b7e43c,2026,
66,2.32,0.0,0,0,0,0,0,0,mega_A5,GNN,u_wall,10.0,results/mega_1mes/mega_A_fase5/models/gnn_3d_best_u_wall_run10.pth,882023087f62,2024,
61,9.88,0.0,0,0,0,0,0,0,mega_A5,GNN,u_wall,10.0,results/mega_1mes/mega_A_fase5/models/gnn_3d_best_u_wall_run10.pth,882023087f62,2025,
61,13.24,0.0,0,0,0,0,0,0,mega_A5,GNN,u_wall,10.0,results/mega_1mes/mega_A_fase5/models/gnn_3d_best_u_wall_run10.pth,882023087f62,2026,
51,2.8,0.0,0,0,0,0,0,0,mega_A5,GNN,u_wall,11.0,results/mega_1mes/mega_A_fase5/models/gnn_3d_best_u_wall_run11.pth,578a05746182,2024,
53,1.73,0.0,0,0,0,0,0,0,mega_A5,GNN,u_wall,11.0,results/mega_1mes/mega_A_fase5/models/gnn_3d_best_u_wall_run11.pth,578a05746182,2025,
49,2.38,0.0,0,0,0,0,0,0,mega_A5,GNN,u_wall,11.0,results/mega_1mes/mega_A_fase5/models/gnn_3d_best_u_wall_run11.pth,578a05746182,2026,
57,3.48,0.0,0,0,0,0,0,0,mega_A5,GNN,u_wall,12.0,results/mega_1mes/mega_A_fase5/models/gnn_3d_best_u_wall_run12.pth,5909ea96b4a1,2024,
49,6.4,0.0,0,0,0,0,0,0,mega_A5,GNN,u_wall,12.0,results/mega_1mes/mega_A_fase5/models/gnn_3d_best_u_wall_run12.pth,5909ea96b4a1,2025,
51,4.14,0.0,0,0,0,0,0,0,mega_A5,GNN,u_wall,12.0,results/mega_1mes/mega_A_fase5/models/gnn_3d_best_u_wall_run12.pth,5909ea96b4a1,2026,
83,1.79,0.0,0,0,0,0,0,0,mega_A5,GNN,u_wall,14.0,results/mega_1mes/mega_A_fase5/models/gnn_3d_best_u_wall_run14.pth,82aef25d5c42,2024,
80,1.6,0.0,0,0,0,0,0,0,mega_A5,GNN,u_wall,14.0,results/mega_1mes/mega_A_fase5/models/gnn_3d_best_u_wall_run14.pth,82aef25d5c42,2025,
78,1.73,0.0,0,0,0,0,0,0,mega_A5,GNN,u_wall,14.0,results/mega_1mes/mega_A_fase5/models/gnn_3d_best_u_wall_run14.pth,82aef25d5c42,2026,
56,3.46,0.0,0,0,0,0,0,0,mega_A5,GNN,u_wall,13.0,results/mega_1mes/mega_A_fase5/models/gnn_3d_best_u_wall_run13.pth,002de8f44e5e,2024,
51,4.45,0.0,14,1,1,0,1,0,mega_A5,GNN,u_wall,13.0,results/mega_1mes/mega_A_fase5/models/gnn_3d_best_u_wall_run13.pth,002de8f44e5e,2025,
49,7.26,0.0,3,1,0,0,0,1,mega_A5,GNN,u_wall,13.0,results/mega_1mes/mega_A_fase5/models/gnn_3d_best_u_wall_run13.pth,002de8f44e5e,2026,
0,5.43,0.0,0,0,0,0,0,0,mega_A5,GNN,u_wall,15.0,results/mega_1mes/mega_A_fase5/models/gnn_3d_best_u_wall_run15.pth,f279f938c43c,2024,
0,6.32,0.0,0,0,0,0,0,0,mega_A5,GNN,u_wall,15.0,results/mega_1mes/mega_A_fase5/models/gnn_3d_best_u_wall_run15.pth,f279f938c43c,2025,
0,6.81,0.0,0,0,0,0,0,0,mega_A5,GNN,u_wall,15.0,results/mega_1mes/mega_A_fase5/models/gnn_3d_best_u_wall_run15.pth,f279f938c43c,2026,
63,2.93,0.0,0,0,0,0,0,0,mega_A5,GNN,u_wall,16.0,results/mega_1mes/mega_A_fase5/models/gnn_3d_best_u_wall_run16.pth,35cad3e1c492,2024,
60,2.44,0.0,0,0,0,0,0,0,mega_A5,GNN,u_wall,16.0,results/mega_1mes/mega_A_fase5/models/gnn_3d_best_u_wall_run16.pth,35cad3e1c492,2025,
60,2.43,0.0,0,0,0,0,0,0,mega_A5,GNN,u_wall,16.0,results/mega_1mes/mega_A_fase5/models/gnn_3d_best_u_wall_run16.pth,35cad3e1c492,2026,
45,10.86,0.0,0,0,0,0,0,0,mega_A5,GNN,u_wall,17.0,results/mega_1mes/mega_A_fase5/models/gnn_3d_best_u_wall_run17.pth,b5bd9a9acde1,2024,
42,14.55,0.614,0,0,0,0,0,0,mega_A5,GNN,u_wall,17.0,results/mega_1mes/mega_A_fase5/models/gnn_3d_best_u_wall_run17.pth,b5bd9a9acde1,2025,
40,14.53,0.59,4,1,0,0,0,1,mega_A5,GNN,u_wall,17.0,results/mega_1mes/mega_A_fase5/models/gnn_3d_best_u_wall_run17.pth,b5bd9a9acde1,2026,
0,-0.0,0.0,0,0,0,0,0,0,mega_A5,GNN,u_wall,18.0,results/mega_1mes/mega_A_fase5/models/gnn_3d_best_u_wall_run18.pth,afa1e35b5a19,2024,
0,-0.0,0.0,0,0,0,0,0,0,mega_A5,GNN,u_wall,18.0,results/mega_1mes/mega_A_fase5/models/gnn_3d_best_u_wall_run18.pth,afa1e35b5a19,2025,
0,-0.0,0.0,0,0,0,0,0,0,mega_A5,GNN,u_wall,18.0,results/mega_1mes/mega_A_fase5/models/gnn_3d_best_u_wall_run18.pth,afa1e35b5a19,2026,
0,7.66,0.0,0,0,0,0,0,0,mega_A5,GNN,u_wall,19.0,results/mega_1mes/mega_A_fase5/models/gnn_3d_best_u_wall_run19.pth,23eee9cb2387,2024,
0,7.14,0.0,0,0,0,0,0,0,mega_A5,GNN,u_wall,19.0,results/mega_1mes/mega_A_fase5/models/gnn_3d_best_u_wall_run19.pth,23eee9cb2387,2025,
0,6.82,0.0,0,0,0,0,0,0,mega_A5,GNN,u_wall,19.0,results/mega_1mes/mega_A_fase5/models/gnn_3d_best_u_wall_run19.pth,23eee9cb2387,2026,
82,1.91,0.0,0,0,0,0,0,0,mega_A5,GNN,u_wall,2.0,results/mega_1mes/mega_A_fase5/models/gnn_3d_best_u_wall_run2.pth,d7b6a44e9aac,2024,
85,1.39,0.0,0,0,0,0,0,0,mega_A5,GNN,u_wall,2.0,results/mega_1mes/mega_A_fase5/models/gnn_3d_best_u_wall_run2.pth,d7b6a44e9aac,2025,
78,1.53,0.0,0,0,0,0,0,0,mega_A5,GNN,u_wall,2.0,results/mega_1mes/mega_A_fase5/models/gnn_3d_best_u_wall_run2.pth,d7b6a44e9aac,2026,
79,11.58,0.0,3,1,0,0,0,1,mega_A5,GNN,u_wall,20.0,results/mega_1mes/mega_A_fase5/models/gnn_3d_best_u_wall_run20.pth,860ac93263cc,2024,
81,3.39,0.0,0,0,0,0,0,0,mega_A5,GNN,u_wall,20.0,results/mega_1mes/mega_A_fase5/models/gnn_3d_best_u_wall_run20.pth,860ac93263cc,2025,
76,3.18,0.0,0,0,0,0,0,0,mega_A5,GNN,u_wall,20.0,results/mega_1mes/mega_A_fase5/models/gnn_3d_best_u_wall_run20.pth,860ac93263cc,2026,
55,0.0,0.0,0,0,0,0,0,0,mega_A5,GNN,u_wall,21.0,results/mega_1mes/mega_A_fase5/models/gnn_3d_best_u_wall_run21.pth,54126a7d321e,2024,
56,0.43,0.0,0,0,0,0,0,0,mega_A5,GNN,u_wall,21.0,results/mega_1mes/mega_A_fase5/models/gnn_3d_best_u_wall_run21.pth,54126a7d321e,2025,
53,0.2,0.0,0,0,0,0,0,0,mega_A5,GNN,u_wall,21.0,results/mega_1mes/mega_A_fase5/models/gnn_3d_best_u_wall_run21.pth,54126a7d321e,2026,
0,1.26,0.0,0,0,0,0,0,0,mega_A5,GNN,u_wall,22.0,results/mega_1mes/mega_A_fase5/models/gnn_3d_best_u_wall_run22.pth,167ad5dabbf9,2024,
0,2.0,0.0,0,0,0,0,0,0,mega_A5,GNN,u_wall,22.0,results/mega_1mes/mega_A_fase5/models/gnn_3d_best_u_wall_run22.pth,167ad5dabbf9,2025,
0,1.81,0.0,0,0,0,0,0,0,mega_A5,GNN,u_wall,22.0,results/mega_1mes/mega_A_fase5/models/gnn_3d_best_u_wall_run22.pth,167ad5dabbf9,2026,
49,3.94,0.0,0,0,0,0,0,0,mega_A5,GNN,u_wall,23.0,results/mega_1mes/mega_A_fase5/models/gnn_3d_best_u_wall_run23.pth,e69fa437c039,2024,
44,4.5,0.0,0,0,0,0,0,0,mega_A5,GNN,u_wall,23.0,results/mega_1mes/mega_A_fase5/models/gnn_3d_best_u_wall_run23.pth,e69fa437c039,2025,
42,4.43,0.0,0,0,0,0,0,0,mega_A5,GNN,u_wall,23.0,results/mega_1mes/mega_A_fase5/models/gnn_3d_best_u_wall_run23.pth,e69fa437c039,2026,
0,2.93,0.0,0,0,0,0,0,0,mega_A5,GNN,u_wall,24.0,results/mega_1mes/mega_A_fase5/models/gnn_3d_best_u_wall_run24.pth,b37da2075fd0,2024,
0,3.74,0.0,0,0,0,0,0,0,mega_A5,GNN,u_wall,24.0,results/mega_1mes/mega_A_fase5/models/gnn_3d_best_u_wall_run24.pth,b37da2075fd0,2025,
0,2.96,0.0,0,0,0,0,0,0,mega_A5,GNN,u_wall,24.0,results/mega_1mes/mega_A_fase5/models/gnn_3d_best_u_wall_run24.pth,b37da2075fd0,2026,
74,1.9,0.0,0,0,0,0,0,0,mega_A5,GNN,u_wall,25.0,results/mega_1mes/mega_A_fase5/models/gnn_3d_best_u_wall_run25.pth,f14afc09e679,2024,
64,2.02,0.0,0,0,0,0,0,0,mega_A5,GNN,u_wall,25.0,results/mega_1mes/mega_A_fase5/models/gnn_3d_best_u_wall_run25.pth,f14afc09e679,2025,
67,1.87,0.0,0,0,0,0,0,0,mega_A5,GNN,u_wall,25.0,results/mega_1mes/mega_A_fase5/models/gnn_3d_best_u_wall_run25.pth,f14afc09e679,2026,
0,3.55,0.0,0,0,0,0,0,0,mega_A5,GNN,u_wall,26.0,results/mega_1mes/mega_A_fase5/models/gnn_3d_best_u_wall_run26.pth,745b7c5a1d7e,2024,
0,5.17,0.0,0,0,0,0,0,0,mega_A5,GNN,u_wall,26.0,results/mega_1mes/mega_A_fase5/models/gnn_3d_best_u_wall_run26.pth,745b7c5a1d7e,2025,
0,4.41,0.0,0,0,0,0,0,0,mega_A5,GNN,u_wall,26.0,results/mega_1mes/mega_A_fase5/models/gnn_3d_best_u_wall_run26.pth,745b7c5a1d7e,2026,
86,2.0,0.0,0,0,0,0,0,0,mega_A5,GNN,u_wall,27.0,results/mega_1mes/mega_A_fase5/models/gnn_3d_best_u_wall_run27.pth,f75bc03dcc4a,2024,
79,1.11,0.0,0,0,0,0,0,0,mega_A5,GNN,u_wall,27.0,results/mega_1mes/mega_A_fase5/models/gnn_3d_best_u_wall_run27.pth,f75bc03dcc4a,2025,
82,3.63,0.0,0,0,0,0,0,0,mega_A5,GNN,u_wall,27.0,results/mega_1mes/mega_A_fase5/models/gnn_3d_best_u_wall_run27.pth,f75bc03dcc4a,2026,
0,1.7,0.0,0,0,0,0,0,0,mega_A5,GNN,u_wall,28.0,results/mega_1mes/mega_A_fase5/models/gnn_3d_best_u_wall_run28.pth,25cbae783f64,2024,
0,0.68,0.0,0,0,0,0,0,0,mega_A5,GNN,u_wall,28.0,results/mega_1mes/mega_A_fase5/models/gnn_3d_best_u_wall_run28.pth,25cbae783f64,2025,
0,1.12,0.0,0,0,0,0,0,0,mega_A5,GNN,u_wall,28.0,results/mega_1mes/mega_A_fase5/models/gnn_3d_best_u_wall_run28.pth,25cbae783f64,2026,
0,3.02,0.0,0,0,0,0,0,0,mega_A5,GNN,u_wall,3.0,results/mega_1mes/mega_A_fase5/models/gnn_3d_best_u_wall_run3.pth,e50ef7ec2fea,2024,
0,2.83,0.0,0,0,0,0,0,0,mega_A5,GNN,u_wall,3.0,results/mega_1mes/mega_A_fase5/models/gnn_3d_best_u_wall_run3.pth,e50ef7ec2fea,2025,
0,2.09,0.0,0,0,0,0,0,0,mega_A5,GNN,u_wall,3.0,results/mega_1mes/mega_A_fase5/models/gnn_3d_best_u_wall_run3.pth,e50ef7ec2fea,2026,
0,11.02,0.0,0,0,0,0,0,0,mega_A5,GNN,u_wall,4.0,results/mega_1mes/mega_A_fase5/models/gnn_3d_best_u_wall_run4.pth,671ae40893be,2024,
0,10.97,0.0,0,0,0,0,0,0,mega_A5,GNN,u_wall,4.0,results/mega_1mes/mega_A_fase5/models/gnn_3d_best_u_wall_run4.pth,671ae40893be,2025,
0,11.16,0.0,0,0,0,0,0,0,mega_A5,GNN,u_wall,4.0,results/mega_1mes/mega_A_fase5/models/gnn_3d_best_u_wall_run4.pth,671ae40893be,2026,
0,0.53,0.0,0,0,0,0,0,0,mega_A5,GNN,u_wall,5.0,results/mega_1mes/mega_A_fase5/models/gnn_3d_best_u_wall_run5.pth,0235ca14a648,2024,
0,0.8,0.0,0,0,0,0,0,0,mega_A5,GNN,u_wall,5.0,results/mega_1mes/mega_A_fase5/models/gnn_3d_best_u_wall_run5.pth,0235ca14a648,2025,
0,0.9,0.0,0,0,0,0,0,0,mega_A5,GNN,u_wall,5.0,results/mega_1mes/mega_A_fase5/models/gnn_3d_best_u_wall_run5.pth,0235ca14a648,2026,
0,2.17,0.0,0,0,0,0,0,0,mega_A5,GNN,u_wall,6.0,results/mega_1mes/mega_A_fase5/models/gnn_3d_best_u_wall_run6.pth,d407fdb15de9,2024,
0,1.52,0.0,0,0,0,0,0,0,mega_A5,GNN,u_wall,6.0,results/mega_1mes/mega_A_fase5/models/gnn_3d_best_u_wall_run6.pth,d407fdb15de9,2025,
0,3.77,0.0,0,0,0,0,0,0,mega_A5,GNN,u_wall,6.0,results/mega_1mes/mega_A_fase5/models/gnn_3d_best_u_wall_run6.pth,d407fdb15de9,2026,
45,10.27,0.0,0,0,0,0,0,0,mega_A5,GNN,u_wall,7.0,results/mega_1mes/mega_A_fase5/models/gnn_3d_best_u_wall_run7.pth,364507836afa,2024,
50,3.21,0.0,0,0,0,0,0,0,mega_A5,GNN,u_wall,7.0,results/mega_1mes/mega_A_fase5/models/gnn_3d_best_u_wall_run7.pth,364507836afa,2025,
45,8.39,0.0,0,0,0,0,0,0,mega_A5,GNN,u_wall,7.0,results/mega_1mes/mega_A_fase5/models/gnn_3d_best_u_wall_run7.pth,364507836afa,2026,
0,-0.12,0.0,0,0,0,0,0,0,mega_A5,GNN,u_wall,8.0,results/mega_1mes/mega_A_fase5/models/gnn_3d_best_u_wall_run8.pth,c2f7e0d8d4d9,2024,
0,-0.12,0.0,0,0,0,0,0,0,mega_A5,GNN,u_wall,8.0,results/mega_1mes/mega_A_fase5/models/gnn_3d_best_u_wall_run8.pth,c2f7e0d8d4d9,2025,
0,-0.13,0.0,0,0,0,0,0,0,mega_A5,GNN,u_wall,8.0,results/mega_1mes/mega_A_fase5/models/gnn_3d_best_u_wall_run8.pth,c2f7e0d8d4d9,2026,
140,1.1,0.0,0,0,0,0,0,0,mega_A5,GNN,bottleneck,1.0,results/mega_1mes/mega_A_fase5/models/gnn_3d_best_bottleneck_run1.pth,8a69017fd2a5,2024,
132,1.18,0.0,0,0,0,0,0,0,mega_A5,GNN,bottleneck,1.0,results/mega_1mes/mega_A_fase5/models/gnn_3d_best_bottleneck_run1.pth,8a69017fd2a5,2025,
132,0.69,0.0,0,0,0,0,0,0,mega_A5,GNN,bottleneck,1.0,results/mega_1mes/mega_A_fase5/models/gnn_3d_best_bottleneck_run1.pth,8a69017fd2a5,2026,
128,0.58,0.0,0,0,0,0,0,0,mega_A5,GNN,bottleneck,,results/mega_1mes/mega_A_fase5/models/gnn_3d_best_bottleneck.pth,e3129eda9479,2024,
138,0.93,0.0,0,0,0,0,0,0,mega_A5,GNN,bottleneck,,results/mega_1mes/mega_A_fase5/models/gnn_3d_best_bottleneck.pth,e3129eda9479,2025,
131,0.67,0.0,0,0,0,0,0,0,mega_A5,GNN,bottleneck,,results/mega_1mes/mega_A_fase5/models/gnn_3d_best_bottleneck.pth,e3129eda9479,2026,
0,2.2,0.0,0,0,0,0,0,0,mega_A5,GNN,u_wall,9.0,results/mega_1mes/mega_A_fase5/models/gnn_3d_best_u_wall_run9.pth,bf1037ff737a,2024,
0,3.25,0.0,0,0,0,0,0,0,mega_A5,GNN,u_wall,9.0,results/mega_1mes/mega_A_fase5/models/gnn_3d_best_u_wall_run9.pth,bf1037ff737a,2025,
0,2.08,0.0,0,0,0,0,0,0,mega_A5,GNN,u_wall,9.0,results/mega_1mes/mega_A_fase5/models/gnn_3d_best_u_wall_run9.pth,bf1037ff737a,2026,
138,0.61,0.0,0,0,0,0,0,0,mega_A5,GNN,bottleneck,2.0,results/mega_1mes/mega_A_fase5/models/gnn_3d_best_bottleneck_run2.pth,b97f18dd29a6,2024,
140,0.6,0.0,0,0,0,0,0,0,mega_A5,GNN,bottleneck,2.0,results/mega_1mes/mega_A_fase5/models/gnn_3d_best_bottleneck_run2.pth,b97f18dd29a6,2025,
136,0.68,0.0,0,0,0,0,0,0,mega_A5,GNN,bottleneck,2.0,results/mega_1mes/mega_A_fase5/models/gnn_3d_best_bottleneck_run2.pth,b97f18dd29a6,2026,
132,2.48,0.0,0,0,0,0,0,0,mega_A5,GNN,bottleneck,3.0,results/mega_1mes/mega_A_fase5/models/gnn_3d_best_bottleneck_run3.pth,d3fd9f0ae861,2024,
137,2.42,0.0,0,0,0,0,0,0,mega_A5,GNN,bottleneck,3.0,results/mega_1mes/mega_A_fase5/models/gnn_3d_best_bottleneck_run3.pth,d3fd9f0ae861,2025,
135,1.34,0.0,0,0,0,0,0,0,mega_A5,GNN,bottleneck,3.0,results/mega_1mes/mega_A_fase5/models/gnn_3d_best_bottleneck_run3.pth,d3fd9f0ae861,2026,
139,0.7,0.0,0,0,0,0,0,0,mega_A5,GNN,bottleneck,4.0,results/mega_1mes/mega_A_fase5/models/gnn_3d_best_bottleneck_run4.pth,12edfa780d91,2024,
135,0.79,0.0,0,0,0,0,0,0,mega_A5,GNN,bottleneck,4.0,results/mega_1mes/mega_A_fase5/models/gnn_3d_best_bottleneck_run4.pth,12edfa780d91,2025,
135,0.77,0.0,0,0,0,0,0,0,mega_A5,GNN,bottleneck,4.0,results/mega_1mes/mega_A_fase5/models/gnn_3d_best_bottleneck_run4.pth,12edfa780d91,2026,
133,1.06,0.0,0,0,0,0,0,0,mega_A5,GNN,bottleneck,5.0,results/mega_1mes/mega_A_fase5/models/gnn_3d_best_bottleneck_run5.pth,0fee898ae4e1,2024,
127,1.23,0.0,0,0,0,0,0,0,mega_A5,GNN,bottleneck,5.0,results/mega_1mes/mega_A_fase5/models/gnn_3d_best_bottleneck_run5.pth,0fee898ae4e1,2025,
131,1.18,0.0,0,0,0,0,0,0,mega_A5,GNN,bottleneck,5.0,results/mega_1mes/mega_A_fase5/models/gnn_3d_best_bottleneck_run5.pth,0fee898ae4e1,2026,
0,-0.2,0.0,0,0,0,0,0,0,mega_A5,GNN,bottleneck,6.0,results/mega_1mes/mega_A_fase5/models/gnn_3d_best_bottleneck_run6.pth,b178d56e75f5,2024,
0,-0.2,0.0,0,0,0,0,0,0,mega_A5,GNN,bottleneck,6.0,results/mega_1mes/mega_A_fase5/models/gnn_3d_best_bottleneck_run6.pth,b178d56e75f5,2025,
0,4.48,0.0,0,0,0,0,0,0,mega_A5,GNN,bottleneck,6.0,results/mega_1mes/mega_A_fase5/models/gnn_3d_best_bottleneck_run6.pth,b178d56e75f5,2026,
128,0.58,0.0,0,0,0,0,0,0,mega_A5,GNN,bottleneck,7.0,results/mega_1mes/mega_A_fase5/models/gnn_3d_best_bottleneck_run7.pth,cfc0b3a351bf,2024,
138,0.93,0.0,0,0,0,0,0,0,mega_A5,GNN,bottleneck,7.0,results/mega_1mes/mega_A_fase5/models/gnn_3d_best_bottleneck_run7.pth,cfc0b3a351bf,2025,
131,0.67,0.0,0,0,0,0,0,0,mega_A5,GNN,bottleneck,7.0,results/mega_1mes/mega_A_fase5/models/gnn_3d_best_bottleneck_run7.pth,cfc0b3a351bf,2026,
78,14.83,0.854,269,19,17,17,15,4,mega_A5,GNN,four_rooms,,results/mega_1mes/mega_A_fase5/models/gnn_3d_best_four_rooms.pth,c8777f55b691,2024,
70,14.81,0.854,323,19,28,28,18,1,mega_A5,GNN,four_rooms,,results/mega_1mes/mega_A_fase5/models/gnn_3d_best_four_rooms.pth,c8777f55b691,2025,
84,14.83,0.858,276,19,22,22,17,2,mega_A5,GNN,four_rooms,,results/mega_1mes/mega_A_fase5/models/gnn_3d_best_four_rooms.pth,c8777f55b691,2026,
45,11.83,0.0,0,0,0,0,0,0,mega_A5,GNN,four_rooms,1.0,results/mega_1mes/mega_A_fase5/models/gnn_3d_best_four_rooms_run1.pth,3ed241d04642,2024,
48,10.59,0.0,0,0,0,0,0,0,mega_A5,GNN,four_rooms,1.0,results/mega_1mes/mega_A_fase5/models/gnn_3d_best_four_rooms_run1.pth,3ed241d04642,2025,
46,12.99,0.0,0,0,0,0,0,0,mega_A5,GNN,four_rooms,1.0,results/mega_1mes/mega_A_fase5/models/gnn_3d_best_four_rooms_run1.pth,3ed241d04642,2026,
55,1.01,0.0,237,14,13,0,11,3,mega_A5,GNN,four_rooms,2.0,results/mega_1mes/mega_A_fase5/models/gnn_3d_best_four_rooms_run2.pth,4c1cbd456ccd,2024,
52,2.17,0.0,306,18,17,0,15,3,mega_A5,GNN,four_rooms,2.0,results/mega_1mes/mega_A_fase5/models/gnn_3d_best_four_rooms_run2.pth,4c1cbd456ccd,2025,
59,4.3,0.0,290,17,18,0,15,2,mega_A5,GNN,four_rooms,2.0,results/mega_1mes/mega_A_fase5/models/gnn_3d_best_four_rooms_run2.pth,4c1cbd456ccd,2026,
73,1.99,0.0,385,16,17,0,13,3,mega_A5,GNN,four_rooms,3.0,results/mega_1mes/mega_A_fase5/models/gnn_3d_best_four_rooms_run3.pth,3a1a3dcc0d66,2024,
68,1.47,0.0,452,18,22,0,17,1,mega_A5,GNN,four_rooms,3.0,results/mega_1mes/mega_A_fase5/models/gnn_3d_best_four_rooms_run3.pth,3a1a3dcc0d66,2025,
74,1.27,0.0,361,18,17,0,15,3,mega_A5,GNN,four_rooms,3.0,results/mega_1mes/mega_A_fase5/models/gnn_3d_best_four_rooms_run3.pth,3a1a3dcc0d66,2026,
55,3.61,0.0,189,14,11,0,11,3,mega_A5,GNN,four_rooms,4.0,results/mega_1mes/mega_A_fase5/models/gnn_3d_best_four_rooms_run4.pth,54a2a034967b,2024,
55,4.05,0.0,253,16,16,0,15,1,mega_A5,GNN,four_rooms,4.0,results/mega_1mes/mega_A_fase5/models/gnn_3d_best_four_rooms_run4.pth,54a2a034967b,2025,
58,3.61,0.0,198,15,10,0,9,6,mega_A5,GNN,four_rooms,4.0,results/mega_1mes/mega_A_fase5/models/gnn_3d_best_four_rooms_run4.pth,54a2a034967b,2026,
78,14.83,0.854,269,19,17,17,15,4,mega_A5,GNN,four_rooms,5.0,results/mega_1mes/mega_A_fase5/models/gnn_3d_best_four_rooms_run5.pth,6745344761ef,2024,
70,14.81,0.854,323,19,28,28,18,1,mega_A5,GNN,four_rooms,5.0,results/mega_1mes/mega_A_fase5/models/gnn_3d_best_four_rooms_run5.pth,6745344761ef,2025,
84,14.83,0.858,276,19,22,22,17,2,mega_A5,GNN,four_rooms,5.0,results/mega_1mes/mega_A_fase5/models/gnn_3d_best_four_rooms_run5.pth,6745344761ef,2026,
66,11.09,0.0,0,0,0,0,0,0,mega_A5,GNN,four_rooms,6.0,results/mega_1mes/mega_A_fase5/models/gnn_3d_best_four_rooms_run6.pth,ae6a5a200a8f,2024,
67,11.59,0.0,0,0,0,0,0,0,mega_A5,GNN,four_rooms,6.0,results/mega_1mes/mega_A_fase5/models/gnn_3d_best_four_rooms_run6.pth,ae6a5a200a8f,2025,
63,14.13,0.002,0,0,0,0,0,0,mega_A5,GNN,four_rooms,6.0,results/mega_1mes/mega_A_fase5/models/gnn_3d_best_four_rooms_run6.pth,ae6a5a200a8f,2026,
68,0.5,0.0,193,19,0,0,0,19,mega_A5,GNN,four_rooms,7.0,results/mega_1mes/mega_A_fase5/models/gnn_3d_best_four_rooms_run7.pth,40f79e90bc03,2024,
64,3.25,0.0,245,20,0,0,0,20,mega_A5,GNN,four_rooms,7.0,results/mega_1mes/mega_A_fase5/models/gnn_3d_best_four_rooms_run7.pth,40f79e90bc03,2025,
73,5.03,0.0,187,17,0,0,0,17,mega_A5,GNN,four_rooms,7.0,results/mega_1mes/mega_A_fase5/models/gnn_3d_best_four_rooms_run7.pth,40f79e90bc03,2026,
71,0.7,0.0,0,0,0,0,0,0,mega_A5,GNN,cooperative_door,1.0,results/mega_1mes/mega_A_fase5/models/gnn_3d_best_cooperative_door_run1.pth,049e26da1c46,2024,
69,1.45,0.0,0,0,0,0,0,0,mega_A5,GNN,cooperative_door,1.0,results/mega_1mes/mega_A_fase5/models/gnn_3d_best_cooperative_door_run1.pth,049e26da1c46,2025,
70,0.87,0.0,0,0,0,0,0,0,mega_A5,GNN,cooperative_door,1.0,results/mega_1mes/mega_A_fase5/models/gnn_3d_best_cooperative_door_run1.pth,049e26da1c46,2026,
72,0.64,0.0,0,0,0,0,0,0,mega_A5,GNN,cooperative_door,,results/mega_1mes/mega_A_fase5/models/gnn_3d_best_cooperative_door.pth,2b7bca8beabc,2024,
72,3.47,0.0,0,0,0,0,0,0,mega_A5,GNN,cooperative_door,,results/mega_1mes/mega_A_fase5/models/gnn_3d_best_cooperative_door.pth,2b7bca8beabc,2025,
70,1.16,0.0,0,0,0,0,0,0,mega_A5,GNN,cooperative_door,,results/mega_1mes/mega_A_fase5/models/gnn_3d_best_cooperative_door.pth,2b7bca8beabc,2026,
71,2.45,0.0,0,0,0,0,0,0,mega_A5,GNN,cooperative_door,2.0,results/mega_1mes/mega_A_fase5/models/gnn_3d_best_cooperative_door_run2.pth,28a35ad5cf04,2024,
72,1.65,0.0,0,0,0,0,0,0,mega_A5,GNN,cooperative_door,2.0,results/mega_1mes/mega_A_fase5/models/gnn_3d_best_cooperative_door_run2.pth,28a35ad5cf04,2025,
71,1.51,0.0,0,0,0,0,0,0,mega_A5,GNN,cooperative_door,2.0,results/mega_1mes/mega_A_fase5/models/gnn_3d_best_cooperative_door_run2.pth,28a35ad5cf04,2026,
70,0.72,0.0,0,0,0,0,0,0,mega_A5,GNN,cooperative_door,3.0,results/mega_1mes/mega_A_fase5/models/gnn_3d_best_cooperative_door_run3.pth,a2d0674604a0,2024,
70,0.68,0.0,0,0,0,0,0,0,mega_A5,GNN,cooperative_door,3.0,results/mega_1mes/mega_A_fase5/models/gnn_3d_best_cooperative_door_run3.pth,a2d0674604a0,2025,
71,0.59,0.0,0,0,0,0,0,0,mega_A5,GNN,cooperative_door,3.0,results/mega_1mes/mega_A_fase5/models/gnn_3d_best_cooperative_door_run3.pth,a2d0674604a0,2026,
72,0.79,0.0,0,0,0,0,0,0,mega_A5,GNN,cooperative_door,4.0,results/mega_1mes/mega_A_fase5/models/gnn_3d_best_cooperative_door_run4.pth,7710294b85fe,2024,
72,0.67,0.0,0,0,0,0,0,0,mega_A5,GNN,cooperative_door,4.0,results/mega_1mes/mega_A_fase5/models/gnn_3d_best_cooperative_door_run4.pth,7710294b85fe,2025,
70,0.88,0.0,0,0,0,0,0,0,mega_A5,GNN,cooperative_door,4.0,results/mega_1mes/mega_A_fase5/models/gnn_3d_best_cooperative_door_run4.pth,7710294b85fe,2026,
72,1.22,0.0,0,0,0,0,0,0,mega_A5,GNN,cooperative_door,5.0,results/mega_1mes/mega_A_fase5/models/gnn_3d_best_cooperative_door_run5.pth,fc064870796d,2024,
69,3.89,0.0,0,0,0,0,0,0,mega_A5,GNN,cooperative_door,5.0,results/mega_1mes/mega_A_fase5/models/gnn_3d_best_cooperative_door_run5.pth,fc064870796d,2025,
72,1.24,0.0,0,0,0,0,0,0,mega_A5,GNN,cooperative_door,5.0,results/mega_1mes/mega_A_fase5/models/gnn_3d_best_cooperative_door_run5.pth,fc064870796d,2026,
71,0.74,0.0,0,0,0,0,0,0,mega_A5,GNN,cooperative_door,6.0,results/mega_1mes/mega_A_fase5/models/gnn_3d_best_cooperative_door_run6.pth,0570c8f931bd,2024,
71,0.68,0.0,0,0,0,0,0,0,mega_A5,GNN,cooperative_door,6.0,results/mega_1mes/mega_A_fase5/models/gnn_3d_best_cooperative_door_run6.pth,0570c8f931bd,2025,
67,0.61,0.0,0,0,0,0,0,0,mega_A5,GNN,cooperative_door,6.0,results/mega_1mes/mega_A_fase5/models/gnn_3d_best_cooperative_door_run6.pth,0570c8f931bd,2026,
25,9.47,0.0,0,0,0,0,0,0,mega_A5,GNN,cooperative_perception,,results/mega_1mes/mega_A_fase5/models/gnn_3d_best_cooperative_perception.pth,002b04284403,2024,
25,10.17,0.0,0,0,0,0,0,0,mega_A5,GNN,cooperative_perception,,results/mega_1mes/mega_A_fase5/models/gnn_3d_best_cooperative_perception.pth,002b04284403,2025,
24,10.09,0.0,0,0,0,0,0,0,mega_A5,GNN,cooperative_perception,,results/mega_1mes/mega_A_fase5/models/gnn_3d_best_cooperative_perception.pth,002b04284403,2026,
23,9.54,0.0,0,0,0,0,0,0,mega_A5,GNN,cooperative_perception,1.0,results/mega_1mes/mega_A_fase5/models/gnn_3d_best_cooperative_perception_run1.pth,b9eceb6c8d4e,2024,
20,10.32,0.0,0,0,0,0,0,0,mega_A5,GNN,cooperative_perception,1.0,results/mega_1mes/mega_A_fase5/models/gnn_3d_best_cooperative_perception_run1.pth,b9eceb6c8d4e,2025,
16,10.17,0.0,0,0,0,0,0,0,mega_A5,GNN,cooperative_perception,1.0,results/mega_1mes/mega_A_fase5/models/gnn_3d_best_cooperative_perception_run1.pth,b9eceb6c8d4e,2026,
17,9.51,0.0,0,0,0,0,0,0,mega_A5,GNN,cooperative_perception,2.0,results/mega_1mes/mega_A_fase5/models/gnn_3d_best_cooperative_perception_run2.pth,0939245618c5,2024,
24,10.24,0.0,0,0,0,0,0,0,mega_A5,GNN,cooperative_perception,2.0,results/mega_1mes/mega_A_fase5/models/gnn_3d_best_cooperative_perception_run2.pth,0939245618c5,2025,
18,10.15,0.0,0,0,0,0,0,0,mega_A5,GNN,cooperative_perception,2.0,results/mega_1mes/mega_A_fase5/models/gnn_3d_best_cooperative_perception_run2.pth,0939245618c5,2026,
72,0.64,0.0,0,0,0,0,0,0,mega_A5,GNN,cooperative_door,7.0,results/mega_1mes/mega_A_fase5/models/gnn_3d_best_cooperative_door_run7.pth,34771a030956,2024,
72,3.47,0.0,0,0,0,0,0,0,mega_A5,GNN,cooperative_door,7.0,results/mega_1mes/mega_A_fase5/models/gnn_3d_best_cooperative_door_run7.pth,34771a030956,2025,
70,1.16,0.0,0,0,0,0,0,0,mega_A5,GNN,cooperative_door,7.0,results/mega_1mes/mega_A_fase5/models/gnn_3d_best_cooperative_door_run7.pth,34771a030956,2026,
20,9.52,0.0,0,0,0,0,0,0,mega_A5,GNN,cooperative_perception,3.0,results/mega_1mes/mega_A_fase5/models/gnn_3d_best_cooperative_perception_run3.pth,beed23672b35,2024,
21,10.22,0.0,0,0,0,0,0,0,mega_A5,GNN,cooperative_perception,3.0,results/mega_1mes/mega_A_fase5/models/gnn_3d_best_cooperative_perception_run3.pth,beed23672b35,2025,
20,10.15,0.0,0,0,0,0,0,0,mega_A5,GNN,cooperative_perception,3.0,results/mega_1mes/mega_A_fase5/models/gnn_3d_best_cooperative_perception_run3.pth,beed23672b35,2026,
25,9.47,0.0,0,0,0,0,0,0,mega_A5,GNN,cooperative_perception,4.0,results/mega_1mes/mega_A_fase5/models/gnn_3d_best_cooperative_perception_run4.pth,b368baa40a21,2024,
25,10.17,0.0,0,0,0,0,0,0,mega_A5,GNN,cooperative_perception,4.0,results/mega_1mes/mega_A_fase5/models/gnn_3d_best_cooperative_perception_run4.pth,b368baa40a21,2025,
24,10.09,0.0,0,0,0,0,0,0,mega_A5,GNN,cooperative_perception,4.0,results/mega_1mes/mega_A_fase5/models/gnn_3d_best_cooperative_perception_run4.pth,b368baa40a21,2026,
24,9.47,0.0,0,0,0,0,0,0,mega_A5,GNN,cooperative_perception,5.0,results/mega_1mes/mega_A_fase5/models/gnn_3d_best_cooperative_perception_run5.pth,307c4a370add,2024,
25,10.17,0.0,0,0,0,0,0,0,mega_A5,GNN,cooperative_perception,5.0,results/mega_1mes/mega_A_fase5/models/gnn_3d_best_cooperative_perception_run5.pth,307c4a370add,2025,
28,10.08,0.0,0,0,0,0,0,0,mega_A5,GNN,cooperative_perception,5.0,results/mega_1mes/mega_A_fase5/models/gnn_3d_best_cooperative_perception_run5.pth,307c4a370add,2026,
15,9.67,0.0,0,0,0,0,0,0,mega_A5,GNN,cooperative_perception,6.0,results/mega_1mes/mega_A_fase5/models/gnn_3d_best_cooperative_perception_run6.pth,fd9a9d17d46e,2024,
19,10.3,0.0,0,0,0,0,0,0,mega_A5,GNN,cooperative_perception,6.0,results/mega_1mes/mega_A_fase5/models/gnn_3d_best_cooperative_perception_run6.pth,fd9a9d17d46e,2025,
15,10.22,0.0,0,0,0,0,0,0,mega_A5,GNN,cooperative_perception,6.0,results/mega_1mes/mega_A_fase5/models/gnn_3d_best_cooperative_perception_run6.pth,fd9a9d17d46e,2026,
3,10.6,0.0,0,0,0,0,0,0,mega_A5,GNN,cooperative_perception,7.0,results/mega_1mes/mega_A_fase5/models/gnn_3d_best_cooperative_perception_run7.pth,40238d00196f,2024,
4,10.48,0.0,0,0,0,0,0,0,mega_A5,GNN,cooperative_perception,7.0,results/mega_1mes/mega_A_fase5/models/gnn_3d_best_cooperative_perception_run7.pth,40238d00196f,2025,
0,10.59,0.0,0,0,0,0,0,0,mega_A5,GNN,cooperative_perception,7.0,results/mega_1mes/mega_A_fase5/models/gnn_3d_best_cooperative_perception_run7.pth,40238d00196f,2026,
93,0.92,0.0,0,0,0,0,0,0,mega_A5,GNN,cooperative_door_bypass,,results/mega_1mes/mega_A_fase5/models/gnn_3d_best_cooperative_door_bypass.pth,9cb70ecf427e,2024,
92,1.62,0.0,0,0,0,0,0,0,mega_A5,GNN,cooperative_door_bypass,,results/mega_1mes/mega_A_fase5/models/gnn_3d_best_cooperative_door_bypass.pth,9cb70ecf427e,2025,
92,0.97,0.0,0,0,0,0,0,0,mega_A5,GNN,cooperative_door_bypass,,results/mega_1mes/mega_A_fase5/models/gnn_3d_best_cooperative_door_bypass.pth,9cb70ecf427e,2026,
91,2.51,0.0,0,0,0,0,0,0,mega_A5,GNN,cooperative_door_bypass,1.0,results/mega_1mes/mega_A_fase5/models/gnn_3d_best_cooperative_door_bypass_run1.pth,8721b06280fe,2024,
88,3.89,0.0,0,0,0,0,0,0,mega_A5,GNN,cooperative_door_bypass,1.0,results/mega_1mes/mega_A_fase5/models/gnn_3d_best_cooperative_door_bypass_run1.pth,8721b06280fe,2025,
89,3.08,0.0,0,0,0,0,0,0,mega_A5,GNN,cooperative_door_bypass,1.0,results/mega_1mes/mega_A_fase5/models/gnn_3d_best_cooperative_door_bypass_run1.pth,8721b06280fe,2026,
89,2.72,0.0,0,0,0,0,0,0,mega_A5,GNN,cooperative_door_bypass,2.0,results/mega_1mes/mega_A_fase5/models/gnn_3d_best_cooperative_door_bypass_run2.pth,5e8e9e8ab046,2024,
86,3.11,0.0,0,0,0,0,0,0,mega_A5,GNN,cooperative_door_bypass,2.0,results/mega_1mes/mega_A_fase5/models/gnn_3d_best_cooperative_door_bypass_run2.pth,5e8e9e8ab046,2025,
86,3.11,0.0,0,0,0,0,0,0,mega_A5,GNN,cooperative_door_bypass,2.0,results/mega_1mes/mega_A_fase5/models/gnn_3d_best_cooperative_door_bypass_run2.pth,5e8e9e8ab046,2026,
89,0.6,0.0,0,0,0,0,0,0,mega_A5,GNN,cooperative_door_bypass,3.0,results/mega_1mes/mega_A_fase5/models/gnn_3d_best_cooperative_door_bypass_run3.pth,4dcb92f87861,2024,
89,1.08,0.0,0,0,0,0,0,0,mega_A5,GNN,cooperative_door_bypass,3.0,results/mega_1mes/mega_A_fase5/models/gnn_3d_best_cooperative_door_bypass_run3.pth,4dcb92f87861,2025,
89,0.52,0.0,0,0,0,0,0,0,mega_A5,GNN,cooperative_door_bypass,3.0,results/mega_1mes/mega_A_fase5/models/gnn_3d_best_cooperative_door_bypass_run3.pth,4dcb92f87861,2026,
90,1.2,0.0,0,0,0,0,0,0,mega_A5,GNN,cooperative_door_bypass,4.0,results/mega_1mes/mega_A_fase5/models/gnn_3d_best_cooperative_door_bypass_run4.pth,f6947abd6872,2024,
88,1.32,0.0,0,0,0,0,0,0,mega_A5,GNN,cooperative_door_bypass,4.0,results/mega_1mes/mega_A_fase5/models/gnn_3d_best_cooperative_door_bypass_run4.pth,f6947abd6872,2025,
88,1.93,0.0,0,0,0,0,0,0,mega_A5,GNN,cooperative_door_bypass,4.0,results/mega_1mes/mega_A_fase5/models/gnn_3d_best_cooperative_door_bypass_run4.pth,f6947abd6872,2026,
87,1.6,0.0,0,0,0,0,0,0,mega_A5,GNN,cooperative_door_bypass,5.0,results/mega_1mes/mega_A_fase5/models/gnn_3d_best_cooperative_door_bypass_run5.pth,03205fac823f,2024,
87,1.72,0.0,0,0,0,0,0,0,mega_A5,GNN,cooperative_door_bypass,5.0,results/mega_1mes/mega_A_fase5/models/gnn_3d_best_cooperative_door_bypass_run5.pth,03205fac823f,2025,
84,1.69,0.0,0,0,0,0,0,0,mega_A5,GNN,cooperative_door_bypass,5.0,results/mega_1mes/mega_A_fase5/models/gnn_3d_best_cooperative_door_bypass_run5.pth,03205fac823f,2026,
90,1.2,0.0,0,0,0,0,0,0,mega_A5,GNN,cooperative_door_bypass,6.0,results/mega_1mes/mega_A_fase5/models/gnn_3d_best_cooperative_door_bypass_run6.pth,e47c522fddc9,2024,
89,1.0,0.0,0,0,0,0,0,0,mega_A5,GNN,cooperative_door_bypass,6.0,results/mega_1mes/mega_A_fase5/models/gnn_3d_best_cooperative_door_bypass_run6.pth,e47c522fddc9,2025,
87,1.05,0.0,0,0,0,0,0,0,mega_A5,GNN,cooperative_door_bypass,6.0,results/mega_1mes/mega_A_fase5/models/gnn_3d_best_cooperative_door_bypass_run6.pth,e47c522fddc9,2026,
93,0.92,0.0,0,0,0,0,0,0,mega_A5,GNN,cooperative_door_bypass,7.0,results/mega_1mes/mega_A_fase5/models/gnn_3d_best_cooperative_door_bypass_run7.pth,14b9b72be709,2024,
92,1.62,0.0,0,0,0,0,0,0,mega_A5,GNN,cooperative_door_bypass,7.0,results/mega_1mes/mega_A_fase5/models/gnn_3d_best_cooperative_door_bypass_run7.pth,14b9b72be709,2025,
92,0.97,0.0,0,0,0,0,0,0,mega_A5,GNN,cooperative_door_bypass,7.0,results/mega_1mes/mega_A_fase5/models/gnn_3d_best_cooperative_door_bypass_run7.pth,14b9b72be709,2026,
71,0.75,0.0,0,0,0,0,0,0,mega_B1,GNN,u_wall,,results/mega_1mes/mega_B_fase1/models/gnn_3d_best_u_wall.pth,84d004e64e9a,2024,
74,0.88,0.0,0,0,0,0,0,0,mega_B1,GNN,u_wall,,results/mega_1mes/mega_B_fase1/models/gnn_3d_best_u_wall.pth,84d004e64e9a,2025,
72,0.58,0.0,0,0,0,0,0,0,mega_B1,GNN,u_wall,,results/mega_1mes/mega_B_fase1/models/gnn_3d_best_u_wall.pth,84d004e64e9a,2026,
59,5.37,0.0,1,1,0,0,0,1,mega_B1,GNN,u_wall,2.0,results/mega_1mes/mega_B_fase1/models/gnn_3d_best_u_wall_run2.pth,b06592d4c44e,2024,
56,4.39,0.0,0,0,0,0,0,0,mega_B1,GNN,u_wall,2.0,results/mega_1mes/mega_B_fase1/models/gnn_3d_best_u_wall_run2.pth,b06592d4c44e,2025,
58,4.52,0.0,1,1,0,0,0,1,mega_B1,GNN,u_wall,2.0,results/mega_1mes/mega_B_fase1/models/gnn_3d_best_u_wall_run2.pth,b06592d4c44e,2026,
62,3.72,0.0,0,0,0,0,0,0,mega_B1,GNN,u_wall,1.0,results/mega_1mes/mega_B_fase1/models/gnn_3d_best_u_wall_run1.pth,fe6f3dc37559,2024,
61,3.73,0.0,0,0,0,0,0,0,mega_B1,GNN,u_wall,1.0,results/mega_1mes/mega_B_fase1/models/gnn_3d_best_u_wall_run1.pth,fe6f3dc37559,2025,
60,3.57,0.0,1,1,0,0,0,1,mega_B1,GNN,u_wall,1.0,results/mega_1mes/mega_B_fase1/models/gnn_3d_best_u_wall_run1.pth,fe6f3dc37559,2026,
55,4.12,0.0,1,1,0,0,0,1,mega_B1,GNN,u_wall,3.0,results/mega_1mes/mega_B_fase1/models/gnn_3d_best_u_wall_run3.pth,bb9f74188a7a,2024,
55,3.22,0.0,0,0,0,0,0,0,mega_B1,GNN,u_wall,3.0,results/mega_1mes/mega_B_fase1/models/gnn_3d_best_u_wall_run3.pth,bb9f74188a7a,2025,
53,2.97,0.0,0,0,0,0,0,0,mega_B1,GNN,u_wall,3.0,results/mega_1mes/mega_B_fase1/models/gnn_3d_best_u_wall_run3.pth,bb9f74188a7a,2026,
71,0.75,0.0,0,0,0,0,0,0,mega_B1,GNN,u_wall,4.0,results/mega_1mes/mega_B_fase1/models/gnn_3d_best_u_wall_run4.pth,6f7e98c0ceaa,2024,
74,0.88,0.0,0,0,0,0,0,0,mega_B1,GNN,u_wall,4.0,results/mega_1mes/mega_B_fase1/models/gnn_3d_best_u_wall_run4.pth,6f7e98c0ceaa,2025,
72,0.58,0.0,0,0,0,0,0,0,mega_B1,GNN,u_wall,4.0,results/mega_1mes/mega_B_fase1/models/gnn_3d_best_u_wall_run4.pth,6f7e98c0ceaa,2026,
57,5.2,0.0,0,0,0,0,0,0,mega_B1,GNN,u_wall,5.0,results/mega_1mes/mega_B_fase1/models/gnn_3d_best_u_wall_run5.pth,412fdefd3167,2024,
55,3.57,0.0,0,0,0,0,0,0,mega_B1,GNN,u_wall,5.0,results/mega_1mes/mega_B_fase1/models/gnn_3d_best_u_wall_run5.pth,412fdefd3167,2025,
58,3.21,0.0,0,0,0,0,0,0,mega_B1,GNN,u_wall,5.0,results/mega_1mes/mega_B_fase1/models/gnn_3d_best_u_wall_run5.pth,412fdefd3167,2026,
62,2.96,0.0,0,0,0,0,0,0,mega_B1,GNN,u_wall,6.0,results/mega_1mes/mega_B_fase1/models/gnn_3d_best_u_wall_run6.pth,37fb2d744e4a,2024,
60,2.77,0.0,0,0,0,0,0,0,mega_B1,GNN,u_wall,6.0,results/mega_1mes/mega_B_fase1/models/gnn_3d_best_u_wall_run6.pth,37fb2d744e4a,2025,
53,14.44,0.608,0,0,0,0,0,0,mega_B1,GNN,u_wall,6.0,results/mega_1mes/mega_B_fase1/models/gnn_3d_best_u_wall_run6.pth,37fb2d744e4a,2026,
62,0.54,0.0,0,0,0,0,0,0,mega_B1,GNN,u_wall,7.0,results/mega_1mes/mega_B_fase1/models/gnn_3d_best_u_wall_run7.pth,3dd762db4ae0,2024,
68,0.6,0.0,0,0,0,0,0,0,mega_B1,GNN,u_wall,7.0,results/mega_1mes/mega_B_fase1/models/gnn_3d_best_u_wall_run7.pth,3dd762db4ae0,2025,
59,0.62,0.0,0,0,0,0,0,0,mega_B1,GNN,u_wall,7.0,results/mega_1mes/mega_B_fase1/models/gnn_3d_best_u_wall_run7.pth,3dd762db4ae0,2026,
72,1.44,0.0,0,0,0,0,0,0,mega_B1,GNN,cooperative_door,,results/mega_1mes/mega_B_fase1/models/gnn_3d_best_cooperative_door.pth,19ec3fd7215e,2024,
73,0.92,0.0,0,0,0,0,0,0,mega_B1,GNN,cooperative_door,,results/mega_1mes/mega_B_fase1/models/gnn_3d_best_cooperative_door.pth,19ec3fd7215e,2025,
71,1.03,0.0,0,0,0,0,0,0,mega_B1,GNN,cooperative_door,,results/mega_1mes/mega_B_fase1/models/gnn_3d_best_cooperative_door.pth,19ec3fd7215e,2026,
72,1.44,0.0,0,0,0,0,0,0,mega_B1,GNN,cooperative_door,1.0,results/mega_1mes/mega_B_fase1/models/gnn_3d_best_cooperative_door_run1.pth,cc005c6411eb,2024,
73,0.92,0.0,0,0,0,0,0,0,mega_B1,GNN,cooperative_door,1.0,results/mega_1mes/mega_B_fase1/models/gnn_3d_best_cooperative_door_run1.pth,cc005c6411eb,2025,
71,1.03,0.0,0,0,0,0,0,0,mega_B1,GNN,cooperative_door,1.0,results/mega_1mes/mega_B_fase1/models/gnn_3d_best_cooperative_door_run1.pth,cc005c6411eb,2026,
72,1.63,0.0,0,0,0,0,0,0,mega_B1,GNN,cooperative_door,2.0,results/mega_1mes/mega_B_fase1/models/gnn_3d_best_cooperative_door_run2.pth,cec45023a75d,2024,
69,1.06,0.0,0,0,0,0,0,0,mega_B1,GNN,cooperative_door,2.0,results/mega_1mes/mega_B_fase1/models/gnn_3d_best_cooperative_door_run2.pth,cec45023a75d,2025,
67,0.98,0.0,0,0,0,0,0,0,mega_B1,GNN,cooperative_door,2.0,results/mega_1mes/mega_B_fase1/models/gnn_3d_best_cooperative_door_run2.pth,cec45023a75d,2026,
70,1.25,0.0,0,0,0,0,0,0,mega_B1,GNN,cooperative_door,3.0,results/mega_1mes/mega_B_fase1/models/gnn_3d_best_cooperative_door_run3.pth,217d26409466,2024,
69,1.17,0.0,0,0,0,0,0,0,mega_B1,GNN,cooperative_door,3.0,results/mega_1mes/mega_B_fase1/models/gnn_3d_best_cooperative_door_run3.pth,217d26409466,2025,
70,1.05,0.0,0,0,0,0,0,0,mega_B1,GNN,cooperative_door,3.0,results/mega_1mes/mega_B_fase1/models/gnn_3d_best_cooperative_door_run3.pth,217d26409466,2026,
51,3.51,0.0,0,0,0,0,0,0,mega_B1,GNN,cooperative_door,4.0,results/mega_1mes/mega_B_fase1/models/gnn_3d_best_cooperative_door_run4.pth,f7e3a81fb800,2024,
50,3.16,0.0,0,0,0,0,0,0,mega_B1,GNN,cooperative_door,4.0,results/mega_1mes/mega_B_fase1/models/gnn_3d_best_cooperative_door_run4.pth,f7e3a81fb800,2025,
48,3.04,0.0,0,0,0,0,0,0,mega_B1,GNN,cooperative_door,4.0,results/mega_1mes/mega_B_fase1/models/gnn_3d_best_cooperative_door_run4.pth,f7e3a81fb800,2026,
71,0.91,0.0,0,0,0,0,0,0,mega_B1,GNN,cooperative_door,5.0,results/mega_1mes/mega_B_fase1/models/gnn_3d_best_cooperative_door_run5.pth,a80acedef13d,2024,
69,5.31,0.0,0,0,0,0,0,0,mega_B1,GNN,cooperative_door,5.0,results/mega_1mes/mega_B_fase1/models/gnn_3d_best_cooperative_door_run5.pth,a80acedef13d,2025,
71,0.91,0.0,0,0,0,0,0,0,mega_B1,GNN,cooperative_door,5.0,results/mega_1mes/mega_B_fase1/models/gnn_3d_best_cooperative_door_run5.pth,a80acedef13d,2026,
69,1.2,0.0,0,0,0,0,0,0,mega_B1,GNN,cooperative_door,6.0,results/mega_1mes/mega_B_fase1/models/gnn_3d_best_cooperative_door_run6.pth,fcb8237596ce,2024,
67,1.1,0.0,0,0,0,0,0,0,mega_B1,GNN,cooperative_door,6.0,results/mega_1mes/mega_B_fase1/models/gnn_3d_best_cooperative_door_run6.pth,fcb8237596ce,2025,
68,1.03,0.0,0,0,0,0,0,0,mega_B1,GNN,cooperative_door,6.0,results/mega_1mes/mega_B_fase1/models/gnn_3d_best_cooperative_door_run6.pth,fcb8237596ce,2026,
71,1.95,0.0,0,0,0,0,0,0,mega_B1,GNN,cooperative_door,7.0,results/mega_1mes/mega_B_fase1/models/gnn_3d_best_cooperative_door_run7.pth,05374b36e1d8,2024,
71,1.69,0.0,0,0,0,0,0,0,mega_B1,GNN,cooperative_door,7.0,results/mega_1mes/mega_B_fase1/models/gnn_3d_best_cooperative_door_run7.pth,05374b36e1d8,2025,
70,1.86,0.0,0,0,0,0,0,0,mega_B1,GNN,cooperative_door,7.0,results/mega_1mes/mega_B_fase1/models/gnn_3d_best_cooperative_door_run7.pth,05374b36e1d8,2026,
22,9.47,0.0,0,0,0,0,0,0,mega_B1,GNN,cooperative_perception,,results/mega_1mes/mega_B_fase1/models/gnn_3d_best_cooperative_perception.pth,d68d08be1f6e,2024,
27,10.18,0.0,0,0,0,0,0,0,mega_B1,GNN,cooperative_perception,,results/mega_1mes/mega_B_fase1/models/gnn_3d_best_cooperative_perception.pth,d68d08be1f6e,2025,
24,10.08,0.0,0,0,0,0,0,0,mega_B1,GNN,cooperative_perception,,results/mega_1mes/mega_B_fase1/models/gnn_3d_best_cooperative_perception.pth,d68d08be1f6e,2026,
21,9.54,0.0,0,0,0,0,0,0,mega_B1,GNN,cooperative_perception,1.0,results/mega_1mes/mega_B_fase1/models/gnn_3d_best_cooperative_perception_run1.pth,b14dc884b8c3,2024,
21,10.27,0.0,0,0,0,0,0,0,mega_B1,GNN,cooperative_perception,1.0,results/mega_1mes/mega_B_fase1/models/gnn_3d_best_cooperative_perception_run1.pth,b14dc884b8c3,2025,
19,10.15,0.0,0,0,0,0,0,0,mega_B1,GNN,cooperative_perception,1.0,results/mega_1mes/mega_B_fase1/models/gnn_3d_best_cooperative_perception_run1.pth,b14dc884b8c3,2026,
18,9.56,0.0,0,0,0,0,0,0,mega_B1,GNN,cooperative_perception,2.0,results/mega_1mes/mega_B_fase1/models/gnn_3d_best_cooperative_perception_run2.pth,36b2a08b5c3c,2024,
20,11.7,0.0,0,0,0,0,0,0,mega_B1,GNN,cooperative_perception,2.0,results/mega_1mes/mega_B_fase1/models/gnn_3d_best_cooperative_perception_run2.pth,36b2a08b5c3c,2025,
21,10.13,0.0,0,0,0,0,0,0,mega_B1,GNN,cooperative_perception,2.0,results/mega_1mes/mega_B_fase1/models/gnn_3d_best_cooperative_perception_run2.pth,36b2a08b5c3c,2026,
22,9.47,0.0,0,0,0,0,0,0,mega_B1,GNN,cooperative_perception,3.0,results/mega_1mes/mega_B_fase1/models/gnn_3d_best_cooperative_perception_run3.pth,edab5ec85805,2024,
27,10.18,0.0,0,0,0,0,0,0,mega_B1,GNN,cooperative_perception,3.0,results/mega_1mes/mega_B_fase1/models/gnn_3d_best_cooperative_perception_run3.pth,edab5ec85805,2025,
24,10.08,0.0,0,0,0,0,0,0,mega_B1,GNN,cooperative_perception,3.0,results/mega_1mes/mega_B_fase1/models/gnn_3d_best_cooperative_perception_run3.pth,edab5ec85805,2026,
7,10.72,0.0,0,0,0,0,0,0,mega_B1,GNN,cooperative_perception,4.0,results/mega_1mes/mega_B_fase1/models/gnn_3d_best_cooperative_perception_run4.pth,fb4e86b7eaca,2024,
6,10.48,0.0,0,0,0,0,0,0,mega_B1,GNN,cooperative_perception,4.0,results/mega_1mes/mega_B_fase1/models/gnn_3d_best_cooperative_perception_run4.pth,fb4e86b7eaca,2025,
6,10.46,0.0,0,0,0,0,0,0,mega_B1,GNN,cooperative_perception,4.0,results/mega_1mes/mega_B_fase1/models/gnn_3d_best_cooperative_perception_run4.pth,fb4e86b7eaca,2026,
16,9.51,0.0,0,0,0,0,0,0,mega_B1,GNN,cooperative_perception,5.0,results/mega_1mes/mega_B_fase1/models/gnn_3d_best_cooperative_perception_run5.pth,3ed1d21fe7de,2024,
22,10.25,0.0,0,0,0,0,0,0,mega_B1,GNN,cooperative_perception,5.0,results/mega_1mes/mega_B_fase1/models/gnn_3d_best_cooperative_perception_run5.pth,3ed1d21fe7de,2025,
16,10.14,0.0,0,0,0,0,0,0,mega_B1,GNN,cooperative_perception,5.0,results/mega_1mes/mega_B_fase1/models/gnn_3d_best_cooperative_perception_run5.pth,3ed1d21fe7de,2026,
3,10.44,0.0,0,0,0,0,0,0,mega_B1,GNN,cooperative_perception,6.0,results/mega_1mes/mega_B_fase1/models/gnn_3d_best_cooperative_perception_run6.pth,2e41354675a3,2024,
4,10.35,0.0,0,0,0,0,0,0,mega_B1,GNN,cooperative_perception,6.0,results/mega_1mes/mega_B_fase1/models/gnn_3d_best_cooperative_perception_run6.pth,2e41354675a3,2025,
0,10.26,0.0,0,0,0,0,0,0,mega_B1,GNN,cooperative_perception,6.0,results/mega_1mes/mega_B_fase1/models/gnn_3d_best_cooperative_perception_run6.pth,2e41354675a3,2026,
3,10.44,0.0,0,0,0,0,0,0,mega_B1,GNN,cooperative_perception,7.0,results/mega_1mes/mega_B_fase1/models/gnn_3d_best_cooperative_perception_run7.pth,788fc577d91e,2024,
4,10.36,0.0,0,0,0,0,0,0,mega_B1,GNN,cooperative_perception,7.0,results/mega_1mes/mega_B_fase1/models/gnn_3d_best_cooperative_perception_run7.pth,788fc577d91e,2025,
0,10.27,0.0,0,0,0,0,0,0,mega_B1,GNN,cooperative_perception,7.0,results/mega_1mes/mega_B_fase1/models/gnn_3d_best_cooperative_perception_run7.pth,788fc577d91e,2026,
91,2.1,0.0,0,0,0,0,0,0,mega_B1,GNN,cooperative_door_bypass,,results/mega_1mes/mega_B_fase1/models/gnn_3d_best_cooperative_door_bypass.pth,d074fc82e92c,2024,
89,2.04,0.0,0,0,0,0,0,0,mega_B1,GNN,cooperative_door_bypass,,results/mega_1mes/mega_B_fase1/models/gnn_3d_best_cooperative_door_bypass.pth,d074fc82e92c,2025,
90,2.73,0.0,0,0,0,0,0,0,mega_B1,GNN,cooperative_door_bypass,,results/mega_1mes/mega_B_fase1/models/gnn_3d_best_cooperative_door_bypass.pth,d074fc82e92c,2026,
87,1.55,0.0,0,0,0,0,0,0,mega_B1,GNN,cooperative_door_bypass,1.0,results/mega_1mes/mega_B_fase1/models/gnn_3d_best_cooperative_door_bypass_run1.pth,ea153137321d,2024,
88,1.11,0.0,0,0,0,0,0,0,mega_B1,GNN,cooperative_door_bypass,1.0,results/mega_1mes/mega_B_fase1/models/gnn_3d_best_cooperative_door_bypass_run1.pth,ea153137321d,2025,
88,1.58,0.0,0,0,0,0,0,0,mega_B1,GNN,cooperative_door_bypass,1.0,results/mega_1mes/mega_B_fase1/models/gnn_3d_best_cooperative_door_bypass_run1.pth,ea153137321d,2026,
74,1.33,0.0,0,0,0,0,0,0,mega_B1,GNN,cooperative_door_bypass,2.0,results/mega_1mes/mega_B_fase1/models/gnn_3d_best_cooperative_door_bypass_run2.pth,19deffc789f2,2024,
74,1.33,0.0,0,0,0,0,0,0,mega_B1,GNN,cooperative_door_bypass,2.0,results/mega_1mes/mega_B_fase1/models/gnn_3d_best_cooperative_door_bypass_run2.pth,19deffc789f2,2025,
71,3.3,0.0,0,0,0,0,0,0,mega_B1,GNN,cooperative_door_bypass,2.0,results/mega_1mes/mega_B_fase1/models/gnn_3d_best_cooperative_door_bypass_run2.pth,19deffc789f2,2026,
91,1.1,0.0,0,0,0,0,0,0,mega_B1,GNN,cooperative_door_bypass,4.0,results/mega_1mes/mega_B_fase1/models/gnn_3d_best_cooperative_door_bypass_run4.pth,c9203226e60a,2024,
92,0.81,0.0,0,0,0,0,0,0,mega_B1,GNN,cooperative_door_bypass,4.0,results/mega_1mes/mega_B_fase1/models/gnn_3d_best_cooperative_door_bypass_run4.pth,c9203226e60a,2025,
88,1.17,0.0,0,0,0,0,0,0,mega_B1,GNN,cooperative_door_bypass,4.0,results/mega_1mes/mega_B_fase1/models/gnn_3d_best_cooperative_door_bypass_run4.pth,c9203226e60a,2026,
89,0.91,0.0,0,0,0,0,0,0,mega_B1,GNN,cooperative_door_bypass,3.0,results/mega_1mes/mega_B_fase1/models/gnn_3d_best_cooperative_door_bypass_run3.pth,feae6e86eb31,2024,
88,0.85,0.0,0,0,0,0,0,0,mega_B1,GNN,cooperative_door_bypass,3.0,results/mega_1mes/mega_B_fase1/models/gnn_3d_best_cooperative_door_bypass_run3.pth,feae6e86eb31,2025,
86,0.98,0.0,0,0,0,0,0,0,mega_B1,GNN,cooperative_door_bypass,3.0,results/mega_1mes/mega_B_fase1/models/gnn_3d_best_cooperative_door_bypass_run3.pth,feae6e86eb31,2026,
91,2.1,0.0,0,0,0,0,0,0,mega_B1,GNN,cooperative_door_bypass,5.0,results/mega_1mes/mega_B_fase1/models/gnn_3d_best_cooperative_door_bypass_run5.pth,36dcd2cd2756,2024,
89,2.04,0.0,0,0,0,0,0,0,mega_B1,GNN,cooperative_door_bypass,5.0,results/mega_1mes/mega_B_fase1/models/gnn_3d_best_cooperative_door_bypass_run5.pth,36dcd2cd2756,2025,
90,2.73,0.0,0,0,0,0,0,0,mega_B1,GNN,cooperative_door_bypass,5.0,results/mega_1mes/mega_B_fase1/models/gnn_3d_best_cooperative_door_bypass_run5.pth,36dcd2cd2756,2026,
90,2.82,0.0,0,0,0,0,0,0,mega_B1,GNN,cooperative_door_bypass,6.0,results/mega_1mes/mega_B_fase1/models/gnn_3d_best_cooperative_door_bypass_run6.pth,ab6d72309d47,2024,
88,1.7,0.0,0,0,0,0,0,0,mega_B1,GNN,cooperative_door_bypass,6.0,results/mega_1mes/mega_B_fase1/models/gnn_3d_best_cooperative_door_bypass_run6.pth,ab6d72309d47,2025,
88,1.11,0.0,0,0,0,0,0,0,mega_B1,GNN,cooperative_door_bypass,6.0,results/mega_1mes/mega_B_fase1/models/gnn_3d_best_cooperative_door_bypass_run6.pth,ab6d72309d47,2026,
70,6.25,0.0,0,0,0,0,0,0,mega_B1,GNN,cooperative_door_bypass,7.0,results/mega_1mes/mega_B_fase1/models/gnn_3d_best_cooperative_door_bypass_run7.pth,44aaf8f6c95a,2024,
68,4.15,0.0,0,0,0,0,0,0,mega_B1,GNN,cooperative_door_bypass,7.0,results/mega_1mes/mega_B_fase1/models/gnn_3d_best_cooperative_door_bypass_run7.pth,44aaf8f6c95a,2025,
69,4.45,0.0,0,0,0,0,0,0,mega_B1,GNN,cooperative_door_bypass,7.0,results/mega_1mes/mega_B_fase1/models/gnn_3d_best_cooperative_door_bypass_run7.pth,44aaf8f6c95a,2026,
80,5.16,0.0,0,0,0,0,0,0,mega_B2,GNN,u_wall,,results/mega_1mes/mega_B_fase2/models/gnn_3d_best_u_wall.pth,2a1d0debd574,2024,
78,3.15,0.0,0,0,0,0,0,0,mega_B2,GNN,u_wall,,results/mega_1mes/mega_B_fase2/models/gnn_3d_best_u_wall.pth,2a1d0debd574,2025,
77,9.09,0.0,0,0,0,0,0,0,mega_B2,GNN,u_wall,,results/mega_1mes/mega_B_fase2/models/gnn_3d_best_u_wall.pth,2a1d0debd574,2026,
77,1.4,0.0,0,0,0,0,0,0,mega_B2,GNN,u_wall,1.0,results/mega_1mes/mega_B_fase2/models/gnn_3d_best_u_wall_run1.pth,55d66ea1fc8c,2024,
74,2.79,0.0,0,0,0,0,0,0,mega_B2,GNN,u_wall,1.0,results/mega_1mes/mega_B_fase2/models/gnn_3d_best_u_wall_run1.pth,55d66ea1fc8c,2025,
80,1.74,0.0,0,0,0,0,0,0,mega_B2,GNN,u_wall,1.0,results/mega_1mes/mega_B_fase2/models/gnn_3d_best_u_wall_run1.pth,55d66ea1fc8c,2026,
64,6.22,0.0,0,0,0,0,0,0,mega_B2,GNN,u_wall,2.0,results/mega_1mes/mega_B_fase2/models/gnn_3d_best_u_wall_run2.pth,34d447e341be,2024,
62,6.36,0.0,0,0,0,0,0,0,mega_B2,GNN,u_wall,2.0,results/mega_1mes/mega_B_fase2/models/gnn_3d_best_u_wall_run2.pth,34d447e341be,2025,
61,6.93,0.0,0,0,0,0,0,0,mega_B2,GNN,u_wall,2.0,results/mega_1mes/mega_B_fase2/models/gnn_3d_best_u_wall_run2.pth,34d447e341be,2026,
79,1.11,0.0,0,0,0,0,0,0,mega_B2,GNN,u_wall,4.0,results/mega_1mes/mega_B_fase2/models/gnn_3d_best_u_wall_run4.pth,65423a847d1c,2024,
82,1.19,0.0,0,0,0,0,0,0,mega_B2,GNN,u_wall,4.0,results/mega_1mes/mega_B_fase2/models/gnn_3d_best_u_wall_run4.pth,65423a847d1c,2025,
77,1.24,0.0,0,0,0,0,0,0,mega_B2,GNN,u_wall,4.0,results/mega_1mes/mega_B_fase2/models/gnn_3d_best_u_wall_run4.pth,65423a847d1c,2026,
57,1.76,0.0,0,0,0,0,0,0,mega_B2,GNN,u_wall,3.0,results/mega_1mes/mega_B_fase2/models/gnn_3d_best_u_wall_run3.pth,2e7cceffd5b1,2024,
54,1.97,0.0,5,1,0,0,0,1,mega_B2,GNN,u_wall,3.0,results/mega_1mes/mega_B_fase2/models/gnn_3d_best_u_wall_run3.pth,2e7cceffd5b1,2025,
56,2.61,0.0,0,0,0,0,0,0,mega_B2,GNN,u_wall,3.0,results/mega_1mes/mega_B_fase2/models/gnn_3d_best_u_wall_run3.pth,2e7cceffd5b1,2026,
55,10.52,0.0,0,0,0,0,0,0,mega_B2,GNN,u_wall,5.0,results/mega_1mes/mega_B_fase2/models/gnn_3d_best_u_wall_run5.pth,81e7dfae5bbc,2024,
43,13.83,0.0,0,0,0,0,0,0,mega_B2,GNN,u_wall,5.0,results/mega_1mes/mega_B_fase2/models/gnn_3d_best_u_wall_run5.pth,81e7dfae5bbc,2025,
50,10.53,0.0,0,0,0,0,0,0,mega_B2,GNN,u_wall,5.0,results/mega_1mes/mega_B_fase2/models/gnn_3d_best_u_wall_run5.pth,81e7dfae5bbc,2026,
80,5.16,0.0,0,0,0,0,0,0,mega_B2,GNN,u_wall,6.0,results/mega_1mes/mega_B_fase2/models/gnn_3d_best_u_wall_run6.pth,35a9d4752794,2024,
78,3.15,0.0,0,0,0,0,0,0,mega_B2,GNN,u_wall,6.0,results/mega_1mes/mega_B_fase2/models/gnn_3d_best_u_wall_run6.pth,35a9d4752794,2025,
77,9.09,0.0,0,0,0,0,0,0,mega_B2,GNN,u_wall,6.0,results/mega_1mes/mega_B_fase2/models/gnn_3d_best_u_wall_run6.pth,35a9d4752794,2026,
57,0.92,0.0,0,0,0,0,0,0,mega_B2,GNN,u_wall,7.0,results/mega_1mes/mega_B_fase2/models/gnn_3d_best_u_wall_run7.pth,16c4cef0ec20,2024,
56,1.69,0.0,0,0,0,0,0,0,mega_B2,GNN,u_wall,7.0,results/mega_1mes/mega_B_fase2/models/gnn_3d_best_u_wall_run7.pth,16c4cef0ec20,2025,
58,0.95,0.0,0,0,0,0,0,0,mega_B2,GNN,u_wall,7.0,results/mega_1mes/mega_B_fase2/models/gnn_3d_best_u_wall_run7.pth,16c4cef0ec20,2026,
72,1.44,0.0,0,0,0,0,0,0,mega_B2,GNN,cooperative_door,,results/mega_1mes/mega_B_fase2/models/gnn_3d_best_cooperative_door.pth,19ec3fd7215e,2024,
73,0.92,0.0,0,0,0,0,0,0,mega_B2,GNN,cooperative_door,,results/mega_1mes/mega_B_fase2/models/gnn_3d_best_cooperative_door.pth,19ec3fd7215e,2025,
71,1.03,0.0,0,0,0,0,0,0,mega_B2,GNN,cooperative_door,,results/mega_1mes/mega_B_fase2/models/gnn_3d_best_cooperative_door.pth,19ec3fd7215e,2026,
72,1.44,0.0,0,0,0,0,0,0,mega_B2,GNN,cooperative_door,1.0,results/mega_1mes/mega_B_fase2/models/gnn_3d_best_cooperative_door_run1.pth,cc005c6411eb,2024,
73,0.92,0.0,0,0,0,0,0,0,mega_B2,GNN,cooperative_door,1.0,results/mega_1mes/mega_B_fase2/models/gnn_3d_best_cooperative_door_run1.pth,cc005c6411eb,2025,
71,1.03,0.0,0,0,0,0,0,0,mega_B2,GNN,cooperative_door,1.0,results/mega_1mes/mega_B_fase2/models/gnn_3d_best_cooperative_door_run1.pth,cc005c6411eb,2026,
72,1.63,0.0,0,0,0,0,0,0,mega_B2,GNN,cooperative_door,2.0,results/mega_1mes/mega_B_fase2/models/gnn_3d_best_cooperative_door_run2.pth,cec45023a75d,2024,
69,1.06,0.0,0,0,0,0,0,0,mega_B2,GNN,cooperative_door,2.0,results/mega_1mes/mega_B_fase2/models/gnn_3d_best_cooperative_door_run2.pth,cec45023a75d,2025,
67,0.98,0.0,0,0,0,0,0,0,mega_B2,GNN,cooperative_door,2.0,results/mega_1mes/mega_B_fase2/models/gnn_3d_best_cooperative_door_run2.pth,cec45023a75d,2026,
70,1.25,0.0,0,0,0,0,0,0,mega_B2,GNN,cooperative_door,3.0,results/mega_1mes/mega_B_fase2/models/gnn_3d_best_cooperative_door_run3.pth,217d26409466,2024,
69,1.17,0.0,0,0,0,0,0,0,mega_B2,GNN,cooperative_door,3.0,results/mega_1mes/mega_B_fase2/models/gnn_3d_best_cooperative_door_run3.pth,217d26409466,2025,
70,1.05,0.0,0,0,0,0,0,0,mega_B2,GNN,cooperative_door,3.0,results/mega_1mes/mega_B_fase2/models/gnn_3d_best_cooperative_door_run3.pth,217d26409466,2026,
51,3.51,0.0,0,0,0,0,0,0,mega_B2,GNN,cooperative_door,4.0,results/mega_1mes/mega_B_fase2/models/gnn_3d_best_cooperative_door_run4.pth,f7e3a81fb800,2024,
50,3.16,0.0,0,0,0,0,0,0,mega_B2,GNN,cooperative_door,4.0,results/mega_1mes/mega_B_fase2/models/gnn_3d_best_cooperative_door_run4.pth,f7e3a81fb800,2025,
48,3.04,0.0,0,0,0,0,0,0,mega_B2,GNN,cooperative_door,4.0,results/mega_1mes/mega_B_fase2/models/gnn_3d_best_cooperative_door_run4.pth,f7e3a81fb800,2026,
71,0.91,0.0,0,0,0,0,0,0,mega_B2,GNN,cooperative_door,5.0,results/mega_1mes/mega_B_fase2/models/gnn_3d_best_cooperative_door_run5.pth,a80acedef13d,2024,
69,5.31,0.0,0,0,0,0,0,0,mega_B2,GNN,cooperative_door,5.0,results/mega_1mes/mega_B_fase2/models/gnn_3d_best_cooperative_door_run5.pth,a80acedef13d,2025,
71,0.91,0.0,0,0,0,0,0,0,mega_B2,GNN,cooperative_door,5.0,results/mega_1mes/mega_B_fase2/models/gnn_3d_best_cooperative_door_run5.pth,a80acedef13d,2026,
69,1.2,0.0,0,0,0,0,0,0,mega_B2,GNN,cooperative_door,6.0,results/mega_1mes/mega_B_fase2/models/gnn_3d_best_cooperative_door_run6.pth,fcb8237596ce,2024,
67,1.1,0.0,0,0,0,0,0,0,mega_B2,GNN,cooperative_door,6.0,results/mega_1mes/mega_B_fase2/models/gnn_3d_best_cooperative_door_run6.pth,fcb8237596ce,2025,
68,1.03,0.0,0,0,0,0,0,0,mega_B2,GNN,cooperative_door,6.0,results/mega_1mes/mega_B_fase2/models/gnn_3d_best_cooperative_door_run6.pth,fcb8237596ce,2026,
71,1.95,0.0,0,0,0,0,0,0,mega_B2,GNN,cooperative_door,7.0,results/mega_1mes/mega_B_fase2/models/gnn_3d_best_cooperative_door_run7.pth,05374b36e1d8,2024,
71,1.69,0.0,0,0,0,0,0,0,mega_B2,GNN,cooperative_door,7.0,results/mega_1mes/mega_B_fase2/models/gnn_3d_best_cooperative_door_run7.pth,05374b36e1d8,2025,
70,1.86,0.0,0,0,0,0,0,0,mega_B2,GNN,cooperative_door,7.0,results/mega_1mes/mega_B_fase2/models/gnn_3d_best_cooperative_door_run7.pth,05374b36e1d8,2026,
22,9.47,0.0,0,0,0,0,0,0,mega_B2,GNN,cooperative_perception,,results/mega_1mes/mega_B_fase2/models/gnn_3d_best_cooperative_perception.pth,d68d08be1f6e,2024,
27,10.18,0.0,0,0,0,0,0,0,mega_B2,GNN,cooperative_perception,,results/mega_1mes/mega_B_fase2/models/gnn_3d_best_cooperative_perception.pth,d68d08be1f6e,2025,
24,10.08,0.0,0,0,0,0,0,0,mega_B2,GNN,cooperative_perception,,results/mega_1mes/mega_B_fase2/models/gnn_3d_best_cooperative_perception.pth,d68d08be1f6e,2026,
21,9.54,0.0,0,0,0,0,0,0,mega_B2,GNN,cooperative_perception,1.0,results/mega_1mes/mega_B_fase2/models/gnn_3d_best_cooperative_perception_run1.pth,b14dc884b8c3,2024,
21,10.27,0.0,0,0,0,0,0,0,mega_B2,GNN,cooperative_perception,1.0,results/mega_1mes/mega_B_fase2/models/gnn_3d_best_cooperative_perception_run1.pth,b14dc884b8c3,2025,
19,10.15,0.0,0,0,0,0,0,0,mega_B2,GNN,cooperative_perception,1.0,results/mega_1mes/mega_B_fase2/models/gnn_3d_best_cooperative_perception_run1.pth,b14dc884b8c3,2026,
18,9.56,0.0,0,0,0,0,0,0,mega_B2,GNN,cooperative_perception,2.0,results/mega_1mes/mega_B_fase2/models/gnn_3d_best_cooperative_perception_run2.pth,36b2a08b5c3c,2024,
20,11.7,0.0,0,0,0,0,0,0,mega_B2,GNN,cooperative_perception,2.0,results/mega_1mes/mega_B_fase2/models/gnn_3d_best_cooperative_perception_run2.pth,36b2a08b5c3c,2025,
21,10.13,0.0,0,0,0,0,0,0,mega_B2,GNN,cooperative_perception,2.0,results/mega_1mes/mega_B_fase2/models/gnn_3d_best_cooperative_perception_run2.pth,36b2a08b5c3c,2026,
7,10.72,0.0,0,0,0,0,0,0,mega_B2,GNN,cooperative_perception,4.0,results/mega_1mes/mega_B_fase2/models/gnn_3d_best_cooperative_perception_run4.pth,fb4e86b7eaca,2024,
6,10.48,0.0,0,0,0,0,0,0,mega_B2,GNN,cooperative_perception,4.0,results/mega_1mes/mega_B_fase2/models/gnn_3d_best_cooperative_perception_run4.pth,fb4e86b7eaca,2025,
6,10.46,0.0,0,0,0,0,0,0,mega_B2,GNN,cooperative_perception,4.0,results/mega_1mes/mega_B_fase2/models/gnn_3d_best_cooperative_perception_run4.pth,fb4e86b7eaca,2026,
22,9.47,0.0,0,0,0,0,0,0,mega_B2,GNN,cooperative_perception,3.0,results/mega_1mes/mega_B_fase2/models/gnn_3d_best_cooperative_perception_run3.pth,edab5ec85805,2024,
27,10.18,0.0,0,0,0,0,0,0,mega_B2,GNN,cooperative_perception,3.0,results/mega_1mes/mega_B_fase2/models/gnn_3d_best_cooperative_perception_run3.pth,edab5ec85805,2025,
24,10.08,0.0,0,0,0,0,0,0,mega_B2,GNN,cooperative_perception,3.0,results/mega_1mes/mega_B_fase2/models/gnn_3d_best_cooperative_perception_run3.pth,edab5ec85805,2026,
16,9.51,0.0,0,0,0,0,0,0,mega_B2,GNN,cooperative_perception,5.0,results/mega_1mes/mega_B_fase2/models/gnn_3d_best_cooperative_perception_run5.pth,3ed1d21fe7de,2024,
22,10.25,0.0,0,0,0,0,0,0,mega_B2,GNN,cooperative_perception,5.0,results/mega_1mes/mega_B_fase2/models/gnn_3d_best_cooperative_perception_run5.pth,3ed1d21fe7de,2025,
16,10.14,0.0,0,0,0,0,0,0,mega_B2,GNN,cooperative_perception,5.0,results/mega_1mes/mega_B_fase2/models/gnn_3d_best_cooperative_perception_run5.pth,3ed1d21fe7de,2026,
3,10.44,0.0,0,0,0,0,0,0,mega_B2,GNN,cooperative_perception,6.0,results/mega_1mes/mega_B_fase2/models/gnn_3d_best_cooperative_perception_run6.pth,2e41354675a3,2024,
4,10.35,0.0,0,0,0,0,0,0,mega_B2,GNN,cooperative_perception,6.0,results/mega_1mes/mega_B_fase2/models/gnn_3d_best_cooperative_perception_run6.pth,2e41354675a3,2025,
0,10.26,0.0,0,0,0,0,0,0,mega_B2,GNN,cooperative_perception,6.0,results/mega_1mes/mega_B_fase2/models/gnn_3d_best_cooperative_perception_run6.pth,2e41354675a3,2026,
3,10.44,0.0,0,0,0,0,0,0,mega_B2,GNN,cooperative_perception,7.0,results/mega_1mes/mega_B_fase2/models/gnn_3d_best_cooperative_perception_run7.pth,788fc577d91e,2024,
4,10.36,0.0,0,0,0,0,0,0,mega_B2,GNN,cooperative_perception,7.0,results/mega_1mes/mega_B_fase2/models/gnn_3d_best_cooperative_perception_run7.pth,788fc577d91e,2025,
0,10.27,0.0,0,0,0,0,0,0,mega_B2,GNN,cooperative_perception,7.0,results/mega_1mes/mega_B_fase2/models/gnn_3d_best_cooperative_perception_run7.pth,788fc577d91e,2026,
91,3.91,0.0,0,0,0,0,0,0,mega_B2,GNN,cooperative_door_bypass,,results/mega_1mes/mega_B_fase2/models/gnn_3d_best_cooperative_door_bypass.pth,6cf2a4bda603,2024,
89,3.95,0.0,0,0,0,0,0,0,mega_B2,GNN,cooperative_door_bypass,,results/mega_1mes/mega_B_fase2/models/gnn_3d_best_cooperative_door_bypass.pth,6cf2a4bda603,2025,
88,4.55,0.0,0,0,0,0,0,0,mega_B2,GNN,cooperative_door_bypass,,results/mega_1mes/mega_B_fase2/models/gnn_3d_best_cooperative_door_bypass.pth,6cf2a4bda603,2026,
60,2.09,0.0,0,0,0,0,0,0,mega_B2,GNN,cooperative_door_bypass,1.0,results/mega_1mes/mega_B_fase2/models/gnn_3d_best_cooperative_door_bypass_run1.pth,f75104e71549,2024,
60,1.35,0.0,0,0,0,0,0,0,mega_B2,GNN,cooperative_door_bypass,1.0,results/mega_1mes/mega_B_fase2/models/gnn_3d_best_cooperative_door_bypass_run1.pth,f75104e71549,2025,
60,2.43,0.0,0,0,0,0,0,0,mega_B2,GNN,cooperative_door_bypass,1.0,results/mega_1mes/mega_B_fase2/models/gnn_3d_best_cooperative_door_bypass_run1.pth,f75104e71549,2026,
87,1.58,0.0,0,0,0,0,0,0,mega_B2,GNN,cooperative_door_bypass,2.0,results/mega_1mes/mega_B_fase2/models/gnn_3d_best_cooperative_door_bypass_run2.pth,dbd2000308fc,2024,
88,1.64,0.0,0,0,0,0,0,0,mega_B2,GNN,cooperative_door_bypass,2.0,results/mega_1mes/mega_B_fase2/models/gnn_3d_best_cooperative_door_bypass_run2.pth,dbd2000308fc,2025,
85,1.59,0.0,0,0,0,0,0,0,mega_B2,GNN,cooperative_door_bypass,2.0,results/mega_1mes/mega_B_fase2/models/gnn_3d_best_cooperative_door_bypass_run2.pth,dbd2000308fc,2026,
85,2.03,0.0,0,0,0,0,0,0,mega_B2,GNN,cooperative_door_bypass,3.0,results/mega_1mes/mega_B_fase2/models/gnn_3d_best_cooperative_door_bypass_run3.pth,3ee4d934e1b6,2024,
86,2.03,0.0,0,0,0,0,0,0,mega_B2,GNN,cooperative_door_bypass,3.0,results/mega_1mes/mega_B_fase2/models/gnn_3d_best_cooperative_door_bypass_run3.pth,3ee4d934e1b6,2025,
84,2.15,0.0,0,0,0,0,0,0,mega_B2,GNN,cooperative_door_bypass,3.0,results/mega_1mes/mega_B_fase2/models/gnn_3d_best_cooperative_door_bypass_run3.pth,3ee4d934e1b6,2026,
91,3.91,0.0,0,0,0,0,0,0,mega_B2,GNN,cooperative_door_bypass,5.0,results/mega_1mes/mega_B_fase2/models/gnn_3d_best_cooperative_door_bypass_run5.pth,f539860b5c4e,2024,
89,3.95,0.0,0,0,0,0,0,0,mega_B2,GNN,cooperative_door_bypass,5.0,results/mega_1mes/mega_B_fase2/models/gnn_3d_best_cooperative_door_bypass_run5.pth,f539860b5c4e,2025,
88,4.55,0.0,0,0,0,0,0,0,mega_B2,GNN,cooperative_door_bypass,5.0,results/mega_1mes/mega_B_fase2/models/gnn_3d_best_cooperative_door_bypass_run5.pth,f539860b5c4e,2026,
89,1.62,0.0,0,0,0,0,0,0,mega_B2,GNN,cooperative_door_bypass,4.0,results/mega_1mes/mega_B_fase2/models/gnn_3d_best_cooperative_door_bypass_run4.pth,27a5ba0d0429,2024,
87,1.65,0.0,0,0,0,0,0,0,mega_B2,GNN,cooperative_door_bypass,4.0,results/mega_1mes/mega_B_fase2/models/gnn_3d_best_cooperative_door_bypass_run4.pth,27a5ba0d0429,2025,
88,1.98,0.0,0,0,0,0,0,0,mega_B2,GNN,cooperative_door_bypass,4.0,results/mega_1mes/mega_B_fase2/models/gnn_3d_best_cooperative_door_bypass_run4.pth,27a5ba0d0429,2026,
86,2.38,0.0,0,0,0,0,0,0,mega_B2,GNN,cooperative_door_bypass,6.0,results/mega_1mes/mega_B_fase2/models/gnn_3d_best_cooperative_door_bypass_run6.pth,45103a2dab0b,2024,
87,2.46,0.0,0,0,0,0,0,0,mega_B2,GNN,cooperative_door_bypass,6.0,results/mega_1mes/mega_B_fase2/models/gnn_3d_best_cooperative_door_bypass_run6.pth,45103a2dab0b,2025,
87,2.83,0.0,0,0,0,0,0,0,mega_B2,GNN,cooperative_door_bypass,6.0,results/mega_1mes/mega_B_fase2/models/gnn_3d_best_cooperative_door_bypass_run6.pth,45103a2dab0b,2026,
73,4.4,0.0,0,0,0,0,0,0,mega_B2,GNN,cooperative_door_bypass,7.0,results/mega_1mes/mega_B_fase2/models/gnn_3d_best_cooperative_door_bypass_run7.pth,71c740aa2840,2024,
73,2.98,0.0,0,0,0,0,0,0,mega_B2,GNN,cooperative_door_bypass,7.0,results/mega_1mes/mega_B_fase2/models/gnn_3d_best_cooperative_door_bypass_run7.pth,71c740aa2840,2025,
69,2.58,0.0,0,0,0,0,0,0,mega_B2,GNN,cooperative_door_bypass,7.0,results/mega_1mes/mega_B_fase2/models/gnn_3d_best_cooperative_door_bypass_run7.pth,71c740aa2840,2026,
82,1.49,0.0,0,0,0,0,0,0,mega_B3,GNN,u_wall,,results/mega_1mes/mega_B_fase3/models/gnn_3d_best_u_wall.pth,f293101a1bec,2024,
86,1.21,0.0,0,0,0,0,0,0,mega_B3,GNN,u_wall,,results/mega_1mes/mega_B_fase3/models/gnn_3d_best_u_wall.pth,f293101a1bec,2025,
78,1.14,0.0,0,0,0,0,0,0,mega_B3,GNN,u_wall,,results/mega_1mes/mega_B_fase3/models/gnn_3d_best_u_wall.pth,f293101a1bec,2026,
57,2.07,0.0,0,0,0,0,0,0,mega_B3,GNN,u_wall,1.0,results/mega_1mes/mega_B_fase3/models/gnn_3d_best_u_wall_run1.pth,df002aa3e9c4,2024,
55,2.07,0.0,0,0,0,0,0,0,mega_B3,GNN,u_wall,1.0,results/mega_1mes/mega_B_fase3/models/gnn_3d_best_u_wall_run1.pth,df002aa3e9c4,2025,
54,8.52,0.0,0,0,0,0,0,0,mega_B3,GNN,u_wall,1.0,results/mega_1mes/mega_B_fase3/models/gnn_3d_best_u_wall_run1.pth,df002aa3e9c4,2026,
61,0.83,0.0,0,0,0,0,0,0,mega_B3,GNN,u_wall,2.0,results/mega_1mes/mega_B_fase3/models/gnn_3d_best_u_wall_run2.pth,0874892df7eb,2024,
57,0.76,0.0,0,0,0,0,0,0,mega_B3,GNN,u_wall,2.0,results/mega_1mes/mega_B_fase3/models/gnn_3d_best_u_wall_run2.pth,0874892df7eb,2025,
49,1.0,0.0,0,0,0,0,0,0,mega_B3,GNN,u_wall,2.0,results/mega_1mes/mega_B_fase3/models/gnn_3d_best_u_wall_run2.pth,0874892df7eb,2026,
82,1.49,0.0,0,0,0,0,0,0,mega_B3,GNN,u_wall,3.0,results/mega_1mes/mega_B_fase3/models/gnn_3d_best_u_wall_run3.pth,b87b3052c898,2024,
86,1.21,0.0,0,0,0,0,0,0,mega_B3,GNN,u_wall,3.0,results/mega_1mes/mega_B_fase3/models/gnn_3d_best_u_wall_run3.pth,b87b3052c898,2025,
78,1.14,0.0,0,0,0,0,0,0,mega_B3,GNN,u_wall,3.0,results/mega_1mes/mega_B_fase3/models/gnn_3d_best_u_wall_run3.pth,b87b3052c898,2026,
77,2.54,0.0,0,0,0,0,0,0,mega_B3,GNN,u_wall,4.0,results/mega_1mes/mega_B_fase3/models/gnn_3d_best_u_wall_run4.pth,49e68a6c5ab4,2024,
78,1.84,0.0,0,0,0,0,0,0,mega_B3,GNN,u_wall,4.0,results/mega_1mes/mega_B_fase3/models/gnn_3d_best_u_wall_run4.pth,49e68a6c5ab4,2025,
76,4.62,0.0,0,0,0,0,0,0,mega_B3,GNN,u_wall,4.0,results/mega_1mes/mega_B_fase3/models/gnn_3d_best_u_wall_run4.pth,49e68a6c5ab4,2026,
47,4.31,0.0,0,0,0,0,0,0,mega_B3,GNN,u_wall,5.0,results/mega_1mes/mega_B_fase3/models/gnn_3d_best_u_wall_run5.pth,5802ff8527fc,2024,
49,4.97,0.0,0,0,0,0,0,0,mega_B3,GNN,u_wall,5.0,results/mega_1mes/mega_B_fase3/models/gnn_3d_best_u_wall_run5.pth,5802ff8527fc,2025,
40,5.74,0.0,0,0,0,0,0,0,mega_B3,GNN,u_wall,5.0,results/mega_1mes/mega_B_fase3/models/gnn_3d_best_u_wall_run5.pth,5802ff8527fc,2026,
81,4.65,0.0,0,0,0,0,0,0,mega_B3,GNN,u_wall,6.0,results/mega_1mes/mega_B_fase3/models/gnn_3d_best_u_wall_run6.pth,97deada2f046,2024,
79,6.08,0.0,0,0,0,0,0,0,mega_B3,GNN,u_wall,6.0,results/mega_1mes/mega_B_fase3/models/gnn_3d_best_u_wall_run6.pth,97deada2f046,2025,
79,3.58,0.0,0,0,0,0,0,0,mega_B3,GNN,u_wall,6.0,results/mega_1mes/mega_B_fase3/models/gnn_3d_best_u_wall_run6.pth,97deada2f046,2026,
59,1.95,0.0,0,0,0,0,0,0,mega_B3,GNN,u_wall,7.0,results/mega_1mes/mega_B_fase3/models/gnn_3d_best_u_wall_run7.pth,9d47a69a839f,2024,
60,2.12,0.0,0,0,0,0,0,0,mega_B3,GNN,u_wall,7.0,results/mega_1mes/mega_B_fase3/models/gnn_3d_best_u_wall_run7.pth,9d47a69a839f,2025,
57,2.58,0.0,0,0,0,0,0,0,mega_B3,GNN,u_wall,7.0,results/mega_1mes/mega_B_fase3/models/gnn_3d_best_u_wall_run7.pth,9d47a69a839f,2026,
72,1.44,0.0,0,0,0,0,0,0,mega_B3,GNN,cooperative_door,,results/mega_1mes/mega_B_fase3/models/gnn_3d_best_cooperative_door.pth,19ec3fd7215e,2024,
73,0.92,0.0,0,0,0,0,0,0,mega_B3,GNN,cooperative_door,,results/mega_1mes/mega_B_fase3/models/gnn_3d_best_cooperative_door.pth,19ec3fd7215e,2025,
71,1.03,0.0,0,0,0,0,0,0,mega_B3,GNN,cooperative_door,,results/mega_1mes/mega_B_fase3/models/gnn_3d_best_cooperative_door.pth,19ec3fd7215e,2026,
72,1.44,0.0,0,0,0,0,0,0,mega_B3,GNN,cooperative_door,1.0,results/mega_1mes/mega_B_fase3/models/gnn_3d_best_cooperative_door_run1.pth,cc005c6411eb,2024,
73,0.92,0.0,0,0,0,0,0,0,mega_B3,GNN,cooperative_door,1.0,results/mega_1mes/mega_B_fase3/models/gnn_3d_best_cooperative_door_run1.pth,cc005c6411eb,2025,
71,1.03,0.0,0,0,0,0,0,0,mega_B3,GNN,cooperative_door,1.0,results/mega_1mes/mega_B_fase3/models/gnn_3d_best_cooperative_door_run1.pth,cc005c6411eb,2026,
72,1.63,0.0,0,0,0,0,0,0,mega_B3,GNN,cooperative_door,2.0,results/mega_1mes/mega_B_fase3/models/gnn_3d_best_cooperative_door_run2.pth,cec45023a75d,2024,
69,1.06,0.0,0,0,0,0,0,0,mega_B3,GNN,cooperative_door,2.0,results/mega_1mes/mega_B_fase3/models/gnn_3d_best_cooperative_door_run2.pth,cec45023a75d,2025,
67,0.98,0.0,0,0,0,0,0,0,mega_B3,GNN,cooperative_door,2.0,results/mega_1mes/mega_B_fase3/models/gnn_3d_best_cooperative_door_run2.pth,cec45023a75d,2026,
70,1.25,0.0,0,0,0,0,0,0,mega_B3,GNN,cooperative_door,3.0,results/mega_1mes/mega_B_fase3/models/gnn_3d_best_cooperative_door_run3.pth,217d26409466,2024,
69,1.17,0.0,0,0,0,0,0,0,mega_B3,GNN,cooperative_door,3.0,results/mega_1mes/mega_B_fase3/models/gnn_3d_best_cooperative_door_run3.pth,217d26409466,2025,
70,1.05,0.0,0,0,0,0,0,0,mega_B3,GNN,cooperative_door,3.0,results/mega_1mes/mega_B_fase3/models/gnn_3d_best_cooperative_door_run3.pth,217d26409466,2026,
51,3.51,0.0,0,0,0,0,0,0,mega_B3,GNN,cooperative_door,4.0,results/mega_1mes/mega_B_fase3/models/gnn_3d_best_cooperative_door_run4.pth,f7e3a81fb800,2024,
50,3.16,0.0,0,0,0,0,0,0,mega_B3,GNN,cooperative_door,4.0,results/mega_1mes/mega_B_fase3/models/gnn_3d_best_cooperative_door_run4.pth,f7e3a81fb800,2025,
48,3.04,0.0,0,0,0,0,0,0,mega_B3,GNN,cooperative_door,4.0,results/mega_1mes/mega_B_fase3/models/gnn_3d_best_cooperative_door_run4.pth,f7e3a81fb800,2026,
71,0.91,0.0,0,0,0,0,0,0,mega_B3,GNN,cooperative_door,5.0,results/mega_1mes/mega_B_fase3/models/gnn_3d_best_cooperative_door_run5.pth,a80acedef13d,2024,
69,5.31,0.0,0,0,0,0,0,0,mega_B3,GNN,cooperative_door,5.0,results/mega_1mes/mega_B_fase3/models/gnn_3d_best_cooperative_door_run5.pth,a80acedef13d,2025,
71,0.91,0.0,0,0,0,0,0,0,mega_B3,GNN,cooperative_door,5.0,results/mega_1mes/mega_B_fase3/models/gnn_3d_best_cooperative_door_run5.pth,a80acedef13d,2026,
69,1.2,0.0,0,0,0,0,0,0,mega_B3,GNN,cooperative_door,6.0,results/mega_1mes/mega_B_fase3/models/gnn_3d_best_cooperative_door_run6.pth,fcb8237596ce,2024,
67,1.1,0.0,0,0,0,0,0,0,mega_B3,GNN,cooperative_door,6.0,results/mega_1mes/mega_B_fase3/models/gnn_3d_best_cooperative_door_run6.pth,fcb8237596ce,2025,
68,1.03,0.0,0,0,0,0,0,0,mega_B3,GNN,cooperative_door,6.0,results/mega_1mes/mega_B_fase3/models/gnn_3d_best_cooperative_door_run6.pth,fcb8237596ce,2026,
71,1.95,0.0,0,0,0,0,0,0,mega_B3,GNN,cooperative_door,7.0,results/mega_1mes/mega_B_fase3/models/gnn_3d_best_cooperative_door_run7.pth,05374b36e1d8,2024,
71,1.69,0.0,0,0,0,0,0,0,mega_B3,GNN,cooperative_door,7.0,results/mega_1mes/mega_B_fase3/models/gnn_3d_best_cooperative_door_run7.pth,05374b36e1d8,2025,
70,1.86,0.0,0,0,0,0,0,0,mega_B3,GNN,cooperative_door,7.0,results/mega_1mes/mega_B_fase3/models/gnn_3d_best_cooperative_door_run7.pth,05374b36e1d8,2026,
22,9.47,0.0,0,0,0,0,0,0,mega_B3,GNN,cooperative_perception,,results/mega_1mes/mega_B_fase3/models/gnn_3d_best_cooperative_perception.pth,d68d08be1f6e,2024,
27,10.18,0.0,0,0,0,0,0,0,mega_B3,GNN,cooperative_perception,,results/mega_1mes/mega_B_fase3/models/gnn_3d_best_cooperative_perception.pth,d68d08be1f6e,2025,
24,10.08,0.0,0,0,0,0,0,0,mega_B3,GNN,cooperative_perception,,results/mega_1mes/mega_B_fase3/models/gnn_3d_best_cooperative_perception.pth,d68d08be1f6e,2026,
21,9.54,0.0,0,0,0,0,0,0,mega_B3,GNN,cooperative_perception,1.0,results/mega_1mes/mega_B_fase3/models/gnn_3d_best_cooperative_perception_run1.pth,b14dc884b8c3,2024,
21,10.27,0.0,0,0,0,0,0,0,mega_B3,GNN,cooperative_perception,1.0,results/mega_1mes/mega_B_fase3/models/gnn_3d_best_cooperative_perception_run1.pth,b14dc884b8c3,2025,
19,10.15,0.0,0,0,0,0,0,0,mega_B3,GNN,cooperative_perception,1.0,results/mega_1mes/mega_B_fase3/models/gnn_3d_best_cooperative_perception_run1.pth,b14dc884b8c3,2026,
18,9.56,0.0,0,0,0,0,0,0,mega_B3,GNN,cooperative_perception,2.0,results/mega_1mes/mega_B_fase3/models/gnn_3d_best_cooperative_perception_run2.pth,36b2a08b5c3c,2024,
20,11.7,0.0,0,0,0,0,0,0,mega_B3,GNN,cooperative_perception,2.0,results/mega_1mes/mega_B_fase3/models/gnn_3d_best_cooperative_perception_run2.pth,36b2a08b5c3c,2025,
21,10.13,0.0,0,0,0,0,0,0,mega_B3,GNN,cooperative_perception,2.0,results/mega_1mes/mega_B_fase3/models/gnn_3d_best_cooperative_perception_run2.pth,36b2a08b5c3c,2026,
22,9.47,0.0,0,0,0,0,0,0,mega_B3,GNN,cooperative_perception,3.0,results/mega_1mes/mega_B_fase3/models/gnn_3d_best_cooperative_perception_run3.pth,edab5ec85805,2024,
27,10.18,0.0,0,0,0,0,0,0,mega_B3,GNN,cooperative_perception,3.0,results/mega_1mes/mega_B_fase3/models/gnn_3d_best_cooperative_perception_run3.pth,edab5ec85805,2025,
24,10.08,0.0,0,0,0,0,0,0,mega_B3,GNN,cooperative_perception,3.0,results/mega_1mes/mega_B_fase3/models/gnn_3d_best_cooperative_perception_run3.pth,edab5ec85805,2026,
7,10.72,0.0,0,0,0,0,0,0,mega_B3,GNN,cooperative_perception,4.0,results/mega_1mes/mega_B_fase3/models/gnn_3d_best_cooperative_perception_run4.pth,fb4e86b7eaca,2024,
6,10.48,0.0,0,0,0,0,0,0,mega_B3,GNN,cooperative_perception,4.0,results/mega_1mes/mega_B_fase3/models/gnn_3d_best_cooperative_perception_run4.pth,fb4e86b7eaca,2025,
6,10.46,0.0,0,0,0,0,0,0,mega_B3,GNN,cooperative_perception,4.0,results/mega_1mes/mega_B_fase3/models/gnn_3d_best_cooperative_perception_run4.pth,fb4e86b7eaca,2026,
3,10.44,0.0,0,0,0,0,0,0,mega_B3,GNN,cooperative_perception,6.0,results/mega_1mes/mega_B_fase3/models/gnn_3d_best_cooperative_perception_run6.pth,2e41354675a3,2024,
4,10.35,0.0,0,0,0,0,0,0,mega_B3,GNN,cooperative_perception,6.0,results/mega_1mes/mega_B_fase3/models/gnn_3d_best_cooperative_perception_run6.pth,2e41354675a3,2025,
0,10.26,0.0,0,0,0,0,0,0,mega_B3,GNN,cooperative_perception,6.0,results/mega_1mes/mega_B_fase3/models/gnn_3d_best_cooperative_perception_run6.pth,2e41354675a3,2026,
16,9.51,0.0,0,0,0,0,0,0,mega_B3,GNN,cooperative_perception,5.0,results/mega_1mes/mega_B_fase3/models/gnn_3d_best_cooperative_perception_run5.pth,3ed1d21fe7de,2024,
22,10.25,0.0,0,0,0,0,0,0,mega_B3,GNN,cooperative_perception,5.0,results/mega_1mes/mega_B_fase3/models/gnn_3d_best_cooperative_perception_run5.pth,3ed1d21fe7de,2025,
16,10.14,0.0,0,0,0,0,0,0,mega_B3,GNN,cooperative_perception,5.0,results/mega_1mes/mega_B_fase3/models/gnn_3d_best_cooperative_perception_run5.pth,3ed1d21fe7de,2026,
3,10.44,0.0,0,0,0,0,0,0,mega_B3,GNN,cooperative_perception,7.0,results/mega_1mes/mega_B_fase3/models/gnn_3d_best_cooperative_perception_run7.pth,788fc577d91e,2024,
4,10.36,0.0,0,0,0,0,0,0,mega_B3,GNN,cooperative_perception,7.0,results/mega_1mes/mega_B_fase3/models/gnn_3d_best_cooperative_perception_run7.pth,788fc577d91e,2025,
0,10.27,0.0,0,0,0,0,0,0,mega_B3,GNN,cooperative_perception,7.0,results/mega_1mes/mega_B_fase3/models/gnn_3d_best_cooperative_perception_run7.pth,788fc577d91e,2026,
92,1.45,0.0,0,0,0,0,0,0,mega_B3,GNN,cooperative_door_bypass,,results/mega_1mes/mega_B_fase3/models/gnn_3d_best_cooperative_door_bypass.pth,1de1ecd19b6c,2024,
91,1.55,0.0,0,0,0,0,0,0,mega_B3,GNN,cooperative_door_bypass,,results/mega_1mes/mega_B_fase3/models/gnn_3d_best_cooperative_door_bypass.pth,1de1ecd19b6c,2025,
89,1.51,0.0,0,0,0,0,0,0,mega_B3,GNN,cooperative_door_bypass,,results/mega_1mes/mega_B_fase3/models/gnn_3d_best_cooperative_door_bypass.pth,1de1ecd19b6c,2026,
83,1.91,0.0,0,0,0,0,0,0,mega_B3,GNN,cooperative_door_bypass,1.0,results/mega_1mes/mega_B_fase3/models/gnn_3d_best_cooperative_door_bypass_run1.pth,5484a5daba29,2024,
80,1.79,0.0,0,0,0,0,0,0,mega_B3,GNN,cooperative_door_bypass,1.0,results/mega_1mes/mega_B_fase3/models/gnn_3d_best_cooperative_door_bypass_run1.pth,5484a5daba29,2025,
81,2.14,0.0,0,0,0,0,0,0,mega_B3,GNN,cooperative_door_bypass,1.0,results/mega_1mes/mega_B_fase3/models/gnn_3d_best_cooperative_door_bypass_run1.pth,5484a5daba29,2026,
62,2.2,0.0,0,0,0,0,0,0,mega_B3,GNN,cooperative_door_bypass,2.0,results/mega_1mes/mega_B_fase3/models/gnn_3d_best_cooperative_door_bypass_run2.pth,a5810fe8c1c6,2024,
61,1.86,0.0,0,0,0,0,0,0,mega_B3,GNN,cooperative_door_bypass,2.0,results/mega_1mes/mega_B_fase3/models/gnn_3d_best_cooperative_door_bypass_run2.pth,a5810fe8c1c6,2025,
62,1.89,0.0,0,0,0,0,0,0,mega_B3,GNN,cooperative_door_bypass,2.0,results/mega_1mes/mega_B_fase3/models/gnn_3d_best_cooperative_door_bypass_run2.pth,a5810fe8c1c6,2026,
87,2.69,0.0,0,0,0,0,0,0,mega_B3,GNN,cooperative_door_bypass,4.0,results/mega_1mes/mega_B_fase3/models/gnn_3d_best_cooperative_door_bypass_run4.pth,00deff56820a,2024,
87,2.63,0.0,0,0,0,0,0,0,mega_B3,GNN,cooperative_door_bypass,4.0,results/mega_1mes/mega_B_fase3/models/gnn_3d_best_cooperative_door_bypass_run4.pth,00deff56820a,2025,
87,3.03,0.0,0,0,0,0,0,0,mega_B3,GNN,cooperative_door_bypass,4.0,results/mega_1mes/mega_B_fase3/models/gnn_3d_best_cooperative_door_bypass_run4.pth,00deff56820a,2026,
90,0.96,0.0,0,0,0,0,0,0,mega_B3,GNN,cooperative_door_bypass,3.0,results/mega_1mes/mega_B_fase3/models/gnn_3d_best_cooperative_door_bypass_run3.pth,72de0e820e85,2024,
89,0.89,0.0,0,0,0,0,0,0,mega_B3,GNN,cooperative_door_bypass,3.0,results/mega_1mes/mega_B_fase3/models/gnn_3d_best_cooperative_door_bypass_run3.pth,72de0e820e85,2025,
89,0.96,0.0,0,0,0,0,0,0,mega_B3,GNN,cooperative_door_bypass,3.0,results/mega_1mes/mega_B_fase3/models/gnn_3d_best_cooperative_door_bypass_run3.pth,72de0e820e85,2026,
91,1.27,0.0,0,0,0,0,0,0,mega_B3,GNN,cooperative_door_bypass,6.0,results/mega_1mes/mega_B_fase3/models/gnn_3d_best_cooperative_door_bypass_run6.pth,81b6c11a8504,2024,
90,1.43,0.0,0,0,0,0,0,0,mega_B3,GNN,cooperative_door_bypass,6.0,results/mega_1mes/mega_B_fase3/models/gnn_3d_best_cooperative_door_bypass_run6.pth,81b6c11a8504,2025,
87,1.77,0.0,0,0,0,0,0,0,mega_B3,GNN,cooperative_door_bypass,6.0,results/mega_1mes/mega_B_fase3/models/gnn_3d_best_cooperative_door_bypass_run6.pth,81b6c11a8504,2026,
92,1.45,0.0,0,0,0,0,0,0,mega_B3,GNN,cooperative_door_bypass,5.0,results/mega_1mes/mega_B_fase3/models/gnn_3d_best_cooperative_door_bypass_run5.pth,4a14ebb69d8f,2024,
91,1.55,0.0,0,0,0,0,0,0,mega_B3,GNN,cooperative_door_bypass,5.0,results/mega_1mes/mega_B_fase3/models/gnn_3d_best_cooperative_door_bypass_run5.pth,4a14ebb69d8f,2025,
89,1.51,0.0,0,0,0,0,0,0,mega_B3,GNN,cooperative_door_bypass,5.0,results/mega_1mes/mega_B_fase3/models/gnn_3d_best_cooperative_door_bypass_run5.pth,4a14ebb69d8f,2026,
37,0.83,0.0,0,0,0,0,0,0,mega_B3,GNN,cooperative_door_bypass,7.0,results/mega_1mes/mega_B_fase3/models/gnn_3d_best_cooperative_door_bypass_run7.pth,f73f0302a04a,2024,
34,0.66,0.0,0,0,0,0,0,0,mega_B3,GNN,cooperative_door_bypass,7.0,results/mega_1mes/mega_B_fase3/models/gnn_3d_best_cooperative_door_bypass_run7.pth,f73f0302a04a,2025,
33,0.63,0.0,0,0,0,0,0,0,mega_B3,GNN,cooperative_door_bypass,7.0,results/mega_1mes/mega_B_fase3/models/gnn_3d_best_cooperative_door_bypass_run7.pth,f73f0302a04a,2026,
78,1.25,0.0,0,0,0,0,0,0,mega_B4,GNN,u_wall,,results/mega_1mes/mega_B_fase4/models/gnn_3d_best_u_wall.pth,728138e98eeb,2024,
88,1.26,0.0,0,0,0,0,0,0,mega_B4,GNN,u_wall,,results/mega_1mes/mega_B_fase4/models/gnn_3d_best_u_wall.pth,728138e98eeb,2025,
79,1.29,0.0,0,0,0,0,0,0,mega_B4,GNN,u_wall,,results/mega_1mes/mega_B_fase4/models/gnn_3d_best_u_wall.pth,728138e98eeb,2026,
69,1.48,0.0,0,0,0,0,0,0,mega_B4,GNN,u_wall,1.0,results/mega_1mes/mega_B_fase4/models/gnn_3d_best_u_wall_run1.pth,1e580e3ad336,2024,
69,2.31,0.0,0,0,0,0,0,0,mega_B4,GNN,u_wall,1.0,results/mega_1mes/mega_B_fase4/models/gnn_3d_best_u_wall_run1.pth,1e580e3ad336,2025,
71,1.96,0.0,0,0,0,0,0,0,mega_B4,GNN,u_wall,1.0,results/mega_1mes/mega_B_fase4/models/gnn_3d_best_u_wall_run1.pth,1e580e3ad336,2026,
69,2.1,0.0,0,0,0,0,0,0,mega_B4,GNN,u_wall,2.0,results/mega_1mes/mega_B_fase4/models/gnn_3d_best_u_wall_run2.pth,2f60367f9f06,2024,
61,1.32,0.0,0,0,0,0,0,0,mega_B4,GNN,u_wall,2.0,results/mega_1mes/mega_B_fase4/models/gnn_3d_best_u_wall_run2.pth,2f60367f9f06,2025,
64,1.69,0.0,0,0,0,0,0,0,mega_B4,GNN,u_wall,2.0,results/mega_1mes/mega_B_fase4/models/gnn_3d_best_u_wall_run2.pth,2f60367f9f06,2026,
61,2.94,0.0,0,0,0,0,0,0,mega_B4,GNN,u_wall,3.0,results/mega_1mes/mega_B_fase4/models/gnn_3d_best_u_wall_run3.pth,d5478ba9e4eb,2024,
64,1.28,0.0,0,0,0,0,0,0,mega_B4,GNN,u_wall,3.0,results/mega_1mes/mega_B_fase4/models/gnn_3d_best_u_wall_run3.pth,d5478ba9e4eb,2025,
57,2.25,0.0,0,0,0,0,0,0,mega_B4,GNN,u_wall,3.0,results/mega_1mes/mega_B_fase4/models/gnn_3d_best_u_wall_run3.pth,d5478ba9e4eb,2026,
78,1.25,0.0,0,0,0,0,0,0,mega_B4,GNN,u_wall,4.0,results/mega_1mes/mega_B_fase4/models/gnn_3d_best_u_wall_run4.pth,43d535844974,2024,
88,1.26,0.0,0,0,0,0,0,0,mega_B4,GNN,u_wall,4.0,results/mega_1mes/mega_B_fase4/models/gnn_3d_best_u_wall_run4.pth,43d535844974,2025,
79,1.29,0.0,0,0,0,0,0,0,mega_B4,GNN,u_wall,4.0,results/mega_1mes/mega_B_fase4/models/gnn_3d_best_u_wall_run4.pth,43d535844974,2026,
59,5.35,0.0,0,0,0,0,0,0,mega_B4,GNN,u_wall,6.0,results/mega_1mes/mega_B_fase4/models/gnn_3d_best_u_wall_run6.pth,c0b31ce7d5fc,2024,
56,4.44,0.0,0,0,0,0,0,0,mega_B4,GNN,u_wall,6.0,results/mega_1mes/mega_B_fase4/models/gnn_3d_best_u_wall_run6.pth,c0b31ce7d5fc,2025,
57,6.72,0.0,0,0,0,0,0,0,mega_B4,GNN,u_wall,6.0,results/mega_1mes/mega_B_fase4/models/gnn_3d_best_u_wall_run6.pth,c0b31ce7d5fc,2026,
84,3.43,0.0,0,0,0,0,0,0,mega_B4,GNN,u_wall,5.0,results/mega_1mes/mega_B_fase4/models/gnn_3d_best_u_wall_run5.pth,46b80fb35d00,2024,
77,3.18,0.0,0,0,0,0,0,0,mega_B4,GNN,u_wall,5.0,results/mega_1mes/mega_B_fase4/models/gnn_3d_best_u_wall_run5.pth,46b80fb35d00,2025,
81,3.09,0.0,0,0,0,0,0,0,mega_B4,GNN,u_wall,5.0,results/mega_1mes/mega_B_fase4/models/gnn_3d_best_u_wall_run5.pth,46b80fb35d00,2026,
66,7.17,0.0,0,0,0,0,0,0,mega_B4,GNN,u_wall,7.0,results/mega_1mes/mega_B_fase4/models/gnn_3d_best_u_wall_run7.pth,78ab1ff6cbf5,2024,
68,6.66,0.0,0,0,0,0,0,0,mega_B4,GNN,u_wall,7.0,results/mega_1mes/mega_B_fase4/models/gnn_3d_best_u_wall_run7.pth,78ab1ff6cbf5,2025,
67,6.67,0.0,0,0,0,0,0,0,mega_B4,GNN,u_wall,7.0,results/mega_1mes/mega_B_fase4/models/gnn_3d_best_u_wall_run7.pth,78ab1ff6cbf5,2026,
72,1.44,0.0,0,0,0,0,0,0,mega_B4,GNN,cooperative_door,,results/mega_1mes/mega_B_fase4/models/gnn_3d_best_cooperative_door.pth,19ec3fd7215e,2024,
73,0.92,0.0,0,0,0,0,0,0,mega_B4,GNN,cooperative_door,,results/mega_1mes/mega_B_fase4/models/gnn_3d_best_cooperative_door.pth,19ec3fd7215e,2025,
71,1.03,0.0,0,0,0,0,0,0,mega_B4,GNN,cooperative_door,,results/mega_1mes/mega_B_fase4/models/gnn_3d_best_cooperative_door.pth,19ec3fd7215e,2026,
72,1.44,0.0,0,0,0,0,0,0,mega_B4,GNN,cooperative_door,1.0,results/mega_1mes/mega_B_fase4/models/gnn_3d_best_cooperative_door_run1.pth,cc005c6411eb,2024,
73,0.92,0.0,0,0,0,0,0,0,mega_B4,GNN,cooperative_door,1.0,results/mega_1mes/mega_B_fase4/models/gnn_3d_best_cooperative_door_run1.pth,cc005c6411eb,2025,
71,1.03,0.0,0,0,0,0,0,0,mega_B4,GNN,cooperative_door,1.0,results/mega_1mes/mega_B_fase4/models/gnn_3d_best_cooperative_door_run1.pth,cc005c6411eb,2026,
72,1.63,0.0,0,0,0,0,0,0,mega_B4,GNN,cooperative_door,2.0,results/mega_1mes/mega_B_fase4/models/gnn_3d_best_cooperative_door_run2.pth,cec45023a75d,2024,
69,1.06,0.0,0,0,0,0,0,0,mega_B4,GNN,cooperative_door,2.0,results/mega_1mes/mega_B_fase4/models/gnn_3d_best_cooperative_door_run2.pth,cec45023a75d,2025,
67,0.98,0.0,0,0,0,0,0,0,mega_B4,GNN,cooperative_door,2.0,results/mega_1mes/mega_B_fase4/models/gnn_3d_best_cooperative_door_run2.pth,cec45023a75d,2026,
70,1.25,0.0,0,0,0,0,0,0,mega_B4,GNN,cooperative_door,3.0,results/mega_1mes/mega_B_fase4/models/gnn_3d_best_cooperative_door_run3.pth,217d26409466,2024,
69,1.17,0.0,0,0,0,0,0,0,mega_B4,GNN,cooperative_door,3.0,results/mega_1mes/mega_B_fase4/models/gnn_3d_best_cooperative_door_run3.pth,217d26409466,2025,
70,1.05,0.0,0,0,0,0,0,0,mega_B4,GNN,cooperative_door,3.0,results/mega_1mes/mega_B_fase4/models/gnn_3d_best_cooperative_door_run3.pth,217d26409466,2026,
51,3.51,0.0,0,0,0,0,0,0,mega_B4,GNN,cooperative_door,4.0,results/mega_1mes/mega_B_fase4/models/gnn_3d_best_cooperative_door_run4.pth,f7e3a81fb800,2024,
50,3.16,0.0,0,0,0,0,0,0,mega_B4,GNN,cooperative_door,4.0,results/mega_1mes/mega_B_fase4/models/gnn_3d_best_cooperative_door_run4.pth,f7e3a81fb800,2025,
48,3.04,0.0,0,0,0,0,0,0,mega_B4,GNN,cooperative_door,4.0,results/mega_1mes/mega_B_fase4/models/gnn_3d_best_cooperative_door_run4.pth,f7e3a81fb800,2026,
71,0.91,0.0,0,0,0,0,0,0,mega_B4,GNN,cooperative_door,5.0,results/mega_1mes/mega_B_fase4/models/gnn_3d_best_cooperative_door_run5.pth,a80acedef13d,2024,
69,5.31,0.0,0,0,0,0,0,0,mega_B4,GNN,cooperative_door,5.0,results/mega_1mes/mega_B_fase4/models/gnn_3d_best_cooperative_door_run5.pth,a80acedef13d,2025,
71,0.91,0.0,0,0,0,0,0,0,mega_B4,GNN,cooperative_door,5.0,results/mega_1mes/mega_B_fase4/models/gnn_3d_best_cooperative_door_run5.pth,a80acedef13d,2026,
69,1.2,0.0,0,0,0,0,0,0,mega_B4,GNN,cooperative_door,6.0,results/mega_1mes/mega_B_fase4/models/gnn_3d_best_cooperative_door_run6.pth,fcb8237596ce,2024,
67,1.1,0.0,0,0,0,0,0,0,mega_B4,GNN,cooperative_door,6.0,results/mega_1mes/mega_B_fase4/models/gnn_3d_best_cooperative_door_run6.pth,fcb8237596ce,2025,
68,1.03,0.0,0,0,0,0,0,0,mega_B4,GNN,cooperative_door,6.0,results/mega_1mes/mega_B_fase4/models/gnn_3d_best_cooperative_door_run6.pth,fcb8237596ce,2026,
71,1.95,0.0,0,0,0,0,0,0,mega_B4,GNN,cooperative_door,7.0,results/mega_1mes/mega_B_fase4/models/gnn_3d_best_cooperative_door_run7.pth,05374b36e1d8,2024,
71,1.69,0.0,0,0,0,0,0,0,mega_B4,GNN,cooperative_door,7.0,results/mega_1mes/mega_B_fase4/models/gnn_3d_best_cooperative_door_run7.pth,05374b36e1d8,2025,
70,1.86,0.0,0,0,0,0,0,0,mega_B4,GNN,cooperative_door,7.0,results/mega_1mes/mega_B_fase4/models/gnn_3d_best_cooperative_door_run7.pth,05374b36e1d8,2026,
22,9.47,0.0,0,0,0,0,0,0,mega_B4,GNN,cooperative_perception,,results/mega_1mes/mega_B_fase4/models/gnn_3d_best_cooperative_perception.pth,d68d08be1f6e,2024,
27,10.18,0.0,0,0,0,0,0,0,mega_B4,GNN,cooperative_perception,,results/mega_1mes/mega_B_fase4/models/gnn_3d_best_cooperative_perception.pth,d68d08be1f6e,2025,
24,10.08,0.0,0,0,0,0,0,0,mega_B4,GNN,cooperative_perception,,results/mega_1mes/mega_B_fase4/models/gnn_3d_best_cooperative_perception.pth,d68d08be1f6e,2026,
21,9.54,0.0,0,0,0,0,0,0,mega_B4,GNN,cooperative_perception,1.0,results/mega_1mes/mega_B_fase4/models/gnn_3d_best_cooperative_perception_run1.pth,b14dc884b8c3,2024,
21,10.27,0.0,0,0,0,0,0,0,mega_B4,GNN,cooperative_perception,1.0,results/mega_1mes/mega_B_fase4/models/gnn_3d_best_cooperative_perception_run1.pth,b14dc884b8c3,2025,
19,10.15,0.0,0,0,0,0,0,0,mega_B4,GNN,cooperative_perception,1.0,results/mega_1mes/mega_B_fase4/models/gnn_3d_best_cooperative_perception_run1.pth,b14dc884b8c3,2026,
18,9.56,0.0,0,0,0,0,0,0,mega_B4,GNN,cooperative_perception,2.0,results/mega_1mes/mega_B_fase4/models/gnn_3d_best_cooperative_perception_run2.pth,36b2a08b5c3c,2024,
20,11.7,0.0,0,0,0,0,0,0,mega_B4,GNN,cooperative_perception,2.0,results/mega_1mes/mega_B_fase4/models/gnn_3d_best_cooperative_perception_run2.pth,36b2a08b5c3c,2025,
21,10.13,0.0,0,0,0,0,0,0,mega_B4,GNN,cooperative_perception,2.0,results/mega_1mes/mega_B_fase4/models/gnn_3d_best_cooperative_perception_run2.pth,36b2a08b5c3c,2026,
22,9.47,0.0,0,0,0,0,0,0,mega_B4,GNN,cooperative_perception,3.0,results/mega_1mes/mega_B_fase4/models/gnn_3d_best_cooperative_perception_run3.pth,edab5ec85805,2024,
27,10.18,0.0,0,0,0,0,0,0,mega_B4,GNN,cooperative_perception,3.0,results/mega_1mes/mega_B_fase4/models/gnn_3d_best_cooperative_perception_run3.pth,edab5ec85805,2025,
24,10.08,0.0,0,0,0,0,0,0,mega_B4,GNN,cooperative_perception,3.0,results/mega_1mes/mega_B_fase4/models/gnn_3d_best_cooperative_perception_run3.pth,edab5ec85805,2026,
7,10.72,0.0,0,0,0,0,0,0,mega_B4,GNN,cooperative_perception,4.0,results/mega_1mes/mega_B_fase4/models/gnn_3d_best_cooperative_perception_run4.pth,fb4e86b7eaca,2024,
6,10.48,0.0,0,0,0,0,0,0,mega_B4,GNN,cooperative_perception,4.0,results/mega_1mes/mega_B_fase4/models/gnn_3d_best_cooperative_perception_run4.pth,fb4e86b7eaca,2025,
6,10.46,0.0,0,0,0,0,0,0,mega_B4,GNN,cooperative_perception,4.0,results/mega_1mes/mega_B_fase4/models/gnn_3d_best_cooperative_perception_run4.pth,fb4e86b7eaca,2026,
16,9.51,0.0,0,0,0,0,0,0,mega_B4,GNN,cooperative_perception,5.0,results/mega_1mes/mega_B_fase4/models/gnn_3d_best_cooperative_perception_run5.pth,3ed1d21fe7de,2024,
22,10.25,0.0,0,0,0,0,0,0,mega_B4,GNN,cooperative_perception,5.0,results/mega_1mes/mega_B_fase4/models/gnn_3d_best_cooperative_perception_run5.pth,3ed1d21fe7de,2025,
16,10.14,0.0,0,0,0,0,0,0,mega_B4,GNN,cooperative_perception,5.0,results/mega_1mes/mega_B_fase4/models/gnn_3d_best_cooperative_perception_run5.pth,3ed1d21fe7de,2026,
3,10.44,0.0,0,0,0,0,0,0,mega_B4,GNN,cooperative_perception,6.0,results/mega_1mes/mega_B_fase4/models/gnn_3d_best_cooperative_perception_run6.pth,2e41354675a3,2024,
4,10.35,0.0,0,0,0,0,0,0,mega_B4,GNN,cooperative_perception,6.0,results/mega_1mes/mega_B_fase4/models/gnn_3d_best_cooperative_perception_run6.pth,2e41354675a3,2025,
0,10.26,0.0,0,0,0,0,0,0,mega_B4,GNN,cooperative_perception,6.0,results/mega_1mes/mega_B_fase4/models/gnn_3d_best_cooperative_perception_run6.pth,2e41354675a3,2026,
3,10.44,0.0,0,0,0,0,0,0,mega_B4,GNN,cooperative_perception,7.0,results/mega_1mes/mega_B_fase4/models/gnn_3d_best_cooperative_perception_run7.pth,788fc577d91e,2024,
4,10.36,0.0,0,0,0,0,0,0,mega_B4,GNN,cooperative_perception,7.0,results/mega_1mes/mega_B_fase4/models/gnn_3d_best_cooperative_perception_run7.pth,788fc577d91e,2025,
0,10.27,0.0,0,0,0,0,0,0,mega_B4,GNN,cooperative_perception,7.0,results/mega_1mes/mega_B_fase4/models/gnn_3d_best_cooperative_perception_run7.pth,788fc577d91e,2026,
91,1.73,0.0,0,0,0,0,0,0,mega_B4,GNN,cooperative_door_bypass,,results/mega_1mes/mega_B_fase4/models/gnn_3d_best_cooperative_door_bypass.pth,35e4c55204a5,2024,
88,3.07,0.0,0,0,0,0,0,0,mega_B4,GNN,cooperative_door_bypass,,results/mega_1mes/mega_B_fase4/models/gnn_3d_best_cooperative_door_bypass.pth,35e4c55204a5,2025,
80,2.2,0.0,0,0,0,0,0,0,mega_B4,GNN,cooperative_door_bypass,,results/mega_1mes/mega_B_fase4/models/gnn_3d_best_cooperative_door_bypass.pth,35e4c55204a5,2026,
91,1.73,0.0,0,0,0,0,0,0,mega_B4,GNN,cooperative_door_bypass,1.0,results/mega_1mes/mega_B_fase4/models/gnn_3d_best_cooperative_door_bypass_run1.pth,8d7b7aba2bdf,2024,
88,3.07,0.0,0,0,0,0,0,0,mega_B4,GNN,cooperative_door_bypass,1.0,results/mega_1mes/mega_B_fase4/models/gnn_3d_best_cooperative_door_bypass_run1.pth,8d7b7aba2bdf,2025,
80,2.2,0.0,0,0,0,0,0,0,mega_B4,GNN,cooperative_door_bypass,1.0,results/mega_1mes/mega_B_fase4/models/gnn_3d_best_cooperative_door_bypass_run1.pth,8d7b7aba2bdf,2026,
86,7.06,0.0,0,0,0,0,0,0,mega_B4,GNN,cooperative_door_bypass,2.0,results/mega_1mes/mega_B_fase4/models/gnn_3d_best_cooperative_door_bypass_run2.pth,c9204b407b6a,2024,
85,2.81,0.0,0,0,0,0,0,0,mega_B4,GNN,cooperative_door_bypass,2.0,results/mega_1mes/mega_B_fase4/models/gnn_3d_best_cooperative_door_bypass_run2.pth,c9204b407b6a,2025,
85,2.91,0.0,0,0,0,0,0,0,mega_B4,GNN,cooperative_door_bypass,2.0,results/mega_1mes/mega_B_fase4/models/gnn_3d_best_cooperative_door_bypass_run2.pth,c9204b407b6a,2026,
90,1.61,0.0,0,0,0,0,0,0,mega_B4,GNN,cooperative_door_bypass,3.0,results/mega_1mes/mega_B_fase4/models/gnn_3d_best_cooperative_door_bypass_run3.pth,83b9263a0800,2024,
89,4.68,0.0,0,0,0,0,0,0,mega_B4,GNN,cooperative_door_bypass,3.0,results/mega_1mes/mega_B_fase4/models/gnn_3d_best_cooperative_door_bypass_run3.pth,83b9263a0800,2025,
88,3.54,0.0,0,0,0,0,0,0,mega_B4,GNN,cooperative_door_bypass,3.0,results/mega_1mes/mega_B_fase4/models/gnn_3d_best_cooperative_door_bypass_run3.pth,83b9263a0800,2026,
82,2.15,0.0,0,0,0,0,0,0,mega_B4,GNN,cooperative_door_bypass,4.0,results/mega_1mes/mega_B_fase4/models/gnn_3d_best_cooperative_door_bypass_run4.pth,9c030c4b2880,2024,
80,2.34,0.0,0,0,0,0,0,0,mega_B4,GNN,cooperative_door_bypass,4.0,results/mega_1mes/mega_B_fase4/models/gnn_3d_best_cooperative_door_bypass_run4.pth,9c030c4b2880,2025,
79,2.33,0.0,0,0,0,0,0,0,mega_B4,GNN,cooperative_door_bypass,4.0,results/mega_1mes/mega_B_fase4/models/gnn_3d_best_cooperative_door_bypass_run4.pth,9c030c4b2880,2026,
90,1.1,0.0,0,0,0,0,0,0,mega_B4,GNN,cooperative_door_bypass,5.0,results/mega_1mes/mega_B_fase4/models/gnn_3d_best_cooperative_door_bypass_run5.pth,2d9bb2ef86f7,2024,
91,1.07,0.0,0,0,0,0,0,0,mega_B4,GNN,cooperative_door_bypass,5.0,results/mega_1mes/mega_B_fase4/models/gnn_3d_best_cooperative_door_bypass_run5.pth,2d9bb2ef86f7,2025,
84,1.06,0.0,0,0,0,0,0,0,mega_B4,GNN,cooperative_door_bypass,5.0,results/mega_1mes/mega_B_fase4/models/gnn_3d_best_cooperative_door_bypass_run5.pth,2d9bb2ef86f7,2026,
83,0.98,0.0,0,0,0,0,0,0,mega_B4,GNN,cooperative_door_bypass,6.0,results/mega_1mes/mega_B_fase4/models/gnn_3d_best_cooperative_door_bypass_run6.pth,d443e4e6df0d,2024,
81,1.2,0.0,0,0,0,0,0,0,mega_B4,GNN,cooperative_door_bypass,6.0,results/mega_1mes/mega_B_fase4/models/gnn_3d_best_cooperative_door_bypass_run6.pth,d443e4e6df0d,2025,
83,1.63,0.0,0,0,0,0,0,0,mega_B4,GNN,cooperative_door_bypass,6.0,results/mega_1mes/mega_B_fase4/models/gnn_3d_best_cooperative_door_bypass_run6.pth,d443e4e6df0d,2026,
65,2.16,0.0,0,0,0,0,0,0,mega_B4,GNN,cooperative_door_bypass,7.0,results/mega_1mes/mega_B_fase4/models/gnn_3d_best_cooperative_door_bypass_run7.pth,65225e3d8161,2024,
66,1.45,0.0,0,0,0,0,0,0,mega_B4,GNN,cooperative_door_bypass,7.0,results/mega_1mes/mega_B_fase4/models/gnn_3d_best_cooperative_door_bypass_run7.pth,65225e3d8161,2025,
64,12.72,0.0,0,0,0,0,0,0,mega_B4,GNN,cooperative_door_bypass,7.0,results/mega_1mes/mega_B_fase4/models/gnn_3d_best_cooperative_door_bypass_run7.pth,65225e3d8161,2026,
78,1.25,0.0,0,0,0,0,0,0,mega_B5,GNN,u_wall,,results/mega_1mes/mega_B_fase5/models/gnn_3d_best_u_wall.pth,728138e98eeb,2024,
88,1.26,0.0,0,0,0,0,0,0,mega_B5,GNN,u_wall,,results/mega_1mes/mega_B_fase5/models/gnn_3d_best_u_wall.pth,728138e98eeb,2025,
79,1.29,0.0,0,0,0,0,0,0,mega_B5,GNN,u_wall,,results/mega_1mes/mega_B_fase5/models/gnn_3d_best_u_wall.pth,728138e98eeb,2026,
69,1.48,0.0,0,0,0,0,0,0,mega_B5,GNN,u_wall,1.0,results/mega_1mes/mega_B_fase5/models/gnn_3d_best_u_wall_run1.pth,1e580e3ad336,2024,
69,2.31,0.0,0,0,0,0,0,0,mega_B5,GNN,u_wall,1.0,results/mega_1mes/mega_B_fase5/models/gnn_3d_best_u_wall_run1.pth,1e580e3ad336,2025,
71,1.96,0.0,0,0,0,0,0,0,mega_B5,GNN,u_wall,1.0,results/mega_1mes/mega_B_fase5/models/gnn_3d_best_u_wall_run1.pth,1e580e3ad336,2026,
69,2.1,0.0,0,0,0,0,0,0,mega_B5,GNN,u_wall,2.0,results/mega_1mes/mega_B_fase5/models/gnn_3d_best_u_wall_run2.pth,2f60367f9f06,2024,
61,1.32,0.0,0,0,0,0,0,0,mega_B5,GNN,u_wall,2.0,results/mega_1mes/mega_B_fase5/models/gnn_3d_best_u_wall_run2.pth,2f60367f9f06,2025,
64,1.69,0.0,0,0,0,0,0,0,mega_B5,GNN,u_wall,2.0,results/mega_1mes/mega_B_fase5/models/gnn_3d_best_u_wall_run2.pth,2f60367f9f06,2026,
61,2.94,0.0,0,0,0,0,0,0,mega_B5,GNN,u_wall,3.0,results/mega_1mes/mega_B_fase5/models/gnn_3d_best_u_wall_run3.pth,d5478ba9e4eb,2024,
64,1.28,0.0,0,0,0,0,0,0,mega_B5,GNN,u_wall,3.0,results/mega_1mes/mega_B_fase5/models/gnn_3d_best_u_wall_run3.pth,d5478ba9e4eb,2025,
57,2.25,0.0,0,0,0,0,0,0,mega_B5,GNN,u_wall,3.0,results/mega_1mes/mega_B_fase5/models/gnn_3d_best_u_wall_run3.pth,d5478ba9e4eb,2026,
78,1.25,0.0,0,0,0,0,0,0,mega_B5,GNN,u_wall,4.0,results/mega_1mes/mega_B_fase5/models/gnn_3d_best_u_wall_run4.pth,43d535844974,2024,
88,1.26,0.0,0,0,0,0,0,0,mega_B5,GNN,u_wall,4.0,results/mega_1mes/mega_B_fase5/models/gnn_3d_best_u_wall_run4.pth,43d535844974,2025,
79,1.29,0.0,0,0,0,0,0,0,mega_B5,GNN,u_wall,4.0,results/mega_1mes/mega_B_fase5/models/gnn_3d_best_u_wall_run4.pth,43d535844974,2026,
84,3.43,0.0,0,0,0,0,0,0,mega_B5,GNN,u_wall,5.0,results/mega_1mes/mega_B_fase5/models/gnn_3d_best_u_wall_run5.pth,46b80fb35d00,2024,
77,3.18,0.0,0,0,0,0,0,0,mega_B5,GNN,u_wall,5.0,results/mega_1mes/mega_B_fase5/models/gnn_3d_best_u_wall_run5.pth,46b80fb35d00,2025,
81,3.09,0.0,0,0,0,0,0,0,mega_B5,GNN,u_wall,5.0,results/mega_1mes/mega_B_fase5/models/gnn_3d_best_u_wall_run5.pth,46b80fb35d00,2026,
59,5.35,0.0,0,0,0,0,0,0,mega_B5,GNN,u_wall,6.0,results/mega_1mes/mega_B_fase5/models/gnn_3d_best_u_wall_run6.pth,c0b31ce7d5fc,2024,
56,4.44,0.0,0,0,0,0,0,0,mega_B5,GNN,u_wall,6.0,results/mega_1mes/mega_B_fase5/models/gnn_3d_best_u_wall_run6.pth,c0b31ce7d5fc,2025,
57,6.72,0.0,0,0,0,0,0,0,mega_B5,GNN,u_wall,6.0,results/mega_1mes/mega_B_fase5/models/gnn_3d_best_u_wall_run6.pth,c0b31ce7d5fc,2026,
66,7.17,0.0,0,0,0,0,0,0,mega_B5,GNN,u_wall,7.0,results/mega_1mes/mega_B_fase5/models/gnn_3d_best_u_wall_run7.pth,78ab1ff6cbf5,2024,
68,6.66,0.0,0,0,0,0,0,0,mega_B5,GNN,u_wall,7.0,results/mega_1mes/mega_B_fase5/models/gnn_3d_best_u_wall_run7.pth,78ab1ff6cbf5,2025,
67,6.67,0.0,0,0,0,0,0,0,mega_B5,GNN,u_wall,7.0,results/mega_1mes/mega_B_fase5/models/gnn_3d_best_u_wall_run7.pth,78ab1ff6cbf5,2026,
72,1.44,0.0,0,0,0,0,0,0,mega_B5,GNN,cooperative_door,,results/mega_1mes/mega_B_fase5/models/gnn_3d_best_cooperative_door.pth,19ec3fd7215e,2024,
73,0.92,0.0,0,0,0,0,0,0,mega_B5,GNN,cooperative_door,,results/mega_1mes/mega_B_fase5/models/gnn_3d_best_cooperative_door.pth,19ec3fd7215e,2025,
71,1.03,0.0,0,0,0,0,0,0,mega_B5,GNN,cooperative_door,,results/mega_1mes/mega_B_fase5/models/gnn_3d_best_cooperative_door.pth,19ec3fd7215e,2026,
72,1.44,0.0,0,0,0,0,0,0,mega_B5,GNN,cooperative_door,1.0,results/mega_1mes/mega_B_fase5/models/gnn_3d_best_cooperative_door_run1.pth,cc005c6411eb,2024,
73,0.92,0.0,0,0,0,0,0,0,mega_B5,GNN,cooperative_door,1.0,results/mega_1mes/mega_B_fase5/models/gnn_3d_best_cooperative_door_run1.pth,cc005c6411eb,2025,
71,1.03,0.0,0,0,0,0,0,0,mega_B5,GNN,cooperative_door,1.0,results/mega_1mes/mega_B_fase5/models/gnn_3d_best_cooperative_door_run1.pth,cc005c6411eb,2026,
72,1.63,0.0,0,0,0,0,0,0,mega_B5,GNN,cooperative_door,2.0,results/mega_1mes/mega_B_fase5/models/gnn_3d_best_cooperative_door_run2.pth,cec45023a75d,2024,
69,1.06,0.0,0,0,0,0,0,0,mega_B5,GNN,cooperative_door,2.0,results/mega_1mes/mega_B_fase5/models/gnn_3d_best_cooperative_door_run2.pth,cec45023a75d,2025,
67,0.98,0.0,0,0,0,0,0,0,mega_B5,GNN,cooperative_door,2.0,results/mega_1mes/mega_B_fase5/models/gnn_3d_best_cooperative_door_run2.pth,cec45023a75d,2026,
70,1.25,0.0,0,0,0,0,0,0,mega_B5,GNN,cooperative_door,3.0,results/mega_1mes/mega_B_fase5/models/gnn_3d_best_cooperative_door_run3.pth,217d26409466,2024,
69,1.17,0.0,0,0,0,0,0,0,mega_B5,GNN,cooperative_door,3.0,results/mega_1mes/mega_B_fase5/models/gnn_3d_best_cooperative_door_run3.pth,217d26409466,2025,
70,1.05,0.0,0,0,0,0,0,0,mega_B5,GNN,cooperative_door,3.0,results/mega_1mes/mega_B_fase5/models/gnn_3d_best_cooperative_door_run3.pth,217d26409466,2026,
51,3.51,0.0,0,0,0,0,0,0,mega_B5,GNN,cooperative_door,4.0,results/mega_1mes/mega_B_fase5/models/gnn_3d_best_cooperative_door_run4.pth,f7e3a81fb800,2024,
50,3.16,0.0,0,0,0,0,0,0,mega_B5,GNN,cooperative_door,4.0,results/mega_1mes/mega_B_fase5/models/gnn_3d_best_cooperative_door_run4.pth,f7e3a81fb800,2025,
48,3.04,0.0,0,0,0,0,0,0,mega_B5,GNN,cooperative_door,4.0,results/mega_1mes/mega_B_fase5/models/gnn_3d_best_cooperative_door_run4.pth,f7e3a81fb800,2026,
69,1.2,0.0,0,0,0,0,0,0,mega_B5,GNN,cooperative_door,6.0,results/mega_1mes/mega_B_fase5/models/gnn_3d_best_cooperative_door_run6.pth,fcb8237596ce,2024,
67,1.1,0.0,0,0,0,0,0,0,mega_B5,GNN,cooperative_door,6.0,results/mega_1mes/mega_B_fase5/models/gnn_3d_best_cooperative_door_run6.pth,fcb8237596ce,2025,
68,1.03,0.0,0,0,0,0,0,0,mega_B5,GNN,cooperative_door,6.0,results/mega_1mes/mega_B_fase5/models/gnn_3d_best_cooperative_door_run6.pth,fcb8237596ce,2026,
71,0.91,0.0,0,0,0,0,0,0,mega_B5,GNN,cooperative_door,5.0,results/mega_1mes/mega_B_fase5/models/gnn_3d_best_cooperative_door_run5.pth,a80acedef13d,2024,
69,5.31,0.0,0,0,0,0,0,0,mega_B5,GNN,cooperative_door,5.0,results/mega_1mes/mega_B_fase5/models/gnn_3d_best_cooperative_door_run5.pth,a80acedef13d,2025,
71,0.91,0.0,0,0,0,0,0,0,mega_B5,GNN,cooperative_door,5.0,results/mega_1mes/mega_B_fase5/models/gnn_3d_best_cooperative_door_run5.pth,a80acedef13d,2026,
71,1.95,0.0,0,0,0,0,0,0,mega_B5,GNN,cooperative_door,7.0,results/mega_1mes/mega_B_fase5/models/gnn_3d_best_cooperative_door_run7.pth,05374b36e1d8,2024,
71,1.69,0.0,0,0,0,0,0,0,mega_B5,GNN,cooperative_door,7.0,results/mega_1mes/mega_B_fase5/models/gnn_3d_best_cooperative_door_run7.pth,05374b36e1d8,2025,
70,1.86,0.0,0,0,0,0,0,0,mega_B5,GNN,cooperative_door,7.0,results/mega_1mes/mega_B_fase5/models/gnn_3d_best_cooperative_door_run7.pth,05374b36e1d8,2026,
22,9.47,0.0,0,0,0,0,0,0,mega_B5,GNN,cooperative_perception,,results/mega_1mes/mega_B_fase5/models/gnn_3d_best_cooperative_perception.pth,d68d08be1f6e,2024,
27,10.18,0.0,0,0,0,0,0,0,mega_B5,GNN,cooperative_perception,,results/mega_1mes/mega_B_fase5/models/gnn_3d_best_cooperative_perception.pth,d68d08be1f6e,2025,
24,10.08,0.0,0,0,0,0,0,0,mega_B5,GNN,cooperative_perception,,results/mega_1mes/mega_B_fase5/models/gnn_3d_best_cooperative_perception.pth,d68d08be1f6e,2026,
18,9.56,0.0,0,0,0,0,0,0,mega_B5,GNN,cooperative_perception,2.0,results/mega_1mes/mega_B_fase5/models/gnn_3d_best_cooperative_perception_run2.pth,36b2a08b5c3c,2024,
20,11.7,0.0,0,0,0,0,0,0,mega_B5,GNN,cooperative_perception,2.0,results/mega_1mes/mega_B_fase5/models/gnn_3d_best_cooperative_perception_run2.pth,36b2a08b5c3c,2025,
21,10.13,0.0,0,0,0,0,0,0,mega_B5,GNN,cooperative_perception,2.0,results/mega_1mes/mega_B_fase5/models/gnn_3d_best_cooperative_perception_run2.pth,36b2a08b5c3c,2026,
21,9.54,0.0,0,0,0,0,0,0,mega_B5,GNN,cooperative_perception,1.0,results/mega_1mes/mega_B_fase5/models/gnn_3d_best_cooperative_perception_run1.pth,b14dc884b8c3,2024,
21,10.27,0.0,0,0,0,0,0,0,mega_B5,GNN,cooperative_perception,1.0,results/mega_1mes/mega_B_fase5/models/gnn_3d_best_cooperative_perception_run1.pth,b14dc884b8c3,2025,
19,10.15,0.0,0,0,0,0,0,0,mega_B5,GNN,cooperative_perception,1.0,results/mega_1mes/mega_B_fase5/models/gnn_3d_best_cooperative_perception_run1.pth,b14dc884b8c3,2026,
22,9.47,0.0,0,0,0,0,0,0,mega_B5,GNN,cooperative_perception,3.0,results/mega_1mes/mega_B_fase5/models/gnn_3d_best_cooperative_perception_run3.pth,edab5ec85805,2024,
27,10.18,0.0,0,0,0,0,0,0,mega_B5,GNN,cooperative_perception,3.0,results/mega_1mes/mega_B_fase5/models/gnn_3d_best_cooperative_perception_run3.pth,edab5ec85805,2025,
24,10.08,0.0,0,0,0,0,0,0,mega_B5,GNN,cooperative_perception,3.0,results/mega_1mes/mega_B_fase5/models/gnn_3d_best_cooperative_perception_run3.pth,edab5ec85805,2026,
7,10.72,0.0,0,0,0,0,0,0,mega_B5,GNN,cooperative_perception,4.0,results/mega_1mes/mega_B_fase5/models/gnn_3d_best_cooperative_perception_run4.pth,fb4e86b7eaca,2024,
6,10.48,0.0,0,0,0,0,0,0,mega_B5,GNN,cooperative_perception,4.0,results/mega_1mes/mega_B_fase5/models/gnn_3d_best_cooperative_perception_run4.pth,fb4e86b7eaca,2025,
6,10.46,0.0,0,0,0,0,0,0,mega_B5,GNN,cooperative_perception,4.0,results/mega_1mes/mega_B_fase5/models/gnn_3d_best_cooperative_perception_run4.pth,fb4e86b7eaca,2026,
16,9.51,0.0,0,0,0,0,0,0,mega_B5,GNN,cooperative_perception,5.0,results/mega_1mes/mega_B_fase5/models/gnn_3d_best_cooperative_perception_run5.pth,3ed1d21fe7de,2024,
22,10.25,0.0,0,0,0,0,0,0,mega_B5,GNN,cooperative_perception,5.0,results/mega_1mes/mega_B_fase5/models/gnn_3d_best_cooperative_perception_run5.pth,3ed1d21fe7de,2025,
16,10.14,0.0,0,0,0,0,0,0,mega_B5,GNN,cooperative_perception,5.0,results/mega_1mes/mega_B_fase5/models/gnn_3d_best_cooperative_perception_run5.pth,3ed1d21fe7de,2026,
3,10.44,0.0,0,0,0,0,0,0,mega_B5,GNN,cooperative_perception,6.0,results/mega_1mes/mega_B_fase5/models/gnn_3d_best_cooperative_perception_run6.pth,2e41354675a3,2024,
4,10.35,0.0,0,0,0,0,0,0,mega_B5,GNN,cooperative_perception,6.0,results/mega_1mes/mega_B_fase5/models/gnn_3d_best_cooperative_perception_run6.pth,2e41354675a3,2025,
0,10.26,0.0,0,0,0,0,0,0,mega_B5,GNN,cooperative_perception,6.0,results/mega_1mes/mega_B_fase5/models/gnn_3d_best_cooperative_perception_run6.pth,2e41354675a3,2026,
3,10.44,0.0,0,0,0,0,0,0,mega_B5,GNN,cooperative_perception,7.0,results/mega_1mes/mega_B_fase5/models/gnn_3d_best_cooperative_perception_run7.pth,788fc577d91e,2024,
4,10.36,0.0,0,0,0,0,0,0,mega_B5,GNN,cooperative_perception,7.0,results/mega_1mes/mega_B_fase5/models/gnn_3d_best_cooperative_perception_run7.pth,788fc577d91e,2025,
0,10.27,0.0,0,0,0,0,0,0,mega_B5,GNN,cooperative_perception,7.0,results/mega_1mes/mega_B_fase5/models/gnn_3d_best_cooperative_perception_run7.pth,788fc577d91e,2026,
93,1.63,0.0,0,0,0,0,0,0,mega_B5,GNN,cooperative_door_bypass,,results/mega_1mes/mega_B_fase5/models/gnn_3d_best_cooperative_door_bypass.pth,30bf9a0f5e0e,2024,
90,2.0,0.0,0,0,0,0,0,0,mega_B5,GNN,cooperative_door_bypass,,results/mega_1mes/mega_B_fase5/models/gnn_3d_best_cooperative_door_bypass.pth,30bf9a0f5e0e,2025,
90,2.49,0.0,0,0,0,0,0,0,mega_B5,GNN,cooperative_door_bypass,,results/mega_1mes/mega_B_fase5/models/gnn_3d_best_cooperative_door_bypass.pth,30bf9a0f5e0e,2026,
91,2.51,0.0,0,0,0,0,0,0,mega_B5,GNN,cooperative_door_bypass,1.0,results/mega_1mes/mega_B_fase5/models/gnn_3d_best_cooperative_door_bypass_run1.pth,56164b75fd91,2024,
91,1.86,0.0,0,0,0,0,0,0,mega_B5,GNN,cooperative_door_bypass,1.0,results/mega_1mes/mega_B_fase5/models/gnn_3d_best_cooperative_door_bypass_run1.pth,56164b75fd91,2025,
90,2.26,0.0,0,0,0,0,0,0,mega_B5,GNN,cooperative_door_bypass,1.0,results/mega_1mes/mega_B_fase5/models/gnn_3d_best_cooperative_door_bypass_run1.pth,56164b75fd91,2026,
85,1.23,0.0,0,0,0,0,0,0,mega_B5,GNN,cooperative_door_bypass,10.0,results/mega_1mes/mega_B_fase5/models/gnn_3d_best_cooperative_door_bypass_run10.pth,8a3e492b002c,2024,
86,8.98,0.0,0,0,0,0,0,0,mega_B5,GNN,cooperative_door_bypass,10.0,results/mega_1mes/mega_B_fase5/models/gnn_3d_best_cooperative_door_bypass_run10.pth,8a3e492b002c,2025,
84,3.37,0.0,0,0,0,0,0,0,mega_B5,GNN,cooperative_door_bypass,10.0,results/mega_1mes/mega_B_fase5/models/gnn_3d_best_cooperative_door_bypass_run10.pth,8a3e492b002c,2026,
91,1.65,0.0,0,0,0,0,0,0,mega_B5,GNN,cooperative_door_bypass,11.0,results/mega_1mes/mega_B_fase5/models/gnn_3d_best_cooperative_door_bypass_run11.pth,02fa78d34a91,2024,
89,1.13,0.0,0,0,0,0,0,0,mega_B5,GNN,cooperative_door_bypass,11.0,results/mega_1mes/mega_B_fase5/models/gnn_3d_best_cooperative_door_bypass_run11.pth,02fa78d34a91,2025,
89,1.28,0.0,0,0,0,0,0,0,mega_B5,GNN,cooperative_door_bypass,11.0,results/mega_1mes/mega_B_fase5/models/gnn_3d_best_cooperative_door_bypass_run11.pth,02fa78d34a91,2026,
87,2.62,0.0,0,0,0,0,0,0,mega_B5,GNN,cooperative_door_bypass,12.0,results/mega_1mes/mega_B_fase5/models/gnn_3d_best_cooperative_door_bypass_run12.pth,9e0f2366b462,2024,
88,1.64,0.0,0,0,0,0,0,0,mega_B5,GNN,cooperative_door_bypass,12.0,results/mega_1mes/mega_B_fase5/models/gnn_3d_best_cooperative_door_bypass_run12.pth,9e0f2366b462,2025,
88,1.99,0.0,0,0,0,0,0,0,mega_B5,GNN,cooperative_door_bypass,12.0,results/mega_1mes/mega_B_fase5/models/gnn_3d_best_cooperative_door_bypass_run12.pth,9e0f2366b462,2026,
90,0.82,0.0,0,0,0,0,0,0,mega_B5,GNN,cooperative_door_bypass,13.0,results/mega_1mes/mega_B_fase5/models/gnn_3d_best_cooperative_door_bypass_run13.pth,aacd6c22dba7,2024,
91,0.68,0.0,0,0,0,0,0,0,mega_B5,GNN,cooperative_door_bypass,13.0,results/mega_1mes/mega_B_fase5/models/gnn_3d_best_cooperative_door_bypass_run13.pth,aacd6c22dba7,2025,
90,2.23,0.0,0,0,0,0,0,0,mega_B5,GNN,cooperative_door_bypass,13.0,results/mega_1mes/mega_B_fase5/models/gnn_3d_best_cooperative_door_bypass_run13.pth,aacd6c22dba7,2026,
88,1.39,0.0,0,0,0,0,0,0,mega_B5,GNN,cooperative_door_bypass,14.0,results/mega_1mes/mega_B_fase5/models/gnn_3d_best_cooperative_door_bypass_run14.pth,a1d2261feee8,2024,
88,1.67,0.0,0,0,0,0,0,0,mega_B5,GNN,cooperative_door_bypass,14.0,results/mega_1mes/mega_B_fase5/models/gnn_3d_best_cooperative_door_bypass_run14.pth,a1d2261feee8,2025,
87,1.31,0.0,0,0,0,0,0,0,mega_B5,GNN,cooperative_door_bypass,14.0,results/mega_1mes/mega_B_fase5/models/gnn_3d_best_cooperative_door_bypass_run14.pth,a1d2261feee8,2026,
91,1.95,0.0,0,0,0,0,0,0,mega_B5,GNN,cooperative_door_bypass,15.0,results/mega_1mes/mega_B_fase5/models/gnn_3d_best_cooperative_door_bypass_run15.pth,a462636829b2,2024,
90,1.82,0.0,0,0,0,0,0,0,mega_B5,GNN,cooperative_door_bypass,15.0,results/mega_1mes/mega_B_fase5/models/gnn_3d_best_cooperative_door_bypass_run15.pth,a462636829b2,2025,
90,1.78,0.0,0,0,0,0,0,0,mega_B5,GNN,cooperative_door_bypass,15.0,results/mega_1mes/mega_B_fase5/models/gnn_3d_best_cooperative_door_bypass_run15.pth,a462636829b2,2026,
92,1.26,0.0,0,0,0,0,0,0,mega_B5,GNN,cooperative_door_bypass,16.0,results/mega_1mes/mega_B_fase5/models/gnn_3d_best_cooperative_door_bypass_run16.pth,461e932a99b5,2024,
91,1.03,0.0,0,0,0,0,0,0,mega_B5,GNN,cooperative_door_bypass,16.0,results/mega_1mes/mega_B_fase5/models/gnn_3d_best_cooperative_door_bypass_run16.pth,461e932a99b5,2025,
88,1.24,0.0,0,0,0,0,0,0,mega_B5,GNN,cooperative_door_bypass,16.0,results/mega_1mes/mega_B_fase5/models/gnn_3d_best_cooperative_door_bypass_run16.pth,461e932a99b5,2026,
89,2.57,0.0,0,0,0,0,0,0,mega_B5,GNN,cooperative_door_bypass,17.0,results/mega_1mes/mega_B_fase5/models/gnn_3d_best_cooperative_door_bypass_run17.pth,f86d71a0624d,2024,
88,1.75,0.0,0,0,0,0,0,0,mega_B5,GNN,cooperative_door_bypass,17.0,results/mega_1mes/mega_B_fase5/models/gnn_3d_best_cooperative_door_bypass_run17.pth,f86d71a0624d,2025,
88,2.25,0.0,0,0,0,0,0,0,mega_B5,GNN,cooperative_door_bypass,17.0,results/mega_1mes/mega_B_fase5/models/gnn_3d_best_cooperative_door_bypass_run17.pth,f86d71a0624d,2026,
44,0.88,0.0,0,0,0,0,0,0,mega_B5,GNN,cooperative_door_bypass,18.0,results/mega_1mes/mega_B_fase5/models/gnn_3d_best_cooperative_door_bypass_run18.pth,cc765254a6cc,2024,
44,1.1,0.0,0,0,0,0,0,0,mega_B5,GNN,cooperative_door_bypass,18.0,results/mega_1mes/mega_B_fase5/models/gnn_3d_best_cooperative_door_bypass_run18.pth,cc765254a6cc,2025,
43,1.04,0.0,0,0,0,0,0,0,mega_B5,GNN,cooperative_door_bypass,18.0,results/mega_1mes/mega_B_fase5/models/gnn_3d_best_cooperative_door_bypass_run18.pth,cc765254a6cc,2026,
93,1.63,0.0,0,0,0,0,0,0,mega_B5,GNN,cooperative_door_bypass,19.0,results/mega_1mes/mega_B_fase5/models/gnn_3d_best_cooperative_door_bypass_run19.pth,6190c3a1b477,2024,
90,2.0,0.0,0,0,0,0,0,0,mega_B5,GNN,cooperative_door_bypass,19.0,results/mega_1mes/mega_B_fase5/models/gnn_3d_best_cooperative_door_bypass_run19.pth,6190c3a1b477,2025,
90,2.49,0.0,0,0,0,0,0,0,mega_B5,GNN,cooperative_door_bypass,19.0,results/mega_1mes/mega_B_fase5/models/gnn_3d_best_cooperative_door_bypass_run19.pth,6190c3a1b477,2026,
86,2.29,0.0,0,0,0,0,0,0,mega_B5,GNN,cooperative_door_bypass,2.0,results/mega_1mes/mega_B_fase5/models/gnn_3d_best_cooperative_door_bypass_run2.pth,7c4149282688,2024,
86,1.7,0.0,0,0,0,0,0,0,mega_B5,GNN,cooperative_door_bypass,2.0,results/mega_1mes/mega_B_fase5/models/gnn_3d_best_cooperative_door_bypass_run2.pth,7c4149282688,2025,
84,2.42,0.0,0,0,0,0,0,0,mega_B5,GNN,cooperative_door_bypass,2.0,results/mega_1mes/mega_B_fase5/models/gnn_3d_best_cooperative_door_bypass_run2.pth,7c4149282688,2026,
91,1.71,0.0,0,0,0,0,0,0,mega_B5,GNN,cooperative_door_bypass,21.0,results/mega_1mes/mega_B_fase5/models/gnn_3d_best_cooperative_door_bypass_run21.pth,b3c44e5a6be4,2024,
90,1.56,0.0,0,0,0,0,0,0,mega_B5,GNN,cooperative_door_bypass,21.0,results/mega_1mes/mega_B_fase5/models/gnn_3d_best_cooperative_door_bypass_run21.pth,b3c44e5a6be4,2025,
91,1.43,0.0,0,0,0,0,0,0,mega_B5,GNN,cooperative_door_bypass,21.0,results/mega_1mes/mega_B_fase5/models/gnn_3d_best_cooperative_door_bypass_run21.pth,b3c44e5a6be4,2026,
89,1.33,0.0,0,0,0,0,0,0,mega_B5,GNN,cooperative_door_bypass,20.0,results/mega_1mes/mega_B_fase5/models/gnn_3d_best_cooperative_door_bypass_run20.pth,1d0c781a08f6,2024,
87,1.46,0.0,0,0,0,0,0,0,mega_B5,GNN,cooperative_door_bypass,20.0,results/mega_1mes/mega_B_fase5/models/gnn_3d_best_cooperative_door_bypass_run20.pth,1d0c781a08f6,2025,
89,1.37,0.0,0,0,0,0,0,0,mega_B5,GNN,cooperative_door_bypass,20.0,results/mega_1mes/mega_B_fase5/models/gnn_3d_best_cooperative_door_bypass_run20.pth,1d0c781a08f6,2026,
70,0.85,0.0,0,0,0,0,0,0,mega_B5,GNN,cooperative_door_bypass,3.0,results/mega_1mes/mega_B_fase5/models/gnn_3d_best_cooperative_door_bypass_run3.pth,c6a692937133,2024,
68,0.78,0.0,0,0,0,0,0,0,mega_B5,GNN,cooperative_door_bypass,3.0,results/mega_1mes/mega_B_fase5/models/gnn_3d_best_cooperative_door_bypass_run3.pth,c6a692937133,2025,
68,0.81,0.0,0,0,0,0,0,0,mega_B5,GNN,cooperative_door_bypass,3.0,results/mega_1mes/mega_B_fase5/models/gnn_3d_best_cooperative_door_bypass_run3.pth,c6a692937133,2026,
78,1.25,0.0,0,0,0,0,0,0,mega_B7,GNN,u_wall,,results/mega_1mes/mega_B_fase7/models/gnn_3d_best_u_wall.pth,728138e98eeb,2024,
88,1.26,0.0,0,0,0,0,0,0,mega_B7,GNN,u_wall,,results/mega_1mes/mega_B_fase7/models/gnn_3d_best_u_wall.pth,728138e98eeb,2025,
79,1.29,0.0,0,0,0,0,0,0,mega_B7,GNN,u_wall,,results/mega_1mes/mega_B_fase7/models/gnn_3d_best_u_wall.pth,728138e98eeb,2026,
69,1.48,0.0,0,0,0,0,0,0,mega_B7,GNN,u_wall,1.0,results/mega_1mes/mega_B_fase7/models/gnn_3d_best_u_wall_run1.pth,1e580e3ad336,2024,
69,2.31,0.0,0,0,0,0,0,0,mega_B7,GNN,u_wall,1.0,results/mega_1mes/mega_B_fase7/models/gnn_3d_best_u_wall_run1.pth,1e580e3ad336,2025,
71,1.96,0.0,0,0,0,0,0,0,mega_B7,GNN,u_wall,1.0,results/mega_1mes/mega_B_fase7/models/gnn_3d_best_u_wall_run1.pth,1e580e3ad336,2026,
78,5.13,0.0,5,1,1,0,1,0,mega_B5,GNN,cooperative_door_bypass,4.0,results/mega_1mes/mega_B_fase5/models/gnn_3d_best_cooperative_door_bypass_run4.pth,9f0d3897eaac,2024,
76,5.62,0.0,0,0,0,0,0,0,mega_B5,GNN,cooperative_door_bypass,4.0,results/mega_1mes/mega_B_fase5/models/gnn_3d_best_cooperative_door_bypass_run4.pth,9f0d3897eaac,2025,
78,4.35,0.0,0,0,0,0,0,0,mega_B5,GNN,cooperative_door_bypass,4.0,results/mega_1mes/mega_B_fase5/models/gnn_3d_best_cooperative_door_bypass_run4.pth,9f0d3897eaac,2026,
89,1.28,0.0,0,0,0,0,0,0,mega_B5,GNN,cooperative_door_bypass,6.0,results/mega_1mes/mega_B_fase5/models/gnn_3d_best_cooperative_door_bypass_run6.pth,ba334129f746,2024,
88,1.25,0.0,0,0,0,0,0,0,mega_B5,GNN,cooperative_door_bypass,6.0,results/mega_1mes/mega_B_fase5/models/gnn_3d_best_cooperative_door_bypass_run6.pth,ba334129f746,2025,
88,1.26,0.0,0,0,0,0,0,0,mega_B5,GNN,cooperative_door_bypass,6.0,results/mega_1mes/mega_B_fase5/models/gnn_3d_best_cooperative_door_bypass_run6.pth,ba334129f746,2026,
91,0.85,0.0,0,0,0,0,0,0,mega_B5,GNN,cooperative_door_bypass,5.0,results/mega_1mes/mega_B_fase5/models/gnn_3d_best_cooperative_door_bypass_run5.pth,4fb9a1b5cfc3,2024,
89,2.3,0.0,0,0,0,0,0,0,mega_B5,GNN,cooperative_door_bypass,5.0,results/mega_1mes/mega_B_fase5/models/gnn_3d_best_cooperative_door_bypass_run5.pth,4fb9a1b5cfc3,2025,
90,0.75,0.0,0,0,0,0,0,0,mega_B5,GNN,cooperative_door_bypass,5.0,results/mega_1mes/mega_B_fase5/models/gnn_3d_best_cooperative_door_bypass_run5.pth,4fb9a1b5cfc3,2026,
33,1.25,0.0,0,0,0,0,0,0,mega_B5,GNN,cooperative_door_bypass,7.0,results/mega_1mes/mega_B_fase5/models/gnn_3d_best_cooperative_door_bypass_run7.pth,8ec233c7f978,2024,
33,1.15,0.0,0,0,0,0,0,0,mega_B5,GNN,cooperative_door_bypass,7.0,results/mega_1mes/mega_B_fase5/models/gnn_3d_best_cooperative_door_bypass_run7.pth,8ec233c7f978,2025,
29,1.29,0.0,0,0,0,0,0,0,mega_B5,GNN,cooperative_door_bypass,7.0,results/mega_1mes/mega_B_fase5/models/gnn_3d_best_cooperative_door_bypass_run7.pth,8ec233c7f978,2026,
90,0.71,0.0,0,0,0,0,0,0,mega_B5,GNN,cooperative_door_bypass,8.0,results/mega_1mes/mega_B_fase5/models/gnn_3d_best_cooperative_door_bypass_run8.pth,89456715f9f1,2024,
90,1.11,0.0,0,0,0,0,0,0,mega_B5,GNN,cooperative_door_bypass,8.0,results/mega_1mes/mega_B_fase5/models/gnn_3d_best_cooperative_door_bypass_run8.pth,89456715f9f1,2025,
88,0.84,0.0,0,0,0,0,0,0,mega_B5,GNN,cooperative_door_bypass,8.0,results/mega_1mes/mega_B_fase5/models/gnn_3d_best_cooperative_door_bypass_run8.pth,89456715f9f1,2026,
91,1.61,0.0,0,0,0,0,0,0,mega_B5,GNN,cooperative_door_bypass,9.0,results/mega_1mes/mega_B_fase5/models/gnn_3d_best_cooperative_door_bypass_run9.pth,6c1d27c7c03b,2024,
89,2.12,0.0,0,0,0,0,0,0,mega_B5,GNN,cooperative_door_bypass,9.0,results/mega_1mes/mega_B_fase5/models/gnn_3d_best_cooperative_door_bypass_run9.pth,6c1d27c7c03b,2025,
89,1.92,0.0,0,0,0,0,0,0,mega_B5,GNN,cooperative_door_bypass,9.0,results/mega_1mes/mega_B_fase5/models/gnn_3d_best_cooperative_door_bypass_run9.pth,6c1d27c7c03b,2026,
69,2.1,0.0,0,0,0,0,0,0,mega_B7,GNN,u_wall,2.0,results/mega_1mes/mega_B_fase7/models/gnn_3d_best_u_wall_run2.pth,2f60367f9f06,2024,
61,1.32,0.0,0,0,0,0,0,0,mega_B7,GNN,u_wall,2.0,results/mega_1mes/mega_B_fase7/models/gnn_3d_best_u_wall_run2.pth,2f60367f9f06,2025,
64,1.69,0.0,0,0,0,0,0,0,mega_B7,GNN,u_wall,2.0,results/mega_1mes/mega_B_fase7/models/gnn_3d_best_u_wall_run2.pth,2f60367f9f06,2026,
61,2.94,0.0,0,0,0,0,0,0,mega_B7,GNN,u_wall,3.0,results/mega_1mes/mega_B_fase7/models/gnn_3d_best_u_wall_run3.pth,d5478ba9e4eb,2024,
64,1.28,0.0,0,0,0,0,0,0,mega_B7,GNN,u_wall,3.0,results/mega_1mes/mega_B_fase7/models/gnn_3d_best_u_wall_run3.pth,d5478ba9e4eb,2025,
57,2.25,0.0,0,0,0,0,0,0,mega_B7,GNN,u_wall,3.0,results/mega_1mes/mega_B_fase7/models/gnn_3d_best_u_wall_run3.pth,d5478ba9e4eb,2026,
78,1.25,0.0,0,0,0,0,0,0,mega_B7,GNN,u_wall,4.0,results/mega_1mes/mega_B_fase7/models/gnn_3d_best_u_wall_run4.pth,43d535844974,2024,
88,1.26,0.0,0,0,0,0,0,0,mega_B7,GNN,u_wall,4.0,results/mega_1mes/mega_B_fase7/models/gnn_3d_best_u_wall_run4.pth,43d535844974,2025,
79,1.29,0.0,0,0,0,0,0,0,mega_B7,GNN,u_wall,4.0,results/mega_1mes/mega_B_fase7/models/gnn_3d_best_u_wall_run4.pth,43d535844974,2026,
59,5.35,0.0,0,0,0,0,0,0,mega_B7,GNN,u_wall,6.0,results/mega_1mes/mega_B_fase7/models/gnn_3d_best_u_wall_run6.pth,c0b31ce7d5fc,2024,
56,4.44,0.0,0,0,0,0,0,0,mega_B7,GNN,u_wall,6.0,results/mega_1mes/mega_B_fase7/models/gnn_3d_best_u_wall_run6.pth,c0b31ce7d5fc,2025,
57,6.72,0.0,0,0,0,0,0,0,mega_B7,GNN,u_wall,6.0,results/mega_1mes/mega_B_fase7/models/gnn_3d_best_u_wall_run6.pth,c0b31ce7d5fc,2026,
84,3.43,0.0,0,0,0,0,0,0,mega_B7,GNN,u_wall,5.0,results/mega_1mes/mega_B_fase7/models/gnn_3d_best_u_wall_run5.pth,46b80fb35d00,2024,
77,3.18,0.0,0,0,0,0,0,0,mega_B7,GNN,u_wall,5.0,results/mega_1mes/mega_B_fase7/models/gnn_3d_best_u_wall_run5.pth,46b80fb35d00,2025,
81,3.09,0.0,0,0,0,0,0,0,mega_B7,GNN,u_wall,5.0,results/mega_1mes/mega_B_fase7/models/gnn_3d_best_u_wall_run5.pth,46b80fb35d00,2026,
66,7.17,0.0,0,0,0,0,0,0,mega_B7,GNN,u_wall,7.0,results/mega_1mes/mega_B_fase7/models/gnn_3d_best_u_wall_run7.pth,78ab1ff6cbf5,2024,
68,6.66,0.0,0,0,0,0,0,0,mega_B7,GNN,u_wall,7.0,results/mega_1mes/mega_B_fase7/models/gnn_3d_best_u_wall_run7.pth,78ab1ff6cbf5,2025,
67,6.67,0.0,0,0,0,0,0,0,mega_B7,GNN,u_wall,7.0,results/mega_1mes/mega_B_fase7/models/gnn_3d_best_u_wall_run7.pth,78ab1ff6cbf5,2026,
72,1.44,0.0,0,0,0,0,0,0,mega_B7,GNN,cooperative_door,,results/mega_1mes/mega_B_fase7/models/gnn_3d_best_cooperative_door.pth,19ec3fd7215e,2024,
73,0.92,0.0,0,0,0,0,0,0,mega_B7,GNN,cooperative_door,,results/mega_1mes/mega_B_fase7/models/gnn_3d_best_cooperative_door.pth,19ec3fd7215e,2025,
71,1.03,0.0,0,0,0,0,0,0,mega_B7,GNN,cooperative_door,,results/mega_1mes/mega_B_fase7/models/gnn_3d_best_cooperative_door.pth,19ec3fd7215e,2026,
72,1.44,0.0,0,0,0,0,0,0,mega_B7,GNN,cooperative_door,1.0,results/mega_1mes/mega_B_fase7/models/gnn_3d_best_cooperative_door_run1.pth,cc005c6411eb,2024,
73,0.92,0.0,0,0,0,0,0,0,mega_B7,GNN,cooperative_door,1.0,results/mega_1mes/mega_B_fase7/models/gnn_3d_best_cooperative_door_run1.pth,cc005c6411eb,2025,
71,1.03,0.0,0,0,0,0,0,0,mega_B7,GNN,cooperative_door,1.0,results/mega_1mes/mega_B_fase7/models/gnn_3d_best_cooperative_door_run1.pth,cc005c6411eb,2026,
72,1.63,0.0,0,0,0,0,0,0,mega_B7,GNN,cooperative_door,2.0,results/mega_1mes/mega_B_fase7/models/gnn_3d_best_cooperative_door_run2.pth,cec45023a75d,2024,
69,1.06,0.0,0,0,0,0,0,0,mega_B7,GNN,cooperative_door,2.0,results/mega_1mes/mega_B_fase7/models/gnn_3d_best_cooperative_door_run2.pth,cec45023a75d,2025,
67,0.98,0.0,0,0,0,0,0,0,mega_B7,GNN,cooperative_door,2.0,results/mega_1mes/mega_B_fase7/models/gnn_3d_best_cooperative_door_run2.pth,cec45023a75d,2026,
70,1.25,0.0,0,0,0,0,0,0,mega_B7,GNN,cooperative_door,3.0,results/mega_1mes/mega_B_fase7/models/gnn_3d_best_cooperative_door_run3.pth,217d26409466,2024,
69,1.17,0.0,0,0,0,0,0,0,mega_B7,GNN,cooperative_door,3.0,results/mega_1mes/mega_B_fase7/models/gnn_3d_best_cooperative_door_run3.pth,217d26409466,2025,
70,1.05,0.0,0,0,0,0,0,0,mega_B7,GNN,cooperative_door,3.0,results/mega_1mes/mega_B_fase7/models/gnn_3d_best_cooperative_door_run3.pth,217d26409466,2026,
25,9.5,0.0,0,0,0,0,0,0,mega_B7,GNN,cooperative_perception,,results/mega_1mes/mega_B_fase7/models/gnn_3d_best_cooperative_perception.pth,8f7279bcd6b1,2024,
23,10.22,0.0,0,0,0,0,0,0,mega_B7,GNN,cooperative_perception,,results/mega_1mes/mega_B_fase7/models/gnn_3d_best_cooperative_perception.pth,8f7279bcd6b1,2025,
22,10.11,0.0,0,0,0,0,0,0,mega_B7,GNN,cooperative_perception,,results/mega_1mes/mega_B_fase7/models/gnn_3d_best_cooperative_perception.pth,8f7279bcd6b1,2026,
20,9.73,0.0,0,0,0,0,0,0,mega_B7,GNN,cooperative_perception,1.0,results/mega_1mes/mega_B_fase7/models/gnn_3d_best_cooperative_perception_run1.pth,9a4ad9accb4d,2024,
19,10.26,0.0,0,0,0,0,0,0,mega_B7,GNN,cooperative_perception,1.0,results/mega_1mes/mega_B_fase7/models/gnn_3d_best_cooperative_perception_run1.pth,9a4ad9accb4d,2025,
15,10.14,0.0,0,0,0,0,0,0,mega_B7,GNN,cooperative_perception,1.0,results/mega_1mes/mega_B_fase7/models/gnn_3d_best_cooperative_perception_run1.pth,9a4ad9accb4d,2026,
23,9.48,0.0,0,0,0,0,0,0,mega_B7,GNN,cooperative_perception,10.0,results/mega_1mes/mega_B_fase7/models/gnn_3d_best_cooperative_perception_run10.pth,28bd38bba6b8,2024,
27,10.25,0.0,0,0,0,0,0,0,mega_B7,GNN,cooperative_perception,10.0,results/mega_1mes/mega_B_fase7/models/gnn_3d_best_cooperative_perception_run10.pth,28bd38bba6b8,2025,
24,10.1,0.0,0,0,0,0,0,0,mega_B7,GNN,cooperative_perception,10.0,results/mega_1mes/mega_B_fase7/models/gnn_3d_best_cooperative_perception_run10.pth,28bd38bba6b8,2026,
51,3.51,0.0,0,0,0,0,0,0,mega_B7,GNN,cooperative_door,4.0,results/mega_1mes/mega_B_fase7/models/gnn_3d_best_cooperative_door_run4.pth,f7e3a81fb800,2024,
50,3.16,0.0,0,0,0,0,0,0,mega_B7,GNN,cooperative_door,4.0,results/mega_1mes/mega_B_fase7/models/gnn_3d_best_cooperative_door_run4.pth,f7e3a81fb800,2025,
48,3.04,0.0,0,0,0,0,0,0,mega_B7,GNN,cooperative_door,4.0,results/mega_1mes/mega_B_fase7/models/gnn_3d_best_cooperative_door_run4.pth,f7e3a81fb800,2026,
71,1.95,0.0,0,0,0,0,0,0,mega_B7,GNN,cooperative_door,7.0,results/mega_1mes/mega_B_fase7/models/gnn_3d_best_cooperative_door_run7.pth,05374b36e1d8,2024,
71,1.69,0.0,0,0,0,0,0,0,mega_B7,GNN,cooperative_door,7.0,results/mega_1mes/mega_B_fase7/models/gnn_3d_best_cooperative_door_run7.pth,05374b36e1d8,2025,
70,1.86,0.0,0,0,0,0,0,0,mega_B7,GNN,cooperative_door,7.0,results/mega_1mes/mega_B_fase7/models/gnn_3d_best_cooperative_door_run7.pth,05374b36e1d8,2026,
71,0.91,0.0,0,0,0,0,0,0,mega_B7,GNN,cooperative_door,5.0,results/mega_1mes/mega_B_fase7/models/gnn_3d_best_cooperative_door_run5.pth,a80acedef13d,2024,
69,5.31,0.0,0,0,0,0,0,0,mega_B7,GNN,cooperative_door,5.0,results/mega_1mes/mega_B_fase7/models/gnn_3d_best_cooperative_door_run5.pth,a80acedef13d,2025,
71,0.91,0.0,0,0,0,0,0,0,mega_B7,GNN,cooperative_door,5.0,results/mega_1mes/mega_B_fase7/models/gnn_3d_best_cooperative_door_run5.pth,a80acedef13d,2026,
69,1.2,0.0,0,0,0,0,0,0,mega_B7,GNN,cooperative_door,6.0,results/mega_1mes/mega_B_fase7/models/gnn_3d_best_cooperative_door_run6.pth,fcb8237596ce,2024,
67,1.1,0.0,0,0,0,0,0,0,mega_B7,GNN,cooperative_door,6.0,results/mega_1mes/mega_B_fase7/models/gnn_3d_best_cooperative_door_run6.pth,fcb8237596ce,2025,
68,1.03,0.0,0,0,0,0,0,0,mega_B7,GNN,cooperative_door,6.0,results/mega_1mes/mega_B_fase7/models/gnn_3d_best_cooperative_door_run6.pth,fcb8237596ce,2026,
20,9.57,0.0,0,0,0,0,0,0,mega_B7,GNN,cooperative_perception,11.0,results/mega_1mes/mega_B_fase7/models/gnn_3d_best_cooperative_perception_run11.pth,ac280c95fed0,2024,
17,10.33,0.0,0,0,0,0,0,0,mega_B7,GNN,cooperative_perception,11.0,results/mega_1mes/mega_B_fase7/models/gnn_3d_best_cooperative_perception_run11.pth,ac280c95fed0,2025,
21,10.23,0.0,0,0,0,0,0,0,mega_B7,GNN,cooperative_perception,11.0,results/mega_1mes/mega_B_fase7/models/gnn_3d_best_cooperative_perception_run11.pth,ac280c95fed0,2026,
24,9.56,0.0,0,0,0,0,0,0,mega_B7,GNN,cooperative_perception,13.0,results/mega_1mes/mega_B_fase7/models/gnn_3d_best_cooperative_perception_run13.pth,a78570507c28,2024,
17,10.28,0.0,0,0,0,0,0,0,mega_B7,GNN,cooperative_perception,13.0,results/mega_1mes/mega_B_fase7/models/gnn_3d_best_cooperative_perception_run13.pth,a78570507c28,2025,
23,10.15,0.0,0,0,0,0,0,0,mega_B7,GNN,cooperative_perception,13.0,results/mega_1mes/mega_B_fase7/models/gnn_3d_best_cooperative_perception_run13.pth,a78570507c28,2026,
25,9.5,0.0,0,0,0,0,0,0,mega_B7,GNN,cooperative_perception,12.0,results/mega_1mes/mega_B_fase7/models/gnn_3d_best_cooperative_perception_run12.pth,750a32407402,2024,
23,10.22,0.0,0,0,0,0,0,0,mega_B7,GNN,cooperative_perception,12.0,results/mega_1mes/mega_B_fase7/models/gnn_3d_best_cooperative_perception_run12.pth,750a32407402,2025,
22,10.11,0.0,0,0,0,0,0,0,mega_B7,GNN,cooperative_perception,12.0,results/mega_1mes/mega_B_fase7/models/gnn_3d_best_cooperative_perception_run12.pth,750a32407402,2026,
2,10.44,0.0,0,0,0,0,0,0,mega_B7,GNN,cooperative_perception,14.0,results/mega_1mes/mega_B_fase7/models/gnn_3d_best_cooperative_perception_run14.pth,a19de5a6a42a,2024,
4,10.42,0.0,0,0,0,0,0,0,mega_B7,GNN,cooperative_perception,14.0,results/mega_1mes/mega_B_fase7/models/gnn_3d_best_cooperative_perception_run14.pth,a19de5a6a42a,2025,
0,10.3,0.0,0,0,0,0,0,0,mega_B7,GNN,cooperative_perception,14.0,results/mega_1mes/mega_B_fase7/models/gnn_3d_best_cooperative_perception_run14.pth,a19de5a6a42a,2026,
2,10.44,0.0,0,0,0,0,0,0,mega_B7,GNN,cooperative_perception,15.0,results/mega_1mes/mega_B_fase7/models/gnn_3d_best_cooperative_perception_run15.pth,45c5588cc2db,2024,
4,10.36,0.0,0,0,0,0,0,0,mega_B7,GNN,cooperative_perception,15.0,results/mega_1mes/mega_B_fase7/models/gnn_3d_best_cooperative_perception_run15.pth,45c5588cc2db,2025,
0,10.27,0.0,0,0,0,0,0,0,mega_B7,GNN,cooperative_perception,15.0,results/mega_1mes/mega_B_fase7/models/gnn_3d_best_cooperative_perception_run15.pth,45c5588cc2db,2026,
29,9.47,0.0,0,0,0,0,0,0,mega_B7,GNN,cooperative_perception,16.0,results/mega_1mes/mega_B_fase7/models/gnn_3d_best_cooperative_perception_run16.pth,d1a6e6202b6a,2024,
23,10.19,0.0,0,0,0,0,0,0,mega_B7,GNN,cooperative_perception,16.0,results/mega_1mes/mega_B_fase7/models/gnn_3d_best_cooperative_perception_run16.pth,d1a6e6202b6a,2025,
23,10.08,0.0,0,0,0,0,0,0,mega_B7,GNN,cooperative_perception,16.0,results/mega_1mes/mega_B_fase7/models/gnn_3d_best_cooperative_perception_run16.pth,d1a6e6202b6a,2026,
24,9.47,0.0,0,0,0,0,0,0,mega_B7,GNN,cooperative_perception,18.0,results/mega_1mes/mega_B_fase7/models/gnn_3d_best_cooperative_perception_run18.pth,4f16cc973b45,2024,
25,10.16,0.0,0,0,0,0,0,0,mega_B7,GNN,cooperative_perception,18.0,results/mega_1mes/mega_B_fase7/models/gnn_3d_best_cooperative_perception_run18.pth,4f16cc973b45,2025,
23,10.07,0.0,0,0,0,0,0,0,mega_B7,GNN,cooperative_perception,18.0,results/mega_1mes/mega_B_fase7/models/gnn_3d_best_cooperative_perception_run18.pth,4f16cc973b45,2026,
24,9.48,0.0,0,0,0,0,0,0,mega_B7,GNN,cooperative_perception,17.0,results/mega_1mes/mega_B_fase7/models/gnn_3d_best_cooperative_perception_run17.pth,39e514bb3f2b,2024,
20,10.18,0.0,0,0,0,0,0,0,mega_B7,GNN,cooperative_perception,17.0,results/mega_1mes/mega_B_fase7/models/gnn_3d_best_cooperative_perception_run17.pth,39e514bb3f2b,2025,
18,10.1,0.0,0,0,0,0,0,0,mega_B7,GNN,cooperative_perception,17.0,results/mega_1mes/mega_B_fase7/models/gnn_3d_best_cooperative_perception_run17.pth,39e514bb3f2b,2026,
17,9.47,0.0,0,0,0,0,0,0,mega_B7,GNN,cooperative_perception,19.0,results/mega_1mes/mega_B_fase7/models/gnn_3d_best_cooperative_perception_run19.pth,656307ff26f7,2024,
22,10.95,0.0,0,0,0,0,0,0,mega_B7,GNN,cooperative_perception,19.0,results/mega_1mes/mega_B_fase7/models/gnn_3d_best_cooperative_perception_run19.pth,656307ff26f7,2025,
17,10.08,0.0,0,0,0,0,0,0,mega_B7,GNN,cooperative_perception,19.0,results/mega_1mes/mega_B_fase7/models/gnn_3d_best_cooperative_perception_run19.pth,656307ff26f7,2026,
20,9.54,0.0,0,0,0,0,0,0,mega_B7,GNN,cooperative_perception,2.0,results/mega_1mes/mega_B_fase7/models/gnn_3d_best_cooperative_perception_run2.pth,8389efe1ee0a,2024,
19,11.7,0.0,0,0,0,0,0,0,mega_B7,GNN,cooperative_perception,2.0,results/mega_1mes/mega_B_fase7/models/gnn_3d_best_cooperative_perception_run2.pth,8389efe1ee0a,2025,
15,10.12,0.0,0,0,0,0,0,0,mega_B7,GNN,cooperative_perception,2.0,results/mega_1mes/mega_B_fase7/models/gnn_3d_best_cooperative_perception_run2.pth,8389efe1ee0a,2026,
16,9.83,0.0,0,0,0,0,0,0,mega_B7,GNN,cooperative_perception,20.0,results/mega_1mes/mega_B_fase7/models/gnn_3d_best_cooperative_perception_run20.pth,7b20d339b289,2024,
25,10.24,0.0,0,0,0,0,0,0,mega_B7,GNN,cooperative_perception,20.0,results/mega_1mes/mega_B_fase7/models/gnn_3d_best_cooperative_perception_run20.pth,7b20d339b289,2025,
22,10.13,0.0,0,0,0,0,0,0,mega_B7,GNN,cooperative_perception,20.0,results/mega_1mes/mega_B_fase7/models/gnn_3d_best_cooperative_perception_run20.pth,7b20d339b289,2026,
24,9.48,0.0,0,0,0,0,0,0,mega_B7,GNN,cooperative_perception,21.0,results/mega_1mes/mega_B_fase7/models/gnn_3d_best_cooperative_perception_run21.pth,e65c16fbc5e2,2024,
29,10.17,0.0,0,0,0,0,0,0,mega_B7,GNN,cooperative_perception,21.0,results/mega_1mes/mega_B_fase7/models/gnn_3d_best_cooperative_perception_run21.pth,e65c16fbc5e2,2025,
25,10.07,0.0,0,0,0,0,0,0,mega_B7,GNN,cooperative_perception,21.0,results/mega_1mes/mega_B_fase7/models/gnn_3d_best_cooperative_perception_run21.pth,e65c16fbc5e2,2026,
22,9.48,0.0,0,0,0,0,0,0,mega_B7,GNN,cooperative_perception,3.0,results/mega_1mes/mega_B_fase7/models/gnn_3d_best_cooperative_perception_run3.pth,f3b9793b632d,2024,
22,10.18,0.0,0,0,0,0,0,0,mega_B7,GNN,cooperative_perception,3.0,results/mega_1mes/mega_B_fase7/models/gnn_3d_best_cooperative_perception_run3.pth,f3b9793b632d,2025,
21,10.08,0.0,0,0,0,0,0,0,mega_B7,GNN,cooperative_perception,3.0,results/mega_1mes/mega_B_fase7/models/gnn_3d_best_cooperative_perception_run3.pth,f3b9793b632d,2026,
3,10.44,0.0,0,0,0,0,0,0,mega_B7,GNN,cooperative_perception,6.0,results/mega_1mes/mega_B_fase7/models/gnn_3d_best_cooperative_perception_run6.pth,2e41354675a3,2024,
4,10.35,0.0,0,0,0,0,0,0,mega_B7,GNN,cooperative_perception,6.0,results/mega_1mes/mega_B_fase7/models/gnn_3d_best_cooperative_perception_run6.pth,2e41354675a3,2025,
0,10.26,0.0,0,0,0,0,0,0,mega_B7,GNN,cooperative_perception,6.0,results/mega_1mes/mega_B_fase7/models/gnn_3d_best_cooperative_perception_run6.pth,2e41354675a3,2026,
7,10.72,0.0,0,0,0,0,0,0,mega_B7,GNN,cooperative_perception,4.0,results/mega_1mes/mega_B_fase7/models/gnn_3d_best_cooperative_perception_run4.pth,fb4e86b7eaca,2024,
6,10.48,0.0,0,0,0,0,0,0,mega_B7,GNN,cooperative_perception,4.0,results/mega_1mes/mega_B_fase7/models/gnn_3d_best_cooperative_perception_run4.pth,fb4e86b7eaca,2025,
6,10.46,0.0,0,0,0,0,0,0,mega_B7,GNN,cooperative_perception,4.0,results/mega_1mes/mega_B_fase7/models/gnn_3d_best_cooperative_perception_run4.pth,fb4e86b7eaca,2026,
16,9.51,0.0,0,0,0,0,0,0,mega_B7,GNN,cooperative_perception,5.0,results/mega_1mes/mega_B_fase7/models/gnn_3d_best_cooperative_perception_run5.pth,3ed1d21fe7de,2024,
22,10.25,0.0,0,0,0,0,0,0,mega_B7,GNN,cooperative_perception,5.0,results/mega_1mes/mega_B_fase7/models/gnn_3d_best_cooperative_perception_run5.pth,3ed1d21fe7de,2025,
16,10.14,0.0,0,0,0,0,0,0,mega_B7,GNN,cooperative_perception,5.0,results/mega_1mes/mega_B_fase7/models/gnn_3d_best_cooperative_perception_run5.pth,3ed1d21fe7de,2026,
3,10.44,0.0,0,0,0,0,0,0,mega_B7,GNN,cooperative_perception,7.0,results/mega_1mes/mega_B_fase7/models/gnn_3d_best_cooperative_perception_run7.pth,788fc577d91e,2024,
4,10.36,0.0,0,0,0,0,0,0,mega_B7,GNN,cooperative_perception,7.0,results/mega_1mes/mega_B_fase7/models/gnn_3d_best_cooperative_perception_run7.pth,788fc577d91e,2025,
0,10.27,0.0,0,0,0,0,0,0,mega_B7,GNN,cooperative_perception,7.0,results/mega_1mes/mega_B_fase7/models/gnn_3d_best_cooperative_perception_run7.pth,788fc577d91e,2026,
29,9.48,0.0,0,0,0,0,0,0,mega_B7,GNN,cooperative_perception,8.0,results/mega_1mes/mega_B_fase7/models/gnn_3d_best_cooperative_perception_run8.pth,3e9b330c1f01,2024,
29,10.24,0.0,0,0,0,0,0,0,mega_B7,GNN,cooperative_perception,8.0,results/mega_1mes/mega_B_fase7/models/gnn_3d_best_cooperative_perception_run8.pth,3e9b330c1f01,2025,
26,10.14,0.0,0,0,0,0,0,0,mega_B7,GNN,cooperative_perception,8.0,results/mega_1mes/mega_B_fase7/models/gnn_3d_best_cooperative_perception_run8.pth,3e9b330c1f01,2026,
21,9.92,0.0,0,0,0,0,0,0,mega_B7,GNN,cooperative_perception,9.0,results/mega_1mes/mega_B_fase7/models/gnn_3d_best_cooperative_perception_run9.pth,d4dde9f8e0b4,2024,
20,10.7,0.0,0,0,0,0,0,0,mega_B7,GNN,cooperative_perception,9.0,results/mega_1mes/mega_B_fase7/models/gnn_3d_best_cooperative_perception_run9.pth,d4dde9f8e0b4,2025,
22,11.07,0.0,0,0,0,0,0,0,mega_B7,GNN,cooperative_perception,9.0,results/mega_1mes/mega_B_fase7/models/gnn_3d_best_cooperative_perception_run9.pth,d4dde9f8e0b4,2026,
93,1.63,0.0,0,0,0,0,0,0,mega_B7,GNN,cooperative_door_bypass,,results/mega_1mes/mega_B_fase7/models/gnn_3d_best_cooperative_door_bypass.pth,30bf9a0f5e0e,2024,
90,2.0,0.0,0,0,0,0,0,0,mega_B7,GNN,cooperative_door_bypass,,results/mega_1mes/mega_B_fase7/models/gnn_3d_best_cooperative_door_bypass.pth,30bf9a0f5e0e,2025,
90,2.49,0.0,0,0,0,0,0,0,mega_B7,GNN,cooperative_door_bypass,,results/mega_1mes/mega_B_fase7/models/gnn_3d_best_cooperative_door_bypass.pth,30bf9a0f5e0e,2026,
91,2.51,0.0,0,0,0,0,0,0,mega_B7,GNN,cooperative_door_bypass,1.0,results/mega_1mes/mega_B_fase7/models/gnn_3d_best_cooperative_door_bypass_run1.pth,56164b75fd91,2024,
91,1.86,0.0,0,0,0,0,0,0,mega_B7,GNN,cooperative_door_bypass,1.0,results/mega_1mes/mega_B_fase7/models/gnn_3d_best_cooperative_door_bypass_run1.pth,56164b75fd91,2025,
90,2.26,0.0,0,0,0,0,0,0,mega_B7,GNN,cooperative_door_bypass,1.0,results/mega_1mes/mega_B_fase7/models/gnn_3d_best_cooperative_door_bypass_run1.pth,56164b75fd91,2026,
91,1.65,0.0,0,0,0,0,0,0,mega_B7,GNN,cooperative_door_bypass,11.0,results/mega_1mes/mega_B_fase7/models/gnn_3d_best_cooperative_door_bypass_run11.pth,02fa78d34a91,2024,
89,1.13,0.0,0,0,0,0,0,0,mega_B7,GNN,cooperative_door_bypass,11.0,results/mega_1mes/mega_B_fase7/models/gnn_3d_best_cooperative_door_bypass_run11.pth,02fa78d34a91,2025,
89,1.28,0.0,0,0,0,0,0,0,mega_B7,GNN,cooperative_door_bypass,11.0,results/mega_1mes/mega_B_fase7/models/gnn_3d_best_cooperative_door_bypass_run11.pth,02fa78d34a91,2026,
85,1.23,0.0,0,0,0,0,0,0,mega_B7,GNN,cooperative_door_bypass,10.0,results/mega_1mes/mega_B_fase7/models/gnn_3d_best_cooperative_door_bypass_run10.pth,8a3e492b002c,2024,
86,8.98,0.0,0,0,0,0,0,0,mega_B7,GNN,cooperative_door_bypass,10.0,results/mega_1mes/mega_B_fase7/models/gnn_3d_best_cooperative_door_bypass_run10.pth,8a3e492b002c,2025,
84,3.37,0.0,0,0,0,0,0,0,mega_B7,GNN,cooperative_door_bypass,10.0,results/mega_1mes/mega_B_fase7/models/gnn_3d_best_cooperative_door_bypass_run10.pth,8a3e492b002c,2026,
87,2.62,0.0,0,0,0,0,0,0,mega_B7,GNN,cooperative_door_bypass,12.0,results/mega_1mes/mega_B_fase7/models/gnn_3d_best_cooperative_door_bypass_run12.pth,9e0f2366b462,2024,
88,1.64,0.0,0,0,0,0,0,0,mega_B7,GNN,cooperative_door_bypass,12.0,results/mega_1mes/mega_B_fase7/models/gnn_3d_best_cooperative_door_bypass_run12.pth,9e0f2366b462,2025,
88,1.99,0.0,0,0,0,0,0,0,mega_B7,GNN,cooperative_door_bypass,12.0,results/mega_1mes/mega_B_fase7/models/gnn_3d_best_cooperative_door_bypass_run12.pth,9e0f2366b462,2026,
90,0.82,0.0,0,0,0,0,0,0,mega_B7,GNN,cooperative_door_bypass,13.0,results/mega_1mes/mega_B_fase7/models/gnn_3d_best_cooperative_door_bypass_run13.pth,aacd6c22dba7,2024,
91,0.68,0.0,0,0,0,0,0,0,mega_B7,GNN,cooperative_door_bypass,13.0,results/mega_1mes/mega_B_fase7/models/gnn_3d_best_cooperative_door_bypass_run13.pth,aacd6c22dba7,2025,
90,2.23,0.0,0,0,0,0,0,0,mega_B7,GNN,cooperative_door_bypass,13.0,results/mega_1mes/mega_B_fase7/models/gnn_3d_best_cooperative_door_bypass_run13.pth,aacd6c22dba7,2026,
88,1.39,0.0,0,0,0,0,0,0,mega_B7,GNN,cooperative_door_bypass,14.0,results/mega_1mes/mega_B_fase7/models/gnn_3d_best_cooperative_door_bypass_run14.pth,a1d2261feee8,2024,
88,1.67,0.0,0,0,0,0,0,0,mega_B7,GNN,cooperative_door_bypass,14.0,results/mega_1mes/mega_B_fase7/models/gnn_3d_best_cooperative_door_bypass_run14.pth,a1d2261feee8,2025,
87,1.31,0.0,0,0,0,0,0,0,mega_B7,GNN,cooperative_door_bypass,14.0,results/mega_1mes/mega_B_fase7/models/gnn_3d_best_cooperative_door_bypass_run14.pth,a1d2261feee8,2026,
91,1.95,0.0,0,0,0,0,0,0,mega_B7,GNN,cooperative_door_bypass,15.0,results/mega_1mes/mega_B_fase7/models/gnn_3d_best_cooperative_door_bypass_run15.pth,a462636829b2,2024,
90,1.82,0.0,0,0,0,0,0,0,mega_B7,GNN,cooperative_door_bypass,15.0,results/mega_1mes/mega_B_fase7/models/gnn_3d_best_cooperative_door_bypass_run15.pth,a462636829b2,2025,
90,1.78,0.0,0,0,0,0,0,0,mega_B7,GNN,cooperative_door_bypass,15.0,results/mega_1mes/mega_B_fase7/models/gnn_3d_best_cooperative_door_bypass_run15.pth,a462636829b2,2026,
92,1.26,0.0,0,0,0,0,0,0,mega_B7,GNN,cooperative_door_bypass,16.0,results/mega_1mes/mega_B_fase7/models/gnn_3d_best_cooperative_door_bypass_run16.pth,461e932a99b5,2024,
91,1.03,0.0,0,0,0,0,0,0,mega_B7,GNN,cooperative_door_bypass,16.0,results/mega_1mes/mega_B_fase7/models/gnn_3d_best_cooperative_door_bypass_run16.pth,461e932a99b5,2025,
88,1.24,0.0,0,0,0,0,0,0,mega_B7,GNN,cooperative_door_bypass,16.0,results/mega_1mes/mega_B_fase7/models/gnn_3d_best_cooperative_door_bypass_run16.pth,461e932a99b5,2026,
89,2.57,0.0,0,0,0,0,0,0,mega_B7,GNN,cooperative_door_bypass,17.0,results/mega_1mes/mega_B_fase7/models/gnn_3d_best_cooperative_door_bypass_run17.pth,f86d71a0624d,2024,
88,1.75,0.0,0,0,0,0,0,0,mega_B7,GNN,cooperative_door_bypass,17.0,results/mega_1mes/mega_B_fase7/models/gnn_3d_best_cooperative_door_bypass_run17.pth,f86d71a0624d,2025,
88,2.25,0.0,0,0,0,0,0,0,mega_B7,GNN,cooperative_door_bypass,17.0,results/mega_1mes/mega_B_fase7/models/gnn_3d_best_cooperative_door_bypass_run17.pth,f86d71a0624d,2026,
44,0.88,0.0,0,0,0,0,0,0,mega_B7,GNN,cooperative_door_bypass,18.0,results/mega_1mes/mega_B_fase7/models/gnn_3d_best_cooperative_door_bypass_run18.pth,cc765254a6cc,2024,
44,1.1,0.0,0,0,0,0,0,0,mega_B7,GNN,cooperative_door_bypass,18.0,results/mega_1mes/mega_B_fase7/models/gnn_3d_best_cooperative_door_bypass_run18.pth,cc765254a6cc,2025,
43,1.04,0.0,0,0,0,0,0,0,mega_B7,GNN,cooperative_door_bypass,18.0,results/mega_1mes/mega_B_fase7/models/gnn_3d_best_cooperative_door_bypass_run18.pth,cc765254a6cc,2026,
93,1.63,0.0,0,0,0,0,0,0,mega_B7,GNN,cooperative_door_bypass,19.0,results/mega_1mes/mega_B_fase7/models/gnn_3d_best_cooperative_door_bypass_run19.pth,6190c3a1b477,2024,
90,2.0,0.0,0,0,0,0,0,0,mega_B7,GNN,cooperative_door_bypass,19.0,results/mega_1mes/mega_B_fase7/models/gnn_3d_best_cooperative_door_bypass_run19.pth,6190c3a1b477,2025,
90,2.49,0.0,0,0,0,0,0,0,mega_B7,GNN,cooperative_door_bypass,19.0,results/mega_1mes/mega_B_fase7/models/gnn_3d_best_cooperative_door_bypass_run19.pth,6190c3a1b477,2026,
86,2.29,0.0,0,0,0,0,0,0,mega_B7,GNN,cooperative_door_bypass,2.0,results/mega_1mes/mega_B_fase7/models/gnn_3d_best_cooperative_door_bypass_run2.pth,7c4149282688,2024,
86,1.7,0.0,0,0,0,0,0,0,mega_B7,GNN,cooperative_door_bypass,2.0,results/mega_1mes/mega_B_fase7/models/gnn_3d_best_cooperative_door_bypass_run2.pth,7c4149282688,2025,
84,2.42,0.0,0,0,0,0,0,0,mega_B7,GNN,cooperative_door_bypass,2.0,results/mega_1mes/mega_B_fase7/models/gnn_3d_best_cooperative_door_bypass_run2.pth,7c4149282688,2026,
89,1.33,0.0,0,0,0,0,0,0,mega_B7,GNN,cooperative_door_bypass,20.0,results/mega_1mes/mega_B_fase7/models/gnn_3d_best_cooperative_door_bypass_run20.pth,1d0c781a08f6,2024,
87,1.46,0.0,0,0,0,0,0,0,mega_B7,GNN,cooperative_door_bypass,20.0,results/mega_1mes/mega_B_fase7/models/gnn_3d_best_cooperative_door_bypass_run20.pth,1d0c781a08f6,2025,
89,1.37,0.0,0,0,0,0,0,0,mega_B7,GNN,cooperative_door_bypass,20.0,results/mega_1mes/mega_B_fase7/models/gnn_3d_best_cooperative_door_bypass_run20.pth,1d0c781a08f6,2026,
91,1.71,0.0,0,0,0,0,0,0,mega_B7,GNN,cooperative_door_bypass,21.0,results/mega_1mes/mega_B_fase7/models/gnn_3d_best_cooperative_door_bypass_run21.pth,b3c44e5a6be4,2024,
90,1.56,0.0,0,0,0,0,0,0,mega_B7,GNN,cooperative_door_bypass,21.0,results/mega_1mes/mega_B_fase7/models/gnn_3d_best_cooperative_door_bypass_run21.pth,b3c44e5a6be4,2025,
91,1.43,0.0,0,0,0,0,0,0,mega_B7,GNN,cooperative_door_bypass,21.0,results/mega_1mes/mega_B_fase7/models/gnn_3d_best_cooperative_door_bypass_run21.pth,b3c44e5a6be4,2026,
70,0.85,0.0,0,0,0,0,0,0,mega_B7,GNN,cooperative_door_bypass,3.0,results/mega_1mes/mega_B_fase7/models/gnn_3d_best_cooperative_door_bypass_run3.pth,c6a692937133,2024,
68,0.78,0.0,0,0,0,0,0,0,mega_B7,GNN,cooperative_door_bypass,3.0,results/mega_1mes/mega_B_fase7/models/gnn_3d_best_cooperative_door_bypass_run3.pth,c6a692937133,2025,
68,0.81,0.0,0,0,0,0,0,0,mega_B7,GNN,cooperative_door_bypass,3.0,results/mega_1mes/mega_B_fase7/models/gnn_3d_best_cooperative_door_bypass_run3.pth,c6a692937133,2026,
78,5.13,0.0,5,1,1,0,1,0,mega_B7,GNN,cooperative_door_bypass,4.0,results/mega_1mes/mega_B_fase7/models/gnn_3d_best_cooperative_door_bypass_run4.pth,9f0d3897eaac,2024,
76,5.62,0.0,0,0,0,0,0,0,mega_B7,GNN,cooperative_door_bypass,4.0,results/mega_1mes/mega_B_fase7/models/gnn_3d_best_cooperative_door_bypass_run4.pth,9f0d3897eaac,2025,
78,4.35,0.0,0,0,0,0,0,0,mega_B7,GNN,cooperative_door_bypass,4.0,results/mega_1mes/mega_B_fase7/models/gnn_3d_best_cooperative_door_bypass_run4.pth,9f0d3897eaac,2026,
89,1.28,0.0,0,0,0,0,0,0,mega_B7,GNN,cooperative_door_bypass,6.0,results/mega_1mes/mega_B_fase7/models/gnn_3d_best_cooperative_door_bypass_run6.pth,ba334129f746,2024,
88,1.25,0.0,0,0,0,0,0,0,mega_B7,GNN,cooperative_door_bypass,6.0,results/mega_1mes/mega_B_fase7/models/gnn_3d_best_cooperative_door_bypass_run6.pth,ba334129f746,2025,
88,1.26,0.0,0,0,0,0,0,0,mega_B7,GNN,cooperative_door_bypass,6.0,results/mega_1mes/mega_B_fase7/models/gnn_3d_best_cooperative_door_bypass_run6.pth,ba334129f746,2026,
91,0.85,0.0,0,0,0,0,0,0,mega_B7,GNN,cooperative_door_bypass,5.0,results/mega_1mes/mega_B_fase7/models/gnn_3d_best_cooperative_door_bypass_run5.pth,4fb9a1b5cfc3,2024,
89,2.3,0.0,0,0,0,0,0,0,mega_B7,GNN,cooperative_door_bypass,5.0,results/mega_1mes/mega_B_fase7/models/gnn_3d_best_cooperative_door_bypass_run5.pth,4fb9a1b5cfc3,2025,
90,0.75,0.0,0,0,0,0,0,0,mega_B7,GNN,cooperative_door_bypass,5.0,results/mega_1mes/mega_B_fase7/models/gnn_3d_best_cooperative_door_bypass_run5.pth,4fb9a1b5cfc3,2026,
33,1.25,0.0,0,0,0,0,0,0,mega_B7,GNN,cooperative_door_bypass,7.0,results/mega_1mes/mega_B_fase7/models/gnn_3d_best_cooperative_door_bypass_run7.pth,8ec233c7f978,2024,
33,1.15,0.0,0,0,0,0,0,0,mega_B7,GNN,cooperative_door_bypass,7.0,results/mega_1mes/mega_B_fase7/models/gnn_3d_best_cooperative_door_bypass_run7.pth,8ec233c7f978,2025,
29,1.29,0.0,0,0,0,0,0,0,mega_B7,GNN,cooperative_door_bypass,7.0,results/mega_1mes/mega_B_fase7/models/gnn_3d_best_cooperative_door_bypass_run7.pth,8ec233c7f978,2026,
90,0.71,0.0,0,0,0,0,0,0,mega_B7,GNN,cooperative_door_bypass,8.0,results/mega_1mes/mega_B_fase7/models/gnn_3d_best_cooperative_door_bypass_run8.pth,89456715f9f1,2024,
90,1.11,0.0,0,0,0,0,0,0,mega_B7,GNN,cooperative_door_bypass,8.0,results/mega_1mes/mega_B_fase7/models/gnn_3d_best_cooperative_door_bypass_run8.pth,89456715f9f1,2025,
88,0.84,0.0,0,0,0,0,0,0,mega_B7,GNN,cooperative_door_bypass,8.0,results/mega_1mes/mega_B_fase7/models/gnn_3d_best_cooperative_door_bypass_run8.pth,89456715f9f1,2026,
91,1.61,0.0,0,0,0,0,0,0,mega_B7,GNN,cooperative_door_bypass,9.0,results/mega_1mes/mega_B_fase7/models/gnn_3d_best_cooperative_door_bypass_run9.pth,6c1d27c7c03b,2024,
89,2.12,0.0,0,0,0,0,0,0,mega_B7,GNN,cooperative_door_bypass,9.0,results/mega_1mes/mega_B_fase7/models/gnn_3d_best_cooperative_door_bypass_run9.pth,6c1d27c7c03b,2025,
89,1.92,0.0,0,0,0,0,0,0,mega_B7,GNN,cooperative_door_bypass,9.0,results/mega_1mes/mega_B_fase7/models/gnn_3d_best_cooperative_door_bypass_run9.pth,6c1d27c7c03b,2026,
15,2.0,0.0,0,0,0,0,0,0,mapa_grande_f2,GNN,mapa_grande,1.0,results/graficos_tese/16-08-2026_16h14m/modelos/models/gnn_3d_best_mapa_grande_run1.pth,70b25bf10608,2024,
15,2.0,0.0,0,0,0,0,0,0,mapa_grande_f2,GNN,mapa_grande,1.0,results/graficos_tese/16-08-2026_16h14m/modelos/models/gnn_3d_best_mapa_grande_run1.pth,70b25bf10608,2025,
12,2.0,0.0,0,0,0,0,0,0,mapa_grande_f2,GNN,mapa_grande,1.0,results/graficos_tese/16-08-2026_16h14m/modelos/models/gnn_3d_best_mapa_grande_run1.pth,70b25bf10608,2026,
8,2.0,0.0,0,0,0,0,0,0,mapa_grande_f2,GNN,mapa_grande,,results/graficos_tese/16-08-2026_16h14m/modelos/models/gnn_3d_best_mapa_grande.pth,4bf2d26530dd,2024,
0,2.0,0.0,0,0,0,0,0,0,mapa_grande_f2,GNN,mapa_grande,,results/graficos_tese/16-08-2026_16h14m/modelos/models/gnn_3d_best_mapa_grande.pth,4bf2d26530dd,2025,
0,2.0,0.0,0,0,0,0,0,0,mapa_grande_f2,GNN,mapa_grande,,results/graficos_tese/16-08-2026_16h14m/modelos/models/gnn_3d_best_mapa_grande.pth,4bf2d26530dd,2026,
9,2.0,0.0,0,0,0,0,0,0,mapa_grande_f2,GNN,mapa_grande,11.0,results/graficos_tese/16-08-2026_16h14m/modelos/models/gnn_3d_best_mapa_grande_run11.pth,333e19c7e39e,2024,
6,2.0,0.0,0,0,0,0,0,0,mapa_grande_f2,GNN,mapa_grande,11.0,results/graficos_tese/16-08-2026_16h14m/modelos/models/gnn_3d_best_mapa_grande_run11.pth,333e19c7e39e,2025,
10,2.0,0.0,0,0,0,0,0,0,mapa_grande_f2,GNN,mapa_grande,11.0,results/graficos_tese/16-08-2026_16h14m/modelos/models/gnn_3d_best_mapa_grande_run11.pth,333e19c7e39e,2026,
11,2.0,0.0,0,0,0,0,0,0,mapa_grande_f2,GNN,mapa_grande,10.0,results/graficos_tese/16-08-2026_16h14m/modelos/models/gnn_3d_best_mapa_grande_run10.pth,f7c82745cb9d,2024,
10,2.0,0.0,0,0,0,0,0,0,mapa_grande_f2,GNN,mapa_grande,10.0,results/graficos_tese/16-08-2026_16h14m/modelos/models/gnn_3d_best_mapa_grande_run10.pth,f7c82745cb9d,2025,
10,2.0,0.0,0,0,0,0,0,0,mapa_grande_f2,GNN,mapa_grande,10.0,results/graficos_tese/16-08-2026_16h14m/modelos/models/gnn_3d_best_mapa_grande_run10.pth,f7c82745cb9d,2026,
0,2.0,0.0,0,0,0,0,0,0,mapa_grande_f2,GNN,mapa_grande,12.0,results/graficos_tese/16-08-2026_16h14m/modelos/models/gnn_3d_best_mapa_grande_run12.pth,0712328def35,2024,
0,2.0,0.0,0,0,0,0,0,0,mapa_grande_f2,GNN,mapa_grande,12.0,results/graficos_tese/16-08-2026_16h14m/modelos/models/gnn_3d_best_mapa_grande_run12.pth,0712328def35,2025,
0,2.0,0.0,0,0,0,0,0,0,mapa_grande_f2,GNN,mapa_grande,12.0,results/graficos_tese/16-08-2026_16h14m/modelos/models/gnn_3d_best_mapa_grande_run12.pth,0712328def35,2026,
0,2.0,0.0,0,0,0,0,0,0,mapa_grande_f2,GNN,mapa_grande,14.0,results/graficos_tese/16-08-2026_16h14m/modelos/models/gnn_3d_best_mapa_grande_run14.pth,0612a4b71992,2024,
0,2.0,0.0,0,0,0,0,0,0,mapa_grande_f2,GNN,mapa_grande,14.0,results/graficos_tese/16-08-2026_16h14m/modelos/models/gnn_3d_best_mapa_grande_run14.pth,0612a4b71992,2025,
0,2.0,0.0,0,0,0,0,0,0,mapa_grande_f2,GNN,mapa_grande,14.0,results/graficos_tese/16-08-2026_16h14m/modelos/models/gnn_3d_best_mapa_grande_run14.pth,0612a4b71992,2026,
0,2.0,0.0,0,0,0,0,0,0,mapa_grande_f2,GNN,mapa_grande,13.0,results/graficos_tese/16-08-2026_16h14m/modelos/models/gnn_3d_best_mapa_grande_run13.pth,80bf78c3d412,2024,
0,2.0,0.0,0,0,0,0,0,0,mapa_grande_f2,GNN,mapa_grande,13.0,results/graficos_tese/16-08-2026_16h14m/modelos/models/gnn_3d_best_mapa_grande_run13.pth,80bf78c3d412,2025,
0,2.0,0.0,0,0,0,0,0,0,mapa_grande_f2,GNN,mapa_grande,13.0,results/graficos_tese/16-08-2026_16h14m/modelos/models/gnn_3d_best_mapa_grande_run13.pth,80bf78c3d412,2026,
0,2.0,0.0,0,0,0,0,0,0,mapa_grande_f2,GNN,mapa_grande,15.0,results/graficos_tese/16-08-2026_16h14m/modelos/models/gnn_3d_best_mapa_grande_run15.pth,b63fb5e0bf81,2024,
0,2.0,0.0,0,0,0,0,0,0,mapa_grande_f2,GNN,mapa_grande,15.0,results/graficos_tese/16-08-2026_16h14m/modelos/models/gnn_3d_best_mapa_grande_run15.pth,b63fb5e0bf81,2025,
0,2.0,0.0,0,0,0,0,0,0,mapa_grande_f2,GNN,mapa_grande,15.0,results/graficos_tese/16-08-2026_16h14m/modelos/models/gnn_3d_best_mapa_grande_run15.pth,b63fb5e0bf81,2026,
0,2.0,0.0,0,0,0,0,0,0,mapa_grande_f2,GNN,mapa_grande,17.0,results/graficos_tese/16-08-2026_16h14m/modelos/models/gnn_3d_best_mapa_grande_run17.pth,efbb646a8058,2024,
0,2.0,0.0,0,0,0,0,0,0,mapa_grande_f2,GNN,mapa_grande,17.0,results/graficos_tese/16-08-2026_16h14m/modelos/models/gnn_3d_best_mapa_grande_run17.pth,efbb646a8058,2025,
0,2.0,0.0,0,0,0,0,0,0,mapa_grande_f2,GNN,mapa_grande,17.0,results/graficos_tese/16-08-2026_16h14m/modelos/models/gnn_3d_best_mapa_grande_run17.pth,efbb646a8058,2026,
0,2.0,0.0,0,0,0,0,0,0,mapa_grande_f2,GNN,mapa_grande,16.0,results/graficos_tese/16-08-2026_16h14m/modelos/models/gnn_3d_best_mapa_grande_run16.pth,5578448e902e,2024,
0,2.0,0.0,0,0,0,0,0,0,mapa_grande_f2,GNN,mapa_grande,16.0,results/graficos_tese/16-08-2026_16h14m/modelos/models/gnn_3d_best_mapa_grande_run16.pth,5578448e902e,2025,
0,2.0,0.0,0,0,0,0,0,0,mapa_grande_f2,GNN,mapa_grande,16.0,results/graficos_tese/16-08-2026_16h14m/modelos/models/gnn_3d_best_mapa_grande_run16.pth,5578448e902e,2026,
8,2.0,0.0,0,0,0,0,0,0,mapa_grande_f2,GNN,mapa_grande,19.0,results/graficos_tese/16-08-2026_16h14m/modelos/models/gnn_3d_best_mapa_grande_run19.pth,7a0fadd335ef,2024,
0,2.0,0.0,0,0,0,0,0,0,mapa_grande_f2,GNN,mapa_grande,19.0,results/graficos_tese/16-08-2026_16h14m/modelos/models/gnn_3d_best_mapa_grande_run19.pth,7a0fadd335ef,2025,
0,2.0,0.0,0,0,0,0,0,0,mapa_grande_f2,GNN,mapa_grande,19.0,results/graficos_tese/16-08-2026_16h14m/modelos/models/gnn_3d_best_mapa_grande_run19.pth,7a0fadd335ef,2026,
0,2.0,0.0,0,0,0,0,0,0,mapa_grande_f2,GNN,mapa_grande,18.0,results/graficos_tese/16-08-2026_16h14m/modelos/models/gnn_3d_best_mapa_grande_run18.pth,50e744b04396,2024,
0,2.0,0.0,0,0,0,0,0,0,mapa_grande_f2,GNN,mapa_grande,18.0,results/graficos_tese/16-08-2026_16h14m/modelos/models/gnn_3d_best_mapa_grande_run18.pth,50e744b04396,2025,
0,2.0,0.0,0,0,0,0,0,0,mapa_grande_f2,GNN,mapa_grande,18.0,results/graficos_tese/16-08-2026_16h14m/modelos/models/gnn_3d_best_mapa_grande_run18.pth,50e744b04396,2026,
0,2.0,0.0,0,0,0,0,0,0,mapa_grande_f2,GNN,mapa_grande,2.0,results/graficos_tese/16-08-2026_16h14m/modelos/models/gnn_3d_best_mapa_grande_run2.pth,5b4f128c5ab3,2024,
0,2.0,0.0,0,0,0,0,0,0,mapa_grande_f2,GNN,mapa_grande,2.0,results/graficos_tese/16-08-2026_16h14m/modelos/models/gnn_3d_best_mapa_grande_run2.pth,5b4f128c5ab3,2025,
0,2.0,0.0,0,0,0,0,0,0,mapa_grande_f2,GNN,mapa_grande,2.0,results/graficos_tese/16-08-2026_16h14m/modelos/models/gnn_3d_best_mapa_grande_run2.pth,5b4f128c5ab3,2026,
0,2.0,0.0,0,0,0,0,0,0,mapa_grande_f2,GNN,mapa_grande,20.0,results/graficos_tese/16-08-2026_16h14m/modelos/models/gnn_3d_best_mapa_grande_run20.pth,218adb610a53,2024,
0,2.0,0.0,0,0,0,0,0,0,mapa_grande_f2,GNN,mapa_grande,20.0,results/graficos_tese/16-08-2026_16h14m/modelos/models/gnn_3d_best_mapa_grande_run20.pth,218adb610a53,2025,
0,2.0,0.0,0,0,0,0,0,0,mapa_grande_f2,GNN,mapa_grande,20.0,results/graficos_tese/16-08-2026_16h14m/modelos/models/gnn_3d_best_mapa_grande_run20.pth,218adb610a53,2026,
0,0.26,0.0,0,0,0,0,0,0,mapa_grande_f2,GNN,mapa_grande,21.0,results/graficos_tese/16-08-2026_16h14m/modelos/models/gnn_3d_best_mapa_grande_run21.pth,43da86f4ad6b,2024,
0,0.9,0.0,0,0,0,0,0,0,mapa_grande_f2,GNN,mapa_grande,21.0,results/graficos_tese/16-08-2026_16h14m/modelos/models/gnn_3d_best_mapa_grande_run21.pth,43da86f4ad6b,2025,
0,0.22,0.0,0,0,0,0,0,0,mapa_grande_f2,GNN,mapa_grande,21.0,results/graficos_tese/16-08-2026_16h14m/modelos/models/gnn_3d_best_mapa_grande_run21.pth,43da86f4ad6b,2026,
0,2.0,0.0,0,0,0,0,0,0,mapa_grande_f2,GNN,mapa_grande,3.0,results/graficos_tese/16-08-2026_16h14m/modelos/models/gnn_3d_best_mapa_grande_run3.pth,c294a46797f8,2024,
0,2.0,0.0,0,0,0,0,0,0,mapa_grande_f2,GNN,mapa_grande,3.0,results/graficos_tese/16-08-2026_16h14m/modelos/models/gnn_3d_best_mapa_grande_run3.pth,c294a46797f8,2025,
0,2.0,0.0,0,0,0,0,0,0,mapa_grande_f2,GNN,mapa_grande,3.0,results/graficos_tese/16-08-2026_16h14m/modelos/models/gnn_3d_best_mapa_grande_run3.pth,c294a46797f8,2026,
0,-0.18,0.0,0,0,0,0,0,0,mapa_grande_f2,GNN,mapa_grande,4.0,results/graficos_tese/16-08-2026_16h14m/modelos/models/gnn_3d_best_mapa_grande_run4.pth,aa75061ee915,2024,
0,-0.18,0.0,0,0,0,0,0,0,mapa_grande_f2,GNN,mapa_grande,4.0,results/graficos_tese/16-08-2026_16h14m/modelos/models/gnn_3d_best_mapa_grande_run4.pth,aa75061ee915,2025,
0,-0.18,0.0,0,0,0,0,0,0,mapa_grande_f2,GNN,mapa_grande,4.0,results/graficos_tese/16-08-2026_16h14m/modelos/models/gnn_3d_best_mapa_grande_run4.pth,aa75061ee915,2026,
0,0.39,0.0,0,0,0,0,0,0,mapa_grande_f2,GNN,mapa_grande,5.0,results/graficos_tese/16-08-2026_16h14m/modelos/models/gnn_3d_best_mapa_grande_run5.pth,d8c14010d435,2024,
0,2.0,0.0,0,0,0,0,0,0,mapa_grande_f2,GNN,mapa_grande,5.0,results/graficos_tese/16-08-2026_16h14m/modelos/models/gnn_3d_best_mapa_grande_run5.pth,d8c14010d435,2025,
0,2.0,0.0,0,0,0,0,0,0,mapa_grande_f2,GNN,mapa_grande,5.0,results/graficos_tese/16-08-2026_16h14m/modelos/models/gnn_3d_best_mapa_grande_run5.pth,d8c14010d435,2026,
0,2.0,0.0,0,0,0,0,0,0,mapa_grande_f2,GNN,mapa_grande,6.0,results/graficos_tese/16-08-2026_16h14m/modelos/models/gnn_3d_best_mapa_grande_run6.pth,51bace0f6df6,2024,
0,2.0,0.0,0,0,0,0,0,0,mapa_grande_f2,GNN,mapa_grande,6.0,results/graficos_tese/16-08-2026_16h14m/modelos/models/gnn_3d_best_mapa_grande_run6.pth,51bace0f6df6,2025,
0,2.0,0.0,0,0,0,0,0,0,mapa_grande_f2,GNN,mapa_grande,6.0,results/graficos_tese/16-08-2026_16h14m/modelos/models/gnn_3d_best_mapa_grande_run6.pth,51bace0f6df6,2026,
0,-0.14,0.0,0,0,0,0,0,0,mapa_grande_f2,GNN,mapa_grande,7.0,results/graficos_tese/16-08-2026_16h14m/modelos/models/gnn_3d_best_mapa_grande_run7.pth,05d147cfaa0e,2024,
0,-0.16,0.0,0,0,0,0,0,0,mapa_grande_f2,GNN,mapa_grande,7.0,results/graficos_tese/16-08-2026_16h14m/modelos/models/gnn_3d_best_mapa_grande_run7.pth,05d147cfaa0e,2025,
0,-0.16,0.0,0,0,0,0,0,0,mapa_grande_f2,GNN,mapa_grande,7.0,results/graficos_tese/16-08-2026_16h14m/modelos/models/gnn_3d_best_mapa_grande_run7.pth,05d147cfaa0e,2026,
0,2.0,0.0,0,0,0,0,0,0,mapa_grande_f2,GNN,mapa_grande,9.0,results/graficos_tese/16-08-2026_16h14m/modelos/models/gnn_3d_best_mapa_grande_run9.pth,e54a7d654686,2024,
0,2.0,0.0,0,0,0,0,0,0,mapa_grande_f2,GNN,mapa_grande,9.0,results/graficos_tese/16-08-2026_16h14m/modelos/models/gnn_3d_best_mapa_grande_run9.pth,e54a7d654686,2025,
0,2.0,0.0,0,0,0,0,0,0,mapa_grande_f2,GNN,mapa_grande,9.0,results/graficos_tese/16-08-2026_16h14m/modelos/models/gnn_3d_best_mapa_grande_run9.pth,e54a7d654686,2026,
0,0.51,0.0,0,0,0,0,0,0,mapa_grande_f2,GNN,mapa_grande,8.0,results/graficos_tese/16-08-2026_16h14m/modelos/models/gnn_3d_best_mapa_grande_run8.pth,6772533b6ff9,2024,
0,0.23,0.0,0,0,0,0,0,0,mapa_grande_f2,GNN,mapa_grande,8.0,results/graficos_tese/16-08-2026_16h14m/modelos/models/gnn_3d_best_mapa_grande_run8.pth,6772533b6ff9,2025,
0,0.4,0.0,0,0,0,0,0,0,mapa_grande_f2,GNN,mapa_grande,8.0,results/graficos_tese/16-08-2026_16h14m/modelos/models/gnn_3d_best_mapa_grande_run8.pth,6772533b6ff9,2026,
