origem,doi,titulo,autores,ano,venue,fase,decisao,motivo,notas
ieee,10.1109/ICAACE61206.2024.10549138,The Path Planning Research for Mobile Robot Based on Reinforcement Learning Particle Swarm Algorithm,Y. Yang; L. Zhang; H. Guo,2024,2024 7th International Conference on Advanced Algorithms and Control Engineering (ICAACE),titulo_resumo,excluir,E1,
ieee,10.1109/ICCASIT62299.2024.10827981,Path planning of mobile robot based on particle swarm algorithm in complex situation,S. Chen; Z. Zhang; K. Zhou,2024,2024 IEEE 6th International Conference on Civil Aviation Safety and Information Technology (ICCASIT),titulo_resumo,excluir,E1,
ieee,10.1109/ICA-SYMP56348.2023.10044940,Robot Arm Movement Control by Model-based Reinforcement Learning using Machine Learning Regression Techniques and Particle Swarm Optimization,M. Mueangprasert; P. Chermprayong; K. Boonlong,2023,"2023 Third International Symposium on Instrumentation, Control, Artificial Intelligence, and Robotics (ICA-SYMP)",titulo_resumo,excluir,E1,
ieee,10.1109/ISRIMT59937.2023.10428405,Research on Path Planning of Body Welding Robot Based on Improved Particle Swarm Optimization,L. Yan; Z. Shu,2023,2023 5th International Symposium on Robotics & Intelligent Manufacturing Technology (ISRIMT),titulo_resumo,excluir,E3,
ieee,10.1109/CAC51589.2020.9326521,Path Planning of Mobile Robot Based on Improved Particle Swarm,Y. Qi; B. Xie; X. Huang; M. Yuan; C. Zhu,2020,2020 Chinese Automation Congress (CAC),titulo_resumo,excluir,E1,
ieee,10.1109/ICAACE65325.2025.11020471,An Upgraded Particle Swarm Optimization Framework for highly Efficient Robot Navigation,Y. Tan,2025,2025 8th International Conference on Advanced Algorithms and Control Engineering (ICAACE),titulo_resumo,excluir,E1,
ieee,10.1109/CCDC49329.2020.9163983,Research on Robot Tracking of Books Returning to Bookshelf Based on Particle Swarm Optimization Fuzzy PID Control,R. Xiaolin; Y. Yi; G. Long; C. Jianbo; M. Tianxiang; Y. Jingya; H. Qinqin,2020,2020 Chinese Control And Decision Conference (CCDC),titulo_resumo,excluir,E1,
ieee,10.1109/ICBAIE52039.2021.9390071,Robot Path Planning Based on Improved Particle Swarm Optimization,W. Fei; W. Ziwei; L. Meijin,2021,"2021 IEEE 2nd International Conference on Big Data, Artificial Intelligence and Internet of Things Engineering (ICBAIE)",titulo_resumo,excluir,E1,
ieee,10.1109/CAC51589.2020.9327685,Ameliorated Particle Swarm Optimization Algorithm and Its Application in Robot Path Planning,L. Dong; X. Yuan; C. Zhang; Y. Song; Q. Xu; F. Zhou,2020,2020 Chinese Automation Congress (CAC),titulo_resumo,excluir,E1,
ieee,10.1109/PSGEC54663.2022.9881021,Robot Path Planning Based on Improved Particle Swarm Optimization,L. Chen; Y. Zhang; Y. Xue; Y. Chen,2022,2022 Power System and Green Energy Conference (PSGEC),titulo_resumo,excluir,E1,
ieee,10.1109/ICCAR61844.2024.10569525,Research on Robot Path Planning Technology by Integrating Particle Swarm Optimization Algorithm and DWA Algorithm,S. Fu; H. Huang; S. Wang,2024,"2024 10th International Conference on Control, Automation and Robotics (ICCAR)",titulo_resumo,excluir,E1,
ieee,10.1109/ICNETIC59568.2023.00137,Collaborative Path Planning Arithmetic for Multi Robot System of Power Intelligent Inspection Based on Particle Swarm Optimization,K. Qiu; Z. Wang; G. Chen; M. Fang; Z. Zhang,2023,"2023 International Conference on Networking, Informatics and Computing (ICNETIC)",texto_integral,excluir,E8,
ieee,10.1109/NIGERCON62786.2024.10927150,Development of a Multi-Robot Model for Target Identification and Tracking in Hostile Environments Using Particle Swarm Optimization Technique,I. Opara; M. O. Onibonoje,2024,2024 IEEE 5th International Conference on Electro-Computing Technologies for Humanity (NIGERCON),texto_integral,excluir,E8,
ieee,10.1109/ISCER58777.2023.00064,A Path Planing Algorithm for Mobile Robot Based on Particle Swarm,C. -L. Li; N. Wang; J. -F. Wang; S. -y. Xu,2023,2023 2nd International Symposium on Control Engineering and Robotics (ISCER),titulo_resumo,excluir,E1,
ieee,10.1109/CONECCT65861.2025.11306782,Decentralized Multi-Robot Systems: Harnessing Swarm Intelligence for Autonomous Operations,P. L. N. P. Kumar; K. K. Sujana,2025,"2025 IEEE International Conference on Electronics, Computing and Communication Technologies (CONECCT)",texto_integral,excluir,E8,
ieee,10.1109/ICACR62205.2024.11053722,Impedance Control of Industrial Robot Based on Multi-Directional Particle Swarm Optimization,H. Li; X. Hu; X. Zhang; F. Zeng,2024,"2024 8th International Conference on Automation, Control and Robots (ICACR)",titulo_resumo,excluir,E1,
ieee,10.1109/ISCEIC59030.2023.10271235,Path Planning of Service Robot Based on Improved Particle Swarm Optimization Algorithm,X. Zhan; Z. Chen,2023,2023 4th International Symposium on Computer Engineering and Intelligent Communications (ISCEIC),titulo_resumo,excluir,E1,
ieee,10.1109/ICBAIE52039.2021.9390056,Stable grasping control of robot based on particle swarm optimization,L. Ye; D. Zheng,2021,"2021 IEEE 2nd International Conference on Big Data, Artificial Intelligence and Internet of Things Engineering (ICBAIE)",titulo_resumo,excluir,E1,
ieee,10.1109/IRAC67707.2025.11381210,Path Planning for Inspection Robots Based on an Improved Particle Swarm Optimization Algorithm,X. Yan; C. Wang,2025,2025 International Conference on Intelligent Robotics and Automatic Control (IRAC),titulo_resumo,excluir,E1,
ieee,10.1109/ICICML57342.2022.10009821,A Distributed Multi-Robot Path Planning Algorithm for Searching Multiple Hidden Targets,L. Zhang; J. Qi,2022,"2022 International Conference on Image Processing, Computer Vision and Machine Learning (ICICML)",texto_integral,excluir,E8,
ieee,10.1109/AEMCSE51986.2021.00085,A New Algorithm For Robot Path Planning Based On Automatic Shunting Of Ants And Particle Swarms,G. Haitao; Z. Xugang; S. Chuanling; Q. Jilin,2021,"2021 4th International Conference on Advanced Electronic Materials, Computers and Software Engineering (AEMCSE)",titulo_resumo,excluir,E1,
ieee,10.1109/I2CACIS57635.2023.10193290,Multi-robot Path Planning using Modified Particle Swarm Optimization,Y. L. Poy; S. Darmaraju; B. -H. Kwan,2023,2023 IEEE International Conference on Automatic Control and Intelligent Systems (I2CACIS),texto_integral,excluir,E8,
ieee,10.1109/IMCEC59810.2024.10575806,Multi Robot Path Planning based on Reinforcement Learning,X. Liu; Z. Wang; S. Liu,2024,"2024 IEEE 6th Advanced Information Management, Communicates, Electronic and Automation Control Conference (IMCEC)",texto_integral,excluir,E8,
ieee,10.1109/ICSET65917.2025.11283700,Optimization of PID Controller for Robotic Arm Tracking Using Particle Swarm Optimization and Deep Reinforcement Learning,W. F. Wan Tarmizi; F. Samsuri; M. L. M. Zain,2025,2025 IEEE 15th International Conference on System Engineering and Technology (ICSET),titulo_resumo,excluir,E1,
ieee,10.1109/ISRIMT67769.2025.11413095,Research on Path Planning of Dredging Robots Based on an Improved Particle Swarm Optimization Algorithm,H. Wang; Z. Liu,2025,2025 7th International Symposium on Robotics and Intelligent Manufacturing Technology (ISRIMT),titulo_resumo,excluir,E1,
ieee,10.1109/RAITS68656.2026.11580122,Multi-robot Pose Planning Method based on Particle Swarm Optimization and Gradient Descent Combination,S. He; C. Su; E. Wang; J. Zou; Z. Wang,2026,"2026 International Conference on Robotics, Automation and Intelligent Transportation Systems (RAITS)",texto_integral,excluir,E7,
ieee,10.1109/EI252483.2021.9713324,Path Planning of Electric Power Inspection Robot Based on Improved Lion Swarm Algorithm,S. Qu; Y. Dou; Y. Wang; R. Sun; J. Liu; W. Yang,2021,2021 IEEE 5th Conference on Energy Internet and Energy System Integration (EI2),titulo_resumo,excluir,E1,
ieee,10.1109/ICASSPW62465.2024.10627769,QMARL: A Quantum Multi-Agent Reinforcement Learning Framework for Swarm Robots Navigation,W. Chen; J. Wan; F. Ye; R. Wang; C. Xu,2024,"2024 IEEE International Conference on Acoustics, Speech, and Signal Processing Workshops (ICASSPW)",texto_integral,excluir,E8,
ieee,10.1109/iCCECE59400.2023.10238593,Research on Adaptive Impedance Control of Robot Manipulator Based on a New Improved Particle Swarm Optimization Algorithm,A. Wu; W. Zheng; C. Wang,2023,"2023 International Conference on Computing, Electronics & Communications Engineering (iCCECE)",titulo_resumo,excluir,E1,
ieee,10.1109/ICCASIT53235.2021.9633525,Cooperative planning of dual arm robot based on Improved Particle Swarm Optimization,X. Chen; J. He,2021,2021 IEEE 3rd International Conference on Civil Aviation Safety and Information Technology (ICCASIT),titulo_resumo,excluir,E1,
ieee,10.1109/ICCC57093.2023.10178888,Using Deep Reinforcement Learning to Solve a Navigation Problem for a Swarm Robotics System,A. Iskandar; H. M. Rostum; B. Kovács,2023,2023 24th International Carpathian Control Conference (ICCC),texto_integral,excluir,E8,
ieee,10.1109/ISPCEM60569.2023.00073,Path Planning of Materials Distribution Robot for Sports Games Based on Improved Particle Swarm Optimization Algorithm,D. Jiang,2023,"2023 3rd International Signal Processing, Communications and Engineering Management Conference (ISPCEM)",titulo_resumo,excluir,E1,
ieee,10.1109/ICIST63249.2024.10805364,Robot Path Planning Based on Tabu Particle Swarm Optimization Integrating Cauchy Mutation,L. Qin; Z. Fan,2024,2024 14th International Conference on Information Science and Technology (ICIST),titulo_resumo,excluir,E1,
ieee,10.23919/CCC50068.2020.9188907,Time-Optimal Trajectory Planning of Industrial Robot based on Improved Particle Swarm Optimization Algorithm,B. Shi; J. Xu,2020,2020 39th Chinese Control Conference (CCC),titulo_resumo,excluir,E1,
ieee,10.1109/RAIIC61787.2024.10671134,Multi-spherical robot formation control based on pigeon swarm optimization,X. He; Y. Lu; Q. Wang; H. Lu,2024,"2024 3rd International Conference on Robotics, Artificial Intelligence and Intelligent Control (RAIIC)",texto_integral,incluir,,
ieee,10.1109/ICEPE50861.2021.9404505,Path Planning of Mobile Robots Using Enhanced Particle Swarm Optimization,K. Sarkar; B. K. Balabantaray; A. Chakrabarty; B. B. Biswal; B. Mohanty,2021,"2020 3rd International Conference on Energy, Power and Environment: Towards Clean Energy Technologies",titulo_resumo,excluir,E1,
ieee,10.1109/ICETCI55101.2022.9832101,Intelligent Manufacturing System of Industrial Robot based on Q-learning Particle Swarm Algorithm,B. Wang,2022,"2022 IEEE 2nd International Conference on Electronic Technology, Communication and Information (ICETCI)",titulo_resumo,excluir,E1,
ieee,10.1109/ISCEIC59030.2023.10271221,Multi-robot Cooperative Navigation Method based on Multi-agent Reinforcement Learning in Sparse Reward Tasks,K. Li; Q. Wang; M. Gong; J. Li; H. Shi,2023,2023 4th International Symposium on Computer Engineering and Intelligent Communications (ISCEIC),texto_integral,excluir,E8,
ieee,10.1109/ICSSS66939.2025.11346119,"Swarm Robotics in Search and Rescue Operations: Challenges, Strategies, and Future Directions",S. Manaseswaran; S. J. Vimal; R. Gowri; P. Karthikeyan; N. Kandavel; V. Saraswathi,2025,2025 10th International Conference on Smart Structures and Systems (ICSSS),titulo_resumo,excluir,E2,
ieee,10.1109/ACCESS.2024.3457957,Robot Path Planning Based on Generative Learning Particle Swarm Optimization,L. Wang; L. Liu; X. Lu,2024,IEEE Access,titulo_resumo,excluir,E1,
ieee,10.1109/ICCSSE52761.2021.9545199,Inverse Kinematics Solution of Redundant Degree of Freedom Robot Based on Improved Quantum Particle Swarm Optimization,Y. Cao; W. Wang; L. Ma; X. Wang,2021,2021 IEEE 7th International Conference on Control Science and Systems Engineering (ICCSSE),titulo_resumo,excluir,E1,
ieee,10.1109/ICCSC66714.2025.11135083,Particle Swarm Optimization of Kinematic Control for Differential Drive Robot in Simscape Multibody,H. Bezzout; B. Aghoutane; M. El Ghzaoui; H. El Faylali,2025,"2025 International Conference on Circuit, Systems and Communication (ICCSC)",titulo_resumo,excluir,E1,
ieee,10.1109/CoDIT66093.2025.11321860,Mobile Robot Motion Planning based on Synthesized Optimal Control with Particle Swarm Optimization*,E. Shmalko; K. Yamshanov,2025,"2025 11th International Conference on Control, Decision and Information Technologies (CoDIT)",titulo_resumo,excluir,E1,
ieee,10.1109/YAC53711.2021.9486485,Advanced Particle Swarm Algorithm For Bicycle Robot Balancing Optimization Control Under Constant Speed,H. Zhao; Y. Sun; Z. Chen; M. Liu; B. Liang,2021,2021 36th Youth Academic Annual Conference of Chinese Association of Automation (YAC),titulo_resumo,excluir,E1,
ieee,10.1109/ACCESS.2024.3385670,Path Planning of Agricultural Information Collection Robot Integrating Ant Colony Algorithm and Particle Swarm Algorithm,Q. Wu; H. Chen; B. Liu,2024,IEEE Access,titulo_resumo,excluir,E1,
scopus,10.23919/SICEFES67750.2025.11236717,Multi-Robot Navigation using TD3 Algorithm with Modified Reward Function,R. F. A. Nugroho; I. Nilkhamhang,2025,2025 SICE Festival with Annual Conference (SICE FES),texto_integral,excluir,E8,
ieee,10.1109/IROS55552.2023.10341749,Autonomous Swarm Robot Coordination via Mean-Field Control Embedding Multi-Agent Reinforcement Learning,H. Tang; H. Zhang; Z. Shi; X. Chen; W. Ding; X. -P. Zhang,2023,2023 IEEE/RSJ International Conference on Intelligent Robots and Systems (IROS),texto_integral,incluir,,
ieee,10.1109/ICoSR59980.2023.00016,Path planning of mobile robot based on improved particle swarm optimization algorithm,N. Yu; T. Qiu; J. Yan,2023,2023 International Conference on Service Robotics (ICoSR),titulo_resumo,excluir,E1,
ieee,10.1109/RICAI60863.2023.10489341,Robot Trajectory Planning Based on Improved Particle Swarm Optimization Algorithm,D. Xu; Z. Wang,2023,"2023 5th International Conference on Robotics, Intelligent Control and Artificial Intelligence (RICAI)",titulo_resumo,excluir,E1,
ieee,10.23919/CCC55666.2022.9901851,Particle swarm-based optimization method for load distribution of concrete placing robot,D. Li; B. Chen; W. Yu; S. Zhang; L. Sun,2022,2022 41st Chinese Control Conference (CCC),titulo_resumo,excluir,E1,
ieee,10.1109/RAAI64504.2024.10949543,Motion Planning of Counterpoint Parallel Robot Based on Improved Particle Swarm Optimization Algorithm,G. Liu; J. Zhang; L. Zhu; Y. Huang; W. Yu,2024,"2024 4th International Conference on Robotics, Automation and Artificial Intelligence (RAAI)",titulo_resumo,excluir,E1,
ieee,10.1109/RAIIE70320.2026.11566850,Kinematics Modeling and Trajectory Planning of SCARA Robot Based on Screw Theory and Improved Particle Swarm Optimization,Y. Cao; J. Guo,2026,"2026 5th International Symposium on Robotics, Artificial Intelligence and Information Engineering (RAIIE)",titulo_resumo,excluir,E1,
ieee,10.1109/ECAI65401.2025.11095526,Hybrid Ant Colony and Q-Learning Algorithm for Swarm Robots: Path Planning and Collision Avoidance in Unknown Environments,A. DUTCEAC; I. -C. VIZITIU; C. MOLDER,2025,"2025 17th International Conference on Electronics, Computers and Artificial Intelligence (ECAI)",texto_integral,incluir,,
ieee,10.1109/TASE.2025.3600284,Iterated Extended Kalman Filter Based on Particle Swarm Optimization and Its Application to Underwater Robot Navigation,D. Wang; J. Wang; H. Huang; G. Wang,2025,IEEE Transactions on Automation Science and Engineering,titulo_resumo,excluir,E1,
ieee,10.1109/SSCI51031.2022.10022243,Wave Environment Decomposition with Adaptive Tri-Objective Particle Swarm Optimization for Mobile Robot Path Planning,T. T. Cam Giang; N. T. Dung; H. T. Thanh Binh; D. Q. Huy; M. T. Thoa,2022,2022 IEEE Symposium Series on Computational Intelligence (SSCI),titulo_resumo,excluir,E1,
ieee,10.23919/CCC58697.2023.10240139,Decentralized Multi-Robot Navigation in Unknown Environments via Hierarchical Deep Reinforcement Learning,W. Yan; J. Sun; Z. Li; G. Wang,2023,2023 42nd Chinese Control Conference (CCC),texto_integral,excluir,E8,
ieee,10.1109/NetCIT57419.2022.00127,Research on Path Planning of Welding Robot Based on Particle Swarm Optimization Algorithm,C. Duan; S. Luo,2022,"2022 2nd International Conference on Networking, Communications and Information Technology (NetCIT)",titulo_resumo,excluir,E1,
ieee,10.1109/ACCESS.2020.3047816,An Improved Beetle Swarm Optimization Algorithm for the Intelligent Navigation Control of Autonomous Sailing Robots,L. Zhou; K. Chen; H. Dong; S. Chi; Z. Chen,2021,IEEE Access,titulo_resumo,excluir,E1,
ieee,10.1109/ICCCNT56998.2023.10306830,Particle Swarm Optimization Based Control of a Differential Drive Mobile Wheeled Robot,A. Sonowal; A. Rani; V. Singh,2023,2023 14th International Conference on Computing Communication and Networking Technologies (ICCCNT),titulo_resumo,excluir,E1,
ieee,10.1109/ICCSSE63803.2024.10823747,A Complex Skill Learning Method Integrating Particle Swarm and Variational Autoencoder for Robot,M. Wang; J. Bai; J. Li,2024,2024 IEEE International Conference on Control Science and Systems Engineering (ICCSSE),titulo_resumo,excluir,E1,
ieee,10.13052/jmm1550-4646.1939,Swarm Optimization of Fuzzy Systems for Mobile Robots with Remote Control,O. Kozlov; Y. Kondratenko; O. Skakodub; O. Gerasin; A. Topalov,2023,Journal of Mobile Multimedia,titulo_resumo,excluir,E1,
ieee,10.1109/JSEN.2020.3039275,Mobile Robot Path Planning Based on Improved Localized Particle Swarm Optimization,L. Zhang; Y. Zhang; Y. Li,2021,IEEE Sensors Journal,titulo_resumo,excluir,E1,
ieee,10.1109/IBCAST59916.2023.10712943,Swarm Robots on a Mission: Optimizing Inspections with Fuzzy Logic and Particle Swarm Optimization,N. Sohail; A. A. Khan; A. B. Memon,2023,2023 20th International Bhurban Conference on Applied Sciences and Technology (IBCAST),texto_integral,excluir,E8,
ieee,10.1109/SmartIndustryCon57312.2023.10110817,Solving the Inverse Kinematics Problem for a Seven-Link Robot-Manipulator by the Particle Swarm Optimization,V. A. Karapetyan; V. N. Miryanova,2023,2023 International Russian Smart Industry Conference (SmartIndustryCon),titulo_resumo,excluir,E1,
ieee,10.1109/CAC53003.2021.9727456,Time-Jerk Optimal Trajectory Planning of Industrial Robot based on Hybrid Particle Swarm Optimization Algorithm,Y. Gao; W. Xie; Q. Li; X. Li; M. Hu; L. Zhao,2021,2021 China Automation Congress (CAC),titulo_resumo,excluir,E1,
ieee,10.1109/ICMLC54886.2021.9737264,Fuzzy Logic Control for Multi-Robot Navigation and Arrival-Time Control in a Cluttered Environment,Y. -C. Chang; Y. Shi; A. Dostovalova; C. -T. Lin; J. Kim; D. Gibbons,2021,2021 International Conference on Machine Learning and Cybernetics (ICMLC),titulo_resumo,excluir,E6,
ieee,10.1109/ICACR68388.2025.11360024,Digital Twin Modeling of Industrial Robot Dynamics based on Particle Swarm Optimization,Y. Liu; Y. Gong; K. Yang; B. Tuo; Y. Wang; B. Zi,2025,"2025 9th International Conference on Automation, Control and Robots (ICACR)",titulo_resumo,excluir,E1,
ieee,10.1109/IICETA51758.2021.9717626,Robot Path Planning Based on Hybrid Adaptive Dimensionality Representation with Glowworm Swarm Optimization,Q. R. Mahmood; A. H. Hasan; H. K. Khafaji,2021,2021 4th International Iraqi Conference on Engineering Technology and Their Applications (IICETA),titulo_resumo,excluir,E1,
ieee,10.1109/ASIANCON55314.2022.9908615,Implementation of Particle Swarm Optimization for Solving Optimal Control Problem of a Flexible Robotic Manipulator,V. S. D. M. Sahu; P. Samal; C. K. Panigrahi,2022,2022 2nd Asian Conference on Innovation in Technology (ASIANCON),titulo_resumo,excluir,E1,
ieee,10.1109/ICACCS60874.2024.10717088,Swarm Intelligence for Multi-Robot Coordination in Agricultural Automation,L. B. Abhang; A. Gummadi; R. Changala; V. A. Vuyyuru; S. R; I. I. Raj,2024,2024 10th International Conference on Advanced Computing and Communication Systems (ICACCS),texto_integral,excluir,E8,
ieee,10.1109/RAAI59955.2023.10601295,Particle Swarm Optimization Based Control For a Controlled Floating Space Robot,D. Chaudhary; S. Murugan,2023,"2023 3rd International Conference on Robotics, Automation and Artificial Intelligence (RAAI)",titulo_resumo,excluir,E1,
ieee,10.1109/ICARA51699.2021.9376457,Obtaining Robust Control and Navigation Policies for Multi-robot Navigation via Deep Reinforcement Learning,C. Jestel; H. Surmann; J. Stenzel; O. Urbann; M. Brehler,2021,"2021 7th International Conference on Automation, Robotics and Applications (ICARA)",texto_integral,excluir,E8,
ieee,10.1109/INMIC64792.2024.11004328,Reinforcement Learning-Based Multi-Robot Path Planning and Congestion Management in Warehouse Order Picking,M. S. Alam; M. U. Khan; A. Gunes,2024,2024 26th International Multi-Topic Conference (INMIC),texto_integral,excluir,E8,
ieee,10.1109/ITNEC60942.2024.10733132,Research on Multi Robot Path Planning based on Improved DQN,X. Liu; Z. Wang,2024,"2024 IEEE 7th Information Technology, Networking, Electronic and Automation Control Conference (ITNEC)",texto_integral,excluir,E8,
ieee,10.1109/ICUS55513.2022.9987229,An Adaptive Local Path Planning Algorithm for Multi-robot Systems,T. Wen; X. Wang; Z. Sun; Z. Zheng; X. Kong,2022,2022 IEEE International Conference on Unmanned Systems (ICUS),titulo_resumo,excluir,E6,
ieee,10.1109/CAC67268.2025.11486873,Deep Reinforcement Learning for Coordinated Multi-Robot Humanoid Formation Walking,Y. Zhao; Z. Guo,2025,2025 China Automation Congress (CAC),texto_integral,excluir,E8,
ieee,10.1109/IAEAC59436.2024.10503638,Multi-Robot Motion Planning for Dynamic Environment based on Deep Reinforcement Learning,Y. Liu; T. Wang; D. Qiu,2024,"2024 IEEE 7th Advanced Information Technology, Electronic and Automation Control Conference (IAEAC)",texto_integral,excluir,E8,
ieee,10.1109/ACCESS.2025.3527640,Queue Formation and Obstacle Avoidance Navigation Strategy for Multi-Robot Systems Based on Deep Reinforcement Learning,T. Gao; Z. Li; Z. Xiong; L. Wen; K. Tian; K. Cai,2025,IEEE Access,texto_integral,excluir,E8,
ieee,10.1109/ICMIII58949.2023.00071,Modeling and Algorithm of Position Optimization of Redundant Arc Welding Robot Based on Particle Swarm Optimization,J. Bi; C. Li,2023,"2023 International Conference on Mechatronics, IoT and Industrial Informatics (ICMIII)",titulo_resumo,excluir,E1,
ieee,10.1109/MRAI65197.2025.11135857,Path Planning for Deep Underground Robot Swarms Based on MAPPO Algorithm,H. Wang; Y. Tang,2025,"2025 International Conference on Mechatronics, Robotics, and Artificial Intelligence (MRAI)",texto_integral,excluir,E8,
ieee,10.23919/CCC64809.2025.11179412,A Multi-Robot Navigation and Collision Avoidance Algorithm Based on Improved Artificial Potential Fields,Z. Jiang; S. Zhao; A. Wei,2025,2025 44th Chinese Control Conference (CCC),texto_integral,excluir,E8,
ieee,10.1109/ICONSTEM60960.2024.10568689,Swarm Intelligence for Multi-Robot Coordination in Industrial Environments,K. J. Prakash; M. M; R. Sandhiya; T. Rajpradeesh; M. A. Deshmukh; S. Thanikodi,2024,2024 Ninth International Conference on Science Technology Engineering and Mathematics (ICONSTEM),texto_integral,excluir,E8,
ieee,10.1109/DSIT61374.2024.10881083,Parameter Identification Of Robotic Arm Dynamics Model Based On Multi-Objective Particle Swarm Algorithm,F. Hao; X. Jing; T. Liu; Y. Da; G. He,2024,2024 7th International Conference on Data Science and Information Technology (DSIT),titulo_resumo,excluir,E1,
ieee,10.1109/CompAuto55930.2022.00024,Coordination of a Multi Robot System for Pick and Place Using Reinforcement Learning,X. Lan; Y. Qiao; B. Lee,2022,2022 2nd International Conference on Computers and Automation (CompAuto),texto_integral,excluir,E7,
ieee,10.1109/CSE53436.2021.00015,Multi-Robot Coverage Path Planning based on Deep Reinforcement Learning,X. Zhou; X. Liu; X. Wang; S. Wu; M. Sun,2021,2021 IEEE 24th International Conference on Computational Science and Engineering (CSE),texto_integral,excluir,E8,
ieee,10.1109/ZINC52049.2021.9499288,Proximal Policy Based Deep Reinforcement Learning Approach for Swarm Robots,Z. Tan; M. Karaköse,2021,2021 Zooming Innovation in Consumer Technologies Conference (ZINC),texto_integral,excluir,E8,
ieee,10.1109/UPCON59197.2023.10434651,Reinforcement Learning for Multi-Robot Coordination and Cooperation in Manufacturing,S. Konduri; S. Walke; A. Kumar; P. G; A. Bhagirath Jadhav; N. L,2023,"2023 10th IEEE Uttar Pradesh Section International Conference on Electrical, Electronics and Computer Engineering (UPCON)",texto_integral,excluir,E7,
ieee,10.1109/ICIMIA67127.2025.11200646,Dynamic Multi-Robot Path Planning: A Comparative Perspective,S. Sameena; G. Nallasivan,2025,2025 4th International Conference on Innovative Mechanisms for Industry Applications (ICIMIA),titulo_resumo,excluir,E2,
ieee,10.1109/ICCECT68671.2026.11565298,An Enhanced Multi-Objective Particle Swarm Optimization for Collaborative Robot,Z. Chen,2026,"2026 IEEE 4th International Conference on Control, Electronics and Computer Technology (ICCECT)",titulo_resumo,excluir,E1,
ieee,10.1109/CCDC69976.2026.11560080,Based on Genetic Adaptive Optimized Particle Swarm Fruit Fly Algorithm of RBPF-SLAM for Mobile Robot,Z. Feng; Z. Wenze; Y. Shuai; Z. Languang,2026,2026 38th Chinese Control and Decision Conference (CCDC),titulo_resumo,excluir,E1,
ieee,10.1109/SmartAgriSuSY68475.2025.11466769,Swarm Robotics for Precision Agriculture: Overcoming Coordination Scalability Limits,L. Judijanto; S. Nurhayati,2025,2025 International Congress on Smart Agriculture and Sustainable Systems (SmartAgri&SuSY),texto_integral,excluir,E8,
ieee,10.1109/AMCAI59331.2023.10431514,Evolutionary Swarm Robotics: A Methodological Approach For Task and Path Planning,A. Ayari; S. Bouamama,2023,2023 IEEE Afro-Mediterranean Conference on Artificial Intelligence (AMCAI),texto_integral,incluir,,
ieee,10.1109/IIT59782.2023.10366467,A Direction for Swarm Robotic Path Planning Technique Using Potential Field Concepts and Particle Swarm Optimization,M. Baziyad; N. AbuJabal; R. Fareh; T. Rabie; I. Kamel; M. Bettayeb,2023,2023 15th International Conference on Innovations in Information Technology (IIT),texto_integral,excluir,E8,
ieee,10.1109/GITCON65266.2025.11377467,PSO-Enhanced Wildfire Risk Forecasting with Decentralized Multi-Robot Navigation via Voronol Path Planning,N. N. S; S. Loonkar; K. Desai,2025,2025 Global Conference on Information Technology and Communication Networks (GITCON),texto_integral,excluir,E8,
ieee,10.1109/REEPE63962.2025.10971106,Investigation of Algorithms of Multi-Agent Robot Swarm Control in the Task of Finding the Shortest Path,A. D. Razorvin; O. V. Glukhov; A. I. Martynov; K. I. Sokolov; P. Y. Anuchin; V. A. Yushin,2025,"2025 7th International Youth Conference on Radio Electronics, Electrical and Power Engineering (REEPE)",texto_integral,excluir,E8,
scopus,10.1109/ICISS49785.2020.9316033,Decentralized Motion Planning for Multi-Robot Navigation using Deep Reinforcement Learning,K. Sivanathan; B. K. Vinayagam; T. Samak; C. Samak,2020,2020 3rd International Conference on Intelligent Sustainable Systems (ICISS),texto_integral,excluir,E8,
ieee,10.1109/ICMA65362.2025.11120654,Training Robot Swarms for Adaptive Foraging in Environments with Obstacles,P. Biteng; T. U. Zaman; Q. Lu,2025,2025 IEEE International Conference on Mechatronics and Automation (ICMA),texto_integral,incluir,,
ieee,10.1109/ICACR53472.2021.9605194,Research and Implementation of Multi-robot Path Planning Based on Genetic Algorithm,M. Fan; J. He; S. Ding; Y. Ding; M. Li; L. Jiang,2021,"2021 5th International Conference on Automation, Control and Robots (ICACR)",texto_integral,excluir,E8,
ieee,10.1109/TASE.2024.3524000,STR: Spatial-Temporal RetNet for Distributed Multi-Robot Navigation,L. Chen; Y. Wang; Z. Miao; M. Feng; Y. Wang; Y. Mo; W. He; H. Wang; D. Wang,2025,IEEE Transactions on Automation Science and Engineering,texto_integral,excluir,E8,
ieee,10.1109/LRA.2024.3521183,Scalable Multi-Robot Cooperation for Multi-Goal Tasks Using Reinforcement Learning,T. An; J. Lee; M. Bjelonic; F. De Vincenti; M. Hutter,2025,IEEE Robotics and Automation Letters,texto_integral,incluir,,
ieee,10.1631/FITEE.2100280,Behavioral Control Task Supervisor with Memory Based on Reinforcement Learning for Human-Multi-Robot Coordination Systems,J. Huang; Z. Mo; Z. Zhang; Y. Chen,2022,Frontiers of Information Technology & Electronic Engineering,texto_integral,excluir,E7,
ieee,10.1109/RAIIC59453.2023.10280919,Multi-robot Cooperative Search for Radioactive Sources Based on Improved Particle Swarm Optimization,M. Luo; M. Ling; Y. Guo,2023,"2023 2nd International Conference on Robotics, Artificial Intelligence and Intelligent Control (RAIIC)",texto_integral,incluir,,
ieee,10.1109/FarEastCon50210.2020.9271639,Choosing a Swarm Algorithm to Synthesis an Optimal Mobile Robot Team Control Strategy,A. B. Migranov; O. V. Darintsev,2020,2020 International Multi-Conference on Industrial Engineering and Modern Technologies (FarEastCon),texto_integral,excluir,E8,
ieee,10.1109/DOCS55193.2022.9967756,Mapless Path Planning of Multi-robot Systems in Complex Environments via Deep Reinforcement Learning,W. Han; C. Fang; J. He,2022,2022 4th International Conference on Data-driven Optimization of Complex Systems (DOCS),texto_integral,excluir,E8,
ieee,10.1109/JIOT.2026.3708006,Scalable Bi-level Reinforcement Learning for Multi-robot Coverage Path Planning in Unseen Environments with Obstacles,C. Qu; G. Xu; P. Wan,2026,IEEE Internet of Things Journal,texto_integral,excluir,E8,
ieee,10.1109/ICAACE69793.2026.11508863,Multi-robot Path Planning Based on an Improved MASAC Algorithm,S. Jia; C. Liu,2026,2026 9th International Conference on Advanced Algorithms and Control Engineering (ICAACE),texto_integral,excluir,E8,
ieee,10.1109/IRAC67707.2025.11381175,Multi-Robot Map Fusion Using an N-Mutation Particle Swarm Optimization Algorithm,L. Gan; Y. Tang; Z. Hua,2025,2025 International Conference on Intelligent Robotics and Automatic Control (IRAC),texto_integral,excluir,E7,
ieee,10.1109/ICRSS65752.2024.00012,Studying the Optimization of a Six-DOF Robotic Arm's Joint Angles Using an Enhanced Particle Swarm Technique,Y. Wan; Z. Wang; G. Chen,2024,"2024 International Conference on Computing, Robotics and System Sciences (ICRSS)",titulo_resumo,excluir,E1,
ieee,10.1109/AEMCSE65292.2025.11042764,Task Assignment and Path Planning Method of Multi-Robot in Coal Mine Considering Charging Problem,H. Bai; K. Li,2025,"2025 8th International Conference on Advanced Electronic Materials, Computers and Software Engineering (AEMCSE)",texto_integral,excluir,E7,
ieee,10.1109/LRA.2020.2972894,Particle Swarm Optimization for Cooperative Multi-Robot Task Allocation: A Multi-Objective Approach,C. Wei; Z. Ji; B. Cai,2020,IEEE Robotics and Automation Letters,texto_integral,excluir,E7,
ieee,10.1109/ICRA46639.2022.9812341,Enhancing Deep Reinforcement Learning Approaches for Multi-Robot Navigation via Single-Robot Evolutionary Policy Search,E. Marchesini; A. Farinelli,2022,2022 International Conference on Robotics and Automation (ICRA),texto_integral,excluir,E8,
ieee,10.1109/ICACTE62428.2024.10871589,Improved Particle Swarm Optimization for Trajectory Planning in a Six-Degree-of-Freedom Robotic Arm,J. Zhang; P. Wang,2024,2024 17th International Conference on Advanced Computer Theory and Engineering (ICACTE),titulo_resumo,excluir,E1,
ieee,10.1109/LRA.2025.3550798,Learning Decentralized Multi-Robot PointGoal Navigation,T. Soualhi; N. Crombez; Y. Ruichek; A. Lombard; S. Galland,2025,IEEE Robotics and Automation Letters,texto_integral,excluir,E8,
ieee,10.1109/ICMRE64970.2025.10976322,Swarm Intelligence in Robotics: Optimizing PSO Parameters for Target Search in Single and Multiple Scenarios,V. Sharma; R. Gupta; K. Sharma,2025,2025 11th International Conference on Mechatronics and Robotics Engineering (ICMRE),texto_integral,excluir,E8,
ieee,10.1109/IROS58592.2024.10801800,Robot Swarm Control Based on Smoothed Particle Hydrodynamics for Obstacle-Unaware Navigation,M. Eguchi; M. Nishimura; S. Yoshida; T. Hiraki,2024,2024 IEEE/RSJ International Conference on Intelligent Robots and Systems (IROS),texto_integral,incluir,,
ieee,10.1109/eSmarTA62850.2024.10639038,"Swarm Robotics for Autonomous Aerial Robots: Features, Algorithms, Control Techniques, and Challenges",Y. Alqudsi; M. Makaraci,2024,2024 4th International Conference on Emerging Smart Technologies and Applications (eSmarTA),titulo_resumo,excluir,E2,
ieee,10.1109/ICCRE61448.2024.10589778,Goal Driven Multi-Robot Navigation in Simulated Environments with Federated Deep Reinforcement Learning,M. P. Pramuk; M. V. Kumar; P. S. Kashyap; N. Lohith; S. Tripathi,2024,2024 9th International Conference on Control and Robotics Engineering (ICCRE),texto_integral,excluir,E8,
ieee,10.1109/MMEAT65787.2025.11398997,Research on Inverse Kinematics of Welding Robot Based on Particle Swarm Optimization Algorithm,F. Lv; F. Tu; X. Liu; X. Xu,2025,"2025 11th International Conference on Mechanical Engineering, Materials and Automation Technology (MMEAT)",titulo_resumo,excluir,E1,
ieee,10.1109/ICCECT64621.2025.11339850,A Study of Robotic Arm Based on Particle Swarm Optimization and Wolf Pack Algorithm,Z. Zhong,2025,"2025 IEEE 3rd International Conference on Control, Electronics and Computer Technology (ICCECT)",titulo_resumo,excluir,E1,
ieee,10.1109/LCSYS.2020.3007663,Integral Reinforcement Learning-Based Multi-Robot Minimum Time-Energy Path Planning Subject to Collision Avoidance and Unknown Environmental Disturbances,C. He; Y. Wan; Y. Gu; F. L. Lewis,2021,IEEE Control Systems Letters,texto_integral,excluir,E8,
ieee,10.1109/ICTAI52525.2021.00017,Collision-aware Multi-robot Motion Coordination Deep-RL with Dynamic Priority Strategy,L. Zhao; S. Han; Y. Lin,2021,2021 IEEE 33rd International Conference on Tools with Artificial Intelligence (ICTAI),texto_integral,excluir,E8,
ieee,10.1109/ICMSP58539.2023.10170825,Chaotic Salp Swarm Algorithm for Inverse Kinematics of a 5-DOF Drill Floor Robot,F. Zhao; S. Yang; J. Liu; B. Wu; Y. Hu,2023,"2023 5th International Conference on Intelligent Control, Measurement and Signal Processing (ICMSP)",titulo_resumo,excluir,E1,
ieee,10.1109/IROS58592.2024.10802823,Decentralized Multi-Robot Navigation Coupled with Spatial-Temporal RetNet Based on Deep Reinforcement Learning,L. Chen; Y. Wang; Z. Miao; M. Feng; Y. Wang; Y. Mo; Z. Zhou; H. Wang; D. Wang,2024,2024 IEEE/RSJ International Conference on Intelligent Robots and Systems (IROS),texto_integral,excluir,E8,
ieee,10.1109/ACCESS.2020.2974498,An Improved Chicken Swarm Optimization Algorithm and its Application in Robot Path Planning,X. Liang; D. Kou; L. Wen,2020,IEEE Access,titulo_resumo,excluir,E1,
ieee,10.1109/ICCASIT66611.2025.11348837,Research on Multi-Robot Obstacle Avoidance Technology Based on HRVO Combined with Deep Reinforcement Learning,H. Hao,2025,2025 IEEE 7th International Conference on Civil Aviation Safety and Information Technology (ICCASIT),texto_integral,excluir,E8,
ieee,10.1109/ICCAR49639.2020.9107997,A Multi-agent Reinforcement Learning Method for Swarm Robots in Space Collaborative Exploration,Y. Huang; S. Wu; Z. Mu; X. Long; S. Chu; G. Zhao,2020,"2020 6th International Conference on Control, Automation and Robotics (ICCAR)",texto_integral,excluir,E8,
ieee,10.1109/ACCESS.2025.3624130,Adaptive Dynamic Window Approach for Mobile Robot Motion Control Using Particle Swarm Optimization,S. S. Sarkis; O. S. Elfayoumi; M. A. Jaradat; B. J. Emran,2025,IEEE Access,titulo_resumo,excluir,E1,
ieee,10.1109/IRCE66030.2025.11203043,Evolving Adaptive Foraging Robot Swarms with NEAT in Environments with Obstacles,T. U. Zaman; P. Biteng; Q. Lu,2025,2025 8th International Conference on Intelligent Robotics and Control Engineering (IRCE),texto_integral,incluir,,
ieee,10.1109/TCYB.2022.3228578,Expert System-Based Multiagent Deep Deterministic Policy Gradient for Swarm Robot Decision Making,Z. Wang; X. Jin; T. Zhang; J. Li; D. Yu; K. H. Cheong; C. L. P. Chen,2024,IEEE Transactions on Cybernetics,texto_integral,incluir,,
ieee,10.1109/LRA.2026.3655204,Scalable Multi-Robot Informative Path Planning for Target Mapping via Deep Reinforcement Learning,A. Vashisth; M. Kulshrestha; D. Conover; A. Bera,2026,IEEE Robotics and Automation Letters,texto_integral,incluir,,
ieee,10.1109/ICRAIS59684.2023.10367088,Multi-Robot Path Planning Using Nash Equilibrium Based Game Theory,P. S; S. P,2023,2023 International Conference on Recent Advances in Information Technology for Sustainable Development (ICRAIS),titulo_resumo,excluir,E6,
ieee,10.1109/ICAICE63571.2024.10863988,Research on Multi-Stage Path Planning for Human-Multi-Robot Collaboration Assembly,X. Meng; Z. Ding,2024,2024 5th International Conference on Artificial Intelligence and Computer Engineering (ICAICE),texto_integral,excluir,E7,
ieee,10.1109/COMSNETS63942.2025.10885670,Efficient Collision-Free Motion Planning in Distributed Multi-Robot Systems,O. Sharma; N. Chakraborty,2025,2025 17th International Conference on COMmunication Systems and NETworks (COMSNETS),texto_integral,excluir,E8,
ieee,10.1109/AAICV66571.2025.00023,Research on Application of Multi-Robot Cooperative Scheduling Algorithm in Intelligent Warehouse,K. Cheng; G. Li,2025,"2025 International Conference on Algorithm, Artificial Intelligence and Computer Vision (AAICV)",texto_integral,excluir,E7,
ieee,10.1109/IMCEC59810.2024.10575647,Robotic Arm Trajectory Planning Based on Hybrid Particle Swarm Optimization,W. Rong; Y. Yong,2024,"2024 IEEE 6th Advanced Information Management, Communicates, Electronic and Automation Control Conference (IMCEC)",titulo_resumo,excluir,E1,
ieee,10.1109/CoDIT62066.2024.10708100,Enhancing Robotic Arm Trajectory Tracking via Hybrid Weightless Swarm Algorithm and Iterative Learning Control (WSA-ILC),Y. Dou; E. Prempain; T. O. Ting,2024,"2024 10th International Conference on Control, Decision and Information Technologies (CoDIT)",titulo_resumo,excluir,E1,
ieee,10.1109/ACCESS.2025.3569285,Behavior Modeling and Bio-Hybrid Systems: Using Reinforcement Learning to Enhance Cyborg Cockroach in Bio-Inspired Swarm Robotics,L. Minh Triet; N. T. Thinh,2025,IEEE Access,texto_integral,excluir,E8,
ieee,10.1109/ICRA46639.2022.9811723,MOSAIX: a Swarm of Robot Tiles for Social Human-Swarm Interaction,M. Alhafnawi; E. R. Hunt; S. Lemaignan; P. O'Dowd; S. Hauert,2022,2022 International Conference on Robotics and Automation (ICRA),titulo_resumo,excluir,E6,
ieee,10.1109/TLA.2025.11150630,Hybrid Adaptive Greedy Algorithm Addressing the Multi-Robot Path Planning Problem,A. Kopacz; E. García González; C. Chira; J. R. Villar Flecha,2025,IEEE Latin America Transactions,titulo_resumo,excluir,E6,
ieee,10.1109/SIST50301.2021.9465950,Notice of Violation of IEEE Publication Principles: An Improved Particle Swarm Optimization Method for Motion Planning of Multiple Robots,Z. Gabbassova,2021,2021 IEEE International Conference on Smart Information Systems and Technologies (SIST),titulo_resumo,excluir,E4,
ieee,10.1109/SII64115.2026.11404579,Dynamic Swarm Reconfiguration via Multi-Level Adaptive Cooperative Architecture for Multi-Robot Exploration,S. Inoue; K. Sakamoto; Y. Kunii,2026,2026 IEEE/SICE International Symposium on System Integration (SII),texto_integral,excluir,E8,
ieee,10.1109/IROS51168.2021.9636349,Centralizing State-Values in Dueling Networks for Multi-Robot Reinforcement Learning Mapless Navigation,E. Marchesini; A. Farinelli,2021,2021 IEEE/RSJ International Conference on Intelligent Robots and Systems (IROS),texto_integral,excluir,E8,
ieee,10.1109/SMC42975.2020.9283391,Multi-Objective Vibration-Based Particle-Swarm-Optimized Fuzzy Controller With Application to Boundary-Following of Mobile-Robot Simulation Environment,L. Ou; G. Zeng; Y. -C. Chang; C. -T. Lin,2020,"2020 IEEE International Conference on Systems, Man, and Cybernetics (SMC)",titulo_resumo,excluir,E1,
ieee,10.1109/ICPICS66386.2025.11347136,Reinforcement Learning-Driven Multi-Robot Path Co-Optimization Algorithm Research,B. Hu,2025,"2025 IEEE 7th International Conference on Power, Intelligent Computing and Systems (ICPICS)",texto_integral,excluir,E8,
ieee,10.1109/ICRA46639.2022.9811950,Learning Observation-Based Certifiable Safe Policy for Decentralized Multi-Robot Navigation,Y. Cui; L. Lin; X. Huang; D. Zhang; Y. Wang; W. Jing; J. Chen; R. Xiong; Y. Wang,2022,2022 International Conference on Robotics and Automation (ICRA),texto_integral,excluir,E8,
ieee,10.1109/TASE.2025.3600954,Motion Coordination of Swarm Robots for Mobile Target Search,H. Liu; S. Ye; C. Y. T. Ma; Y. Wang; T. -T. Chan,2025,IEEE Transactions on Automation Science and Engineering,texto_integral,incluir,,
ieee,10.1109/IROS60139.2025.11246010,Modeling Deception in Multi-Robot Target-Attacker-Defender Game via Deep Reinforcement Learning,F. Gou; C. Zhao; H. Du; Y. Cai,2025,2025 IEEE/RSJ International Conference on Intelligent Robots and Systems (IROS),texto_integral,excluir,E8,
ieee,10.1109/CDC56724.2024.10886327,Graph-Based Deep Reinforcement Learning Approach for Alliance Formation Game based Robot Swarm Task Assignment,Y. Lv; J. Lei; P. Yi,2024,2024 IEEE 63rd Conference on Decision and Control (CDC),texto_integral,excluir,E7,
ieee,10.1109/ICRA57147.2024.10611668,Decentralized Multi-Robot Navigation for Autonomous Surface Vehicles with Distributional Reinforcement Learning,X. Lin; Y. Huang; F. Chen; B. Englot,2024,2024 IEEE International Conference on Robotics and Automation (ICRA),texto_integral,excluir,E8,
ieee,10.1109/CAC57257.2022.10055585,Multi-Robot Exploration in Unknown Environments via Multi-Agent Deep Reinforcement Learning,L. Deng; W. Gong; L. Li,2022,2022 China Automation Congress (CAC),texto_integral,excluir,E8,
ieee,10.1109/TITS.2023.3333409,Multi-Robot Environmental Coverage With a Two-Stage Coordination Strategy via Deep Reinforcement Learning,L. Zhu; J. Cheng; H. Zhang; W. Zhang; Y. Liu,2024,IEEE Transactions on Intelligent Transportation Systems,texto_integral,excluir,E8,
ieee,10.1109/NETCRYPT65877.2025.11102388,Swarm Robotics for Search and Rescue Operations in Disaster Zones Using Particle Swarm Optimization (PSO) Algorithms,T. R. Kumar; N. T J; I. Jumaniyazova; H. Abdulla; Y. Jumaniyozov; V. Bhatt,2025,2025 International Conference on Networks and Cryptology (NETCRYPT),texto_integral,excluir,E8,
ieee,10.1109/LRA.2023.3280806,Learning to Navigate in Turbulent Flows With Aerial Robot Swarms: A Cooperative Deep Reinforcement Learning Approach,D. Patiño; S. Mayya; J. Calderon; K. Daniilidis; D. Saldaña,2023,IEEE Robotics and Automation Letters,texto_integral,excluir,E8,
ieee,10.1109/LRA.2025.3581430,Learning Behaviours for Decentralised Multi-Robot Collision Avoidance in Constrained Pathways Using Curriculum Reinforcement Learning,M. M. R. Komol; B. Tidd; W. Browne; F. Maire; J. Williams; D. Howard,2025,IEEE Robotics and Automation Letters,texto_integral,excluir,E8,
ieee,10.1109/ICCASIT55263.2022.9986713,Introduction to Multi-Robot Coordination Algorithms,S. Liu; Y. Niu; B. Wu,2022,2022 IEEE 4th International Conference on Civil Aviation Safety and Information Technology (ICCASIT),titulo_resumo,excluir,E2,
ieee,10.1109/TVT.2020.3034800,Voronoi-Based Multi-Robot Autonomous Exploration in Unknown Environments via Deep Reinforcement Learning,J. Hu; H. Niu; J. Carrasco; B. Lennox; F. Arvin,2020,IEEE Transactions on Vehicular Technology,texto_integral,excluir,E8,
ieee,10.1109/LRA.2024.3477094,Speed and Density Planning for a Speed-Constrained Robot Swarm Through a Virtual Tube,W. Song; Y. Gao; Q. Quan,2024,IEEE Robotics and Automation Letters,titulo_resumo,excluir,E6,
ieee,10.1109/ICRA57147.2024.10611322,Multi-Robot Cooperative Socially-Aware Navigation Using Multi-Agent Reinforcement Learning,W. Wang; L. Mao; R. Wang; B. -C. Min,2024,2024 IEEE International Conference on Robotics and Automation (ICRA),texto_integral,excluir,E8,
ieee,10.23919/ICCAS59377.2023.10316925,Reinforcement Learning based Sequential Multi-Robot Task Allocation Considering Weight of Objects and Payload of Robots,N. -H. Lee; T. -Y. Uhm; J. -H. Park; K. -S. Noh; H. -G. Kim,2023,"2023 23rd International Conference on Control, Automation and Systems (ICCAS)",texto_integral,excluir,E7,
ieee,10.1109/SoutheastCon44009.2020.9249651,Path formation using a robot swarm with limited sensing capabilities,S. Morgan; J. Hereford,2020,2020 SoutheastCon,texto_integral,excluir,E8,
ieee,10.1109/ROMA66616.2025.11155775,A Self-Evolving Multi-Agent Robotic Swarm with Reinforcement Learning and Quantum Firefly-Ant Colony Optimization for Adaptive Environmental Monitoring,A. Vinothkumar; M. Anand; B. Raja; A. P. George; S. M. Sarlina,2025,2025 IEEE 6th International Conference in Robotics and Manufacturing Automation (ROMA),texto_integral,excluir,E8,
ieee,10.1109/IROS58592.2024.10802520,"When, What, and with Whom to Communicate: Enhancing RL-based Multi-Robot Navigation through Selective Communication",S. H. Arul; A. Singh Bedi; D. Manocha,2024,2024 IEEE/RSJ International Conference on Intelligent Robots and Systems (IROS),texto_integral,excluir,E8,
ieee,10.1109/ICCC71363.2026.11593177,An Individual Approach to Robot Swarm Modelling,W. Rączka; D. Marszalik,2026,2026 27th International Carpathian Control Conference (ICCC),texto_integral,excluir,E8,
ieee,10.1109/LRA.2025.3553050,HeR-DRL:Heterogeneous Relational Deep Reinforcement Learning for Single-Robot and Multi-Robot Crowd Navigation,X. Zhou; S. Piao; W. Chi; L. Chen; W. Li,2025,IEEE Robotics and Automation Letters,texto_integral,excluir,E8,
ieee,10.1109/CAC53003.2021.9728613,Solving a Multi-robot Search Problem with Bionic Sarsa Algorithm and Artificial Potential Field,H. Liu; Z. Qu; R. Zhu,2021,2021 China Automation Congress (CAC),texto_integral,excluir,E8,
ieee,10.1109/ICRA46639.2022.9812163,Decentralized Global Connectivity Maintenance for Multi-Robot Navigation: A Reinforcement Learning Approach,M. Li; Y. Jie; Y. Kong; H. Cheng,2022,2022 International Conference on Robotics and Automation (ICRA),texto_integral,excluir,E8,
ieee,10.1109/ICRA48891.2023.10161498,Scalable Task-Driven Robotic Swarm Control via Collision Avoidance and Learning Mean-Field Control,K. Cui; M. Li; C. Fabian; H. Koeppl,2023,2023 IEEE International Conference on Robotics and Automation (ICRA),texto_integral,incluir,,
ieee,10.1109/INFOCOM42981.2021.9488669,Multi-Robot Path Planning for Mobile Sensing through Deep Reinforcement Learning,Y. Wei; R. Zheng,2021,IEEE INFOCOM 2021 - IEEE Conference on Computer Communications,texto_integral,excluir,E8,
ieee,10.1109/YAC66630.2025.11150048,Attention-Based Value Factorization Reinforcement Learning for Robot Swarms Cooperative Control,Y. Yin; C. Sun; L. Xing; S. Fang,2025,2025 40th Youth Academic Annual Conference of Chinese Association of Automation (YAC),texto_integral,excluir,E8,
ieee,10.1109/ICARA51699.2021.9376433,Towards Pick and Place Multi Robot Coordination Using Multi-agent Deep Reinforcement Learning,X. Lan; Y. Qiao; B. Lee,2021,"2021 7th International Conference on Automation, Robotics and Applications (ICARA)",texto_integral,excluir,E7,
ieee,10.1109/ICAT57854.2023.10171272,Decentralized Multi-Robot Formation Control Using Reinforcement Learning,J. Obradović; M. Križmančić; S. Bogdan,2023,"2023 XXIX International Conference on Information, Communication and Automation Technologies (ICAT)",texto_integral,excluir,E8,
ieee,10.1109/ISRIMT67769.2025.11413063,Hierarchical Reinforcement Learning for Decentralized Multi-Robot Cooperative Transportation,X. Wang; Y. Chang,2025,2025 7th International Symposium on Robotics and Intelligent Manufacturing Technology (ISRIMT),texto_integral,excluir,E8,
ieee,10.1109/AIAC68175.2025.11332435,Diffusion Policy-Driven Cooperative Path Planning and Task Allocation for Heterogeneous Multi-Robot Systems,Y. Gu,2025,2025 3rd International Conference on Artificial Intelligence and Automation Control (AIAC),texto_integral,excluir,E8,
ieee,10.1109/GCRAIT55928.2022.00025,Swarm Robots Decentralized Control using Reinforcement Learning Stepwise Training Method in the Encircling Task,Y. Liu; X. Wang; Y. Nie; B. Dai; Q. Zhu; E. Shang,2022,"2022 Global Conference on Robotics, Artificial Intelligence and Information Technology (GCRAIT)",texto_integral,incluir,,
ieee,10.1109/ICRA40945.2020.9197209,Cooperative Multi-Robot Navigation in Dynamic Environment with Deep Reinforcement Learning,R. Han; S. Chen; Q. Hao,2020,2020 IEEE International Conference on Robotics and Automation (ICRA),texto_integral,excluir,E8,
ieee,10.1109/JIOT.2020.2991198,Energy- and Time-Aware Data Acquisition for Mobile Robots Using Mixed Cognition Particle Swarm Optimization,M. Xie; Y. Bai; M. Huang; Y. Deng; Z. Hu,2020,IEEE Internet of Things Journal,titulo_resumo,excluir,E1,
ieee,10.1109/ACCESS.2025.3628560,A Grover-Operator-Based Quantum Variant of Particle Swarm Optimization for Robot Manipulators’ Inverse Kinematics: Theory and Simulation,D. O. Santos; F. M. De Assis; E. A. N. Carvalho; L. Molina,2025,IEEE Access,titulo_resumo,excluir,E1,
ieee,10.1109/ICACR59381.2023.10314658,Coordinated Search and Mapping Using Swarm Robots,H. Bhargav; S. Veena,2023,"2023 7th International Conference on Automation, Control and Robots (ICACR)",texto_integral,excluir,E8,
ieee,10.1109/TASE.2025.3641025,Integrated Task and Motion Planner Using Hierarchical Reinforcement Learning for Multi-Robot Collaboration,J. Zhang; C. Mu; K. Wang; L. Ren,2026,IEEE Transactions on Automation Science and Engineering,texto_integral,excluir,E8,
ieee,10.1109/ACCESS.2023.3272835,Robot Time Optimal Trajectory Planning Based on Improved Simplified Particle Swarm Optimization Algorithm,X. Hu; H. Wu; Q. Sun; J. Liu,2023,IEEE Access,titulo_resumo,excluir,E1,
ieee,10.1109/LRA.2025.3592146,Efficient Multi-Robot Task and Path Planning in Large-Scale Cluttered Environments,G. Xu; Y. Wu; S. Tao; Y. Yang; T. Liu; T. Huang; H. Wu; Y. Liu,2025,IEEE Robotics and Automation Letters,texto_integral,incluir,,
ieee,10.1109/ICRA55743.2025.11128457,Coordinated Multi-Robot Navigation with Formation Adaptation,Z. Deng; P. Gao; W. J. Jose; C. Reardon; M. Wigness; J. Rogers; H. Zhang,2025,2025 IEEE International Conference on Robotics and Automation (ICRA),texto_integral,excluir,E8,
ieee,10.1109/ISCAS48785.2022.9937572,Multi-Robot Formation Control using Collective Behavior Model and Reinforcement Learning,J. -C. Liu; T. -T. Liu,2022,2022 IEEE International Symposium on Circuits and Systems (ISCAS),texto_integral,excluir,E8,
ieee,10.1109/TASE.2023.3346049,Toward Safe Distributed Multi-Robot Navigation Coupled With Variational Bayesian Model,L. Chen; Y. Wang; Z. Miao; M. Feng; Z. Zhou; H. Wang; D. Wang,2024,IEEE Transactions on Automation Science and Engineering,texto_integral,excluir,E8,
ieee,10.1109/LRA.2024.3414210,Adaptive Shape Formation Against Swarm-Scale Variants in Robot Swarms,X. Li; R. Zhou; G. Sun,2024,IEEE Robotics and Automation Letters,texto_integral,incluir,,
ieee,10.1109/ICARCE67182.2025.11362092,Research on Trajectory Planning for Industrial Robotic Sorting Based on Improved Particle Swarm Optimization Algorithm,D. Qiu; J. Zhou; C. Shi,2025,"2025 4th International Conference on Automation, Robotics and Computer Engineering (ICARCE)",titulo_resumo,excluir,E1,
ieee,10.1109/ACCESS.2023.3302698,Route Planning for an Autonomous Robotic Vehicle Employing a Weight-Controlled Particle Swarm-Optimized Dijkstra Algorithm,S. Sundarraj; R. V. K. Reddy; M. B. Basam; G. H. Lokesh; F. Flammini; R. Natarajan,2023,IEEE Access,titulo_resumo,excluir,E1,
ieee,10.1109/CDS52072.2021.00043,Reinforcement Learning for Multi-Robot System: A Review,X. Yang,2021,2021 2nd International Conference on Computing and Data Science (CDS),titulo_resumo,excluir,E2,
ieee,10.1109/TCE.2025.3603259,Distributed Deep Reinforcement Learning for Ackermann Multi-Robot Formation: A Weighted Multi-Objective Optimization,W. Zhong; B. Xie; Y. Li; L. Cascone; Y. Lu; S. He,2025,IEEE Transactions on Consumer Electronics,texto_integral,excluir,E8,
ieee,10.1109/TCYB.2021.3079346,Moving-Distance-Minimized PSO for Mobile Robot Swarm,J. Zhang; Y. Lu; L. Che; M. Zhou,2022,IEEE Transactions on Cybernetics,texto_integral,incluir,,
ieee,10.1109/TVT.2026.3661076,Optimal Cluster Formation Control for Air-Sea Heterogeneous Multi-Robot Systems: A Predefined-Time Estimator-Based Reinforcement Learning Approach,C. Chen; H. Li; J. Liu; J. Liu; C. Peng; S. Xie,2026,IEEE Transactions on Vehicular Technology,texto_integral,excluir,E8,
ieee,10.1109/ICEDCS57360.2022.00086,Coordination of Multi-Robot Systems,S. Duan; Z. Jiang; Y. Ren; H. Wei,2022,"2022 International Conference on Electronics and Devices, Computational Science (ICEDCS)",titulo_resumo,excluir,E2,
ieee,10.1109/CCNC54725.2025.10976220,Awareness Map Enabled Semi-Centralized MARL for Multi-Robot Collaboration,A. Siddiqua; S. Liu; K. Mouser; M. Harris,2025,2025 IEEE 22nd Consumer Communications & Networking Conference (CCNC),texto_integral,excluir,E8,
ieee,10.1109/ACCESS.2020.3016951,Multi-Robot Flocking Control Based on Deep Reinforcement Learning,P. Zhu; W. Dai; W. Yao; J. Ma; Z. Zeng; H. Lu,2020,IEEE Access,texto_integral,excluir,E8,
ieee,10.1109/ACCESS.2020.3025287,Decentralized Control of Multi-Robot System in Cooperative Object Transportation Using Deep Reinforcement Learning,L. Zhang; Y. Sun; A. Barth; O. Ma,2020,IEEE Access,texto_integral,excluir,E8,
ieee,10.1109/IROS60139.2025.11245969,Decentralized Multi-robot Navigation Policy with Enhanced Security Using Graph GRU Policy Network,L. Chen; Y. Ao; Z. Zhou; Y. Wang; D. Wang,2025,2025 IEEE/RSJ International Conference on Intelligent Robots and Systems (IROS),texto_integral,excluir,E8,
ieee,10.1109/ICAACE65325.2025.11019702,Multi-Robot Collaboration for Dynamic Environments: A Study Based on the Improved PPO Algorithm,Z. Li; C. Yang; Z. Li; Y. Jiang; G. Wang,2025,2025 8th International Conference on Advanced Algorithms and Control Engineering (ICAACE),texto_integral,excluir,E8,
ieee,10.1109/IROS47612.2022.9981353,DC-MRTA: Decentralized Multi-Robot Task Allocation and Navigation in Complex Environments,A. Agrawal; S. Hariharan; A. S. Bedi; D. Manocha,2022,2022 IEEE/RSJ International Conference on Intelligent Robots and Systems (IROS),texto_integral,excluir,E8,
ieee,10.1109/RCAR52367.2021.9517650,FT-MSTC*: An Efficient Fault Tolerance Algorithm for Multi-robot Coverage Path Planning,C. Sun; J. Tang; X. Zhang,2021,2021 IEEE International Conference on Real-time Computing and Robotics (RCAR),titulo_resumo,excluir,E6,
ieee,10.1109/IIT59782.2023.10366472,Path Planning Techniques for Multi-robot Systems: A Systematic Review,N. A. Abujabal; T. Rabie; I. Kamel,2023,2023 15th International Conference on Innovations in Information Technology (IIT),titulo_resumo,excluir,E2,
ieee,10.1109/RoMoCo60539.2024.10604387,Deep Reinforcement Learning for Multi-Robot Local Path Planning in Dynamic Environments,C. -T. Vu; Y. -C. Liu,2024,2024 13th International Workshop on Robot Motion and Control (RoMoCo),texto_integral,excluir,E8,
ieee,10.1109/LRA.2024.3502067,A Hierarchical Multi Robot Coverage Strategy for Large Maps With Reinforcement Learning and Dense Segmented Siamese Network,Y. Huang; Y. Wang; Z. Li; H. Zhang; C. Zhang,2025,IEEE Robotics and Automation Letters,texto_integral,incluir,,
ieee,10.1109/ICRAE64368.2024.10851693,Particle swarm optimization-based method of source seeking by small robotic groups in the presence of noises and communication constraints,N. Makarov; A. Matveev; S. Gusev,2024,2024 9th International Conference on Robotics and Automation Engineering (ICRAE),texto_integral,incluir,,
ieee,10.1109/ICCCN65249.2025.11133753,HAFE: Hierarchical Attention-based Frontier Exploration for Multi-Robot Mapping,X. Yao; Y. Dong; M. Isaac,2025,2025 34th International Conference on Computer Communications and Networks (ICCCN),texto_integral,excluir,E8,
ieee,10.1109/TITS.2020.3010056,Multi-Robot Source Location of Scalar Fields by a Novel Swarm Search Mechanism With Collision/Obstacle Avoidance,R. -G. Li; H. -N. Wu,2022,IEEE Transactions on Intelligent Transportation Systems,texto_integral,excluir,E8,
ieee,10.1109/TNNLS.2025.3558282,A Local Information Aggregation-Based Multiagent Reinforcement Learning for Robot Swarm Dynamic Task Allocation,Y. Lv; J. Lei; P. Yi,2025,IEEE Transactions on Neural Networks and Learning Systems,texto_integral,excluir,E7,
ieee,10.1109/JIOT.2021.3133501,Persistence Region Monitor With a Pheromone-Inspired Robot Swarm Sensor Network,Y. Wu; M. Li; G. Li; Y. Savaria,2022,IEEE Internet of Things Journal,texto_integral,excluir,E8,
ieee,10.1109/LRA.2022.3161699,Reinforcement Learned Distributed Multi-Robot Navigation With Reciprocal Velocity Obstacle Shaped Rewards,R. Han; S. Chen; S. Wang; Z. Zhang; R. Gao; Q. Hao; J. Pan,2022,IEEE Robotics and Automation Letters,texto_integral,excluir,E8,
ieee,10.1109/ConfTELE50222.2021.9435557,Urban Search and Rescue with Anti-pheromone Robot Swarm architecture,R. M. García; D. H. de la Iglesia; J. F. de Paz; V. R. Q. Leithardt; G. Villarrubia,2021,2021 Telecoms Conference (ConfTELE),texto_integral,excluir,E8,
ieee,10.1109/ICRA55743.2025.11127288,Language-Conditioned Offline RL for Multi-Robot Navigation,S. Morad; A. Shankar; J. Blumenkamp; A. Prorok,2025,2025 IEEE International Conference on Robotics and Automation (ICRA),texto_integral,excluir,E8,
ieee,10.1109/CAC57257.2022.10054738,A Path Planning Method Based on Collaborative Learning for Multi-Robot with Connectivity and Obstacle Avoidance Constraints,J. Liu; Z. Zheng,2022,2022 China Automation Congress (CAC),texto_integral,excluir,E8,
ieee,10.1109/TASE.2026.3708974,Swarm Robotics Collaborative Architecture Based on Embodied Cognition: A Survey From Emergence to Intelligent Decision-Making,W. Xu; Z. Liu; C. -X. Yang; A. Nie; H. -T. Zhang,2026,IEEE Transactions on Automation Science and Engineering,titulo_resumo,excluir,E2,
ieee,10.1109/YAC63405.2024.10598424,Hierarchical Multi-Robot Pursuit with Deep Reinforcement Learning and Navigation Planning,W. Chen; Y. Zhu,2024,2024 39th Youth Academic Annual Conference of Chinese Association of Automation (YAC),texto_integral,excluir,E8,
ieee,10.1109/ICNSC55942.2022.10004103,Gait Planning for Underactuated Bipedal Robot on Discontinuous Ground Based on Particle Swarm Optimization,D. Yao; L. Yang; W. Dong; Y. Yu; X. Wang; Y. Hu,2022,"2022 IEEE International Conference on Networking, Sensing and Control (ICNSC)",titulo_resumo,excluir,E1,
ieee,10.1109/ICUS58632.2023.10318255,Adaptive Formation Tracking of Swarm Jumping Robots Using Multiagent Deep Reinforcement Learning,Q. Zhou; G. Li; R. Tang; Y. Xu; Q. Shi,2023,2023 IEEE International Conference on Unmanned Systems (ICUS),texto_integral,excluir,E8,
ieee,10.1109/CogMI52975.2021.00042,Hierarchical Deep Reinforcement Learning for Multi-robot Cooperation in Partially Observable Environment,Z. Liang; J. Cao; W. Lin; J. Chen; H. Xu,2021,2021 IEEE Third International Conference on Cognitive Machine Intelligence (CogMI),texto_integral,excluir,E8,
ieee,10.1109/ICRA55743.2025.11127323,Multi-Robot Collaboration Through Reinforcement Learning and Abstract Simulation,A. Labiosa; J. P. Hanna,2025,2025 IEEE International Conference on Robotics and Automation (ICRA),texto_integral,excluir,E8,
ieee,10.1109/ICPADS67057.2025.11323034,Decentralized Reinforcement Learning for Cooperative Multi-Robot Navigation,Y. Zheng; F. Arvin; J. Hu,2025,2025 IEEE 31th International Conference on Parallel and Distributed Systems (ICPADS),texto_integral,excluir,E8,
ieee,10.1109/TCYB.2023.3237731,Self-Reconfigurable Hierarchical Frameworks for Formation Control of Robot Swarms,Y. Zhang; S. Oğuz; S. Wang; E. Garone; X. Wang; M. Dorigo; M. K. Heinrich,2024,IEEE Transactions on Cybernetics,texto_integral,incluir,,
ieee,10.1109/ICRA48891.2023.10161310,RTAW: An Attention Inspired Reinforcement Learning Method for Multi-Robot Task Allocation in Warehouse Environments,A. Agrawal; A. S. Bedi; D. Manocha,2023,2023 IEEE International Conference on Robotics and Automation (ICRA),texto_integral,excluir,E7,
ieee,10.1109/ICTAI50040.2020.00088,Multi-Robot Collision Avoidance with Map-based Deep Reinforcement Learning,S. Yao; G. Chen; L. Pan; J. Ma; J. Ji; X. Chen,2020,2020 IEEE 32nd International Conference on Tools with Artificial Intelligence (ICTAI),texto_integral,excluir,E8,
ieee,10.1109/ICIT58233.2024.10540680,"Evaluation of Particle Swarm Optimization, Genetic Algorithms, and Ant Colony Optimization in Autonomous Mobile Robots Scheduling: A Comparative Study",M. Wu; C. L. Lim; E. L. M. Su; C. F. Yeong; W. Holderbaum; B. Dong,2024,2024 IEEE International Conference on Industrial Technology (ICIT),texto_integral,excluir,E7,
ieee,10.1109/LRA.2023.3328448,Heterogeneous Multi-Robot Cooperation With Asynchronous Multi-Agent Reinforcement Learning,H. Zhang; X. Zhang; Z. Feng; X. Xiao,2024,IEEE Robotics and Automation Letters,texto_integral,excluir,E8,
ieee,10.1109/ICRA55743.2025.11128092,Hypergraph-Based Coordinated Task Allocation and Socially-Aware Navigation for Multi-Robot Systems,W. Wang; A. Bera; B. -C. Min,2025,2025 IEEE International Conference on Robotics and Automation (ICRA),texto_integral,excluir,E8,
ieee,10.1109/ICCIAA65327.2025.11012942,Adaptive Parameter Tuning in QRDPSO Using Fuzzy Logic for Enhanced Swarm Robot Navigation,D. Mehiar; H. Elsimary; Z. H. Azizul; H. Abuhammad; F. Alnajjar; M. Alhawarat,2025,2025 1st International Conference on Computational Intelligence Approaches and Applications (ICCIAA),texto_integral,excluir,E8,
ieee,10.1109/IROS45743.2020.9341805,DeepMNavigate: Deep Reinforced Multi-Robot Navigation Unifying Local & Global Collision Avoidance,Q. Tan; T. Fan; J. Pan; D. Manocha,2020,2020 IEEE/RSJ International Conference on Intelligent Robots and Systems (IROS),texto_integral,excluir,E8,
ieee,10.1109/INFOCOMWKSHPS57453.2023.10226167,Communication-Efficient Reinforcement Learning in Swarm Robotic Networks for Maze Exploration,E. Latif; W. Song; R. Parasuraman,2023,IEEE INFOCOM 2023 - IEEE Conference on Computer Communications Workshops (INFOCOM WKSHPS),texto_integral,excluir,E8,
ieee,10.1109/ACCESS.2024.3497177,Multi-Robot Formation Planning in Maze-Like Environments Consisting of Narrow Passages Using Graph Search,S. -M. Lee; J. -U. Lee,2024,IEEE Access,titulo_resumo,excluir,E6,
ieee,10.1109/CAC51589.2020.9327315,Reinforcement Learning Based Multi-robot Formation Control Under Separation Bearing Orientation Scheme,Z. He; L. Dong; C. Sun; J. Wang,2020,2020 Chinese Automation Congress (CAC),texto_integral,excluir,E8,
ieee,10.1109/MFI55806.2022.9913862,PIPO: Policy Optimization with Permutation-Invariant Constraint for Distributed Multi-Robot Navigation,R. Zhang; G. Chen; J. Hou; Z. Li; A. Knoll,2022,2022 IEEE International Conference on Multisensor Fusion and Integration for Intelligent Systems (MFI),texto_integral,excluir,E8,
ieee,10.1109/COMP-SIF65618.2025.10969952,Swarm Robotics for Area Exploration Using Q-Learning,K. M; D. N. S; J. J. S; K. K. S. S; A. V. M,2025,2025 International Conference on Computing for Sustainability and Intelligent Future (COMP-SIF),texto_integral,excluir,E8,
ieee,10.1109/ACCESS.2020.2981408,A Survey on Multi-Robot Coordination in Electromagnetic Adversarial Environment: Challenges and Techniques,Y. Wu; X. Ren; H. Zhou; Y. Wang; X. Yi,2020,IEEE Access,titulo_resumo,excluir,E2,
ieee,10.1109/IJCNN54540.2023.10191291,NeuronsMAE: A Novel Multi-Agent Reinforcement Learning Environment for Cooperative and Competitive Multi-Robot Tasks,G. Hu; H. Li; S. Liu; Y. Zhu; D. Zhao,2023,2023 International Joint Conference on Neural Networks (IJCNN),texto_integral,excluir,E7,
ieee,10.1109/IROS58592.2024.10801506,Automatic design of robot swarms that perform composite missions: an approach based on inverse reinforcement learning,J. Szpirer; D. G. Ramos; M. Birattari,2024,2024 IEEE/RSJ International Conference on Intelligent Robots and Systems (IROS),texto_integral,incluir,,
ieee,10.1109/TITS.2021.3107336,Learning-Based Multi-Robot Formation Control With Obstacle Avoidance,C. Bai; P. Yan; W. Pan; J. Guo,2022,IEEE Transactions on Intelligent Transportation Systems,texto_integral,excluir,E8,
ieee,10.1109/IROS58592.2024.10801665,Language-Guided Pattern Formation for Swarm Robotics with Multi-Agent Reinforcement Learning,H. -S. Liu; S. Kuroki; T. Kozuno; W. -F. Sun; C. -Y. Lee,2024,2024 IEEE/RSJ International Conference on Intelligent Robots and Systems (IROS),texto_integral,incluir,,
ieee,10.1109/ICPS65515.2025.11087893,Enabling Symbiosis in Multi-Robot Systems Through Multi-Agent Reinforcement Learning,X. Niu; N. C. Barajas; D. G. Broo,2025,2025 IEEE 8th International Conference on Industrial Cyber-Physical Systems (ICPS),texto_integral,excluir,E8,
ieee,10.1109/ISITIA56226.2022.9855356,Robot Operating System (ROS) Framework for Swarm Drone Flight Controller,R. Mardiyanto; M. N. Hisak; T. Mujiono; H. Suryoatmojo,2022,2022 International Seminar on Intelligent Technology and Its Applications (ISITIA),titulo_resumo,excluir,E6,
ieee,10.1109/ICETCI64844.2025.11084228,Research and Application of Multi-Robot Collaboration Strategies Based on Deep Reinforcement Learning,X. Du,2025,"2025 IEEE 5th International Conference on Electronic Technology, Communication and Information (ICETCI)",texto_integral,excluir,E8,
ieee,10.1109/CAC67268.2025.11486874,Integrated Path Planning and Safety Control for Multi-Robot Systems in Post-Disaster Environments,X. Bu; J. Chu; Q. Yue,2025,2025 China Automation Congress (CAC),texto_integral,excluir,E8,
ieee,10.1109/Automation66991.2025.11389874,Multi-Objective Task Allocation and Path Planning in Heterogeneous Multi-Robot Systems Using Hierarchical Framework and Reinforcement Learning,S. H. Lo; R. Chen,2025,2025 International Conference on Automation Technology (Automation),texto_integral,excluir,E8,
ieee,10.1109/ACCESS.2025.3598345,Multi-Robot Cooperative Inspection Planning of Substation Based on Genetic Algorithm and Deep Reinforcement Learning,J. Liu; J. Wang; J. Peng; Y. Hong; T. Shao,2025,IEEE Access,texto_integral,excluir,E8,
ieee,10.23919/CCC64809.2025.11179572,Post-Disaster Multi-Robot Target Search Based on Improved Distributed Reinforcement Learning,Q. Zhang; Y. Feng; C. Li,2025,2025 44th Chinese Control Conference (CCC),texto_integral,excluir,E8,
ieee,10.1109/MED51440.2021.9480176,Distributed safe reinforcement learning for multi-robot motion planning,Y. Lu; Y. Guo; G. Zhao; M. Zhu,2021,2021 29th Mediterranean Conference on Control and Automation (MED),texto_integral,excluir,E8,
ieee,10.1109/RCAR65431.2025.11139421,Multi-robot Collision Avoidance in Non-communication Deep-Sea Environments via Reinforcement Learning,D. Li; Q. Zhang; Y. Ma; S. Miao; X. Li; S. Song,2025,2025 IEEE International Conference on Real-time Computing and Robotics (RCAR),texto_integral,excluir,E8,
ieee,10.1109/LRA.2021.3102636,Decentralized Multi-Robot Collision Avoidance in Complex Scenarios With Selective Communication,Y. Zhai; B. Ding; X. Liu; H. Jia; Y. Zhao; J. Luo,2021,IEEE Robotics and Automation Letters,texto_integral,excluir,E8,
ieee,10.1109/TNSM.2024.3406350,Energy Efficiency Deep Reinforcement Learning for URLLC in 5G Mission-Critical Swarm Robotics,T. M. Ho; K. -K. Nguyen; M. Cheriet,2024,IEEE Transactions on Network and Service Management,titulo_resumo,excluir,E6,
ieee,10.1109/CAC53003.2021.9728673,Multi-robot Cooperative Search Method Based on Biological Heuristic Algorithm,F. Yang; S. Li; C. Chen,2021,2021 China Automation Congress (CAC),texto_integral,excluir,E8,
ieee,10.1109/CYBER67662.2025.11168353,A Swarm of Minimalist Robots Traps a Moving Target Using Optical Interactions,J. Hou; Y. Qiu; Y. Yang; L. Liu,2025,"2025 IEEE 15th International Conference on CYBER Technology in Automation, Control, and Intelligent Systems (CYBER)",texto_integral,excluir,E8,
ieee,10.1109/ICIICS63763.2024.10859967,Multi Robot Cooperative Control Based on Edge Computing and Multi Agent Reinforcement Learning with Cooperative Planning,H. Yuan; C. Xu; F. Tu; A. Ma; H. Shi; S. Wei; Y. Zhang,2024,2024 International Conference on Integrated Intelligence and Communication Systems (ICIICS),texto_integral,excluir,E8,
ieee,10.1109/ACCESS.2026.3676798,"A Survey of Intelligent Mapless Multi-Robot Systems: Perception, Distributed Planning, and Predictive Cooperation",C. Jia; H. H. Teo; Y. J. King; X. Wen,2026,IEEE Access,titulo_resumo,excluir,E2,
ieee,10.1109/LRA.2022.3187529,Optimal Path and Timetable Planning Method for Multi-Robot Optimal Trajectory,C. Zhang; Y. Li; L. Zhou,2022,IEEE Robotics and Automation Letters,titulo_resumo,excluir,E6,
ieee,10.1109/ISIE45552.2021.9576188,Research on Search Algorithm by PSO with Virtual Pheromone and Dynamical Niche for Swarm Robots,H. Inahara; N. Motoi,2021,2021 IEEE 30th International Symposium on Industrial Electronics (ISIE),texto_integral,excluir,E8,
ieee,10.1109/CAC53003.2021.9728309,Research on Multi-robot Path Planning Method Based on Improved MADDPG Algorithm,P. Li; S. Jia; Z. Cai,2021,2021 China Automation Congress (CAC),texto_integral,excluir,E8,
ieee,10.1109/ROBIO55434.2022.10011827,Multi-Robot Real-time Game Strategy Learning based on Deep Reinforcement Learning,K. Deng; Y. Li; S. Lu; Y. Mu; X. Pang; Q. Liu,2022,2022 IEEE International Conference on Robotics and Biomimetics (ROBIO),texto_integral,excluir,E8,
ieee,10.1109/IROS58592.2024.10802510,Graph Neural Network-based Multi-agent Reinforcement Learning for Resilient Distributed Coordination of Multi-Robot Systems,A. Goeckner; Y. Sui; N. Martinet; X. Li; Q. Zhu,2024,2024 IEEE/RSJ International Conference on Intelligent Robots and Systems (IROS),texto_integral,excluir,E8,
ieee,10.1109/IROS58592.2024.10802212,Hierarchical Consensus-Based Multi-Agent Reinforcement Learning for Multi-Robot Cooperation Tasks,P. Feng; J. Liang; S. Wang; X. Yu; X. Ji; Y. Chen; K. Zhang; R. Shi; W. Wu,2024,2024 IEEE/RSJ International Conference on Intelligent Robots and Systems (IROS),texto_integral,excluir,E8,
ieee,10.1109/ACCESS.2025.3581807,Adaptive Multi-Robot Exploration for Unknown Environments Using Edge-Weighted Path Planning,F. Baghyari; T. Parsons; J. Seo; B. Kim; M. Kim; H. Lee,2025,IEEE Access,texto_integral,excluir,E8,
ieee,10.1109/ICOIN63865.2025.10992877,Swarm Control with Particle Filter for Search and Rescue Operations Using Mobile Robots,R. Murakami; H. Yomo; Y. Takizawa,2025,2025 International Conference on Information Networking (ICOIN),texto_integral,excluir,E8,
ieee,10.1109/EEiSS69782.2026.11584565,Self-Attention-Based Multi-Robot Collaborative Hunting Strategy,P. Tan; W. Lei; W. Wang; H. Wang; H. Luo,2026,2026 3rd International Conference on Electronic Engineering and Information Systems (EEISS),texto_integral,excluir,E8,
ieee,10.1109/ICMLA58977.2023.00146,Benchmarking Communicative Reinforcement Learning Frameworks on Multi-Robot Cooperative Tasks,M. N. Abbas; P. Liston; B. Lee; Y. Qiao,2023,2023 International Conference on Machine Learning and Applications (ICMLA),texto_integral,excluir,E8,
ieee,10.1109/CACS63404.2024.10773177,Multi-Robot Active Mapping based on Inverse Reinforcement Learning in Unknown Environments,P. -H. Hsieh; K. -Y. Wong,2024,2024 International Automatic Control Conference (CACS),texto_integral,excluir,E8,
ieee,10.1109/HORA49412.2020.9152861,Particle Swarm Optimization in Swarm Robotics,L. TÜRKLER; L. Ö. AKKAN; T. AKKAN,2020,"2020 International Congress on Human-Computer Interaction, Optimization and Robotic Applications (HORA)",texto_integral,excluir,E8,
ieee,10.1109/TIE.2023.3239876,Distributed Gossip-Triggered Control for Robot Swarms With Limited Communication Range,Z. Zhang; X. Zhao; B. Tao; H. Ding,2023,IEEE Transactions on Industrial Electronics,titulo_resumo,excluir,E6,
ieee,10.1109/ICRA57147.2024.10610375,MuRoSim – A Fast and Efficient Multi-Robot Simulation for Learning-based Navigation,C. Jestel; K. Rösner; N. Dietz; N. Bach; J. Eßer; J. Finke; O. Urbann,2024,2024 IEEE International Conference on Robotics and Automation (ICRA),texto_integral,excluir,E7,
ieee,10.1109/ICACR59381.2023.10314641,A Bi-objective Distributed Optimization Algorithm for Multi-target Encirclement of Multi-robot System with Optimal Formation,X. Meng; Q. Liu; Z. Zhang,2023,"2023 7th International Conference on Automation, Control and Robots (ICACR)",titulo_resumo,excluir,E6,
ieee,10.1109/LRA.2026.3699266,Prompt Optimization Through Reinforcement Learning for Generative Language Model Code Synthesis in Multi-Robot Systems,K. Kannan; J. Bae,2026,IEEE Robotics and Automation Letters,texto_integral,excluir,E7,
ieee,10.1109/CASE59546.2024.10711550,Online Multi-Robot Coverage Path Planning in Dynamic Environments Through Pheromone-Based Reinforcement Learning,K. Champagnie; B. Chen; F. Arvin; J. Hu,2024,2024 IEEE 20th International Conference on Automation Science and Engineering (CASE),texto_integral,excluir,E8,
ieee,10.1109/MSN69125.2025.00013,Deep Reinforcement Learning based Multi-Robot Search for Mobile Targets,S. Ye; Y. Li; H. Liu,2025,"2025 21st International Conference on Mobility, Sensing and Networking (MSN)",texto_integral,excluir,E8,
ieee,10.1109/GCCE62371.2024.10760511,Application of Supervisory Control to Arbitration for Multi-Robot Systems with Learning Robots,T. Yamasaki; T. Ushio,2024,2024 IEEE 13th Global Conference on Consumer Electronics (GCCE),titulo_resumo,excluir,E6,
ieee,10.1109/TCST.2024.3430128,Mixed Reality Environment and High-Dimensional Continuification Control for Swarm Robotics,G. Carlo Maffettone; L. Liguori; E. Palermo; M. Di Bernardo; M. Porfiri,2024,IEEE Transactions on Control Systems Technology,titulo_resumo,excluir,E6,
ieee,10.1109/LRA.2022.3224667,Deep Reinforcement Learning for Decentralized Multi-Robot Exploration With Macro Actions,A. H. Tan; F. P. Bejarano; Y. Zhu; R. Ren; G. Nejat,2023,IEEE Robotics and Automation Letters,texto_integral,incluir,,
ieee,10.1109/ISoIRS57349.2022.00039,Analysis of Swarm Robotics Cooperative Control Strategy from the Patent Perspective,X. Fang; H. Xu; B. Chen; K. Fang; G. Li; Z. Mao; L. Zheng; J. Jiang,2022,2022 International Symposium on Intelligent Robotics and Systems (ISoIRS),titulo_resumo,excluir,E2,
ieee,10.1109/SIEDS61124.2024.10534736,Evolutionary-based Coordination of Multi-Robot Systems with Dynamic Constraints,V. Shah; M. Heeter; J. Vallarino; P. Sherman; L. Bramblett; N. Bezzo,2024,2024 Systems and Information Engineering Design Symposium (SIEDS),texto_integral,excluir,E8,
ieee,10.1109/TASE.2024.3424677,Decision Making for Multi-Robot Fixture Planning Using Multi-Agent Reinforcement Learning,E. Canzini; M. Auledas-Noguera; S. Pope; A. Tiwari,2025,IEEE Transactions on Automation Science and Engineering,texto_integral,excluir,E7,
ieee,10.1109/ICPADS63350.2024.00083,From Agents to Robots: A Training and Evaluation Platform for Multi-robot Reinforcement Learning,Z. Liang; J. Cao; S. Jiang; D. Saxena; R. Cao; H. Xu,2024,2024 IEEE 30th International Conference on Parallel and Distributed Systems (ICPADS),texto_integral,excluir,E7,
ieee,10.1109/LRA.2025.3557751,Multi-Robot Reliable Navigation in Uncertain Topological Environments With Graph Attention Networks,Z. Yu; H. Guo; C. -M. Chew; A. H. Adiwahono; J. Chan; B. W. T. Shong; W. -Y. Yau,2025,IEEE Robotics and Automation Letters,texto_integral,excluir,E8,
ieee,10.1109/CYBER67662.2025.11168356,An Area Coverage Method in Unknown Environment Using a Self-Organized Robot Swarm,Y. Wang; F. Zhang; S. Yuan; Y. Yang,2025,"2025 IEEE 15th International Conference on CYBER Technology in Automation, Control, and Intelligent Systems (CYBER)",texto_integral,excluir,E8,
ieee,10.1109/MRS60187.2023.10416792,MARBLER: An Open Platform for Standardized Evaluation of Multi-Robot Reinforcement Learning Algorithms,R. J. Torbati; S. Lohiya; S. Singh; M. S. Nigam; H. Ravichandar,2023,2023 International Symposium on Multi-Robot and Multi-Agent Systems (MRS),texto_integral,excluir,E7,
ieee,10.1109/OTCON65728.2025.11070616,Optimized Motion Planning in Mobile Robots Using an Enhanced Bi-objective Salp Swarm Algorithm,S. Gupta; S. Gupta; B. V. Kumar; V. Kant; A. Kumar; S. Bharany,2025,2025 4th OPJU International Technology Conference (OTCON) on Smart Computing for Innovation and Advancement in Industry 5.0,titulo_resumo,excluir,E1,
ieee,10.1109/IRAC67707.2025.11381124,Heterogeneous Graph Attention Networks for Multi-Robot Task Allocation,Y. Hu; D. Liu; J. Li; T. Wu,2025,2025 International Conference on Intelligent Robotics and Automatic Control (IRAC),texto_integral,excluir,E7,
ieee,10.1109/SMC52423.2021.9658795,Multi-robot Information Sampling Using Deep Mean Field Reinforcement Learning,T. Said; J. Wolbert; S. Khodadadeh; A. Dutta; O. P. Kreidl; L. Bölöni; S. Roy,2021,"2021 IEEE International Conference on Systems, Man, and Cybernetics (SMC)",texto_integral,excluir,E8,
ieee,10.1109/TASE.2025.3579736,Autonomous and Adaptive Role Selection for Multi-Robot Collaborative Area Search Based on Deep Reinforcement Learning,L. Zhu; J. Cheng; H. Zhang; Z. Cui; W. Zhang; Y. Liu,2025,IEEE Transactions on Automation Science and Engineering,texto_integral,incluir,,
ieee,10.1109/ACCESS.2023.3244911,Dynamic Elliptical Shaping Control for Swarm Robots,S. T. Hart; J. Kamenetsky; C. A. Kitts,2023,IEEE Access,titulo_resumo,excluir,E6,
ieee,10.1109/TASE.2025.3605990,A Mixed-Reality-Augmented Deep Reinforcement Learning Approach for Multi-Robot Safe Motion Generation in Human–Robot Collaborative Manufacturing Cells,C. Li; Y. Yin; H. Ye; P. Zheng; S. K. Gupta,2025,IEEE Transactions on Automation Science and Engineering,texto_integral,excluir,E8,
ieee,10.1109/CCE56709.2022.9975963,Multi-Robot Flocking Control Using Multi-Agent Twin Delayed Deep Deterministic Policy Gradient,M. S. Youssef; N. Adel Hassan; A. El-Badawy,2022,"2022 19th International Conference on Electrical Engineering, Computing Science and Automatic Control (CCE)",texto_integral,excluir,E8,
ieee,10.1109/ICRA55743.2025.11128456,TaskExp: Enhancing Generalization of Multi-Robot Exploration with Multi-Task Pre-Training,S. Zhu; Y. Zhao; Y. Xu; A. Chen; J. Chen; J. Xu,2025,2025 IEEE International Conference on Robotics and Automation (ICRA),texto_integral,incluir,,
ieee,10.1109/ICCC62069.2024.10569667,Swarm Robots Modelling,W. Rączka; D. Marszalik,2024,2024 25th International Carpathian Control Conference (ICCC),texto_integral,excluir,E8,
ieee,10.1109/ICRA57147.2024.10610484,Multi-Robot Informative Path Planning from Regression with Sparse Gaussian Processes,K. Jakkala; S. Akella,2024,2024 IEEE International Conference on Robotics and Automation (ICRA),titulo_resumo,excluir,E6,
ieee,10.1109/ACCESS.2025.3626283,Federated Reinforcement Learning and Deep Q-Network: Improving Fault Tolerance and Energy Consumption in Swarm Robotics for Mine Prospection Missions,A. Hafid; R. Hocine; L. Guezouli; H. Moumen,2025,IEEE Access,texto_integral,excluir,E8,
ieee,10.1109/HPBDIS49115.2020.9130566,Parameter Identification of Collaborative Robot Based on Improved Artificial Fish Swarm Algorithm,Y. Liu; Z. Hou; H. Wang; J. Liang; G. Yang; Y. Zhang; Z. Xu; W. Wang,2020,2020 International Conference on High Performance Big Data and Intelligent Systems (HPBD&IS),titulo_resumo,excluir,E1,
ieee,10.1109/CEC55065.2022.9870229,A Noise-Resistant Mixed-Discrete Particle Swarm Optimization Algorithm for the Automatic Design of Robotic Controllers,C. Baumann; A. Martinoli,2022,2022 IEEE Congress on Evolutionary Computation (CEC),texto_integral,incluir,,
ieee,10.1109/IROS51168.2021.9635836,MAMBPO: Sample-efficient multi-robot reinforcement learning using learned world models,D. Willemsen; M. Coppola; G. C. H. E. de Croon,2021,2021 IEEE/RSJ International Conference on Intelligent Robots and Systems (IROS),texto_integral,excluir,E8,
ieee,10.1109/CFASTA57821.2023.10243195,Multi-Robot Motion Planning: A Learning-Based Artificial Potential Field Solution,D. Zhang; G. Zhu; Q. Zhang,2023,2023 2nd Conference on Fully Actuated System Theory and Applications (CFASTA),texto_integral,excluir,E8,
ieee,10.1109/IROS58592.2024.10801743,D3G: Learning Multi-robot Coordination from Demonstrations,Y. Zhou; W. Jin; X. Wang,2024,2024 IEEE/RSJ International Conference on Intelligent Robots and Systems (IROS),texto_integral,incluir,,
ieee,10.1109/IROS58592.2024.10802518,Efficient Global Trajectory Planning for Multi-robot System with Affinely Deformable Formation,H. Sha; Y. Cui; W. Lu; D. Zhang; C. Wang; J. Wu; R. Xiong; Y. Wang,2024,2024 IEEE/RSJ International Conference on Intelligent Robots and Systems (IROS),titulo_resumo,excluir,E6,
ieee,10.1109/ICRA48891.2023.10160947,Show me What you want: Inverse Reinforcement Learning to Automatically Design Robot Swarms by Demonstration,I. Gharbi; J. Kuckling; D. G. Ramos; M. Birattari,2023,2023 IEEE International Conference on Robotics and Automation (ICRA),texto_integral,excluir,E8,
ieee,10.1109/TITS.2023.3344518,Hierarchical Perception-Improving for Decentralized Multi-Robot Motion Planning in Complex Scenarios,Y. Jia; Y. Song; B. Xiong; J. Cheng; W. Zhang; S. X. Yang; S. Kwong,2024,IEEE Transactions on Intelligent Transportation Systems,texto_integral,excluir,E8,
ieee,10.1109/MRS50823.2021.9620707,Learning Robot Swarm Tactics over Complex Adversarial Environments,A. Behjat; H. Manjunatha; P. K. Kumar; A. Jani; L. Collins; P. Ghassemi; J. Distefano; D. Doermann; K. Dantu; E. Esfahani; S. Chowdhury,2021,2021 International Symposium on Multi-Robot and Multi-Agent Systems (MRS),texto_integral,incluir,,
ieee,10.1109/TVT.2026.3705965,Target Search and Cost-Optimal Navigation in Unknown Environments for Multi-Robot Systems,G. Pan; C. Deng; S. Fan; Y. Xie; C. Shang; S. Hui; Q. -Y. Fan,2026,IEEE Transactions on Vehicular Technology,texto_integral,excluir,E8,
ieee,10.1109/ICRA55743.2025.11127700,MARVEL: Multi-Agent Reinforcement Learning for Constrained Field-of-View Multi-Robot Exploration in Large-Scale Environments,J. Chiun; S. Zhang; Y. Wang; Y. Cao; G. Sartoretti,2025,2025 IEEE International Conference on Robotics and Automation (ICRA),texto_integral,incluir,,
ieee,10.1109/TASE.2024.3435443,Social-Learning Coordination of Collaborative Multi-Robot Systems Achieves Resilient Production in a Smart Factory,Z. Nie; K. -C. Chen; K. Jin Kim,2025,IEEE Transactions on Automation Science and Engineering,texto_integral,excluir,E7,
ieee,10.1109/LRA.2025.3573627,Game-Based Social Learning Particle Swarm Optimizer for Inverse Kinematics of Robotic Arms,K. Hu; Z. Ma; S. Zou; J. Li; J. Zhang,2025,IEEE Robotics and Automation Letters,titulo_resumo,excluir,E1,
ieee,10.1109/ICRA55743.2025.11128566,Reinforcement Learning Driven Multi-Robot Exploration via Explicit Communication and Density-Based Frontier Search,G. Calzolari; V. Sumathy; C. Kanellakis; G. Nikolakopoulos,2025,2025 IEEE International Conference on Robotics and Automation (ICRA),texto_integral,incluir,,
ieee,10.1109/LRA.2025.3534682,Heterogeneous Multi-robot Task Allocation and Scheduling via Reinforcement Learning,W. Dai; U. Rai; J. Chiun; Y. Cao; G. Sartoretti,2025,IEEE Robotics and Automation Letters,texto_integral,excluir,E7,
ieee,10.1109/LRA.2024.3366414,Initial Task Allocation in Multi-Human Multi-Robot Teams: An Attention-Enhanced Hierarchical Reinforcement Learning Approach,R. Wang; D. Zhao; A. Gupte; B. -C. Min,2024,IEEE Robotics and Automation Letters,texto_integral,excluir,E7,
ieee,10.1109/LRA.2025.3611118,Learning Routing Policy With Spatial Awareness: A Distance-Based Attention Mechanism for Multi-Robot Routing With Time Windows in Multi-Product Delivery,S. Qu; G. Hu,2025,IEEE Robotics and Automation Letters,texto_integral,excluir,E7,
ieee,10.1109/LRA.2025.3557224,ArenaSim: A High-Performance Simulation Platform for Multi-Robot Self-Play Learning,Y. Ke; S. Li; Z. Li; H. Li; Y. Liu; Y. He,2025,IEEE Robotics and Automation Letters,texto_integral,excluir,E7,
ieee,10.1109/ICESIC67389.2026.11496603,Novel Approach for Design of Autonomous Multi-Robot Networks with Efficient Deployment and Obstacle Avoidance in Unknown Environments,R. Premalatha; A. Vanathi; A. K. Selvam; V. Vakucherla; S. A. Shifani; R. Kamalakannan,2026,2026 International Conference on Electronic Systems and Intelligent Computing (ICESIC),texto_integral,excluir,E8,
ieee,10.1109/JIOT.2026.3699696,Advancing Multi-Robot Task Allocation: A Comprehensive Review of Emerging Trends and Challenges,S. I. D. Bakhat; I. Ullah; X. Bai; W. Zhang; J. Li; S. S. Ge,2026,IEEE Internet of Things Journal,titulo_resumo,excluir,E2,
ieee,10.1109/ICRA46639.2022.9811673,Multi-Robot Persistent Environmental Monitoring Based on Constraint-Driven Execution of Learned Robot Tasks,G. Notomista; C. Pacchierotti; P. R. Giordano,2022,2022 International Conference on Robotics and Automation (ICRA),texto_integral,excluir,E8,
ieee,10.1109/LRA.2025.3643304,An Intention-Guided Reinforcement Learning Approach With Dirichlet Energy Constraint for Heterogeneous Multi-Robot Cooperation,H. Zhang; Y. Jia; Z. Sun; Y. Song; B. Pang; X. Yuan; R. Song; S. X. Yang,2026,IEEE Robotics and Automation Letters,texto_integral,excluir,E8,
ieee,10.1109/ICARM65671.2025.11293496,Differentiable Function-Based Control for Multi-Robot Systems in Pursuit-Evasion Games,Z. Zhang; L. Zhang; X. Guo,2025,2025 International Conference on Advanced Robotics and Mechatronics (ICARM),titulo_resumo,excluir,E6,
ieee,10.1109/ROBIO58561.2023.10354839,Double-Layer Multi-robot Path Planner based on Deep Multiple Dueling Network Agent,M. Zhao; Q. Wu; W. Zhao; R. Lin,2023,2023 IEEE International Conference on Robotics and Biomimetics (ROBIO),texto_integral,excluir,E8,
ieee,10.1109/ICSCDS53736.2022.9760883,A Detailed Review of Swarm Robotics and its Significance,S. Rooban; M. Javaraiu; I. T. J. S; P. P. Sagar,2022,2022 International Conference on Sustainable Computing and Data Communication Systems (ICSCDS),titulo_resumo,excluir,E2,
ieee,10.1109/LRA.2025.3592080,Learning Policies for Dynamic Coalition Formation in Multi-Robot Task Allocation,L. C. D. Bezerra; A. M. G. d. Santos; S. Park,2025,IEEE Robotics and Automation Letters,texto_integral,excluir,E7,
ieee,10.1109/MRS66243.2025.11357255,Destination-to-Chutes Task Mapping Optimization for Multi-Robot Coordination in Robotic Sorting Systems,Y. Zhang; A. O. G. Barbosa; F. Pecora; J. Li,2025,2025 IEEE International Symposium on Multi-Robot and Multi-Agent Systems (MRS),titulo_resumo,excluir,E6,
ieee,10.1109/SII59315.2025.10870944,Task-priority Intermediated Hierarchical Distributed Policies: Reinforcement Learning of Adaptive Multi-robot Cooperative Transport,Y. Naito; T. Jimbo; T. Odashima; T. Matsubara,2025,2025 IEEE/SICE International Symposium on System Integration (SII),texto_integral,excluir,E8,
ieee,10.1109/HORA52670.2021.9461388,Control of swarm robotics in Webots with PSO,L. TÜRKLER; T. Akkan; L. Ö. AKKAN,2021,"2021 3rd International Congress on Human-Computer Interaction, Optimization and Robotic Applications (HORA)",texto_integral,excluir,E8,
ieee,10.1109/LCN65610.2025.11146333,Demo: Towards 6G-Enabled Multi-Robot Process Orchestration in Complex Logistics Environments,J. Freytag; I. F. Priyanta; R. Ahlbäumer; S. Kauffmann; J. Emmerich,2025,2025 IEEE 50th Conference on Local Computer Networks (LCN),titulo_resumo,excluir,E6,
ieee,10.1109/ICICIP67436.2026.11417619,Emulating Human-Like Cognition for Heterogeneous Multi-Robot Exploration in Unknown Hazardous Environments,Z. Zhao; Z. Liu; H. Wang,2026,2026 14th International Conference on Intelligent Control and Information Processing (ICICIP),texto_integral,excluir,E8,
ieee,10.1109/ICMA57826.2023.10216067,An Optimised Robot Swarm Flocking with Genetic Algorithm,M. Bahaidarah; O. Marjanovic; F. Rekabi-Bana; F. Arvin,2023,2023 IEEE International Conference on Mechatronics and Automation (ICMA),texto_integral,excluir,E8,
ieee,10.1109/TETCI.2025.3526263,SMC-Searcher: Signal Mediated Coordination for Decentralized Multi-Robot Adversarial Moving Target Search,Q. Peng; H. Guo; B. Li; C. -Y. Wen; Y. Jin,2025,IEEE Transactions on Emerging Topics in Computational Intelligence,texto_integral,excluir,E8,
ieee,10.1109/LRA.2020.3013920,Decentralized Function Approximated Q-Learning in Multi-Robot Systems For Predator Avoidance,R. Konda; H. M. La; J. Zhang,2020,IEEE Robotics and Automation Letters,texto_integral,incluir,,
ieee,10.1109/LRA.2024.3360013,Transferability in the Automatic Off-Line Design of Robot Swarms: From Sim-to-Real to Embodiment and Design-Method Transfer Across Different Platforms,M. Kegeleirs; D. G. Ramos; K. Hasselmann; L. Garattoni; G. Francesca; M. Birattari,2024,IEEE Robotics and Automation Letters,texto_integral,incluir,,
ieee,10.1109/IROS55552.2023.10342416,Reinforced Potential Field for Multi-Robot Motion Planning in Cluttered Environments,D. Zhang; X. Zhang; Z. Zhang; B. Zhu; Q. Zhang,2023,2023 IEEE/RSJ International Conference on Intelligent Robots and Systems (IROS),texto_integral,excluir,E8,
ieee,10.1109/ICDCS68853.2026.11510830,Quantum-Inspired approaches to Multi-robot Scheduling and Control using QAOA and VQE,R. S; J. M; M. S; B. A. Kumar; S. Balaji K; L. M,2026,"2026 8th International Conference on Devices, Circuits, and Systems (ICDCS)",titulo_resumo,excluir,E6,
ieee,10.1109/COMM70054.2026.11591388,Decentralized swarm robotics exploration using Levy flight and short-term memory,A. Dutceac; I. -C. Vizitiu,2026,2026 16th International Conference on Communications (COMM),texto_integral,excluir,E8,
ieee,10.1109/ACCESS.2020.3030190,"Collaborative Multi-Robot Search and Rescue: Planning, Coordination, Perception, and Active Vision",J. P. Queralta; J. Taipalmaa; B. Can Pullinen; V. K. Sarker; T. Nguyen Gia; H. Tenhunen; M. Gabbouj; J. Raitoharju; T. Westerlund,2020,IEEE Access,titulo_resumo,excluir,E2,
ieee,10.1109/ICIBA50161.2020.9276497,A Decentralized Hybrid Method for Goal Assignment in Multi-Robot Exploration,B. Tong; Q. Liu; C. Dai,2020,"2020 IEEE International Conference on Information Technology,Big Data and Artificial Intelligence (ICIBA)",titulo_resumo,excluir,E6,
ieee,10.23919/CCC63176.2024.10661715,Efficient Heuristic Algorithm for Precedence-Constrained Multi-Robot Task Assignment,X. Bai; B. Li; F. Liu; L. Qiu; G. Cao,2024,2024 43rd Chinese Control Conference (CCC),titulo_resumo,excluir,E6,
ieee,10.1109/ACCESS.2019.2963039,Max-Plus Approach Based Intelligent Coordinated Transmission for Robot Swarms,S. Zhong; Z. Zheng,2020,IEEE Access,titulo_resumo,excluir,E6,
ieee,10.1109/TETCI.2021.3127925,Multi-Robot Learning Dynamic Obstacle Avoidance in Formation With Information-Directed Exploration,J. Cao; Y. Wang; Y. Liu; X. Ni,2022,IEEE Transactions on Emerging Topics in Computational Intelligence,texto_integral,excluir,E8,
ieee,10.1109/ACCESS.2020.2994151,Swarm Robots Search for Multiple Targets,Q. Tang; F. Yu; Z. Xu; P. Eberhard,2020,IEEE Access,texto_integral,excluir,E8,
ieee,10.1109/TIFS.2023.3346647,Robust Motion Planning for Multi-Robot Systems Against Position Deception Attacks,W. Tang; Y. Zhou; Y. Liu; Z. Ding; J. Liu,2024,IEEE Transactions on Information Forensics and Security,texto_integral,excluir,E8,
ieee,10.1109/TVT.2025.3581872,Safe Learning for Multi-Robot Mapless Exploration,W. Liu; H. Niu; K. Wu; W. Pan; Z. Ji; R. Skilton,2025,IEEE Transactions on Vehicular Technology,texto_integral,excluir,E8,
ieee,10.1109/CIS-RAM55796.2023.10370011,Advancements and Challenges of Information Integration in Swarm Robotics,T. J. Ding; C. Chao Kang; W. Han; M. Ariannejad; L. Y. Kang; C. Khai Ren,2023,"2023 IEEE International Conference on Cybernetics and Intelligent Systems (CIS) and IEEE Conference on Robotics, Automation and Mechatronics (RAM)",titulo_resumo,excluir,E2,
ieee,10.1109/SATC69565.2026.11542234,Voice- and Text-Based Tasking for Swarm Robotics: A Leader-Centric Coordination Framework,Q. U. A. Z. Z. Mirza; R. Kanwal; H. Ashraf; N. Jhanjhi; A. Reza,2026,"2026 IEEE 2nd International Conference on Secure IoT, Assured and Trusted Computing (SATC)",titulo_resumo,excluir,E6,
ieee,10.1109/ACIRS49895.2020.9162613,Universal 2-Dimensional Terrain Marking for Autonomous Robot Swarms,A. R. Cheraghi; A. Abdelgalil; K. Graffi,2020,2020 5th Asia-Pacific Conference on Intelligent Robot Systems (ACIRS),titulo_resumo,excluir,E6,
ieee,10.1109/IROS60139.2025.11247312,ICCO: Learning an Instruction-conditioned Coordinator for Language-guided Task-aligned Multi-robot Control,Y. Yano; K. Shibata; M. Kokshoorn; T. Matsubara,2025,2025 IEEE/RSJ International Conference on Intelligent Robots and Systems (IROS),texto_integral,excluir,E8,
ieee,10.1109/ICRA40945.2020.9196684,Learning Multi-Robot Decentralized Macro-Action-Based Policies via a Centralized Q-Net,Y. Xiao; J. Hoffman; T. Xia; C. Amato,2020,2020 IEEE International Conference on Robotics and Automation (ICRA),texto_integral,excluir,E8,
ieee,10.1109/IROS45743.2020.9341762,With Whom to Communicate: Learning Efficient Communication for Multi-Robot Collision Avoidance,Á. Serra-Gómez; B. Brito; H. Zhu; J. J. Chung; J. Alonso-Mora,2020,2020 IEEE/RSJ International Conference on Intelligent Robots and Systems (IROS),texto_integral,excluir,E8,
ieee,10.23919/CSMS.2023.0022,Multi-Objective Rule System Based Control Model with Tunable Parameters for Swarm Robotic Control in Confined Environment,Y. Wang; L. Xing; J. Wang; T. Xie; L. Chen,2024,Complex System Modeling and Simulation,texto_integral,excluir,E8,
ieee,10.1109/ICARM65671.2025.11293584,DDPG-Based Pursuit-Evasion Games of Scale-Variable Multi-Robot Systems Using Zero-Padding*,T. Zhao; X. Guo; H. Yang; W. Yan; R. Cui,2025,2025 International Conference on Advanced Robotics and Mechatronics (ICARM),texto_integral,excluir,E8,
ieee,10.1109/ICEEM52022.2021.9480617,Employment of Task Scheduling based on Water Wave Optimization in Multi Robot System,D. A. Amer; G. Attiya; I. Zeidan; A. A. Nasr,2021,2021 International Conference on Electronic Engineering (ICEEM),texto_integral,excluir,E7,
ieee,10.1109/ICRA57147.2024.10611309,Automatically designing robot swarms in environments populated by other robots: an experiment in robot shepherding,D. G. Ramos; M. Birattari,2024,2024 IEEE International Conference on Robotics and Automation (ICRA),texto_integral,incluir,,
ieee,10.1109/SMC54092.2024.10831071,Dynamic Subgoal Based Path Formation and Task Allocation: A NeuroFleets Approach to Scalable Swarm Robotics,R. Peter; L. Ratnabala; E. Y. Andrew Charles; D. Tsetserukou,2024,"2024 IEEE International Conference on Systems, Man, and Cybernetics (SMC)",texto_integral,incluir,,
ieee,10.1109/SMC54092.2024.10831972,Heterogeneous Robot Swarms with an Attention Mechanism for Dynamic Target Tracking,Z. Zhou; B. Chen; C. Ouyang; X. Dong; S. Liu; L. Hu; Y. Xie; Z. Zhao; Z. Gan,2024,"2024 IEEE International Conference on Systems, Man, and Cybernetics (SMC)",texto_integral,excluir,E8,
ieee,10.1109/LRA.2022.3214446,Learning to Coordinate for a Worker-Station Multi-Robot System in Planar Coverage Tasks,J. Tang; Y. Gao; T. L. Lam,2022,IEEE Robotics and Automation Letters,texto_integral,incluir,,
ieee,10.1109/ACCESS.2026.3680629,Hybrid Coordination Framework for Centralized Task Allocation and Execution in Heterogeneous Multi-Robot Systems,G. Varghese T.; S. Kochuvila; N. Kumar; R. R. V. Prasad,2026,IEEE Access,titulo_resumo,excluir,E6,
ieee,10.1109/ICRA57147.2024.10610420,Meta-Reinforcement Learning Based Cooperative Surface Inspection of 3D Uncertain Structures using Multi-robot Systems,J. Chen; Y. Gao; J. Hu; F. Deng; T. L. Lam,2024,2024 IEEE International Conference on Robotics and Automation (ICRA),texto_integral,excluir,E8,
ieee,10.1109/MASS58611.2023.00032,Bio-inspired Decentralized Multi-robot Exploration in Unknown Environments,J. Wang; B. Guo; K. Zhao; S. Liu; Z. Yu,2023,2023 IEEE 20th International Conference on Mobile Ad Hoc and Smart Systems (MASS),texto_integral,excluir,E8,
ieee,10.1109/IC3IT69043.2026.11567553,FLSTM: Enhancing FRL in Swarm Robotics through Sequential Decision-Making for Optimal Energy and Robustness : The Second International Conference on Innovative and Intelligent Information Technologies (IC3IT’26),A. Hafid; R. Hocine; L. Guezouli; H. Moumen,2026,2025 2nd International Conference on Innovative and Intelligent Information Technologies (IC3IT),texto_integral,excluir,E8,
ieee,10.1109/ComComAp68359.2025.11353167,Hybrid Multiverse-based Parallel Computing Framework for Task Scheduling in Swarm Robotics,M. Mokhtari; D. Scalais; J. Famaey,2025,"2025 Computing, Communications and IoT Applications (ComComAp)",texto_integral,excluir,E7,
ieee,10.1109/ICUS61736.2024.10840067,A Multi-Robot Task Allocation Method Based on Graph Attention Network and Unsupervised Learning,Z. Wu; Z. Li; D. Zhu; Q. Liao; W. Yao,2024,2024 IEEE International Conference on Unmanned Systems (ICUS),texto_integral,excluir,E7,
ieee,10.1109/JSEN.2020.3013265,"Current Algorithms, Communication Methods and Designs for Underwater Swarm Robotics: A Review",J. Connor; B. Champion; M. A. Joordens,2021,IEEE Sensors Journal,titulo_resumo,excluir,E2,
ieee,10.1109/ICARSC70216.2026.11523247,Hybrid Heuristic-Evolutionary Optimization with Dynamic Multi-Path Routing for Multi-Robot Logistics in Constrained Environments,R. Silva; D. F. Gomes; V. H. Pinto; G. Gonçalves; G. Teixeira,2026,2026 IEEE International Conference on Autonomous Robot Systems and Competitions (ICARSC),texto_integral,excluir,E7,
ieee,10.1109/IROS55552.2023.10341947,Game-Theoretical Approach to Multi-Robot Task Allocation Using a Bio-Inspired Optimization Strategy,S. Chen; T. X. Lin; F. Zhang,2023,2023 IEEE/RSJ International Conference on Intelligent Robots and Systems (IROS),texto_integral,excluir,E7,
ieee,10.1109/ICMLAS64557.2025.10968795,Coordination Frameworks for IoT-Driven Swarm Robotics Communication,A. K. Agrawal; J. Kumar; A. Kumar; Anumeha; A. R. Yadav,2025,2025 International Conference on Machine Learning and Autonomous Systems (ICMLAS),titulo_resumo,excluir,E6,
ieee,10.1109/TFR.2024.3502316,Can a Single Human Supervise a Swarm of 100 Heterogeneous Robots?,J. A. Adams; J. Hamell; P. Walker,2025,IEEE Transactions on Field Robotics,titulo_resumo,excluir,E6,
ieee,10.23919/ICCAS63016.2024.10773308,STAR: Swarm Technology for Aerial Robotics Research,J. Chiun; Y. R. Tan; Y. Cao; J. Tan; G. Sartoretti,2024,"2024 24th International Conference on Control, Automation and Systems (ICCAS)",titulo_resumo,excluir,E6,
ieee,10.1109/MEET67398.2025.11335899,FedPPO: Federated Proximal Policy Optimization for Multi-Robot Collision Avoidance,X. An; Z. Du; Y. Lin; J. Wu; J. Chen; A. Shan; X. Li; M. Lin,2025,2025 International Conference on Meta-Networking (MEET),texto_integral,excluir,E8,
ieee,10.1109/AERO63441.2025.11068694,Cooperation and Coordination Principles for Icy Moon Exploration with Autonomous Multi Robot Systems,A. M. J. Skulimowski,2025,2025 IEEE Aerospace Conference,titulo_resumo,excluir,E2,
ieee,10.1109/CASE56687.2023.10260365,Towards Flexible Manufacturing: Motion Generation Concept for Coupled Multi-Robot Systems,Y. Tang; W. Shen; I. Mamaev; B. Hein,2023,2023 IEEE 19th International Conference on Automation Science and Engineering (CASE),titulo_resumo,excluir,E6,
ieee,10.1109/SSRR62954.2024.10770001,Heterogeneous Multi-Robot Person-Following in Constrained Environments,O. A. Miller; J. M. Gregory; C. Reardon,2024,2024 IEEE International Symposium on Safety Security Rescue Robotics (SSRR),texto_integral,excluir,E8,
ieee,10.1109/LRA.2026.3685932,Multi-Robot Motion Planning From Vision and Language Using Heat-Inspired Diffusion,J. Chae; J. Chang; S. Yeom; Y. Kim; J. Choi,2026,IEEE Robotics and Automation Letters,texto_integral,excluir,E8,
ieee,10.1109/IROS60139.2025.11247120,GIPD: Global Intent Prediction and Decomposition of Cooperative Multi-Robot System in Non-Communication Environments,Y. Zhao; Z. Liu; H. Wei; K. Wang; H. Wang; D. Zhai; K. Jin; H. Shao,2025,2025 IEEE/RSJ International Conference on Intelligent Robots and Systems (IROS),texto_integral,excluir,E8,
ieee,10.1109/ACCESS.2021.3055852,Novel Implementation of Multi-Robot Space Exploration Utilizing Coordinated Multi-Robot Exploration and Frequency Modified Whale Optimization Algorithm,F. Gul; I. Mir; W. Rahiman; T. U. Islam,2021,IEEE Access,texto_integral,excluir,E8,
ieee,10.1109/ICPCSN65854.2025.11035980,Intelligent Swarm Robotics for Disaster Response and Obstacle Avoidance,S. R B; S. S. T B; D. Gururaj,2025,2025 5th International Conference on Pervasive Computing and Social Networking (ICPCSN),texto_integral,excluir,E8,
ieee,10.1109/TSG.2025.3618899,Planning and Integration of a Multi-Robot Adaptive Charging Network for Voltage Regulation via Unscented Kalman Filter-Based Deep Reinforcement Learning,S. An; J. Qiu; J. Lin; X. Sun; B. Liu; Z. Yuan,2026,IEEE Transactions on Smart Grid,titulo_resumo,excluir,E6,
ieee,10.1109/LRA.2024.3358095,Communication-Efficient Multi-Robot Exploration Using Coverage-Biased Distributed Q-Learning,E. Latif; R. Parasuraman,2024,IEEE Robotics and Automation Letters,texto_integral,excluir,E8,
ieee,10.1109/ICIIET65921.2025.11378637,Swarm-Based Task Scheduling Algorithm for Real-Time Industrial Robotic IoT Control Systems,R. C. Gurung; M. K. Yahya-Imam,2025,2025 International Conference on Intelligent Innovations in Engineering and Technology (ICIIET),texto_integral,excluir,E7,
ieee,10.1109/ACCESS.2023.3336560,Multi-Robot Gas Sources Localization and Mapping Using Adaptive Voronoi-PSO and Bayesian Inference,Y. A. Prabowo; B. R. Trilaksono; E. M. I. Hidayat; B. Yuliarto,2023,IEEE Access,texto_integral,excluir,E8,
ieee,10.1109/IROS58592.2024.10801558,Multi-Robot Path Planning With Boolean Specification Tasks Under Motion Uncertainties,Z. Zhang; Z. He; N. Ran; M. Reniers,2024,2024 IEEE/RSJ International Conference on Intelligent Robots and Systems (IROS),titulo_resumo,excluir,E6,
ieee,10.1109/ICC64753.2024.10883732,A Modular Training Approach for Multi-Robot Cooperative Search in Dynamic Environments,Y. Dasgaonkar; R. S. Sharma; R. N. Samant,2024,2024 Tenth Indian Control Conference (ICC),texto_integral,excluir,E8,
ieee,10.1109/YAC53711.2021.9486582,Quantum-Behaved Multi-Robot Plume Source Localization with Formation Maintenance and Obstacle Avoidance,R. -G. Li; H. -N. Wu,2021,2021 36th Youth Academic Annual Conference of Chinese Association of Automation (YAC),texto_integral,excluir,E8,
ieee,10.1109/IROS58592.2024.10802324,Learning from Demonstration Framework for Multi-Robot Systems Using Interaction Keypoints and Soft Actor-Critic Methods,V. L. N. Venkatesh; B. -C. Min,2024,2024 IEEE/RSJ International Conference on Intelligent Robots and Systems (IROS),texto_integral,excluir,E8,
ieee,10.23919/CSMS.2024.0006,Adaptive Memetic Algorithm with Dual-Level Local Search for Cooperative Route Planning of Multi-Robot Surveillance Systems,H. Cheng; J. Yi; W. Xia; H. Pu; J. Luo,2024,Complex System Modeling and Simulation,texto_integral,excluir,E8,
ieee,10.1109/ICRA48891.2023.10161476,"Learning Augmented, Multi-Robot Long-Horizon Navigation in Partially Mapped Environments",A. Khanal; G. J. Stein,2023,2023 IEEE International Conference on Robotics and Automation (ICRA),texto_integral,excluir,E8,
ieee,10.1109/ICC45041.2023.10278719,Socially Networked Multi-Robot System of Time-Sensitive Multi-Link Access in a Smart Factory,Z. Nie; K. -C. Chen; Y. Alanezi,2023,ICC 2023 - IEEE International Conference on Communications,titulo_resumo,excluir,E6,
ieee,10.1109/TASE.2023.3343449,Multi-Station Multi-Robot Welding System Planning and Scheduling Based on STNSGA-D: An Industrial Case Study,Y. Wang; X. Wang; S. Chen; X. Gu,2024,IEEE Transactions on Automation Science and Engineering,texto_integral,excluir,E7,
ieee,10.1109/LRA.2022.3146912,H2GNN: Hierarchical-Hops Graph Neural Networks for Multi-Robot Exploration in Unknown Environments,H. Zhang; J. Cheng; L. Zhang; Y. Li; W. Zhang,2022,IEEE Robotics and Automation Letters,texto_integral,excluir,E8,
ieee,,Game-theoretic Utility Tree for Multi-Robot Cooperative Pursuit Strategy,Q. Yang; R. Parasuraman,2022,ISR Europe 2022; 54th International Symposium on Robotics,titulo_resumo,excluir,E6,
ieee,10.1109/ICRAS65818.2025.11108942,High-Precision Dynamics Modeling of Robots Integrating Swarm Intelligence Algorithms,P. Tianchen; W. Taohan; H. Tianjiao,2025,2025 9th International Conference on Robotics and Automation Sciences (ICRAS),titulo_resumo,excluir,E1,
ieee,10.1109/LRA.2025.3627118,SPACE: 3D Spatial Co-Operation and Exploration Framework for Robust Mapping and Coverage With Multi-Robot Systems,S. K. Ghanta; R. Parasuraman,2025,IEEE Robotics and Automation Letters,titulo_resumo,excluir,E6,
ieee,10.1109/ICRA55743.2025.11127982,Enabling Multi-Robot Collaboration from Single-Human Guidance,Z. Ji; L. Zhang; P. Sajda; B. Chen,2025,2025 IEEE International Conference on Robotics and Automation (ICRA),texto_integral,excluir,E8,
ieee,10.1109/IROS58592.2024.10801908,Inverse Submodular Maximization with Application to Human-in-the-Loop Multi-Robot Multi-Objective Coverage Control,G. Shi; G. S. Sukhatme,2024,2024 IEEE/RSJ International Conference on Intelligent Robots and Systems (IROS),titulo_resumo,excluir,E6,
ieee,10.1109/ICAR65334.2025.11338679,Intermittent Rendezvous Plans with Mixed Integer Linear Program for Large-Scale Multi-Robot Exploration,A. R. da Silva; L. Chaimowicz,2025,2025 IEEE International Conference on Advanced Robotics (ICAR),titulo_resumo,excluir,E6,
ieee,10.1109/LRA.2025.3627093,Onboard Mission Replanning for Adaptive Cooperative Multi-Robot Systems,E. Kwan; R. Qureshi; L. Fletcher; C. Laganier; V. Nockles; R. Walters,2025,IEEE Robotics and Automation Letters,texto_integral,excluir,E8,
ieee,10.1109/CEC45853.2021.9504922,Optimizing Parameters of Self-Organizing Model for Swarm Robots via Evolutionary Algorithms,Z. Zheng; Y. Li; X. Lei; X. Peng,2021,2021 IEEE Congress on Evolutionary Computation (CEC),texto_integral,incluir,,
ieee,10.1109/LRA.2026.3703220,IAOM: An Intention-Aware Optimization Model With GNN-Based Policy Learning for Dynamic Multi-Robot Cooperative Task Allocation,Q. Long; L. Liang,2026,IEEE Robotics and Automation Letters,texto_integral,excluir,E7,
ieee,10.1109/TASE.2026.3702740,Hierarchical Perception Spatio-Temporal Network for Distributed Multi-Robot Collision Avoidance,C. Zhou; S. Sun; K. Liu; C. Zhang; J. Chen; X. Zhao; M. Tan,2026,IEEE Transactions on Automation Science and Engineering,texto_integral,excluir,E8,
ieee,10.1109/IROS60139.2025.11246767,CoCoL: A Communication Efficient Decentralized Collaborative Learning Method for Multi-Robot Systems,J. Huang; Y. Huang; Y. Zhao; W. Meng; J. Xu,2025,2025 IEEE/RSJ International Conference on Intelligent Robots and Systems (IROS),texto_integral,excluir,E8,
ieee,10.1109/WIIAT50758.2020.00017,A game theoretical approach to self-assembly in swarm robotics,T. Iwase; A. Beynier; N. Bredeche; N. Maudet,2020,2020 IEEE/WIC/ACM International Joint Conference on Web Intelligence and Intelligent Agent Technology (WI-IAT),titulo_resumo,excluir,E6,
ieee,10.1109/ACCESS.2026.3680665,Leader–Follower Cooperative Transportation of a Circular Object by Swarm Robots Based on Local Information,Y. Fukao; T. Endo; F. Matsuno,2026,IEEE Access,titulo_resumo,excluir,E6,
ieee,10.1109/LRA.2025.3606349,A Blockchain Framework for Equitable and Secure Task Allocation in Robot Swarms,H. Zhao; A. Pacheco; G. Beltrame; X. Liu; M. Dorigo; G. Dudek,2025,IEEE Robotics and Automation Letters,titulo_resumo,excluir,E6,
ieee,10.1109/LRA.2024.3475013,Graph-Based Decentralized Task Allocation for Multi-Robot Target Localization,J. Peng; H. Viswanath; A. Bera,2024,IEEE Robotics and Automation Letters,texto_integral,excluir,E7,
ieee,10.1109/AINIT70033.2026.11558045,Dynamic Collaborative Planning Mechanism for Multi-Robot Arms: A Graph Attention Network Based Approach,J. Zhao,2026,"2026 7th International Seminar on Artificial Intelligence, Networking and Information Technology (AINIT)",texto_integral,excluir,E7,
ieee,10.1109/ACCESS.2023.3317434,Mixed-Reality Based Multi-Agent Robotics Framework for Artificial Swarm Intelligence Experiments,D. Karunarathna; N. Jaliyagoda; G. Jayalath; J. Alawatugoda; R. Ragel; I. Nawinne,2023,IEEE Access,texto_integral,excluir,E7,
ieee,10.1109/ICRA57147.2024.10610185,"A Distributed Multi-Robot Framework for Exploration, Information Acquisition and Consensus",A. Patwardhan; A. J. Davison,2024,2024 IEEE International Conference on Robotics and Automation (ICRA),texto_integral,excluir,E8,
ieee,10.1109/ISIE62713.2025.11124688,Autoregressive DRL for Multi-Robot Scheduling in Semiconductor Cluster Tools,S. -H. Cho; J. S. B. Choe; J. -K. Kim,2025,2025 IEEE 34th International Symposium on Industrial Electronics (ISIE),texto_integral,excluir,E7,
ieee,10.1109/ACIRS49895.2020.9162617,General Coating of Arbitrary Objects Using Robot Swarms,A. R. Cheraghi; G. Wunderlich; K. Graffi,2020,2020 5th Asia-Pacific Conference on Intelligent Robot Systems (ACIRS),texto_integral,excluir,E8,
ieee,10.1109/DCOSS-IoT65416.2025.00020,Distributed Multi-Robot Exploration Approach with Connectivity Maintenance,H. Chaabi; N. Mitton,2025,2025 21st International Conference on Distributed Computing in Smart Systems and the Internet of Things (DCOSS-IoT),texto_integral,excluir,E8,
ieee,10.1109/TIE.2020.2987270,Resilient Cooperative Source Seeking of Double-Integrator Multi-Robot Systems Under Deception Attacks,W. Fu; J. Qin; W. X. Zheng; Y. Chen; Y. Kang,2021,IEEE Transactions on Industrial Electronics,titulo_resumo,excluir,E6,
ieee,10.1109/MWC.001.2200315,Multi-Robot Distributed Communication in Heterogeneous Robotic Systems on 5G Networking,Z. Lv; C. Cheng; H. Lv,2023,IEEE Wireless Communications,titulo_resumo,excluir,E6,
ieee,10.1002/9781394318520.ch05,MODENA in Swarm Robotics,Z. Fan; Z. Wang; W. Li; G. Zhu; J. Zhuang,2026,Modular Design Automation of Intelligent Robot Systems,titulo_resumo,excluir,E4,
ieee,10.1109/LRA.2021.3096758,Neural Tree Expansion for Multi-Robot Planning in Non-Cooperative Environments,B. Rivière; W. Hönig; M. Anderson; S. -J. Chung,2021,IEEE Robotics and Automation Letters,texto_integral,incluir,,
ieee,10.1109/SoSE50414.2020.9130535,Reinforcement Learning for Multi-robot Field Coverage Based on Local Observation,M. Zhu; D. Simon; N. Rajpurohit; S. J. Kalathia; W. Wu,2020,2020 IEEE 15th International Conference of System of Systems Engineering (SoSE),texto_integral,excluir,E8,
ieee,10.23919/CCC64809.2025.11178811,Q-Learning-Based Task-Allocation for Multi-Robot Systems: From One-Line Tasks to Bi-Line Tasks,X. Han; Q. Mao; F. Xie; J. Chen; Y. Liu; S. Li; W. Zhu,2025,2025 44th Chinese Control Conference (CCC),texto_integral,excluir,E7,
ieee,10.1109/ACCESS.2023.3344459,Cloud Based Multi-Robot Task Scheduling Using PMW Algorithm,K. Sharma; M. M. Hassan; S. K. Pandey; M. Saini; R. Doriya; M. K. Ojha; A. Sinha; C. Kaushal; A. K. Bairagi; N. F. Soliman,2023,IEEE Access,titulo_resumo,excluir,E6,
ieee,10.1109/RO-MAN50785.2021.9515447,Multi-Robot Information Gathering Subject to Resource Constraints,A. Al Redwan Newaz; T. Alam; J. Mondello; J. Johnson; L. Bobadilla,2021,2021 30th IEEE International Conference on Robot & Human Interactive Communication (RO-MAN),titulo_resumo,excluir,E6,
ieee,10.1109/IROS60139.2025.11247142,GDM-Net++: Multi-robot 2D and 3D Gas Distribution Mapping Via Deep Q-Learning and Gaussian Process Regression,I. Kulbaka; A. Dutta; O. P. Kreidl; L. Bölöni; S. Roy,2025,2025 IEEE/RSJ International Conference on Intelligent Robots and Systems (IROS),texto_integral,excluir,E8,
ieee,10.1109/IROS60139.2025.11246258,IHGSL: Interpretable Heuristic Graph Structure Learning for Multi-Robot Autonomous Collaborative Systems,Y. Han; H. Li; C. Liu; C. Liang; Z. Sun,2025,2025 IEEE/RSJ International Conference on Intelligent Robots and Systems (IROS),texto_integral,excluir,E8,
ieee,10.1109/ACCESS.2022.3165198,Cooperative Task Allocation for Multi-Robot Systems Based on Multi-Objective Ant Colony System,S. Wang; Y. Liu; Y. Qiu; Q. Zhang; F. Huo; Y. Huangfu; C. Yang; J. Zhou,2022,IEEE Access,texto_integral,excluir,E7,
ieee,10.1109/GLOBECOM46510.2021.9685165,Distributed Coordination by Social Learning in the Multi-Robot Systems of a Smart Factory,Z. Nie; K. -C. Chen,2021,2021 IEEE Global Communications Conference (GLOBECOM),texto_integral,excluir,E7,
ieee,10.23919/CCC63176.2024.10661899,Efficient Rescue for Resilient Multi-Robot Systems against Actuation Attacks,H. Li; X. Gong,2024,2024 43rd Chinese Control Conference (CCC),titulo_resumo,excluir,E6,
ieee,10.1109/ICRA48891.2023.10160341,D2CoPlan: A Differentiable Decentralized Planner for Multi-Robot Coverage,V. D. Sharma; L. Zhou; P. Tokekar,2023,2023 IEEE International Conference on Robotics and Automation (ICRA),texto_integral,incluir,,
ieee,10.1109/RPIC68328.2026.11518051,Dynamic Collaborative Scheduling Optimization of Multi-Robot Based on PPO in Air-Ground Collaboration Scenes,Z. Peng; J. Zhu; L. Li; X. Liu; H. Jiang; J. Li,2026,2026 International Conference on Robot Perception and Intelligent Control (RPIC),texto_integral,excluir,E7,
ieee,10.1109/CAC59555.2023.10452014,Multi-Robot Autonomous Exploration in Unknown Environment: A Review,L. Zhu; J. Cheng; Y. Liu,2023,2023 China Automation Congress (CAC),titulo_resumo,excluir,E2,
ieee,10.1109/IROS47612.2022.9982022,A Hybrid PSO Algorithm for Multi-robot Target Search and Decision Awareness,J. T. Ebert; F. Berlinger; B. Haghighat; R. Nagpal,2022,2022 IEEE/RSJ International Conference on Intelligent Robots and Systems (IROS),texto_integral,incluir,,
ieee,10.1109/ACCESS.2025.3539518,Multi-Robot Collaborative Exploration on Communication-Constrained Environments,G. Lu; H. Ding; J. Hou; S. Zheng,2025,IEEE Access,texto_integral,excluir,E8,
ieee,10.1109/ACCESS.2026.3684055,A Hierarchical LLM-Based Framework for Heterogeneous Multi-Robot Orchestration in High-Risk Energy Facility Maintenance,J. Lee; S. -J. Kim; G. Lee; K. Kim; J. Jeon; S. -K. Ko; K. Lee,2026,IEEE Access,texto_integral,excluir,E7,
ieee,10.1109/LRA.2023.3327625,Coordinated Multi-Robot Shared Autonomy Based on Scheduling and Demonstrations,M. Hagenow; E. Senft; N. Orr; R. Radwin; M. Gleicher; B. Mutlu; D. P. Losey; M. Zinn,2023,IEEE Robotics and Automation Letters,titulo_resumo,excluir,E6,
ieee,10.1109/MRS60187.2023.10416779,Influence of Team Interactions on Multi-Robot Cooperation: A Relational Network Perspective,Y. Findik; H. Osooli; P. Robinette; K. Jerath; S. R. Ahmadzadeh,2023,2023 International Symposium on Multi-Robot and Multi-Agent Systems (MRS),texto_integral,excluir,E8,
ieee,10.1109/MCE.2026.3687658,Collaborative Multi-Robot Architecture for Smart Kitchens,J. Baek; S. Lee; J. H. Park,2026,IEEE Consumer Electronics Magazine,titulo_resumo,excluir,E6,
ieee,10.1109/IROS51168.2021.9635917,Delay Aware Universal Notice Network: Real world multi-robot transfer learning,S. Beaussant; S. Lengagne; B. Thuilot; O. Stasse,2021,2021 IEEE/RSJ International Conference on Intelligent Robots and Systems (IROS),texto_integral,excluir,E8,
ieee,,10 Multi-Robot Systems,K. -C. Chen,2020,Artificial Intelligence in Wireless Robotics,titulo_resumo,excluir,E2,
scopus,10.1049/trit.2020.0024,Multi-robot path planning based on a deep reinforcement learning DQN algorithm,Yang Y.; Juntao L.; Lingling P.,2020,CAAI Transactions on Intelligence Technology,texto_integral,excluir,E8,
scopus,10.1016/j.rcim.2026.103255,Decentralised task planning and motion coordination for scalable multi-robot collaborative manufacturing,Yang H.; Xu W.; Pham D.T.; Qi L.; Ba M.,2026,Robotics and Computer-Integrated Manufacturing,titulo_resumo,excluir,E6,
scopus,10.1007/s12204-023-2679-7,Multi-Robot Task Allocation Using Multimodal Multi-Objective Evolutionary Algorithm Based on Deep Reinforcement Learning,Miao Z.; Huang W.; Zhang Y.; Fan Q.,2024,Journal of Shanghai Jiaotong University (Science),texto_integral,excluir,E7,
scopus,10.3390/robotics15050095,Energy-Aware Multi-Agent Proximal Policy Optimization with Depletion Safety Constraints for Multi-Robot Coordination,Abdelmeguid Y.; Hasan A.,2026,Robotics,texto_integral,excluir,E8,
scopus,10.1007/s11042-021-10986-x,Multi-robot cooperation and performance analysis with particle swarm optimization variants,Sahu B.; Das P.K.; Kabat M.R.; Kumar R.,2022,Multimedia Tools and Applications,texto_integral,excluir,E8,
scopus,10.1016/j.conengprac.2025.106498,An Enhanced Hybrid Metaheuristic for Hierarchical Scheduling in 4WIDS Multi-robot Systems under Confined Environments,Zhang L.; An Y.; Niu T.; Bao R.; Wang S.; Wang J.,2025,Control Engineering Practice,texto_integral,excluir,E7,
scopus,10.3390/machines9040077,Research on motion planning based on flocking control and reinforcement learning for multi-robot systems,Wang M.; Zeng B.; Wang Q.,2021,Machines,texto_integral,excluir,E8,
scopus,10.1177/01423312231183588,A novel multimodal multi-objective optimization algorithm for multi-robot task allocation,Miao Z.; Huang W.; Jiang Q.; Fan Q.,2025,Transactions of the Institute of Measurement and Control,texto_integral,excluir,E7,
scopus,10.1016/j.swevo.2026.102294,Multi-objective optimization in autonomous foraging using swarm robots,Ordáz-Rivas E.J.; Rodríguez-Liñan A.; Torres-Treviño L.M.,2026,Swarm and Evolutionary Computation,texto_integral,incluir,,
scopus,10.3389/fnbot.2023.1329589,Research on multi-robot collaborative operation in logistics and warehousing using A3C optimized YOLOv5-PPO model,Wang L.; Liu G.,2023,Frontiers in Neurorobotics,texto_integral,excluir,E7,
scopus,10.1016/j.engappai.2025.110978,Deep Reinforcement Learning of group consciousness for multi-robot pathfinding,Huo L.; Mao J.; San H.; Li R.; Zhang S.,2025,Engineering Applications of Artificial Intelligence,texto_integral,excluir,E8,
scopus,10.1016/j.cosrev.2026.100968,"Multi-robot task assignment: A survey of algorithmic approaches, challenges, and future directions",Ul Abideen S.Z.; Ullah I.; Bai X.; Zhang W.; Li J.; Sam Ge S.,2026,Computer Science Review,titulo_resumo,excluir,E2,
scopus,10.1007/978-981-19-6226-4_20,Path Planning Method for Multi-robot Formation System Based on Hierarchical Reinforcement Learning,Han Y.; Wang L.; Yang H.; Fan Z.,2022,Lecture Notes in Electrical Engineering,texto_integral,excluir,E8,
scopus,10.1007/978-3-031-13822-5_8,Multi-robot Cooperation Learning Based on Powell Deep Deterministic Policy Gradient,Li Z.; Xiao C.; Liu Z.; Guo X.,2022,Lecture Notes in Computer Science (including subseries Lecture Notes in Artificial Intelligence and Lecture Notes in Bioinformatics),texto_integral,excluir,E8,
scopus,10.1145/3748522.3779845,Hull-Fence: Online Multi-Robot Safe Coverage in Unknown Environments with Convex-Hull Hazard Cordoning,Sanghvi N.; Niyogi R.,2026,Proceedings of the ACM Symposium on Applied Computing,titulo_resumo,excluir,E6,
scopus,10.1145/3583133.3590586,Adaptive Particle Swarm Optimization with Local Search for Multi-robot Multi-point Dynamic Aggregation,Dai S.; Jia Y.-H.; Chen W.-N.; Mei Y.,2023,GECCO 2023 Companion - Proceedings of the 2023 Genetic and Evolutionary Computation Conference Companion,texto_integral,excluir,E7,
scopus,10.1016/j.artint.2023.103905,Safe multi-agent reinforcement learning for multi-robot control,Gu S.; Grudzien Kuba J.; Chen Y.; Du Y.; Yang L.; Knoll A.; Yang Y.,2023,Artificial Intelligence,texto_integral,excluir,E8,
scopus,10.3390/app13105989,Optimising Robot Swarm Formations by Using Surrogate Models and Simulations,Stolfi D.H.; Danoy G.,2023,Applied Sciences (Switzerland),texto_integral,excluir,E8,
scopus,10.1109/ISOIRS70157.2026.11545289,SEFM: A Self-Evolving Framework for Multi-Robot Embodied Agents with Semantic Frontier Assessment and Collective Long-Term Memory,Guo J.; Li Z.; Lin Z.; Lin D.; Zheng H.; Lin T.,2026,Proceedings of ISoIRS 2026 - Moving Towards Embodied Intelligence in the AI Age: 2026 6th International Symposium on Intelligent Robotics and Systems,texto_integral,excluir,E8,
scopus,10.3390/s22124437,Usage of Evolutionary Algorithms in Swarm Robotics and Design Problems,Türkler L.; Akkan T.; Akkan L.Ö.,2022,Sensors,titulo_resumo,excluir,E2,
scopus,10.1109/ICRA48891.2023.10161328,LEMURS: Learning Distributed Multi-Robot Interactions,Sebastian E.; Duong T.; Atanasov N.; Montijano E.; Sagues C.,2023,Proceedings - IEEE International Conference on Robotics and Automation,texto_integral,incluir,,
scopus,10.52202/083076-0091,An adaptive multi-robot exploration framework for lunar lava tubes: reinforcement learning-driven self-organized task allocation and local heuristic path planning,Wu Y.; Zhu Z.; Sun C.; Zhu F.,2025,"Proceedings of the International Astronautical Congress, IAC",texto_integral,excluir,E8,
scopus,,Bi-Level Reinforcement Learning for Multi-Robot Systems,Prakash A.,2025,"Proceedings of the International Joint Conference on Autonomous Agents and Multiagent Systems, AAMAS",titulo_resumo,excluir,E2,
scopus,10.1016/j.engappai.2025.111740,Intrinsic-motivation multi-robot social formation navigation with coordinated exploration,Fu H.; Liu W.; Zhou S.,2025,Engineering Applications of Artificial Intelligence,texto_integral,excluir,E8,
scopus,10.1007/s13748-024-00320-5,Navigation method for autonomous mobile robots based on ROS and multi-robot improved Q-learning,Hamed O.; Hamlich M.,2024,Progress in Artificial Intelligence,texto_integral,excluir,E8,
scopus,10.1109/ACCESS.2026.3687163,DC-Ada: Reward-Only Decentralized Sensor Adaptation for Heterogeneous Multi-Robot Teams,Alqithami S.,2026,IEEE Access,texto_integral,excluir,E8,
scopus,10.1109/IEEM63636.2025.11357698,Cooperative Multi-robot Pick-and-place Systems Via Layout and Motion Optimization Using Evolutionary Algorithms,Kaimujjaman M.; Nishi T.,2025,IEEE International Conference on Industrial Engineering and Engineering Management,texto_integral,excluir,E7,
scopus,10.3390/agriculture15060578,Development of an Improved Jellyfish Search (JS) Algorithm for Solving the Optimal Path Problem of Multi-Robot Collaborative Multi-Tasking in Complex Vertical Farms,Shen J.; Tang S.; Zhao R.; Fan L.; Ariffin M.K.A.B.M.; As’arry A.B.,2025,Agriculture (Switzerland),texto_integral,excluir,E8,
scopus,10.1016/j.swevo.2023.101395,Automatic modular design of robot swarms based on repertoires of behaviors generated via novelty search,Hasselmann K.; Ligot A.; Birattari M.,2023,Swarm and Evolutionary Computation,texto_integral,incluir,,
scopus,10.1016/j.cogsys.2023.01.005,A modified cuckoo search algorithm implemented with SCA and PSO for multi-robot cooperation and path planning,Sahu B.; Das P.K.; Kumar R.,2023,Cognitive Systems Research,texto_integral,excluir,E8,
scopus,10.23919/ASCC56756.2022.9828156,Experiment of Cooperative Transportation using Multi-Robots by Multi-agent Deep Deterministic Policy Gradient,Murata K.; Miyazaki K.; Matsunaga N.,2022,"ASCC 2022 - 2022 13th Asian Control Conference, Proceedings",texto_integral,excluir,E8,
scopus,10.3390/act15040209,Hierarchical Active Perception and Stability Control for Multi-Robot Collaborative Search in Unknown Environments,Xu Z.; Xue K.; Wang P.; Kong D.,2026,Actuators,texto_integral,excluir,E8,
scopus,10.1117/12.2637509,The Application of Particle Swarm Optimization Algorithm in Multi-robot Task Allocation Problem,Mo T.; Tang B.,2022,Proceedings of SPIE - The International Society for Optical Engineering,texto_integral,excluir,E7,
scopus,,Learning with Less Effort: Efficient Training and Generalization in (Multi-)Robot Systems,Yu P.,2025,"Proceedings of the International Joint Conference on Autonomous Agents and Multiagent Systems, AAMAS",texto_integral,excluir,E8,
scopus,10.12382/bgxb.2025.0603,A Survey of Communication Technology for MARL-based Robot Swarm; [多智能体强化学习框架下机器人集群通信技术综述],Gai S.; Ma B.; Zheng L.; Su B.,2026,Binggong Xuebao/Acta Armamentarii,titulo_resumo,excluir,E2,
scopus,10.1007/978-3-031-57430-6_17,Blockchain-Empowered PSO for Scalable Swarm Robotics,Cicirelli F.; Greco E.; Guerrieri A.; Gentile A.F.; Spezzano G.; Vinci A.,2024,Communications in Computer and Information Science,texto_integral,excluir,E8,
scopus,10.1609/aaai.v38i21.30562,SOCIALGYM 2.0: Simulator for Multi-Robot Learning and Navigation in Shared Human Spaces,Chandra R.; Sprague Z.; Biswas J.,2024,Proceedings of the AAAI Conference on Artificial Intelligence,texto_integral,excluir,E7,
scopus,10.1109/ROBIO66223.2025.11376276,Evolutionary Hybrid Optimization for Multi-Robot Task Allocation with LLM Guidance,Zhang H.; Xia Z.; Chen S.; Yin H.; Zhang F.,2025,"IEEE International Conference on Robotics and Biomimetics, ROBIO",texto_integral,excluir,E7,
scopus,10.3969/j.issn.1004-132X.2022.13.009,Coordinated Guidance Control for Multi-robot Cooperative Transportations of Large-sized Objects; [大型部件的多机器人 ? 作 ? ? ? 导引控制],Wu X.; Yu W.; Lou P.; Lou H.; Zhai J.; Hu Z.,2022,Zhongguo Jixie Gongcheng/China Mechanical Engineering,titulo_resumo,excluir,E6,
scopus,10.1109/IROS51168.2021.9636854,Multi-robot Scheduling for Environmental Monitoring as a Team Orienteering Problem,Mansfield A.; Manjanna S.; MacHaret D.G.; Ani Hsieh M.,2021,IEEE International Conference on Intelligent Robots and Systems,texto_integral,excluir,E7,
scopus,10.31763/ijrcs.v5i6.2256,Adaptive Policy Switching for Efficient Multi-Robot Coordination Using Reinforcement Learning,Eddine I.,2025,International Journal of Robotics and Control Systems,texto_integral,excluir,E8,
scopus,10.1016/j.neucom.2020.04.028,MRCDRL: Multi-robot coordination with deep reinforcement learning,Wang D.; Deng H.; Pan Z.,2020,Neurocomputing,texto_integral,excluir,E8,
scopus,10.1007/978-981-16-6320-8_72,A Reinforcement Learning Mission Supervisor with Memory for Human-multi-robot Coordination Systems,Mo Z.; Zhang Z.; Chen Y.; Huang J.,2022,Lecture Notes in Electrical Engineering,texto_integral,excluir,E7,
scopus,10.1117/12.2663894,Autonomous Multi-Robot Allocation and Formation Control for Remote Sensing in Environmental Exploration,Sellers T.; Lei T.; Rogers H.; Carruth D.W.; Luo C.,2023,Proceedings of SPIE - The International Society for Optical Engineering,texto_integral,excluir,E8,
scopus,10.1007/978-3-031-58676-7_3,Map Merge and Accurate Localization in Multi-robot Systems in Real Environments,Martinelli D.; Kalempa V.C.; de Oliveira A.S.,2024,Lecture Notes in Networks and Systems,titulo_resumo,excluir,E6,
scopus,10.1002/rob.22466,Swarm Intelligence in Action: Particle Swarm Optimization and Rendezvous Algorithms for Swarm Robotics,Ganduri K.V.; Pathri B.P.,2025,Journal of Field Robotics,texto_integral,excluir,E8,
scopus,10.1016/j.jobe.2024.109712,Efficient particulate matter source localization in dynamic indoor environments: An experimental study by a multi-robot system,Cai H.; Tong C.; Li Z.; Guo X.; Shi Y.; Jiang M.; Lin B.,2024,Journal of Building Engineering,texto_integral,excluir,E8,
scopus,10.1007/978-3-030-91352-6_2,Adapting Multi-agent Swarm Robotics to Achieve Synchronised Behaviour from Production Line Automata,Deeks C.,2022,Springer Proceedings in Advanced Robotics,texto_integral,excluir,E8,
scopus,10.13306/j.1672-3813.2023.03.013,Ring-around Formation Control of Multi-robot Systems Based on Reinforcement Learning; [基于强化学习的多机器人系统的环围编队控制],Han Y.; Wang L.; Yang H.; Fan Z.,2023,Complex Systems and Complexity Science,texto_integral,excluir,E8,
scopus,10.1109/ACCESS.2025.3554344,A Comparative Study of Evolutionary Strategies for Aggregation Tasks in Robot Swarms: Macro- and Micro-Level Behavioral Analysis,Pagliuca P.; Vitanza A.,2025,IEEE Access,texto_integral,incluir,,
scopus,10.1609/aaai.v40i1.37036,Guided Distillation and Risk Adaptive Evolution for Multi-Robot Navigation,Li X.; Fang J.; Li L.; Chen B.; Li G.; Xue J.,2026,Proceedings of the AAAI Conference on Artificial Intelligence,texto_integral,excluir,E8,
scopus,10.3390/sym14030610,Decentralized Multi-Robot Collision Avoidance: A Systematic Review from 2015 to 2021,Raibail M.; Rahman A.H.A.; Al-Anizy G.J.; Nasrudin M.F.; Nadzir M.S.M.; Noraini N.M.R.; Yee T.S.,2022,Symmetry,titulo_resumo,excluir,E2,
scopus,10.1007/s13369-020-05046-9,Optimal Multi-robot Path Planning Using Particle Swarm Optimization Algorithm Improved by Sine and Cosine Algorithms,Paikray H.K.; Das P.K.; Panda S.,2021,Arabian Journal for Science and Engineering,texto_integral,excluir,E8,
scopus,10.1007/s10846-019-01081-3,Multi-Robot Dynamic Task Allocation for Exploration and Destruction,Dai W.; Lu H.; Xiao J.; Zeng Z.; Zheng Z.,2020,Journal of Intelligent and Robotic Systems: Theory and Applications,texto_integral,incluir,,
scopus,10.1007/978-3-031-25755-1_25,Lunar Site Preparation and Open Pit Resource Extraction Using Neuromorphic Robot Swarms,Thangavelautham J.,2023,Studies in Computational Intelligence,texto_integral,excluir,E8,
scopus,,Multiagent Rollout and Policy Iteration for POMDP with Application to Multi-Robot Repair Problems,Bhattacharya S.; Badyal S.; Gil S.; Kailas S.; Bertsekas D.,2020,Proceedings of Machine Learning Research,titulo_resumo,excluir,E6,
scopus,10.1007/s10846-023-01929-9,Swarm Robot Multitarget Search Strategy Based on Triangular Cones in a Complex Dynamic Nonconvex Obstacle Environment,Bian X.; Zhou S.; Zhang H.; Wu L.; Wang M.; Wang X.; Liu Z.; Chen L.,2023,Journal of Intelligent and Robotic Systems: Theory and Applications,texto_integral,excluir,E8,
scopus,10.1016/j.ins.2026.123832,Aerodynamic-aware bi-level co-optimization for aerial swarm robotics: Bridging discrete routing and continuous execution,Liu X.; Wang L.; Liu Y.,2026,Information Sciences,texto_integral,excluir,E8,
scopus,10.3390/s20174836,Distributed non-communicating multi-robot collision avoidance via map-based deep reinforcement learning,Chen G.; Yao S.; Ma J.; Pan L.; Chen Y.; Xu P.; Ji J.; Chen X.,2020,Sensors (Switzerland),texto_integral,excluir,E8,
scopus,10.1016/j.ifacol.2023.10.431,"Learning Locally, Communicating Globally: Reinforcement Learning of Multi-robot Task Allocation for Cooperative Transport",Shibata K.; Jimbo T.; Odashima T.; Takeshita K.; Matsubara T.,2023,IFAC-PapersOnLine,texto_integral,excluir,E8,
scopus,10.1016/j.future.2020.12.012,Multi-robot path planning in wireless sensor networks based on jump mechanism PSO and safety gap obstacle avoidance,Tian S.; Li Y.; Kang Y.; Xia J.,2021,Future Generation Computer Systems,texto_integral,excluir,E8,
scopus,10.1007/s12555-024-1104-9,A Survey on Collision Avoidance Algorithms for Multi-robot Systems,Oh D.; Lim Y.; Jung H.; Huh J.; Lee J.; Choi C.; Kim H.J.; Park J.,2025,"International Journal of Control, Automation and Systems",titulo_resumo,excluir,E2,
scopus,10.1007/978-981-97-5675-9_1,A Parallel Intelligent Search and Rescue System for Swarm Robots Based on Digital Twin,Guo L.; Cai G.; Zhu K.; Qiu H.; Liu C.,2024,Lecture Notes in Computer Science,texto_integral,excluir,E8,
scopus,10.1007/s10845-018-1459-y,A mechanism for scheduling multi robot intelligent warehouse system face with dynamic demand,Li Z.; Barenji A.V.; Jiang J.; Zhong R.Y.; Xu G.,2020,Journal of Intelligent Manufacturing,titulo_resumo,excluir,E6,
scopus,10.1080/01969722.2022.2030009,A*-Based Co-Evolutionary Approach for Multi-Robot Path Planning with Collision Avoidance,Kiadi M.; García E.; Villar J.R.; Tan Q.,2023,Cybernetics and Systems,texto_integral,excluir,E8,
scopus,10.1007/978-981-16-0666-3_5,Cuckoo Search Applied Path Planning of Twin Robot in Multi-Robot Environment,Sahu B.; Das P.K.; Kabat M.R.,2021,Lecture Notes in Networks and Systems,texto_integral,excluir,E8,
scopus,10.1016/j.aej.2024.08.102,Deep reinforcement learning path planning and task allocation for multi-robot collaboration,Li Z.; Shi N.; Zhao L.; Zhang M.,2024,Alexandria Engineering Journal,texto_integral,excluir,E8,
scopus,10.1016/j.eswa.2026.132321,"GPU-enabled Decentralized, multi-robot path planning based on global evolutionary dynamic programming and local particle swarm optimization",Ou J.; Song G.; Guo J.; Cao Y.; Wang Y.,2026,Expert Systems with Applications,texto_integral,excluir,E8,
scopus,10.1007/978-3-032-11900-1_2,Optimizing Contact Positioning Configuration of Multi-Robot System for Object Manipulation and Transportation,Hung P.Q.; Hung P.D.; Ngo T.D.,2026,Lecture Notes in Computer Science,titulo_resumo,excluir,E6,
scopus,10.3390/robotics13100141,Enhanced Particle Swarm Optimisation for Multi-Robot Path Planning with Bezier Curve Smoothing,Poy Y.-L.; Loke Z.-Y.; Darmaraju S.; Goh C.-H.; Kwan B.-H.; Liu H.; Ng D.W.K.,2024,Robotics,texto_integral,excluir,E8,
scopus,10.3390/biomimetics10060347,Hybrid Clustering-Enhanced Brain Storm Optimization Algorithm for Efficient Multi-Robot Path Planning,Qiu G.; Deng J.; Li J.; Wang W.,2025,Biomimetics,texto_integral,excluir,E8,
scopus,10.1007/s10846-019-01106-x,Multi-robot Target Encirclement Control with Collision Avoidance via Deep Reinforcement Learning,Ma J.; Lu H.; Xiao J.; Zeng Z.; Zheng Z.,2020,Journal of Intelligent and Robotic Systems: Theory and Applications,texto_integral,excluir,E8,
scopus,10.1016/j.asoc.2021.107605,A multi-robot path-planning algorithm for autonomous navigation using meta-reinforcement learning based on transfer learning,Wen S.; Wen Z.; Zhang D.; Zhang H.; Wang T.,2021,Applied Soft Computing,texto_integral,excluir,E8,
scopus,10.1007/978-3-031-51497-5_34,A Constrained-Optimization Approach to the Execution of Prioritized Stacks of Learned Multi-robot Tasks,Notomista G.,2024,Springer Proceedings in Advanced Robotics,titulo_resumo,excluir,E6,
scopus,10.1007/s41870-025-02513-0,From simulations to reality: enhancing multi-robot exploration for urban search and rescue,Kashyap G.S.; Mahajan D.; Phukan O.C.; Kumar A.; Brownlee A.E.I.; Gao J.,2025,International Journal of Information Technology (Singapore),texto_integral,excluir,E8,
scopus,10.1007/s13369-021-05710-8,Teaching–Learning-Based Optimization Algorithm for Path Planning and Task Allocation in Multi-robot Plant Inspection System,Majumder A.; Majumder A.; Bhaumik R.,2021,Arabian Journal for Science and Engineering,texto_integral,excluir,E8,
scopus,10.19650/j.cnki.cjsi.J2006140,Multi-robot behavior decision making method based on individual- collaborative trigger reinforcement learning; [基于个体-协同触发强化学习的多机器人行为决策方法],Xu X.; Zeng Z.; Shao H.; Yang S.; Li X.,2020,Yi Qi Yi Biao Xue Bao/Chinese Journal of Scientific Instrument,texto_integral,excluir,E8,
scopus,10.1016/j.knosys.2024.112714,CESDQL: Communicative experience-sharing deep Q-learning for scalability in multi-robot collaboration with sparse reward,Abbas M.N.; Liston P.; Lee B.; Qiao Y.,2024,Knowledge-Based Systems,texto_integral,excluir,E8,
scopus,10.1016/j.eswa.2024.125609,A high-effective swarm intelligence-based multi-robot cooperation method for target searching in unknown hazardous environments,Lin X.; Gao F.; Bian W.,2025,Expert Systems with Applications,texto_integral,excluir,E8,
scopus,10.1088/2631-8695/ae282c,Optimized dynamic path planning for multi-robot systems: integrating collision detection with deep reinforcement learning,Hu J.; Lin R.; Zhang F.; Wang W.,2025,Engineering Research Express,texto_integral,excluir,E8,
scopus,10.1201/9781032644752-21,Review on multi-robot path planning in complex industrial dynamic environment using improved nature inspired techniques,Yadav S.; Shukla S.; Tiwari R.,2024,"Advances in AI for Biomedical Instrumentation, Electronics and Computing - Proceedings of the 5th International Conference on Advances in AI for Biomedical Instrumentation, Electronics and Computing, ICABEC 2023",titulo_resumo,excluir,E2,
scopus,10.1016/j.asoc.2025.114498,"A comprehensive review on multi robot task assignment and path planning: Operational constraints, challenges, and potentials of deep reinforcement learning",Mahmud S.A.; Ibrahim A.M.; Khan M.R.,2026,Applied Soft Computing,titulo_resumo,excluir,E2,
scopus,10.1016/j.robot.2025.105103,Formal and scalable multi-robot coordination methods for long horizon tasks with time uncertainty,Azevedo C.; Lima P.U.,2025,Robotics and Autonomous Systems,titulo_resumo,excluir,E6,
scopus,10.3390/machines12110763,An Optimization Method for Multi-Robot Automatic Welding Control Based on Particle Swarm Genetic Algorithm,Chen L.; Tan J.; Wu T.; Tan Z.; Yuan G.; Yang Y.; Liu C.; Zhou H.; Xie W.; Xiu Y.; Li G.,2024,Machines,texto_integral,excluir,E7,
scopus,10.1145/3704558.3707121,Multi-Robot Cooperative Navigation in Dynamic Environments using Deep Reinforcement Learning in ROS,Wu S.; Wu J.; Chen W.,2025,CFIMA 2024 - Proceedings of 2024 2nd International Conference on Frontiers of Intelligent Manufacturing and Automation,texto_integral,excluir,E8,
scopus,10.19306/j.cnki.2095-8110.2021.01.001,Development and Prospect of Research on Modeling of Swarm Multi-Robot System; [集群多机器人系统建模研究的发展与展望],Wang C.-H.; Liu B.; Li Q.-H.,2021,Navigation Positioning and Timing,titulo_resumo,excluir,E2,
scopus,10.1007/978-3-032-04584-3_30,The Cambridge RoboMaster:An Agile Multi-robot Research Platform,Blumenkamp J.; Shankar A.; Bettini M.; Bird J.; Prorok A.,2026,Springer Proceedings in Advanced Robotics,titulo_resumo,excluir,E6,
scopus,10.52202/083076-0078,ADAPTIVE MECHANICAL ARCHITECTURES and AI-ENABLED CONTROL STRATEGIES for A 4-ROBOT SWARM in LUNAR RESOURCE UTILIZATION and LIFE SCIENCES,Vasudevan N.; Massat O.; Kavitha A.K.S.; Vasudevan P.; Sampathkumar P.,2025,"Proceedings of the International Astronautical Congress, IAC",texto_integral,excluir,E8,
scopus,10.1016/j.arcontrol.2024.100948,"Learning safe control for multi-robot systems: Methods, verification, and open challenges",Garg K.; Zhang S.; So O.; Dawson C.; Fan C.,2024,Annual Reviews in Control,titulo_resumo,excluir,E2,
scopus,10.1007/s41315-022-00256-w,Optimal path planning of multi-robot in dynamic environment using hybridization of meta-heuristic algorithm,Paikray H.K.; Das P.K.; Panda S.,2022,International Journal of Intelligent Robotics and Applications,texto_integral,excluir,E8,
scopus,10.3389/frobt.2021.625125,Off-Policy Evaluation of the Performance of a Robot Swarm: Importance Sampling to Assess Potential Modifications to the Finite-State Machine That Controls the Robots,Pagnozzi F.; Birattari M.,2021,Frontiers in Robotics and AI,texto_integral,incluir,,
scopus,10.1109/CCNC51664.2024.10454795,Autonomous Multi-Hop Network Using PSO-based Mobile Robot Swarm with the Moving Target Technique,Genda K.,2024,"Proceedings - IEEE Consumer Communications and Networking Conference, CCNC",texto_integral,excluir,E7,
scopus,10.1007/978-3-031-34020-8_17,Evaluating Surrogate Models for Robot Swarm Simulations,Stolfi D.H.; Danoy G.,2023,Communications in Computer and Information Science,texto_integral,excluir,E8,
scopus,10.32604/iasc.2020.013921,Qrdpso: A new optimization method for swarm robot searching and obstacle avoidance in dynamic environments,Mehiar D.A.F.; Azizul Z.H.; Loo C.K.,2020,Intelligent Automation and Soft Computing,texto_integral,excluir,E8,
scopus,10.1016/j.jfranklin.2021.03.017,Optimized control for human-multi-robot collaborative manipulation via multi-player Q-learning,Liu X.; Huang P.; Ge S.S.,2021,Journal of the Franklin Institute,texto_integral,excluir,E7,
scopus,10.1049/cit2.70002,Hybrid Distributed and Decentralised Reinforcement Learning for Formation Control of Multi-Robots With Obstacle Avoidance,Peng Y.; Zhang X.; Xie H.; Xu X.,2025,CAAI Transactions on Intelligence Technology,texto_integral,excluir,E8,
scopus,,Attention Graph for Multi-Robot Social Navigation with Deep Reinforcement Learning,Escudie E.; Matignon L.; Saraydaryan J.,2024,"Proceedings of the International Joint Conference on Autonomous Agents and Multiagent Systems, AAMAS",texto_integral,excluir,E8,
scopus,10.1002/cpe.70439,RADES: Rank-Based Differential Evolution With Successful Archive for Multi-Robot Coordinated Planning at Intersections,Ragab H.; Parque V.,2025,Concurrency and Computation: Practice and Experience,texto_integral,excluir,E8,
scopus,10.1007/978-981-95-7648-7_20,A Learning-Based Hierarchical Navigation Solution for Aerial Swarm Robotics in Cluttered Environments,Huang R.; Zhou X.; Wang X.; Zhang Q.,2026,Lecture Notes in Electrical Engineering,texto_integral,excluir,E8,
scopus,,Multi-Robot Navigation using TD3 Algorithm with Modified Reward Function,Nugroho R.F.A.; Nilkhamhang I.,2025,"Proceedings of the 2025 SICE Festival with Annual Conference, SICE FES 2025",titulo_resumo,excluir,E5,
scopus,10.16791/j.cnki.sjg.2025.10.014,Design of a virtual-reality integrated experimental platform for multi-robot path planning based on reinforcement learning; [基于强化学习的多机器人路径规划虚实结合实验平台设计],Liu K.; Chi M.; Mao H.; He D.,2025,Experimental Technology and Management,texto_integral,excluir,E7,
scopus,10.3390/biomimetics10060366,Decentralized Multi-Robot Navigation Based on Deep Reinforcement Learning and Trajectory Optimization,Bi Y.; Luo J.; Zhu J.; Liu J.; Li W.,2025,Biomimetics,texto_integral,excluir,E8,
scopus,10.1016/j.asoc.2020.106312,Multi-robot path planning using improved particle swarm optimization algorithm through novel evolutionary operators,Das P.K.; Jena P.K.,2020,Applied Soft Computing Journal,texto_integral,incluir,,
scopus,10.3390/machines12030200,Heterogeneous Multi-Robot Collaboration for Coverage Path Planning in Partially Known Dynamic Environments,de Castro G.G.R.; Santos T.M.B.; Andrade F.A.A.; Lima J.; Haddad D.B.; Honório L.D.M.; Pinto M.F.,2024,Machines,texto_integral,excluir,E8,
scopus,10.1145/3640824.3640843,Multi-Robot Cooperative Pursuit-Evasion Control: A DeepReinforcement Learning Approach based on Prioritized Experience Replay,Li W.; Yan W.; Shi H.; Li S.; Zhou Y.,2024,ACM International Conference Proceeding Series,texto_integral,excluir,E8,
scopus,10.1007/s40747-021-00499-3,Hybrid type multi-robot path planning of a serial manipulator and SwarmItFIX robots in sheet metal milling process,Veeramani S.; Muthuswamy S.,2022,Complex and Intelligent Systems,titulo_resumo,excluir,E6,
scopus,10.20965/jrm.2025.p1452,Communication-Free Adaptive Swarm Robotic System: LLM-Based Decision Making and MARL-Based Multi-Policy Control,Yoshida T.; Sueoka Y.,2025,Journal of Robotics and Mechatronics,texto_integral,excluir,E8,
scopus,10.18280/jesa.590225,Swarm Robotics: Optimizing Collective Behavior Through Advanced Metaheuristic Algorithms,Al-Arbo A.A.; Al-Arbo Y.; Salih M.M.,2026,Journal Europeen des Systemes Automatises,texto_integral,excluir,E8,
scopus,10.1109/IRC59093.2023.00062,Multi-Robot Coordinated Motion Planning at Intersections using Lattice-Guided dRRT*,Parque V.; Miyashita T.,2023,"Proceedings - 2023 17th IEEE International Conference on Robotic Computing, IRC 2023",titulo_resumo,excluir,E6,
scopus,10.1109/CEC48606.2020.9185697,Distributed On-line Learning in Swarm Robotics with Limited Communication Bandwidth,Fontbonne N.; Dauchot O.; Bredeche N.,2020,"2020 IEEE Congress on Evolutionary Computation, CEC 2020 - Conference Proceedings",texto_integral,incluir,,
scopus,10.1117/12.2671283,Research on Multi-Robot path planning based on deep reinforcement learning,Shen G.; Cheng Y.; Tang Z.; Qiu T.; Li J.,2023,Proceedings of SPIE - The International Society for Optical Engineering,texto_integral,excluir,E8,
scopus,10.5302/J.ICROS.2024.24.0033,A Survey on Collision Avoidance for Multi-robot Systems,Park J.; Oh D.; Kim H.J.,2024,"Journal of Institute of Control, Robotics and Systems",titulo_resumo,excluir,E2,
scopus,10.1016/j.neucom.2024.127836,An indicator-based evolutionary algorithm with adaptive archive update cycle for multi-objective multi-robot task allocation,Wen C.; Ma H.,2024,Neurocomputing,texto_integral,excluir,E7,
scopus,10.1111/mice.13535,Reinforcement learning–based task allocation and path-finding in multi-robot systems under environment uncertainty,Huang S.; Sun C.; Gong J.; Pompili D.,2025,Computer-Aided Civil and Infrastructure Engineering,texto_integral,excluir,E8,
scopus,,CLAS: Coordinating Multi-Robot Manipulation with Central Latent Action Spaces,Aljalbout E.; Karl M.; van der Smagt P.,2023,Proceedings of Machine Learning Research,texto_integral,excluir,E7,
scopus,10.1007/978-3-031-72062-8_28,Predator-Prey Q-Learning Based Collaborative Coverage Path Planning for Swarm Robotics,Watson M.; Ren H.; Arvin F.; Hu J.,2025,Lecture Notes in Computer Science (including subseries Lecture Notes in Artificial Intelligence and Lecture Notes in Bioinformatics),texto_integral,incluir,,
scopus,10.1360/SST-2019-0280,A multi-objective optimization method for intelligent swarm robotic control model with changeable parameters; [智能机器人可变参数群体控制模型的多目标优化方法],Wang Y.; Ma L.; Wang L.; He Y.; Qi W.; Xing L.,2020,Zhongguo Kexue Jishu Kexue/Scientia Sinica Technologica,texto_integral,excluir,E8,
scopus,10.1007/978-981-19-6226-4_70,A Unified Approach to Path Planning of Multi-robot Systems Based on Bilevel Coordination Architecture,Zhang J.; Xiang L.; Miao Z.; Zhou J.,2022,Lecture Notes in Electrical Engineering,titulo_resumo,excluir,E6,
scopus,10.1088/1748-3190/ae5e33,From nature to robotics: insights of animals collective behaviors on the development of swarm intelligence and multi-robot systems,Jiang A.; Xu Y.; Zhang H.; Liu X.; Wen S.; Sun Y.; Zhang P.; Han Q.; Ji A.,2026,Bioinspiration and Biomimetics,titulo_resumo,excluir,E2,
scopus,10.52202/083076-0138,Autonomous Task Allocation in Multi-Robot Networks for Lunar Resource Extraction: Integrating Reinforcement Learning with Model Predictive Control,Staffieri F.; Staffieri A.; Staffieri C.; Gupta M.; Taherkhany M.; Bett J.S.P.; Alzadjali B.; Bhagat A.; Fathy N.,2025,"Proceedings of the International Astronautical Congress, IAC",texto_integral,excluir,E7,
scopus,10.1007/s11227-025-06960-1,Multi-robot Collaborative 3D Path Planning Based On Game Theory and Particle Swarm Optimization Hybrid Method,Qiu H.; Yu W.; Zhang G.; Xia X.; Yao K.,2025,Journal of Supercomputing,texto_integral,excluir,E8,
scopus,10.1007/s11633-016-1019-x,An intelligent multi-robot path planning in a dynamic environment using improved gravitational search algorithm,Das P.K.; Behera H.S.; Jena P.K.; Panigrahi B.K.,2021,International Journal of Automation and Computing,texto_integral,excluir,E8,
scopus,10.12133/j.smartag.SA202507040,Progress and Prospects of Research on Key Technologies for Agricultural Multi-Robot Full Coverage Operations; [农业多机器人全覆盖作业关键技术研究进展与展望],Lu Z.; Zhang Y.; Ma Y.; Dai F.; Dong J.; Wang P.; Lu H.; Li T.; Zhao K.,2025,Smart Agriculture,titulo_resumo,excluir,E2,
scopus,10.12133/j.smartag.SA202406005,Research Progress and Prospect of Multi-robot Collaborative SLAM in Complex Agricultural Scenarios; [农业复杂场景下多机器人协同 SLAM 研究进展与展望],Ma N.; Cao S.; Bai T.; Kong F.; Sun W.,2024,Smart Agriculture,titulo_resumo,excluir,E2,
scopus,10.1007/s44285-024-00026-z,Intelligent multi-robot collaborative transport system,Li X.; Lin Y.; Du Z.; Lin M.; Wu C.,2024,Urban Lifeline,texto_integral,excluir,E8,
scopus,10.1016/j.engappai.2025.112037,An adaptive reinforcement learning approach with trait-awareness for heterogeneous multi-robot cooperative pursuit,Zhang H.; Jia Y.; Song Y.; Pang B.; Yuan X.; Song R.; Yang S.X.,2025,Engineering Applications of Artificial Intelligence,texto_integral,excluir,E8,
scopus,10.1002/int.23042,Reinforcement learning method for target hunting control of multi-robot systems with obstacles,Fan Z.; Yang H.; Liu F.; Liu L.; Han Y.,2022,International Journal of Intelligent Systems,texto_integral,excluir,E8,
scopus,10.1145/3512290.3528709,Optimising autonomous robot swarm parameters for stable formation design,Stolfi D.H.; Danoy G.,2022,GECCO 2022 - Proceedings of the 2022 Genetic and Evolutionary Computation Conference,texto_integral,incluir,,
scopus,10.3390/buildings16030539,A Modular ROS–MARL Framework for Cooperative Multi-Robot Task Allocation in Construction Digital Environments,Xu X.; Prieto S.A.; García de Soto B.,2026,Buildings,texto_integral,excluir,E7,
scopus,10.1049/cit2.12394,Multi-station multi-robot task assignment method based on deep reinforcement learning,Zhang J.; Wang K.; Mu C.,2025,CAAI Transactions on Intelligence Technology,texto_integral,excluir,E7,
scopus,10.1007/s10514-021-09981-w,A fully distributed multi-robot navigation method without pre-allocating target positions,Zhang J.; Xu Z.; Yu F.; Tang Q.,2021,Autonomous Robots,texto_integral,excluir,E8,
scopus,10.1115/IMECE2024-145673,DEEP REINFORCEMENT LEARNING FOR DECENTRALIZED MULTI-ROBOT CONTROL: A DQN APPROACH TO ROBUSTNESS AND INFORMATION INTEGRATION,Wu B.; Suh C.S.,2024,"ASME International Mechanical Engineering Congress and Exposition, Proceedings (IMECE)",texto_integral,excluir,E8,
scopus,10.3390/app11072895,End-to-end deep reinforcement learning for decentralized task allocation and navigation for a multi-robot system,Elfakharany A.; Ismail Z.H.,2021,Applied Sciences (Switzerland),texto_integral,excluir,E8,
scopus,10.1016/j.asoc.2021.107297,Communication optimization for efficient dynamic task allocation in swarm robotics,Nedjah N.; Ribeiro L.M.; de Macedo Mourelle L.,2021,Applied Soft Computing,texto_integral,excluir,E7,
scopus,10.1007/s11277-019-06743-x,A Dynamic Inertial Weight Strategy in Micro PSO for Swarm Robots,Bakhale M.; Hemalatha V.; Dhanalakshmi S.; Kumar R.; Siddharth Jain M.,2020,Wireless Personal Communications,texto_integral,excluir,E8,
scopus,10.29207/resti.v5i3.3194,Optimasi Performansi Pengendalian Robot Swarm menggunakan Logika Fuzzy Tipe 2-Particle Swarm Optimazation,Fitriana G.F.,2021,Jurnal RESTI,texto_integral,excluir,E8,
scopus,10.1016/j.jocs.2022.101637,Multi-robot cooperation and path planning for stick transporting using improved Q-learning and democratic robotics PSO,Sahu B.; Kumar Das P.; Kabat M.R.,2022,Journal of Computational Science,texto_integral,excluir,E8,
scopus,10.3390/info15090518,Multi-Robot Navigation System Design Based on Proximal Policy Optimization Algorithm,Wong C.-C.; Weng K.-D.; Yu B.-Y.,2024,Information (Switzerland),texto_integral,excluir,E8,
scopus,10.3390/bdcc8050049,Runtime Verification-Based Safe MARL for Optimized Safety Policy Generation for Multi-Robot Systems,Liu Y.; Li J.,2024,Big Data and Cognitive Computing,texto_integral,excluir,E8,
scopus,10.3390/a19040312,CAHT: A Constraint-Aware Heterogeneous Transformer for Real-Time Multi-Robot Task Allocation in Warehouse Environments,Gong S.; Varlamov O.,2026,Algorithms,texto_integral,excluir,E7,
scopus,10.1016/j.compeleceng.2024.109752,A reinforcement learning-based optimization method for task allocation of agricultural multi-robots clusters,Lu Z.; Wang Y.; Dai F.; Ma Y.; Long L.; Zhao Z.; Zhang Y.; Li J.,2024,Computers and Electrical Engineering,texto_integral,excluir,E7,
scopus,10.1007/978-3-030-81007-8_146,Physarum Polycephalum Inspired Search Strategy for Multi-robot,Luo Y.; Guo J.; Lao Z.; Yan X.; Wang X.,2022,Lecture Notes on Data Engineering and Communications Technologies,texto_integral,incluir,,
scopus,10.1007/978-3-032-26123-6_15,Multi-Agent Reinforcement Learning of a Fault-Robust Controller in an Intralogistics Robot Swarm,Alboraei Y.; Hauert S.; Lee S.,2026,Lecture Notes in Computer Science,texto_integral,excluir,E8,
scopus,10.1016/j.robot.2025.105260,Energy harvesting aware path planning for ambiently-powered multi-robot systems,Mokhtari M.; Vanderborght B.; Famaey J.,2026,Robotics and Autonomous Systems,texto_integral,incluir,,
scopus,10.1007/s10489-022-04128-5,An adaptive decentralized control strategy for deployment and aggregation of swarm robots based on bacterial chemotaxis,Jiang L.; Mo H.; Tian P.,2023,Applied Intelligence,texto_integral,excluir,E8,
scopus,10.1016/j.trpro.2025.03.106,Challenges in Multi-domain Robot Swarm for Industrial Mapping and Asset Monitoring,Eltayeb A.; Ouerdane F.; Ibnouf A.; Javaid A.; Aremu B.M.; Abubaker A.; Abdel-Nasser M.; Sattar K.A.; El Ferik S.; Al-Nasser M.,2025,Transportation Research Procedia,titulo_resumo,excluir,E2,
scopus,10.1007/978-981-95-2098-5_34,Multi-robot Path Planning Based on IPPO Reinforcement Learning and Imitation Learning,Ma W.; Jiang G.; Wang L.; Li Z.; Li G.; Li F.,2026,Lecture Notes in Computer Science,texto_integral,excluir,E8,
scopus,10.1007/s40747-025-02062-w,An enhanced genetic algorithm for optimized task allocation and planning in heterogeneous multi-robot systems,Nait Chabane A.; Guenounou O.,2025,Complex and Intelligent Systems,texto_integral,excluir,E7,
scopus,10.1109/INSPECT67393.2025.11350518,Adaptive Priority Data Transmission in Swarm Robots using CAN Protocol,Chalmers J.; Aravinth J.; Senthil Kumar T.,2025,"2025 IEEE International Conference on Intelligent Signal Processing and Effective Communication Technologies, INSPECT 2025",titulo_resumo,excluir,E6,
scopus,10.1007/s10462-025-11395-4,Intelligent multi-robot exploration in non-exposed spaces: methods and challenges,Li L.; Yang B.; Chen C.; Yan Z.; Sun S.; Xu Y.; Jin A.; Zhao L.,2025,Artificial Intelligence Review,titulo_resumo,excluir,E2,
scopus,,Generalization of Heterogeneous Multi-Robot Policies via Awareness and Communication of Capabilities,Howell P.; Rudolph M.; Torbati R.; Fu K.; Ravichandar H.,2023,Proceedings of Machine Learning Research,texto_integral,excluir,E8,
scopus,10.7641/CTA.2021.10075,Multi-target search of swarm robots cooperative control in an unknown environment; [未知环境下群机器人多目标搜索协同控制],Wang M.; Zhou S.-W.; Zhang H.-Q.; Wu L.-H.; Zhou Y.; He X.-J.,2022,Kongzhi Lilun Yu Yingyong/Control Theory and Applications,texto_integral,excluir,E8,
scopus,10.3390/electronics14214210,Energy-Aware Swarm Robotics in Smart Microgrids Using Quantum-Inspired Reinforcement Learning,Shili M.; Hammedi S.; Chaoui H.; Nouri K.,2025,Electronics (Switzerland),titulo_resumo,excluir,E6,
scopus,10.12030/j.cjee.202105138,Experimental research on multi robot three-dimensional source localization of gas pollution sources in indoor weak airflow environment; [针对室内弱气流环境中气体污染源的多机器人三维溯源],Bao G.; Cai H.; Zhang B.; Jiang J.; Li F.; Jin X.,2021,Chinese Journal of Environmental Engineering,texto_integral,excluir,E8,
scopus,10.1007/978-3-032-04584-3_23,"Privileged Reinforcement and Communication Learning for Distributed, Bandwidth-Limited Multi-Robot Exploration",Ma Y.; Liang J.; Cao Y.; Tan D.M.S.; Sartoretti G.,2026,Springer Proceedings in Advanced Robotics,texto_integral,excluir,E8,
scopus,10.1016/j.jestch.2024.101701,Collaborative approach for swarm robot systems based on distributed DRL,Bar N.F.; Karakose M.,2024,"Engineering Science and Technology, an International Journal",texto_integral,excluir,E8,
scopus,10.1007/978-3-032-29292-6_28,Imitation Learning via Deep Q-Learning for Multi-robot Path Planning,Kopacz A.; González E.G.; Chira C.; Villar J.R.,2027,Lecture Notes in Computer Science,texto_integral,excluir,E8,
scopus,10.1007/s10462-024-10739-w,Multi-robot social-aware cooperative planning in pedestrian environments using attention-based actor-critic,Dong L.; He Z.; Song C.; Yuan X.; Zhang H.,2024,Artificial Intelligence Review,texto_integral,excluir,E8,
scopus,10.1016/j.eswa.2025.130895,Safe multi-agent reinforcement learning framework for coordinated control in multi-robot systems,Gu H.; Hong F.; Hu F.; Hu F.; Abbas G.; Touti E.,2026,Expert Systems with Applications,texto_integral,excluir,E8,
scopus,10.1142/S0218001425590104,Enhancing Stability of Multi-Underwater Robot Swarms Based on the Fusion of Social Force and Vicsek Models,Zhao Q.; Li B.; Wang G.,2025,International Journal of Pattern Recognition and Artificial Intelligence,texto_integral,incluir,,
scopus,10.5220/0013192000003890,Comparative Analysis of Simulated Annealing and Particle Swarm Optimization for Multi-Robot Task Allocation in ROS,Sharma D.K.; Singh U.; Nalawad S.; Shah P.,2025,International Conference on Agents and Artificial Intelligence,texto_integral,excluir,E7,
scopus,10.3233/ICA-220695,An efficient multi-robot path planning solution using A∗ and coevolutionary algorithms,García E.; Villar J.R.; Tan Q.; Sedano J.; Chira C.,2022,Integrated Computer-Aided Engineering,texto_integral,excluir,E8,
scopus,10.58346/JOWUA.2024.I1.014,Multi – Robot Exploration Supported by Enhanced Localization with Reduction of Localization Error Using Particle Swarm Optimization,Rajesh M.; Nagaraja S.R.; Suja P.,2024,"Journal of Wireless Mobile Networks, Ubiquitous Computing, and Dependable Applications",texto_integral,excluir,E8,
scopus,10.2507/IJSIMM22-1-CO1,MULTI-ROBOT PATH OPTIMIZATION AND SIMULATION FOR MULTI-ROUTE INSPECTION IN MANUFACTURING,Chai G.F.; Xia Y.Z.,2023,International Journal of Simulation Modelling,texto_integral,excluir,E8,
scopus,10.1007/978-3-031-51497-5_27,"Comparing Stochastic Optimization Methods for Multi-robot, Multi-target Tracking",Xin P.; Dames P.,2024,Springer Proceedings in Advanced Robotics,texto_integral,excluir,E8,
scopus,10.1109/ICNSC62968.2024.10760199,An Immune Algorithm with Dual-level Ranking Mutation for Large-scale Multi-objective Multi-robot Maritime Patrolling,Chen M.; Huang L.; Li M.,2024,"ICNSC 2024 - 21st International Conference on Networking, Sensing and Control: Artificial Intelligence for the Next Industrial Revolution",texto_integral,incluir,,
scopus,,"Planning, Execution, and Adaptation for Multi-Robot Systems using Probabilistic and Temporal Planning",Carreno Y.; Ng J.H.A.; Petillot Y.; Petrick R.,2022,"Proceedings of the International Joint Conference on Autonomous Agents and Multiagent Systems, AAMAS",titulo_resumo,excluir,E6,
scopus,10.3389/frobt.2025.1492526,Reinforcement learning-based dynamic field exploration and reconstruction using multi-robot systems for environmental monitoring,Lu T.; Sobti D.; Talwar D.; Wu W.,2025,Frontiers in Robotics and AI,texto_integral,excluir,E8,
scopus,10.1115/1.4071669,Deep Reinforcement Learning for Navigation and Collision Avoidance of Multi-Robot Systems By Constructive Network Expansion,Lin R.-Y.; Huang C.-W.; Yeh T.-J.,2026,Journal of Autonomous Vehicles and Systems,texto_integral,excluir,E8,
scopus,10.3390/robotics14070093,Optimizing Coalition Formation Strategies for Scalable Multi-Robot Task Allocation: A Comprehensive Survey of Methods and Mechanisms,Arjun K.; Parlevliet D.; Wang H.; Yazdani A.,2025,Robotics,titulo_resumo,excluir,E2,
scopus,,Counterfactual Fairness Filter for Fair-Delay Multi-Robot Navigation,Asano H.; Yonetani R.; Nishimura M.; Kozuno T.,2023,"Proceedings of the International Joint Conference on Autonomous Agents and Multiagent Systems, AAMAS",texto_integral,excluir,E8,
scopus,10.1016/j.ifacol.2025.10.214,Risk-Aware Decentralized Learning and Control in Multi-Robot Systems,Hamed O.; Labbadi M.; Zerrougui M.,2025,IFAC-PapersOnLine,texto_integral,excluir,E8,
scopus,10.4018/979-8-3693-6150-4.ch0010,Cooperative Task Execution in Insect-Inspired Robot Swarms Using Reinforcement Learning,Elakya R.; Surya S.; Abinaya G.; Manoranjitham T.; Selvi R.T.,2024,Exploring the Micro World of Robotics Through Insect Robots,titulo_resumo,excluir,E4,
scopus,10.1049/cit2.12045,"Corrigendum to: Multi-robot path planning based on a deep reinforcement learning DQN algorithm (CAAI Transactions on Intelligence Technology, (2020), 5, 3, (177-183), 10.1049/trit.2020.0024)",,2022,CAAI Transactions on Intelligence Technology,titulo_resumo,excluir,E5,
scopus,10.1016/j.rineng.2026.109171,Energy-aware multi-robot exploration and coverage in fragmented unknown environments using collaborative reinforcement learning,Xue Y.; Tan C.K.; Wong W.P.,2026,Results in Engineering,texto_integral,excluir,E8,
scopus,10.1088/1742-6596/1624/4/042008,Multi-Robot Path Planning Method Based on Prior Knowledge and Q-learning Algorithms,Li B.; Liang H.,2020,Journal of Physics: Conference Series,texto_integral,excluir,E8,
scopus,10.1016/j.biosystems.2020.104187,Fuzzy-based self organizing aggregation method for swarm robots,Mısır O.; Gökrem L.; Serhat Can M.,2020,BioSystems,texto_integral,incluir,,
scopus,,Embodied Team Intelligence in Multi-Robot Systems,Seraj E.,2022,"Proceedings of the International Joint Conference on Autonomous Agents and Multiagent Systems, AAMAS",texto_integral,excluir,E8,
scopus,10.3390/s25237335,Graph-Gated Relational Reasoning for Enhanced Coordination and Safety in Distributed Multi-Robot Systems: A Decentralized Reinforcement Learning Approach,Chang T.; Ma Y.; Li Z.; Huang S.; Ma Z.; Xiong Y.; Huang S.; Qin J.,2025,Sensors,texto_integral,excluir,E8,
scopus,10.1016/j.ifacol.2021.10.001,Distributed particle swarm optimization for multi-robot system in search and rescue operations,Paez D.; Romero J.P.; Noriega B.; Cardona G.A.; Calderon J.M.,2021,IFAC-PapersOnLine,texto_integral,excluir,E8,
scopus,10.1007/s42979-021-00880-6,Cooperative Multi-robot Target Searching and Tracking Using Velocity Inspired Robotic Fruit Fly Algorithm,Garg V.,2021,SN Computer Science,texto_integral,excluir,E8,
scopus,10.15622/ia.24.1.3,DYNAMIC FORAGING IN SWARM ROBOTICS: A HYBRID APPROACH WITH MODULAR DESIGN AND DEEP REINFORCEMENT LEARNING INTELLIGENCE; [ДИНАМИЧЕСКОЕ ФУРАЖИРОВАНИЕ В РОЕВОЙ РОБОТОТЕХНИКЕ: ГИБРИДНЫЙ ПОДХОД С МОДУЛЬНОЙ КОНСТРУКЦИЕЙ И ГЛУБОКИМ ОБУЧЕНИЕМ С ПОДКРЕПЛЕНИЕМ],Hammoud A.; Iskandar A.; Kovács B.,2025,Informatics and Automation,texto_integral,incluir,,
scopus,10.1088/1742-6596/1447/1/012045,Towards Multi Robot Task Allocation and Navigation using Deep Reinforcement Learning,Elfakharany A.; Yusof R.; Ismail Z.,2020,Journal of Physics: Conference Series,texto_integral,excluir,E8,
scopus,,Asynchronous Multi-Agent Reinforcement Learning for Efficient Real-Time Multi-Robot Cooperative Exploration,Yu C.; Yang X.; Gao J.; Chen J.; Li Y.; Liu J.; Xiang Y.; Huang R.; Yang H.; Wu Y.; Wang Y.,2023,"Proceedings of the International Joint Conference on Autonomous Agents and Multiagent Systems, AAMAS",texto_integral,excluir,E8,
scopus,10.3390/bdcc9090229,Improved Particle Swarm Optimization Based on Fuzzy Controller Fusion of Multiple Strategies for Multi-Robot Path Planning,Hu J.; Zheng Y.; Wang S.; Zhou C.,2025,Big Data and Cognitive Computing,texto_integral,excluir,E8,
scopus,10.1177/0278364920916531,Distributed multi-robot collision avoidance via deep reinforcement learning for navigation in complex scenarios,Fan T.; Long P.; Liu W.; Pan J.,2020,International Journal of Robotics Research,texto_integral,excluir,E8,
scopus,10.13976/j.cnki.xk.2025.3882,Survey on Safety and Security Control and Learning in Multi-robot Systems from a Cyber-physical Integration Perspective; [信息-物理融合视角下的多机器人系统安全控制与学习综述],Miao Z.; Zhang J.; Lin Q.; Zhan W.; Wang X.; He W.; Wang Y.,2026,Information and Control,titulo_resumo,excluir,E2,
scopus,10.1016/j.jngse.2020.103636,Location of natural gas leakage sources on offshore platform by a multi-robot system using particle swarm optimization algorithm,Ma T.; Liu S.; Xiao H.,2020,Journal of Natural Gas Science and Engineering,texto_integral,excluir,E8,
scopus,10.3390/buildings15152794,Human and Multi-Robot Collaboration in Indoor Environments: A Review of Methods and Application Potential for Indoor Construction Sites,Duorinaah F.X.; Rajendran M.; Kim T.W.; Kim J.I.; Lee S.; Lee S.; Kim M.-K.,2025,Buildings,titulo_resumo,excluir,E2,
scopus,10.1007/978-3-030-14907-9_92,The movement of swarm robots in an unknown complex environment,Diep Q.B.; Zelinka I.,2020,Lecture Notes in Electrical Engineering,texto_integral,excluir,E8,
scopus,10.3233/FAIA240705,Optimizing Multi-Robot Task Allocation in Dynamic Environments via Heuristic-Guided Reinforcement Learning,Pal A.; Chauhan A.; Baranwal M.; Ojha A.,2024,Frontiers in Artificial Intelligence and Applications,texto_integral,excluir,E7,
scopus,10.13164/mendel.2021.2.023,Hybrid Formation Control for Multi-Robot Hunters Based on Multi-Agent Deep Deterministic Policy Gradient,Hamed O.; Hamlich M.,2021,Mendel,texto_integral,excluir,E8,
scopus,10.1360/SST-2021-0376,Adaptive intra-group cooperative control based multiple-target search method for swarm robotics in boundless environment; [开放环境中基于自适应分布控制的群体机器人多目标搜索方法],Tan Y.; Chen R.; Zhai T.,2023,Zhongguo Kexue Jishu Kexue/Scientia Sinica Technologica,texto_integral,excluir,E8,
scopus,10.1016/j.neunet.2023.11.063,Distributed deep reinforcement learning based on bi-objective framework for multi-robot formation,Li J.; Liu Q.; Chi G.,2024,Neural Networks,texto_integral,excluir,E8,
scopus,10.1007/s44443-025-00218-9,APPA: An adaptation path planning algorithm for real-time obstacle avoidance in multi-robot systems,Jin J.; Wu M.; Fan P.; Jin G.,2025,Journal of King Saud University - Computer and Information Sciences,texto_integral,excluir,E8,
scopus,10.1002/acs.3972,A Distributed Actor-Critic Learning Approach for Affine Formation Control of Multi-Robots With Unknown Dynamics,Zhang R.; Ma Q.; Zhang X.; Xu X.; Liu D.,2025,International Journal of Adaptive Control and Signal Processing,texto_integral,excluir,E8,
scopus,10.1016/j.cogr.2023.07.004,"Reinforcement learning for swarm robotics: An overview of applications, algorithms and simulators",Blais M.-A.; Akhloufi M.A.,2023,Cognitive Robotics,titulo_resumo,excluir,E2,
scopus,10.30919/es1689,A Multi-robot Farmland Operation Path Scheduling Method Integrating Jump Point Search and Multi-stage Collaborative Optimized Salp Swarm Algorithm for Balanced Task Allocation,Yang L.; Li P.; Ge Y.; Zhang H.; Zhang F.; Zheng Y.; Ding Z.,2025,Engineered Science,texto_integral,excluir,E8,
scopus,10.1007/s11063-025-11826-x,Adaptive Multi-Robot Coordination: Integrating Improved Potential Fields with Multi-Agent Reinforcement Learning,Yao Q.; Zhang Q.; Li Q.; Li Z.; Meng L.; Sun Y.; Wang C.,2026,Neural Processing Letters,texto_integral,excluir,E8,
scopus,10.1541/IEEJJIA.21000994,Research on Search Algorithm Using Particle Swarm Optimization with Virtual Pheromone for Swarm Robots,Inahara H.; Motoi N.,2022,IEEJ Journal of Industry Applications,texto_integral,excluir,E8,
scopus,10.1007/978-981-97-3332-3_17,Distributed Multi-robot Navigation in Dynamic Environment via Deep Reinforcement Learning,Wu H.; He D.; Liu Z.-W.; Dong Z.; Cao Y.; Yang Y.,2024,Lecture Notes in Electrical Engineering,texto_integral,excluir,E8,
scopus,10.1007/978-981-97-8526-1_40,Swarm Robotics,Pabalkar V.; Chanda R.,2025,Lecture Notes in Networks and Systems,titulo_resumo,excluir,E2,
scopus,10.24507/icicel.17.08.881,COLLABORATIVE SCHEDULING TASK LEARNING FOR AFFORDANCE-HETEROGENEOUS MULTI-ROBOT SYSTEMS,Wu P.; Luo S.; Tian L.; Mao B.; Chen W.,2023,ICIC Express Letters,texto_integral,excluir,E7,
scopus,10.1109/AIITA69518.2026.11567038,Collaborative Path Planning and Task Scheduling Optimization of Multi-Robots in Intelligent Warehousing Based on Deep Reinforcement Learning,Xie H.,2026,"2026 6th International Conference on Artificial Intelligence and Industrial Technology Applications, AIITA 2026",texto_integral,excluir,E8,
scopus,10.3390/s24165083,Transformer-Based Reinforcement Learning for Multi-Robot Autonomous Exploration,Chen Q.; Wang R.; Lyu M.; Zhang J.,2024,Sensors,texto_integral,excluir,E8,
scopus,10.32604/cmc.2025.065153,Pathfinder: Deep Reinforcement Learning-Based Scheduling for Multi-Robot Systems in Smart Factories with Mass Customization,Lyu C.; Dong C.; Xiong Q.; Chen Y.; Weng Q.; Chen Z.,2025,"Computers, Materials and Continua",texto_integral,excluir,E7,
scopus,10.1007/s10845-022-02056-2,A novel hybrid framework for single and multi-robot path planning in a complex industrial environment,Kumar S.; Sikander A.,2024,Journal of Intelligent Manufacturing,texto_integral,excluir,E8,
scopus,10.3390/app13042721,Multi-Robot Collaborative Flexible Manufacturing and Digital Twin System Design of Circuit Breakers,Wang L.; Shu L.; Zhou H.,2023,Applied Sciences (Switzerland),titulo_resumo,excluir,E6,
scopus,10.3389/frobt.2025.1731356,Editorial: Advancements in neural learning control for enhanced multi-robot coordination,He S.; Dai S.-L.; Yuan C.; Shi H.,2025,Frontiers in Robotics and AI,titulo_resumo,excluir,E2,
scopus,10.4018/979-8-3693-3637-3.ch003,Collective Intelligence and Swarm Robotics: Decentralized Strategies for Adaptive and Resilient Motion Control,Saranya Devi R.; Yasaswini M.; Rahamath Nisha A.; Divya Ranjani R.; Suresh Kumar A.,2025,Methodologies and Applications of Intelligent Motion Control Systems,titulo_resumo,excluir,E4,
scopus,10.1002/rob.70078,Woxbots: A Low-Cost Swarm Robotics Platform for Real-Time Pattern Formation and Path Planning,Ganduri K.V.; Pathri B.P.; Pammi S.V.N.; Swami Sairam P.,2026,Journal of Field Robotics,titulo_resumo,excluir,E6,
scopus,10.5220/0013720000003982,Optimizing Collision Avoidance in Dynamic Multi-Robot Systems: A Velocity Obstacle and BB-PSO Approach with Priority Consideration,Sanchez-Vaca L.H.; Sanchez-Ante G.; Abaunza H.,2025,"Proceedings of the International Conference on Informatics in Control, Automation and Robotics",texto_integral,excluir,E8,
scopus,10.1007/s11768-021-00069-5,Sequencing of multi-robot behaviors using reinforcement learning,Pierpaoli P.; Doan T.T.; Romberg J.; Egerstedt M.,2021,Control Theory and Technology,texto_integral,excluir,E8,
scopus,10.1007/978-3-030-34409-2_12,Multi-Robot Coalition Formation and Task Allocation Using Immigrant Based Adaptive Genetic Algorithms,Rauniyar A.; Muhuri P.K.,2020,Studies in Computational Intelligence,texto_integral,excluir,E7,
scopus,10.3390/robotics15010005,An Integrated MADQN–Heuristic Framework for Swarm Robotic Fire Detection and Extinguishing,Dutceac A.; Vizitiu C.I.,2026,Robotics,texto_integral,excluir,E8,
scopus,10.1016/j.aei.2024.102960,Cooperative dual-actor proximal policy optimization algorithm for multi-robot complex control task,Baltes J.; Akbar I.; Saeedvand S.,2025,Advanced Engineering Informatics,texto_integral,excluir,E8,
scopus,10.1007/s10846-023-01959-3,Multi-robot Navigation with Graph Attention Neural Network and Hierarchical Motion Planning,He X.; Shi X.; Hu J.; Wang Y.,2023,Journal of Intelligent and Robotic Systems: Theory and Applications,texto_integral,excluir,E8,
scopus,10.13195/j.kzyjc.2021.1554,Transfer control of swarm robotics motion reinforcement employing fish schooling emergency mechanism; [鱼群涌现机制下集群机器人运动强化的迁移控制],Liu L.; Zhang H.-X.; Chen R.-Y.; Gao Y.; Wang F.-Z.; Wang Y.-G.,2023,Kongzhi yu Juece/Control and Decision,texto_integral,excluir,E8,
scopus,10.1177/1729881420936154,Multi-robot path planning using an improved self-adaptive particle swarm optimization,Tang B.; Xiang K.; Pang M.; Zhanxia Z.,2020,International Journal of Advanced Robotic Systems,texto_integral,excluir,E8,
scopus,10.1016/j.robot.2026.105428,A deep reinforcement learning based hierarchical obstacle crossing planner for multi-robot cooperative transportation,Yin W.; Zhao G.; Pang Z.,2026,Robotics and Autonomous Systems,texto_integral,excluir,E8,
scopus,10.1117/12.3017942,Enabling technologies for multi-robot human collaboration,Yue C.P.; Cheng H.C.; Hong Z.,2023,Proceedings of SPIE - The International Society for Optical Engineering,titulo_resumo,excluir,E6,
scopus,10.1007/978-3-030-63710-1_9,Communication Optimization for Efficient Dynamic Task Allocation in Swarm Robotics,Nedjah N.; Ribeiro L.M.; de Macedo Mourelle L.,2020,Lecture Notes in Computer Science (including subseries Lecture Notes in Artificial Intelligence and Lecture Notes in Bioinformatics),titulo_resumo,excluir,E5,
scopus,10.1007/s40815-023-01491-4,Adaptive Reinforcement Learning Formation Control Using ORFBLS for Omnidirectional Mobile Multi-Robots,Tsai C.-C.; Chen H.-Y.; Chen S.-C.; Tai F.-C.; Chen G.-M.,2023,International Journal of Fuzzy Systems,texto_integral,excluir,E8,
scopus,10.1016/j.ifacol.2022.10.318,Efficient Safe Control via Deep Reinforcement Learning and Supervisory Control – Case Study on Multi-Robot Warehouse Automation,Konishi M.; Sasaki T.; Cai K.,2022,IFAC-PapersOnLine,texto_integral,excluir,E8,
scopus,10.1109/JSEN.2025.3627683,Multi-Robot Acoustic SLAM Based on Distributed Sequential Monte Carlo Probability Hypothesis Density Filter,Li Y.; Chen Z.; Yin F.,2025,IEEE Sensors Journal,titulo_resumo,excluir,E6,
scopus,10.1007/978-3-031-51497-5_31,Combining Hierarchical MILP-MPC and Artificial Potential Fields for Multi-robot Priority-Based Sanitization of Railway Stations,Caccavale R.; Ermini M.; Fedeli E.; Finzi A.; Garone E.; Lippiello V.; Tavano F.,2024,Springer Proceedings in Advanced Robotics,titulo_resumo,excluir,E6,
scopus,10.1016/j.procs.2022.09.292,Coordination and path planning of a heterogeneous multi-robot system for sheet metal drilling,Veeramani S.; Muthuswamy S.; Setchi R.,2022,Procedia Computer Science,titulo_resumo,excluir,E6,
scopus,10.1038/s41598-025-28618-x,Implementation of monocular visual SLAM with ARCog-NET for aerial robot swarm indoor mapping,Ramos G.S.; Pinto M.F.; Andrade F.A.A.; Haddad D.B.,2025,Scientific Reports,titulo_resumo,excluir,E6,
scopus,,Mitigating Imminent Collision for Multi-robot Navigation: A TTC-force Reward Shaping Approach,Chen J.; Cao J.; Cheng Z.; Li W.,2023,"Proceedings of the International Joint Conference on Autonomous Agents and Multiagent Systems, AAMAS",texto_integral,excluir,E8,
scopus,10.1007/978-3-032-18982-0_17,Designing Collective Behaviors for Robot Swarms from Image Demonstrations,Medina J.B.; Pantoja A.; Achicanoy W.; Garzón Ramos D.,2026,Lecture Notes in Networks and Systems,texto_integral,excluir,E8,
scopus,10.1016/j.matcom.2022.01.010,Multi-robot co-operation for stick carrying application using hybridization of meta-heuristic algorithm,Sahu B.; Das P.K.; Kabat M.R.,2022,Mathematics and Computers in Simulation,texto_integral,excluir,E8,
scopus,10.3390/app13031874,Research on Multi-Robot Formation Control Based on MATD3 Algorithm,Zhou C.; Li J.; Shi Y.; Lin Z.,2023,Applied Sciences (Switzerland),texto_integral,excluir,E8,
scopus,10.1016/j.neucom.2026.133469,A deep Q-learning framework for multi-robot anti-congestion navigation using RFID-based coordination,Wang N.; Parsaei H.R.; Ren Y.,2026,Neurocomputing,texto_integral,excluir,E8,
scopus,10.1145/3611652,Swarm Robotics: A Survey from a Multi-Tasking Perspective,Debie E.; Kasmarik K.; Garratt M.,2024,ACM Computing Surveys,titulo_resumo,excluir,E2,
scopus,10.3390/app15063313,Voronoi-GRU-Based Multi-Robot Collaborative Exploration in Unknown Environments,Lei Y.; Hou J.; Ma P.; Ma M.,2025,Applied Sciences (Switzerland),texto_integral,excluir,E8,
scopus,10.1016/j.isatra.2024.10.002,Skill acquisition framework in multi-robot precision assembly based on cooperative compliant control,Song X.; Xu P.; Xu W.; Li B.,2024,ISA Transactions,titulo_resumo,excluir,E6,
scopus,10.51483/ijaiml.6.2s.2026.797-806,Dynamic Role Allocation Algorithms for Heterogeneous Robot Swarms in Disaster Recovery,Shanthi R.; Bhavadharani S.; Rajan C.; Ganesan A.; Naveena N.; Kumar S.,2026,International Journal of Artificial Intelligence and Machine Learning,texto_integral,excluir,E7,
scopus,10.1016/j.swevo.2026.102316,A hybrid strategy enhanced stochastic fractal search algorithm for multi-robot path planning in dynamic obstacle environments,Liu T.; Feng Z.,2026,Swarm and Evolutionary Computation,texto_integral,excluir,E8,
scopus,10.1117/12.2671168,Distributed Multi-Robot Obstacle Avoidance via Logarithmic Map-based Deep Reinforcement Learning,Ma J.; Chen G.; Jiang P.; Zhang Z.; Cao J.; Zhang J.,2023,Proceedings of SPIE - The International Society for Optical Engineering,texto_integral,excluir,E8,
scopus,10.1098/rstb.2020.0309,Social learning in swarm robotics,Bredeche N.; Fontbonne N.,2022,Philosophical Transactions of the Royal Society B: Biological Sciences,texto_integral,incluir,,
scopus,,Adaptive Bi-Level Multi-Robot Task Allocation and Learning under Uncertainty with Temporal Logic Constraints,Lin X.; Tron R.,2025,"Proceedings of the International Joint Conference on Autonomous Agents and Multiagent Systems, AAMAS",texto_integral,excluir,E7,
scopus,10.1541/ieejias.142.86,Research on Search Algorithm Using Particle Swarm Optimization with Virtual Pheromone for Swarm Robots; [ロボット群による仮想フェロモンを伴う粒子群最適化を用いた探索アルゴリズムの研究],Inahara H.; Motoi N.,2022,IEEJ Transactions on Industry Applications,titulo_resumo,excluir,E5,
scopus,10.1016/j.grets.2026.100409,Optimizing communication and computational cost for IoT devices in energy efficient swarm robotics,Ijaz A.; Haghbayan H.; Nigussie E.; Malik A.; Plosila J.,2026,Green Technologies and Sustainability,titulo_resumo,excluir,E6,
scopus,10.1017/S026357472610349X,Addressing the deadlock problem of the optimal reciprocal collision avoidance algorithm in distributed multi-robot navigation,Liu Z.; Na W.; Yao C.; Liu C.; Chen Q.,2026,Robotica,titulo_resumo,excluir,E6,
scopus,10.13700/j.bh.1001-5965.2021.0435,Multi-robot cooperative coverage of key regions considering prior information; [考虑先验信息的多机器人重点区域协同覆盖],Duan A.; Zhou R.; Di B.,2023,Beijing Hangkong Hangtian Daxue Xuebao/Journal of Beijing University of Aeronautics and Astronautics,texto_integral,excluir,E8,
scopus,,Together We Rise: Optimizing Real-Time Multi-Robot Task Allocation using Coordinated Heterogeneous Plays AAAI Track,Pal A.; Chauhan A.; Baranwal M.,2025,"Proceedings of the International Joint Conference on Autonomous Agents and Multiagent Systems, AAMAS",texto_integral,excluir,E7,
scopus,10.3390/a15020039,Swarm Robots Cooperative and Persistent Distribution Modeling and Optimization Based on the Smart Community Logistics Service Framework,Zhang M.; Yang B.,2022,Algorithms,texto_integral,excluir,E7,
scopus,10.1007/s11721-025-00249-y,Comparison of stochastic optimization strategies in multi-robot multi-target tracking scenarios,Xin P.; Dames P.,2025,Swarm Intelligence,texto_integral,incluir,,
scopus,10.1007/978-3-032-11903-2_25,Lamarckian Evolution Based Algorithm for Multi-Robot Path Planning Problem,Klimenko A.; Elmekeev M.,2026,Lecture Notes in Computer Science,texto_integral,excluir,E8,
scopus,10.17587/mau.25.471-478,Swarm Robotics Navigation Task: A Comparative Study of Reinforcement Learning and Particle Swarm Optimization Methodologies; [Задача навигации в роевой робототехнике: сравнительное исследование методов обучения с подкреплением и оптимизации роя частиц],Iskandar A.; Hammoud A.; Kovács B.,2024,"Mekhatronika, Avtomatizatsiya, Upravlenie",texto_integral,incluir,,
scopus,10.1016/j.rcim.2023.102570,Hierarchical multi-robot navigation and formation in unknown environments via deep reinforcement learning and distributed optimization,Chang L.; Shan L.; Zhang W.; Dai Y.,2023,Robotics and Computer-Integrated Manufacturing,texto_integral,excluir,E8,
scopus,10.13196/j.cims.2024.0365,Multi-robot conflict-free path planning method for intelligent manufacturing-oriented part-picking; [面向智能制造零件拣选的多机器人 无冲突路径规划方法],Yuan R.; Fu Z.; Li J.; Wang W.; Jiang Y.,2025,"Jisuanji Jicheng Zhizao Xitong/Computer Integrated Manufacturing Systems, CIMS",texto_integral,excluir,E7,
scopus,10.3390/agriculture14081372,Development of an Improved GWO Algorithm for Solving Optimal Paths in Complex Vertical Farms with Multi-Robot Multi-Tasking,Shen J.; Hong T.S.; Fan L.; Zhao R.; Mohd Ariffin M.K.A.B.; As’arry A.B.,2024,Agriculture (Switzerland),texto_integral,excluir,E8,
